2162 13 440 40 608 2049 1084 993 838 11 440 40 608 1079 7684 280 359 13 304 608 2049 359 317 1079 2447 279 768 276 1865 558 2367 276 1019 450 13 304 608 2049 304 608 1079 7684 280 359 883 185 1 40 608 2049 304 608 1079 7684 280 359 1084 993 16159 11 440 384 304 608
642 5663 279 711 11 285 838 438 441 6737 344 838 661 2368 3270 276 64164 857 13 185 4622 438 441 6737 280 359 11 548 838 661 803 245 1585 691 853 4308 4558 38889 285 46263 1086 344 4421 13 2130 661 803 279 245 48749 1086 15128 11 285 661 803 3507 276 1099 711 4209 15846 13 2130
11 304 438 6555 279 254 668 3177 13 185 40 661 803 21928 327 742 1585 766 279 254 2563 754 304 4101 254 3066 280 245 37554 12 2458 279 254 4167 11 285 11 2709 581 11 304 3505 32953 8898 279 254 42042 13 1063 438 17267 279 245 1234 11 15374 18416 3559 11 285 362 7452 245 10176
6 82 3059 11 285 438 441 11547 276 1019 711 1068 558 1266 31770 13 440 40 608 441 1872 276 330 9552 1084 838 993 11 279 245 2495 5136 13 440 40 608 441 1872 276 330 9552 1084 838 9842 11 366 245 1585 691 5786 13 440 40 608 441 1872 276 330 9552 1084 838 9842 11 366
438 2028 372 207 16 15 11 900 13 3326 6 82 9862 11 1861 2831 303 13 429 3123 438 40678 276 254 5471 5980 430 254 28765 862 17636 19930 11 1066 359 438 10730 457 586 4209 11 2195 13 93330 35460 11 245 1136 12 4925 76292 11 280 207 16 15 11 900 13 3326 6 82 9862 11
5015 838 317 5764 280 12 5015 838 317 5764 280 1967 304 438 558 1266 6555 279 711 11 344 304 10498 276 330 11547 327 4367 13 304 438 441 11547 327 4367 11 1373 304 438 441 11547 327 4367 13 304 438 11547 327 711 13 304 438 11547 327 711 11 1373 304 438 11547 327 4367 13 304
276 463 803 245 668 280 742 6090 11 661 4473 11 279 245 3662 11 4078 1297 11 254 1893 3073 11 588 304 463 1866 15503 25 655 40 608 245 4922 23735 11 285 463 803 558 327 1313 1555 13 304 608 21153 11 285 463 803 558 327 1313 1555 13 304 608 21153 11 285 304 608 21153
254 4182 280 254 50580 3752 11 285 438 745 1401 245 13109 13 1063 438 245 668 280 1228 15035 11 285 280 245 1079 1461 5786 11 285 438 558 1266 55222 457 254 50580 3752 344 362 438 1401 13109 280 254 3787 280 24537 5720 13 1063 438 245 668 280 1228 15035 11 285 280 245 1079 1461 5786
11 344 254 1079 1246 668 11 565 362 778 276 1865 3264 450 1132 11 744 330 2215 245 1079 34529 668 6031 13 440 40 608 441 245 668 280 2105 1084 993 362 11 440 384 304 463 642 2105 276 330 1285 13 304 608 245 668 280 9910 11 285 304 608 1285 327 9910 13 304 608 245
276 330 4599 276 20487 3177 327 254 1207 280 3072 13 304 438 441 937 279 245 1977 280 26893 11 285 304 438 441 937 279 245 1977 280 26893 13 185 40 438 441 937 279 245 1977 280 26893 11 285 304 438 441 937 279 245 1977 280 26893 13 185 40 438 441 937 279 245 1977 280
11 304 463 803 5764 359 855 11 285 304 463 1865 276 254 12773 344 340 418 1329 13 304 463 803 5764 280 254 3502 473 254 1079 1022 11 285 304 463 1865 276 254 12773 344 340 418 1329 13 304 463 803 5764 280 254 3502 473 254 1079 1022 11 285 304 463 1865 276 254 12773 344
481 330 4599 276 11583 13 185 549 69232 355 438 245 1079 20944 5225 11 285 245 1079 4311 11583 250 13 2130 438 245 5225 280 786 245 8357 19121 11 285 438 4930 430 461 401 20056 13 2130 438 245 1079 20944 5225 11 285 245 1079 4311 11583 250 13 2130 438 245 5225 280 786 245 8357 19121
2786 441 2410 340 13 304 608 441 1872 276 2410 340 3270 786 4367 13 304 608 441 1872 276 2410 340 3270 786 4367 13 304 608 441 1872 276 2410 340 3270 786 4367 13 304 608 441 1872 276 2410 340 3270 786 4367 13 304 608 441 1872 276 2410 340 3270 786 4367 13 304 608 441 1872
362 2762 745 11 285 2215 280 254 2882 11 285 280 254 3680 11 285 280 254 1828 13 1063 661 803 245 668 280 254 1843 11 285 661 803 245 668 280 254 1843 13 1063 661 803 245 668 280 254 1843 11 285 661 803 245 668 280 254 1843 13 1063 661 803 245 668 280 254 1843
1377 14885 853 279 12726 11 304 2786 441 330 2249 276 2102 340 245 10846 327 742 766 276 1865 883 440 40 608 441 279 245 25683 11 8005 11 285 304 2786 441 330 279 245 25683 13 304 2786 441 330 2249 276 2102 340 274 3510 327 742 766 276 1865 883 440 40 608 441 279 245 25683
276 536 558 11 359 744 28700 601 3000 4910 11 601 3000 4910 11 279 245 3734 280 13886 67046 13 304 16663 856 304 661 1274 279 245 40720 25185 11 946 254 39201 4366 276 586 423 1758 348 254 4858 280 984 15413 11 254 21831 280 5835 4198 11 410 254 8324 280 304 782 37795 13 304 4749
12 81465 13 304 661 803 254 4309 280 254 4349 280 601 4209 11 285 304 661 803 254 4309 280 254 4349 280 4983 479 13 304 661 803 254 4309 280 254 4349 280 601 4209 11 285 304 661 803 254 4309 280 254 4349 280 4983 479 13 304 661 803 254 4309 280 254 4349 280 4983 479
838 4101 13 185 2450 438 441 1234 279 35008 344 838 438 245 4247 280 3078 11 285 362 438 441 1234 279 35008 344 838 438 245 4247 280 8170 13 2130 438 245 29274 11 285 661 803 9552 276 245 668 280 16531 11 779 661 2116 711 245 29274 430 245 1079 3923 3463 280 711 1728 13 2130
359 438 889 525 13 1474 304 481 6 83 1345 359 11 47830 11 285 304 481 6 83 1345 359 11 285 304 481 6 83 1345 359 11 285 304 481 6 83 1345 359 11 285 304 481 6 83 1345 359 11 285 304 481 6 83 1345 359 11 285 304 481 6 83 1345 359 11 285
13076 2421 1084 993 32953 11 3950 581 254 5371 1310 13 440 2054 1019 437 57220 30 809 317 245 1079 1760 634 11 548 359 317 3148 245 761 634 13 809 317 441 245 1161 24472 280 21803 11 548 245 1585 3438 844 12 35140 1995 11 372 2451 245 5836 280 558 302 661 14844 2065 359 13 4201
6 83 4704 642 691 13 185 40 9835 745 245 1234 766 11 5764 13 304 438 5764 786 254 1712 668 344 438 1872 276 330 56268 279 254 4421 13 304 438 5764 786 254 1143 362 661 23612 11 285 254 1143 362 661 13364 11 285 254 1143 362 661 4133 13 304 438 5764 786 254 1143 362
438 254 1022 276 4989 304 39636 254 15141 280 601 4209 6 82 4349 11 285 838 438 254 1022 276 4989 304 39636 254 15141 280 601 4209 6 82 4349 13 304 438 441 1234 279 5914 372 276 254 2629 304 9090 276 21013 13 304 438 441 2618 280 274 4500 276 330 60691 366 254 5259 280 601
285 304 2215 304 4101 245 17203 3066 280 245 3505 13 185 40 438 953 1872 276 752 581 285 614 285 1019 856 359 438 11 754 304 4101 245 6565 837 245 668 90565 11 285 937 304 4101 245 5136 1481 11 207 790 17464 0 976 304 438 558 28371 304 7045 487 83 2938 13 304 438 558
185 2450 661 1866 2826 245 3059 558 4171 372 27435 11 754 838 661 1865 276 857 279 254 9311 11 285 661 3443 586 1297 279 27435 11 285 661 993 11 207 790 40 608 520 5391 13 976 185 2450 661 1866 2826 245 3059 558 4171 372 27435 11 754 838 661 1865 276 857 279 254 9311 11
366 525 279 601 12464 786 5214 2807 7924 1967 440 40 608 441 2049 344 304 536 1084 993 20560 11 366 245 9973 13 440 40 608 441 2049 344 304 536 883 440 40 608 441 2049 344 304 536 1084 993 20560 11 366 245 9973 13 440 40 608 441 2049 344 304 536 883 440 40 608 441
803 279 254 2105 327 1555 285 661 1866 3185 245 668 779 661 441 803 32494 457 711 13 185 790 40 463 803 279 254 2105 327 1555 11 976 838 993 11 207 790 384 304 463 1866 3185 245 668 779 438 441 32494 457 525 13 976 185 790 40 463 803 279 254 2105 327 1555 11 976
280 601 2636 13 304 463 441 2618 2826 254 3114 11 548 304 608 441 1673 3655 344 304 2786 3444 330 2249 276 1481 344 304 463 2368 558 13 304 463 441 2618 2826 254 3114 11 548 304 608 441 1673 3655 344 304 2786 3444 330 2249 276 1481 344 304 463 2368 558 13 304 463 441 2618
280 13 304 438 441 11547 276 330 2116 5254 26 304 438 13400 11 285 304 438 7684 276 330 7257 13 304 2762 1224 1310 11 285 7276 20208 13 304 438 46282 457 254 3066 280 18887 26 304 4133 581 11 285 3505 254 21299 285 254 7601 13 429 7601 438 6807 276 711 26 362 438 245 8670
30864 480 438 2424 11 438 279 254 3787 13 185 549 5047 280 7239 11 779 438 937 279 13460 11 661 2143 276 254 5047 280 7239 11 779 438 279 80293 11 245 5371 279 588 362 993 344 362 661 803 13218 344 254 5047 280 7239 661 2143 276 254 5047 280 6435 11 779 438 279 80293 11
11 366 245 14647 280 7524 2065 895 1917 13 429 1022 2421 344 11921 525 438 254 1228 2408 280 254 2563 11 588 438 786 17205 5144 7742 11 285 254 1864 438 254 1604 280 1245 279 359 13 429 1022 2421 344 11921 525 438 254 1228 2408 280 254 2563 11 588 438 786 17205 5144 7742 11 285
11 2618 359 317 441 558 1136 3185 276 254 33535 280 67936 11 285 317 441 558 6051 3185 276 254 1272 372 359 28591 276 330 13 809 317 245 8700 280 245 1079 2317 2408 11 285 280 245 1079 9803 1020 13 809 317 280 245 4426 10176 9273 11 285 643 245 1079 2317 1917 11 285 245 1079
245 28318 11 285 254 6039 438 245 42405 13 429 3682 7569 280 254 10993 30404 438 254 1022 280 521 254 11549 280 254 1843 13 429 1022 280 521 254 11549 280 254 1843 0 429 1022 280 521 254 11549 280 254 1843 0 429 1022 280 521 254 11549 280 254 1843 0 429 1022 280 521 254 11549
254 5075 438 245 1585 9770 11 285 344 838 661 803 279 2126 366 857 327 1555 13 304 5175 254 3693 438 344 838 661 803 279 2126 366 857 327 1555 11 285 344 838 661 803 279 2126 366 857 327 1555 11 285 344 838 661 803 279 2126 366 857 327 1555 11 285 344 838 661 803
543 1019 344 254 43042 317 441 889 245 18588 280 254 1094 30487 13050 285 21391 3199 11 548 344 362 317 839 245 18588 280 254 1094 61719 73580 285 31986 1086 3199 13 304 463 2826 245 43042 11 279 254 1047 280 32872 245 8964 11 285 279 254 1079 1047 280 17933 11 1947 586 1917 11 285 11
344 362 438 441 5030 11 548 889 20208 13 304 438 441 1234 279 5914 13 304 661 441 2826 857 1962 362 438 245 1867 280 4047 1555 1712 11 285 304 661 1866 2826 857 1962 362 438 245 8117 13 304 661 4101 344 362 438 245 4035 11 20944 5733 11 285 304 661 245 2955 8836 276 1019
276 1481 1277 605 11 58013 416 543 330 1108 372 276 1099 254 1079 11575 1068 2088 649 430 768 13 185 2395 11 372 254 8959 975 463 6195 11 254 1828 1460 317 441 280 344 3734 13 429 668 779 1132 25882 254 14572 317 441 245 12596 3064 89145 11 548 245 668 280 7052 11 285 245 13329
5915 438 13472 457 601 4209 13 185 3673 4209 438 245 668 280 1228 3164 285 6929 11 285 586 2764 438 280 245 2447 344 317 441 4671 10991 13 1063 438 245 668 280 254 1843 11 285 661 34473 1266 13 1063 438 245 668 280 254 1843 11 285 661 34473 1266 13 1063 438 245 668 280 254
17504 13 1063 643 441 2618 38780 276 254 2258 280 254 3064 14584 13 1063 317 245 668 779 643 14844 11 548 362 643 441 2618 14844 276 254 13740 8760 13 1063 317 245 668 779 643 14844 11 548 362 643 441 2618 14844 276 254 13740 8760 13 1063 317 245 668 779 643 14844 11 548 362 643
525 11 285 245 1207 6090 13 440 40 1113 6 83 1006 856 340 2059 457 344 11 8005 1084 993 2195 13 375 22196 358 2152 11 440 2381 304 6 647 2410 340 856 304 536 1006 13 304 1006 344 340 418 245 1079 1207 12 13275 5733 11 285 344 340 463 245 1079 1207 2994 11 285 344
285 245 2603 280 1712 27190 11 285 245 2603 280 1712 27190 11 285 245 2603 280 1712 27190 11 285 245 2603 280 1712 27190 13 2071 438 245 2603 280 1712 27190 13 2071 438 245 2603 280 1712 27190 13 2071 438 245 2603 280 1712 27190 13 2071 438 245 2603 280 1712 27190 13 2071 438 245 2603
12 71842 6 82 1210 279 344 1143 1967 185 1 40 1113 6 83 1006 856 340 2059 1084 993 2195 13 423 3676 275 11 2709 430 857 366 245 45298 13 185 1 40 2059 1084 993 254 18398 11 440 2573 304 2088 340 856 340 1481 276 254 25636 280 344 668 779 11 366 344 13108 1323 586
279 6835 11 410 279 245 11800 11 285 340 6 248 521 1329 11 285 937 521 280 245 6363 340 752 245 6153 344 340 6 248 441 5254 11 285 340 1068 1983 285 745 6 82 16304 745 11 285 340 1006 340 6 248 441 5254 11 285 340 1006 340 6 248 441 5254 11 285 340 1006
5144 11 2968 616 857 276 4283 711 13 1063 438 245 668 280 245 19129 285 12573 4910 11 285 254 1022 28780 280 586 2997 438 276 11538 711 3102 26 548 362 438 245 668 280 14721 11 285 362 1027 441 16206 276 4283 711 279 254 19480 280 711 24640 13 429 8164 438 245 4247 280 245 9326
10453 254 889 1810 304 481 12434 2012 279 30 2461 6 82 254 3502 366 525 30 2461 6 82 254 3502 366 525 1967 362 9842 11 285 362 4732 276 2213 245 3734 280 11845 13 1063 4749 372 565 362 778 1872 276 17203 13 1063 438 558 27822 344 362 1027 441 2938 13 1063 6626 745 11 285
327 1974 280 245 59739 4347 438 1957 276 18670 26 254 327 1974 280 245 59739 4347 438 1957 276 18670 26 254 327 1974 280 245 59739 4347 438 1957 276 18670 26 254 327 1974 280 245 59739 4347 438 1957 276 18670 26 254 327 1974 280 245 59739 4347 438 1957 276 18670 26 254 327 1974 280 245
6 76 520 12520 11 340 1006 13 304 6 76 520 12520 11 340 1006 13 304 6 76 520 12520 11 340 1006 13 304 6 76 520 12520 11 340 1006 13 304 6 76 520 12520 11 340 1006 13 304 6 76 520 12520 11 340 1006 13 304 6 76 520 12520 11 340 1006 13 304 6
11 285 395 778 2116 276 9856 13 185 549 1492 438 4035 11 285 254 4281 34597 52405 26 548 254 3207 438 6159 11 285 254 5409 33515 5583 473 254 8687 12 12211 13 429 9539 438 3662 11 285 254 4281 34597 52405 13 429 5409 438 6159 11 285 254 3207 438 17164 13 429 1492 438 4035 11
13 1063 438 245 668 280 245 37607 285 2646 692 30329 11 285 586 4278 438 254 889 2159 280 586 17802 13 1063 438 245 668 280 245 18757 285 93477 4207 11 285 586 4278 438 254 889 2159 280 586 17802 13 1063 438 245 668 280 245 18757 285 93477 4207 11 285 586 4278 438 254 889 2159
317 254 11312 280 521 13 185 40 2674 581 254 8144 245 5836 11 285 937 304 11921 636 327 254 4660 13 304 438 4245 1136 13400 11 285 304 438 7684 276 752 276 254 4660 13 304 2674 276 254 7970 11 285 304 3637 327 245 2563 13 304 438 4245 21416 11 285 304 3637 327 1874 276
285 6626 1323 711 13 440 51249 1084 838 993 11 440 40 463 2143 327 340 276 1006 565 340 481 6384 779 317 1285 1967 440 40 1113 6 83 1006 11 5482 6 303 1084 304 7589 11 2709 430 254 18398 13 440 1567 8164 1084 993 5433 13 37944 11 440 262 5433 13 42166 11 280 42166 2392
11 754 304 4101 245 3458 4435 525 11 285 4540 276 1019 779 359 438 13 809 438 254 33474 11 779 661 1865 276 16893 525 13 304 438 70144 430 254 49208 11 285 993 558 13 440 40 608 11547 276 463 5982 340 7511 1084 304 993 11 440 2381 304 438 889 2709 430 254 10252 883 440
254 8919 11 285 254 13627 45352 13 440 40 608 11547 276 1275 11 49061 1084 993 362 11 440 2573 340 86028 313 280 601 7424 6 82 4906 30029 13 304 17012 344 304 536 441 28725 344 657 418 513 94603 13 1955 463 1866 32139 16098 410 16159 11 285 304 2977 28725 344 657 463 2368 44995 6302
536 548 3467 279 2126 366 711 13 1063 317 245 1079 1207 7080 11 285 304 608 2049 362 744 1099 711 245 1207 6964 11 548 838 317 441 279 254 2754 279 2126 366 857 11 285 304 608 10297 344 838 317 441 279 2126 366 688 634 13 2130 317 245 1079 1207 5075 11 285 304 608 2049
285 3415 13 429 3207 438 558 3415 11 344 254 26987 11 588 19771 5859 1859 661 31194 11 438 441 889 4165 11 548 267 811 69133 285 267 811 69133 11 285 438 279 7082 280 1872 636 13 185 1 1385 317 245 20615 1084 993 19771 5859 1859 11 440 2573 254 26987 317 558 4165 13 809 317
91687 744 536 768 1207 883 440 40 6 647 441 463 340 73657 711 1084 993 304 13 440 40 6 647 441 463 340 73657 711 13 304 6 647 441 463 340 73657 711 13 304 6 647 441 463 340 73657 711 13 304 6 647 441 463 340 73657 711 13 304 6 647 441 463 340 73657 711
245 668 26 285 2618 838 1027 441 1345 6153 344 838 438 558 13 185 549 20519 778 1132 38139 276 8512 11 285 254 13627 8728 13 16159 438 9368 457 5433 13 93785 11 285 98830 438 331 254 750 2387 280 711 13 2130 1027 441 548 11167 344 362 438 1079 16223 11 285 344 362 4133 430 711
254 61013 280 254 2558 11 344 362 661 245 21146 14966 279 16530 11 285 331 601 8740 254 1210 11 304 1503 359 438 254 1246 588 304 661 4101 601 24793 390 4365 372 254 1210 280 711 1377 21146 13 304 6163 2674 581 276 857 11 285 1166 245 1860 4313 11 304 1503 857 276 330 254 1079
330 2249 276 752 245 1079 1207 4113 327 359 13 304 608 10297 340 418 1079 29527 11 45983 13 1257 1113 6 83 1751 276 2062 245 2683 786 601 2636 883 440 40 608 10297 304 1534 330 1872 1084 993 5157 10458 11 12698 13 440 40 463 245 1228 3822 276 536 276 12 1356 13 304 463 276
661 839 1401 245 1585 10453 279 254 6597 11 285 661 1957 254 35154 279 745 13 185 549 1712 4247 661 803 9368 327 245 1234 766 279 254 1246 1810 11 285 661 441 6937 13 2130 438 2709 430 857 366 711 3545 5505 1721 11 285 711 8602 438 1721 13 2130 438 5764 13 185 1 6636 11
366 254 11659 280 586 8324 285 586 55364 13 3848 8164 438 245 4247 280 3078 285 5786 11 779 11 366 691 4530 280 254 1843 853 711 6964 11 661 803 2249 276 2102 245 10805 276 586 3199 11 285 276 2102 245 14313 276 586 15675 13 2130 661 803 254 2456 280 11973 857 881 254 26438 280
1401 857 245 1228 65298 11 285 362 438 245 1228 7369 250 13 1063 438 245 1228 3075 250 11 285 245 1228 69524 13 1063 438 245 1228 69524 11 285 245 1228 69524 11 285 245 1228 69524 13 1063 438 245 1228 69524 11 285 245 1228 69524 11 285 245 1228 69524 11 285 245 1228 69524 11 285
7293 13 185 549 21021 11 3111 11 438 441 10991 366 437 11 548 362 15699 276 330 254 1917 280 254 1843 11 285 276 330 254 1022 668 279 254 1843 11 285 362 438 441 3093 366 254 1823 588 362 661 11 548 362 15699 276 330 254 1022 668 279 254 1843 13 1063 438 441 10991 366
0 15512 276 254 34068 408 6 11909 0 15512 276 254 34068 408 6 11909 2538 1308 254 50306 744 1481 11 440 17095 276 254 34068 408 6 11909 0 15512 276 254 34068 408 6 11909 0 15512 276 254 34068 408 6 11909 2538 1308 254 1245 744 14581 11 440 10299 799 0 12 32 12 64 12 3741
13 304 6 647 614 285 1019 565 838 317 4599 883 304 2674 276 711 2563 11 285 1503 711 279 245 73350 280 17200 11 285 245 1585 27822 13 440 6023 11 90264 11 304 6 76 558 7684 340 6 313 1865 0 304 6 76 558 7684 0 304 6 76 558 7684 0 304 6 76 558 7684
285 778 1592 691 6383 558 13 185 549 5989 438 245 1079 1712 5989 11 285 661 803 279 9194 327 245 1234 766 13 809 438 245 5989 280 588 254 8644 778 9326 11 285 588 657 778 9326 276 330 8644 279 13 809 438 245 5989 280 588 657 778 9326 276 330 8644 279 11 285 588 657
266 11 779 438 276 20566 525 13 304 661 441 2826 857 1962 254 1492 280 769 17405 11 285 304 438 31229 276 1019 857 1310 13 304 661 441 803 1234 279 45721 11 754 304 4503 245 5371 473 857 11 279 588 362 13218 525 344 362 661 803 18741 276 4283 8913 11 285 344 362 438 937
2653 372 344 30 304 438 46282 457 245 18757 48011 430 254 4167 11 285 245 5136 9609 636 11 440 13393 32289 11 5214 32289 0 7148 11 536 1865 1224 11 536 1865 1224 0 7148 11 536 1865 1224 2538 304 3805 581 279 3853 11 285 4133 430 254 8538 13 809 438 953 17933 2685 13 304 438
11 285 344 254 3000 280 254 14188 317 548 245 10999 285 19711 6267 11 245 6267 280 254 2653 11 285 344 254 3000 280 254 14188 317 548 245 6267 11 285 344 395 9856 11 285 521 2012 11 285 521 254 1843 11 285 521 254 14188 11 285 521 254 13135 11 285 521 254 13135 11 285
304 9835 1224 331 254 42325 285 2674 276 5476 13 185 40 438 953 21800 842 754 304 4101 245 779 425 11 285 937 1913 11 285 937 1913 11 285 937 245 3000 2603 280 768 11 285 937 304 1006 271 304 438 279 7767 13 304 24381 581 285 39333 636 25 185 1 17464 11 1285 304 608
64 12 33 1859 11 280 5922 11 280 207 16 15 15 19121 11 285 207 16 15 15 1743 11 285 207 16 15 15 19121 280 11984 11 285 207 16 15 15 19121 280 8193 11 285 207 16 15 15 19121 280 8193 11 285 207 16 15 15 19121 280 8193 11 285 207 16 15 15 19121
1448 4403 11 410 657 418 29349 457 254 1246 20806 779 643 16378 768 13 185 549 1022 280 1069 3863 317 344 280 254 17870 280 45057 11 588 11 372 359 317 245 17870 11 317 29349 457 245 6404 11 285 317 29349 457 245 20806 779 317 441 245 6404 13 429 1864 1460 317 344 280 254 17870
3011 280 711 13 304 463 642 27545 276 711 13 304 463 642 27545 276 711 13 304 463 642 27545 276 711 13 304 463 642 27545 276 711 13 304 463 642 27545 276 711 13 304 463 642 27545 276 711 13 304 463 642 27545 276 711 13 304 463 642 27545 276 711 13 304 463 642 27545
857 1373 362 317 558 1207 13 304 2126 857 1373 362 317 558 1207 13 304 2126 857 1373 362 317 558 1207 13 304 2126 857 1373 362 317 558 1207 13 304 2126 857 1373 362 317 558 1207 13 304 2126 857 1373 362 317 558 1207 13 304 2126 857 1373 362 317 558 1207 13 304 2126 857
13 304 608 1872 276 254 22624 13 304 463 245 4085 430 254 16978 25649 13 304 2786 330 1062 430 3222 12 24961 26566 13 7566 12 22787 4689 440 40 438 2116 5254 13 304 4133 430 254 2376 13 2071 438 254 33308 425 21710 12485 63945 1170 11 285 254 21803 11 15517 11 285 57220 1255 12 13410
11 779 438 245 1079 1207 12 49671 7080 11 285 245 1079 1207 51616 11 285 245 1079 1207 51616 11 285 245 1079 1207 51616 11 285 245 1079 1207 51616 11 285 245 1079 1207 51616 11 285 245 1079 1207 51616 11 285 245 1079 1207 51616 11 285 245 1079 1207 51616 11 285 245 1079 1207 51616 11
13275 4247 13 429 2823 668 6 82 3059 438 14211 285 98564 11 285 586 3545 778 6751 366 254 77774 280 245 88145 2653 13 1063 438 441 2709 430 254 1245 779 5079 11 548 438 30118 430 254 3419 13 1063 438 5764 280 254 2882 11 285 254 3680 11 285 254 1828 13 1063 438 5764 280 254
13 304 438 441 16949 276 20582 366 768 11 285 304 438 441 16949 276 6976 13 440 40 438 245 26636 11 245 4727 1106 401 11 245 57220 2065 254 6039 11 245 57220 2065 254 6039 0 440 40 438 5254 13 304 438 31130 11 30139 11 285 25862 13 304 438 245 26636 11 245 4727 1106 401
254 4071 11 285 254 5676 438 5366 11 440 40 608 2049 11 601 7415 11 340 1534 441 330 10297 280 711 13 2130 317 245 1079 1207 3734 280 245 4247 11 285 304 18628 1481 838 543 330 1079 7684 276 1019 340 883 440 40 608 2049 304 2786 330 1079 7684 276 1019 711 1084 993 16159 11
1319 750 11 285 778 1572 280 768 11 279 704 1377 7482 11 254 1094 14604 1743 279 254 1843 13 185 549 1492 438 245 4035 634 11 285 254 13182 778 2201 280 1245 13 429 4281 34597 52405 11 285 254 3207 438 5583 285 42278 13 429 13182 778 2201 280 1245 11 285 254 17106 778 2201 280
254 16754 11 285 855 254 9400 12 35364 11 285 430 1562 11 366 245 3080 11 362 6626 1323 525 13 1063 438 245 668 280 6516 4500 11 280 245 8670 285 38347 5617 11 366 245 28641 280 1228 8349 11 285 245 28641 280 1228 8349 11 285 245 28641 280 1228 8349 11 285 245 28641 280 1228
13 809 317 245 1079 7257 285 25862 1810 11 285 254 1245 418 1079 1860 13 429 17432 317 245 1079 4245 634 11 285 317 16968 457 17188 13 2071 317 245 1760 10405 11 285 245 75938 12 6005 11 588 317 254 18379 280 6862 9952 285 10850 20018 380 4192 4791 13 429 7317 317 245 1079 20455 4247
838 1216 13 304 1113 6 83 1006 856 838 2215 280 525 11 548 304 3320 6 83 837 711 13 185 185 40 438 245 12 8864 276 2410 340 786 254 766 304 2149 601 1022 39356 13 304 438 245 12 8864 276 2410 340 786 254 766 304 2149 601 1022 39356 13 304 438 245 12 8864 276
25957 13 304 438 11 3111 11 441 1234 279 5914 372 276 254 4910 280 254 668 11 327 304 26935 279 857 254 1246 3451 779 661 803 366 525 279 254 96838 13 304 438 11 3111 11 441 245 1585 12052 276 1275 857 279 1108 245 5437 11 285 304 438 441 245 1585 12052 276 1275 344 362
4429 11 285 362 661 642 2456 280 2883 857 5738 280 688 1977 344 438 441 245 1977 280 6942 13 1063 661 642 2456 280 2883 857 5738 280 688 1977 344 438 441 245 1977 280 6942 13 1063 661 642 2456 280 2883 857 5738 280 688 1977 344 438 441 245 1977 280 6942 13 1063 661 642 2456
254 2387 280 711 4143 11 279 254 97191 280 254 28153 6835 11 548 279 254 1585 50027 280 254 10405 11 1066 254 4922 418 19268 13 429 16223 438 35262 279 254 19480 280 245 2021 11 285 254 57686 438 31679 881 359 457 254 386 37353 285 586 4278 11 285 254 6039 438 467 877 6677 279 457
441 11547 13 304 661 642 4796 276 1019 857 1310 11 285 304 438 7684 276 1378 344 304 1023 441 330 2424 2065 276 536 558 13 304 438 441 11547 11 2818 11 276 1378 344 362 744 441 330 4135 276 1865 1062 276 67401 3280 13 304 661 642 4796 276 1019 857 11 285 304 438 7684 276
768 13 1063 839 1401 768 586 3997 11 285 11 372 362 661 2368 366 254 72226 76945 11 362 1401 768 586 3997 11 285 362 1401 768 586 3997 11 285 362 1401 768 586 3997 11 285 362 1401 768 586 3997 11 285 362 1401 768 586 3997 11 285 362 1401 768 586 3997 11 285 362 1401
586 97830 3630 11 410 330 558 6586 372 276 330 9892 276 13453 3177 13 185 549 1022 2421 276 330 2368 317 276 4945 254 44077 280 1435 245 62927 11 285 276 330 2249 276 5576 3177 279 586 1977 11 285 276 330 2249 276 13453 3177 2481 586 14924 13 185 549 1022 2421 276 330 2368 317 276
245 4347 276 35457 3987 632 2155 11 11051 711 344 362 1027 441 1865 276 254 22624 344 2653 11 285 344 362 18936 838 744 25754 857 13 1063 438 3730 11 285 362 744 3708 276 711 1310 279 245 1492 410 984 13 1063 744 4827 711 245 4085 430 254 22624 13 1063 40723 581 254 4347 11 285
26 285 11 64451 11 276 1099 254 1245 280 13460 558 4922 344 657 1667 330 2249 276 2622 327 254 13474 13 185 549 1022 280 1069 984 12771 643 803 254 4309 280 254 22204 280 254 3085 11 285 254 1864 643 803 254 4309 280 254 22204 280 254 1245 13 185 549 1022 280 1069 984 12771 643
7317 438 5418 11 254 1022 1585 9576 993 276 254 750 11 440 40 6 647 2410 340 856 11 304 6 647 614 285 1019 565 304 481 1275 636 1066 362 317 883 1063 2674 636 11 285 254 750 993 276 254 4247 11 440 40 6 647 614 285 1019 565 304 481 1275 636 1066 362 317 883
340 883 440 40 543 441 7654 1084 838 993 13 440 40 543 441 7654 883 440 11083 12 22787 1084 362 993 11 285 362 2674 636 13 44204 9602 13 5048 380 34030 1543 5372 461 14979 19362 13 429 8680 280 461 590 1956 438 19556 331 254 207 16 19 393 280 6564 11 207 16 21 19 20
45593 280 2807 11 280 254 56112 280 254 36620 632 3546 11 285 280 254 8387 285 22144 4349 280 254 5224 13 185 549 1460 280 254 5189 2195 13 185 549 1460 280 254 5189 2195 13 185 549 1460 280 254 5189 2195 13 185 549 1460 280 254 5189 2195 13 185 549 1460 280 254 5189 2195 13
344 304 1023 463 803 7684 276 463 661 254 7293 280 586 10972 883 440 40 608 10297 344 304 2977 10668 344 11 2195 13 13418 13 2195 13 32953 317 245 1079 10145 668 11 285 362 643 586 1377 4786 280 2695 13 1063 317 441 245 40660 279 254 12224 3078 280 254 1734 13 1063 317 245 27267
636 280 520 20109 11 285 463 3443 340 2302 276 15612 12053 11 285 463 5151 340 276 15612 12053 254 54194 11 285 15612 12053 254 54194 744 463 5151 340 276 15612 12053 254 65479 11 285 15612 12053 254 65479 744 463 5151 340 276 15612 12053 254 65479 6 82 5391 11 285 15612 12053 254 65479 6 82
711 7424 778 279 254 8324 11 754 838 438 37728 457 254 15157 280 2195 13 98830 13 1063 2373 279 366 245 3399 3458 11 285 1673 18643 11 285 993 11 440 13393 6493 2267 11 304 463 803 5764 280 1874 588 304 1216 441 4365 276 340 11209 13 304 463 803 10147 786 254 18047 11 285 304
23389 280 245 1228 3787 30 185 549 43042 11 279 2577 11 317 245 18588 280 1108 245 4910 11 344 11 279 254 3000 18573 280 254 1843 11 745 317 441 245 2816 3451 280 254 8217 11 344 317 441 11 279 254 1094 9409 5757 11 279 254 2754 5757 11 279 254 2754 5757 11 279 254 2754
254 8193 12 25837 11 285 1019 946 362 317 883 440 40 543 614 366 340 1084 993 5214 1383 926 13 440 40 543 614 366 340 1084 993 5214 1383 926 13 440 40 543 614 366 340 1084 993 5214 1383 926 13 440 40 543 614 366 340 1084 993 5214 1383 926 13 440 40 543 614 366
853 838 13 304 438 691 5467 11 691 49276 11 691 49987 13248 11 691 49276 11 691 49987 13248 11 691 49987 13248 11 691 49987 13248 11 691 49987 13248 11 691 49987 13248 11 691 49987 13248 11 691 49987 13248 11 691 49987 13248 11 691 49987 13248 11 691 49987 13248 11 691 49987 13248 11 691 49987
280 254 16342 11 285 359 438 254 5136 280 245 668 13 304 4101 359 11 285 304 4101 359 1310 13 304 4101 359 1310 11 285 304 4101 359 1310 13 304 4101 359 1310 11 285 304 4101 359 1310 13 304 4101 359 1310 11 285 304 4101 359 1310 13 304 4101 359 1310 11 285 304 4101
521 254 64048 344 2647 778 9317 11 254 76461 43042 317 254 8397 18588 344 94266 254 15389 13 4201 11 2195 13 66223 65 11 304 1023 837 276 1006 565 437 76461 43042 317 441 254 8397 18588 344 2647 66505 254 15389 1967 440 6568 11 5348 11 8005 1084 993 66223 65 11 440 40 3634 344 317 558
4347 280 254 1714 344 254 5075 438 5030 30 1063 661 1866 2826 3270 837 359 13 809 438 372 565 254 2421 661 803 7511 327 254 2780 280 711 4349 13 809 438 372 565 359 661 803 7511 327 254 2780 280 711 4349 13 809 438 372 565 359 661 803 7511 327 254 2780 280 711 4349 13
366 586 5868 1090 586 1917 13 185 1 40 463 803 5764 1084 993 10585 522 11 440 2573 304 543 614 276 3853 13 304 543 1865 276 340 279 254 4421 883 185 1 40 543 1865 276 340 279 254 4421 1084 993 10585 522 13 185 1 40 543 1865 276 340 279 254 4421 1084 993 10585 522
1068 280 254 1094 405 2805 42027 25164 11 440 4215 418 245 668 280 254 1094 98063 71116 725 285 71116 725 344 2647 438 7722 13 1257 418 245 668 280 254 1094 98063 71116 725 285 71116 725 344 2647 438 7722 13 1257 418 245 668 280 254 1094 98063 71116 725 285 71116 725 344 2647 438 7722 13
254 12185 3805 13 185 549 12185 438 245 1079 1207 634 11 285 254 11549 778 1079 1207 4866 11 285 254 87258 438 245 1079 1207 87258 11 285 254 11549 778 1079 1207 4866 11 285 254 12185 438 245 1079 1207 634 11 285 254 11549 778 1079 1207 4866 11 285 254 87258 438 245 1079 1207 87258 11
11 245 4739 30460 11 245 4739 30460 11 245 4739 30460 11 245 4739 30460 11 245 4739 30460 11 245 4739 30460 11 245 4739 30460 11 245 4739 30460 11 245 4739 30460 11 245 4739 30460 11 245 4739 30460 11 245 4739 30460 11 245 4739 30460 11 245 4739 30460 11 245 4739 30460 11 245 4739 30460
50147 25 429 3927 1225 280 254 1353 317 4117 2116 2094 276 330 1222 372 245 24224 327 77816 254 43042 581 276 254 5438 11 754 254 6457 37102 317 276 330 10237 636 280 254 20401 12 394 1353 13 429 6909 1225 280 254 1353 317 39301 276 254 6457 37102 11 285 254 6457 37102 317 937 276 330
280 586 2126 13 1063 661 441 13451 276 711 11 1373 362 661 441 30725 276 3753 276 711 13 1063 661 441 30725 276 3753 276 711 11 1373 362 661 441 30725 276 3753 276 711 13 1063 661 441 30725 276 3753 276 711 11 1373 362 661 441 30725 276 3753 276 711 11 1373 362 661 441 30725
254 1246 20605 13 185 549 5638 280 254 17870 280 45057 438 441 1401 457 254 6016 11 548 457 254 50580 3752 11 285 254 6016 778 441 254 4309 280 359 11 548 254 50580 3752 13 429 50580 3752 11 4573 11 778 254 4309 280 254 5638 11 285 254 6016 778 441 254 4309 280 359 13 429
280 2525 883 440 40 1113 6 83 1006 344 304 481 10668 344 11 8005 883 440 6636 11 937 11 304 6 647 2410 340 856 304 6 647 536 13 304 6 647 2102 340 245 2483 6 82 10075 11 285 565 340 1113 6 83 837 359 11 340 481 614 1062 276 520 4209 11 285 304 6
340 463 803 10147 279 254 3085 13 429 1610 317 3244 13 304 463 889 276 962 344 304 463 803 9697 340 327 254 1562 5064 11 285 304 463 441 2826 340 2561 1673 520 10076 883 440 2054 418 245 30774 1084 993 304 13 440 40 608 7684 276 4704 340 1481 558 11 327 304 463 803 1079
668 280 586 50296 11 285 254 1714 344 362 438 245 8420 69815 94079 11 285 254 1714 344 362 438 245 8420 69815 94079 11 285 254 1714 344 362 438 245 8420 69815 94079 11 285 254 1714 344 362 438 245 8420 69815 94079 11 285 254 1714 344 362 438 245 8420 69815 94079 11 285 254 1714 344
440 53 844 3009 12 45 268 97733 883 429 43042 317 745 11096 372 245 6791 8700 11 366 245 3807 1917 11 285 245 3807 3123 11 285 245 3807 1297 11 285 245 3807 4414 11 285 245 3807 3059 11 285 245 3807 5136 11 285 245 3807 2997 11 285 245 3807 7828 11 285 245 3807 7828 11
11 3753 276 340 372 304 744 276 245 668 13 304 608 245 668 280 2105 11 285 304 463 245 2105 276 536 13 304 463 245 2105 276 536 11 285 304 463 1865 276 536 359 13 304 463 1865 276 536 359 11 285 304 463 1865 276 536 359 13 304 463 1865 276 536 359 11 285
525 565 340 1019 688 2262 279 601 3059 883 440 3233 11 8005 11 304 1019 5249 883 440 6636 11 937 11 8259 304 778 276 6976 276 12 1356 11 285 340 778 276 330 601 35259 11 285 276 463 521 304 463 11 285 276 330 5738 280 254 2558 285 18047 11 285 276 330 7353 285 4977
11 5924 13 207 16 11 265 13 207 16 19 17 13 185 1 549 207 17 15 393 13 570 1003 3505 245 43042 11 588 395 8548 276 330 245 6796 11 548 359 438 245 43042 11 588 742 1733 9485 964 661 9571 11 285 778 937 73937 42905 13 1955 4759 276 39807 276 30265 4449 4435 254
13 452 27726 5146 280 711 3054 11 285 254 4530 344 304 438 1872 276 330 1503 636 11 778 254 984 2012 344 1401 525 2213 372 565 304 438 1872 276 6976 13 185 40 661 441 803 279 254 2558 4047 4063 11 754 304 4101 254 3066 280 5433 13 452 27726 5146 6 82 5136 279 254 13108
11 657 418 430 2754 43718 254 4530 280 21923 13 1474 254 18730 668 11 254 18730 668 779 317 441 245 12192 11 362 317 254 634 779 41041 13 1063 317 254 634 779 317 40122 13 1063 317 254 634 779 317 40122 13 1063 317 254 634 779 317 40122 13 1063 317 254 634 779 317 40122 13
1027 1452 359 13 2086 362 2368 359 11 285 937 362 993 362 744 614 285 752 254 5539 12 3087 285 1865 1062 285 395 744 1682 359 13 2086 362 2674 285 2149 359 11 285 395 2674 276 254 58273 285 2149 245 7369 11 285 937 395 2674 276 254 58273 1066 254 1712 668 438 11 285 304
285 3530 276 330 586 5391 13 304 6 647 330 586 5391 11 90264 11 285 304 6 647 330 586 5391 0 304 6 647 330 586 5391 0 304 6 647 330 586 5391 2538 185 1 2054 6 647 330 586 5391 2538 9842 90264 11 279 245 10805 280 10782 13 440 2054 6 647 330 586 5391 0
13701 276 9699 768 1572 13 440 549 1492 280 254 20598 280 254 23442 9560 11 285 44429 438 276 20566 857 276 254 5532 12 2727 13 429 23442 661 4286 245 16892 327 586 19184 11 285 254 16892 438 276 11583 331 254 1893 1492 13 44429 285 11976 522 778 276 20566 857 276 254 5532 12 2727 11
711 521 6464 285 3920 11 838 744 15207 15367 2602 11 285 937 340 1027 4704 254 8538 7343 521 855 254 2558 13 185 549 6597 438 521 18266 271 366 245 18266 344 438 558 7141 285 2838 340 1027 10983 4704 340 3667 331 359 13 2071 438 245 2567 8538 279 254 51921 11 285 245 2567 8538 279
11 285 11 9989 254 6835 11 304 2373 276 245 1585 5575 11 1066 245 1860 3022 778 6069 13 304 2659 1224 331 245 11909 11 285 11 372 304 4133 430 768 11 304 2215 280 254 1712 2507 280 601 18975 11 285 280 254 2507 280 601 8859 11 285 280 254 2507 280 601 58926 11 285 280
366 857 13 185 549 38741 11 4573 11 438 441 889 245 1228 20806 11 548 839 245 1228 668 11 285 362 438 245 1228 668 1373 362 438 245 20806 13 185 58 16 60 429 38741 280 35736 11 779 438 254 4278 280 254 38741 280 35736 11 438 2424 42864 324 1467 5915 13 185 58 17 60
24838 340 11 601 7415 5214 6493 2267 1084 8137 2195 13 28732 11 440 2573 304 608 441 276 330 44876 279 601 7482 280 520 4139 327 525 13 304 608 441 276 330 27822 457 688 1585 13822 280 980 11697 674 881 83202 254 25595 280 856 304 558 6383 18513 13 304 608 441 276 330 27822 457 688
6218 21868 62395 326 276 330 15699 13 429 766 643 803 11 344 11 754 254 34595 778 636 11 254 668 744 6976 11 285 254 2997 744 8982 359 13 429 668 344 15824 642 4236 279 3177 11 9179 317 441 6937 366 73615 280 6584 7642 11 2128 4357 327 2333 5776 11 27770 11 285 4349 26 9339
429 5371 438 4473 331 254 207 16 15 393 280 6692 13 429 16892 588 4832 359 438 441 3266 430 254 2259 280 11998 2645 254 207 17 15 393 280 7564 13 809 438 441 2645 254 207 17 20 393 344 254 16892 9560 430 254 2259 280 11998 13 809 438 441 2645 254 207 17 22 393 344
330 4977 1310 883 440 40 608 441 558 2049 280 344 1084 993 362 11 366 245 9973 13 440 40 608 441 558 2049 280 344 1084 993 362 11 366 245 9973 13 440 40 608 441 558 2049 280 344 1084 993 362 11 366 245 9973 13 440 40 608 441 558 2049 280 344 1084 993 362 11
73596 601 14501 11 838 73596 601 14501 1310 11 838 73596 768 1310 11 285 937 838 73596 768 1310 13 440 2960 2538 838 993 11 440 4215 418 245 60878 5733 11 285 304 543 441 463 340 279 254 2563 366 525 13 3659 276 520 1377 2563 11 285 4152 745 6309 304 4827 327 340 883 304 2674
280 9322 359 11 285 254 1143 279 588 362 993 359 11 1401 525 2213 344 304 438 441 276 330 1653 51284 279 601 25198 13 304 661 441 803 1234 279 5922 1323 304 1503 344 304 661 245 1228 3822 276 3071 11 285 344 304 661 245 1228 3822 276 405 24504 13 304 661 803 558 1234 279
340 6 82 2149 276 330 245 12 690 246 6 276 245 1207 7767 883 185 1 40 6 76 245 12 690 246 6 276 245 1207 7767 1084 993 254 668 13 185 1 2054 6 248 245 12 690 246 6 276 245 1207 7767 1084 993 254 668 13 440 2054 6 248 245 12 690 246 6 276
12 13084 11 285 245 2317 5299 7987 331 586 1585 13530 13 1063 661 245 2317 8602 11 285 245 2317 15728 11 285 245 2317 33054 11 285 245 2317 5136 13 1063 438 17267 279 245 5501 14459 11 366 245 3682 87659 11 285 245 3682 258 4322 253 13 1063 661 245 2317 4348 12 13084 11 285 245
440 2640 6 82 254 3502 366 340 30 2461 418 340 30118 430 30 2461 418 340 30118 430 30 50857 30 50857 30 50857 1967 185 1 40 6 76 441 30118 430 340 1084 433 1984 314 69087 7589 11 285 362 438 558 27822 344 362 1027 441 12714 245 1734 13 185 1 2640 418 340 30118 430 30
711 254 1143 276 254 2558 280 245 2138 280 27435 11 285 779 11 331 711 76561 344 838 1216 441 1006 254 1143 11 7540 276 20566 711 13 2130 661 937 20940 344 254 668 438 254 1246 779 661 803 2826 279 254 26438 280 254 2558 280 254 40298 13 2130 661 937 3637 857 565 362 438 441
245 1477 838 993 11 440 40 608 441 2955 11 285 304 608 13400 883 185 1 40 608 11547 1084 304 993 13 440 40 608 11547 11 1653 883 185 1 40 608 441 2955 1084 838 993 13 440 40 608 441 2955 883 185 1 40 608 11547 1084 304 993 13 440 40 608 11547 883 185 1
1529 254 2525 13 185 549 13109 280 254 5225 304 438 786 276 6417 11 438 245 668 280 245 1079 1448 23313 473 254 634 304 661 953 2116 13 1063 438 245 668 280 245 1079 1448 23313 473 254 634 304 661 953 2116 13 1063 438 245 668 280 245 1079 1448 23313 473 254 634 304 661 953
254 5532 13 429 9400 317 280 245 4426 5501 11 285 254 16754 418 280 245 4426 3074 13 429 79954 317 786 245 13925 279 3973 11 285 254 5484 280 254 11072 317 786 207 16 11 15 15 15 5144 13 429 79954 317 786 207 16 15 15 5144 279 4572 11 285 254 9400 317 786 207 16
372 304 481 3753 13 304 6 76 558 13400 0 304 6 76 558 13400 2538 185 1 2054 6 248 441 12392 11 304 3655 1967 185 1 3233 11 304 6 76 441 12392 13 304 6 76 889 13400 13 304 6 313 803 3268 521 2653 13 304 6 313 803 3268 521 2653 13 304 6 313 803
13 304 6 76 1872 276 254 8372 7669 276 2102 601 7071 13 304 6 647 330 1062 279 245 8298 13 304 6 647 1865 285 1019 340 1310 276 12 10407 13 7566 12 22787 883 440 40 6 313 803 276 1019 857 1084 993 433 1984 314 69087 13 440 2450 6 82 5030 883 440 40 6 76
279 1728 372 340 418 276 463 13 1257 418 276 2579 344 340 418 276 330 245 13329 11 285 276 330 10433 372 1108 13 1257 418 276 330 245 13329 279 521 30229 11 285 276 330 10433 372 1108 13 1257 418 276 330 245 13329 279 521 30229 11 285 276 330 10433 372 1108 13 1257 418 276
1673 245 1734 11 5426 254 1143 276 254 25597 13 304 5496 11 285 395 8400 254 25597 12 13729 13 429 2823 668 11 779 438 254 4278 280 254 25620 11 285 779 661 803 21200 331 245 3230 11 438 254 889 1491 279 254 2558 13 1063 438 245 8670 11 1136 12 10495 11 20944 2823 668 11
4167 6899 11 285 245 18448 8400 11 17090 245 26999 366 245 10842 12 13910 285 21275 13 440 40 2698 520 25880 11 5482 6 303 1084 993 254 668 11 440 2381 254 13329 317 7511 327 340 279 254 10894 12 3179 883 440 6023 11 1079 1136 11 937 1084 993 5433 13 632 2155 11 12698 11 440
24357 13 1308 344 317 2643 254 1245 418 558 15846 13 1308 344 317 2643 254 1245 418 558 15846 13 1308 344 317 2643 254 1245 418 558 15846 13 1308 344 317 2643 254 1245 418 558 15846 13 1308 344 317 2643 254 1245 418 558 15846 13 1308 344 317 2643 254 1245 418 558 15846 13 1308 344
661 430 1562 2028 1143 276 254 1022 28780 280 601 4910 11 285 11 279 254 1079 2780 280 601 7523 11 661 803 20760 366 245 4357 280 254 1094 18757 285 1094 405 17618 510 41935 13 185 40 661 803 11 327 742 766 11 279 254 10006 280 25988 11 344 11 10984 304 438 5254 11 304 438
525 366 20040 13 440 40 463 803 11 285 608 1592 8060 18588 26 548 1378 441 344 304 2786 2647 330 8060 14725 13 36939 594 0 304 543 1866 18375 437 1810 13 36939 594 0 304 543 1866 18375 437 1810 13 36939 594 0 304 543 1866 18375 437 1810 13 36939 594 0 304 543 1866 18375 437
11549 661 3805 11 285 254 7708 661 803 23453 13 429 668 779 661 803 8541 359 661 803 28561 1224 11 285 438 13595 331 254 3419 11 366 586 1917 35495 13 429 668 779 661 803 8541 254 750 7708 661 803 28561 1224 1653 11 285 438 13595 331 254 3419 11 366 586 1917 35495 13 429 668
5982 13 185 549 1022 2421 276 330 2368 317 276 2225 254 1977 280 254 17870 11 285 276 1019 3203 359 317 279 245 4098 276 3890 254 9470 13 1273 359 317 441 11 937 359 317 4374 276 1099 6942 11 285 276 536 558 366 254 9470 11 285 441 366 254 21021 11 779 317 254 9470 280
317 245 1079 1207 3734 280 4247 11 285 344 304 608 1079 14266 280 711 11 285 344 304 608 1079 14266 280 711 6964 11 285 344 304 608 1079 14266 280 340 11 285 344 304 608 1079 14266 280 340 11 285 344 304 608 1079 14266 280 340 11 285 344 304 608 1079 14266 280 340 11 285
4373 11 73805 34494 11 19988 11 285 1279 40740 11 344 254 2784 280 1853 285 8522 1555 661 803 34683 276 1099 586 5391 2579 586 3199 13 5067 2764 438 2246 3915 276 2046 13 5067 6714 438 786 245 1012 8097 853 711 6964 6 82 26 285 711 1015 49442 465 279 3437 661 803 5929 276 586 13
326 26369 280 254 2190 838 661 9216 11 285 280 254 2190 838 661 9216 11 5214 1383 926 11 366 711 4054 52364 11 285 711 3545 4965 331 254 3419 11 438 10147 9405 581 285 1224 254 2563 13 440 40 608 441 2049 1084 993 2195 13 413 7911 11 440 2573 304 463 2647 2826 711 1068 558
18261 1224 11 440 40 608 441 558 2049 280 344 13 304 608 441 558 2049 344 359 317 441 521 855 13 304 608 441 558 2049 344 359 317 441 521 855 13 304 608 441 558 2049 344 359 317 441 521 855 883 440 40 608 441 558 2049 344 359 317 441 521 855 883 440 40 608
642 11 642 26 362 6 82 245 668 280 254 5532 11 285 245 668 280 254 5532 26 285 362 6 82 245 668 280 254 5532 11 285 245 668 280 254 5532 13 1063 6 82 245 668 280 254 5532 11 285 245 668 280 254 5532 26 285 362 6 82 245 668 280 254 5532 11 285
254 3451 285 254 4747 11 285 254 4158 280 254 3451 276 254 4747 13 429 13445 317 245 2135 280 254 1022 9059 11 285 359 317 441 276 330 15724 344 21343 480 85 17687 6 82 19487 317 1285 430 895 1608 13 429 2135 317 245 4077 280 631 2119 10014 11 285 254 631 2119 10014 418 254
11 12450 11 285 11348 11 254 3000 280 5922 4759 276 330 39984 881 254 1810 13 304 463 1866 2826 1108 245 7702 279 521 601 1728 13 440 40 438 953 1872 276 1481 344 304 661 803 276 254 4995 280 254 13010 11 285 661 803 3542 344 254 59007 438 8148 581 13 304 438 953 1872 276
185 185 1380 438 521 1329 1132 11 285 304 438 7684 280 359 13 1003 661 245 63468 766 13 1003 661 245 63468 766 13 1003 661 245 63468 766 13 1003 661 245 63468 766 13 1003 661 245 63468 766 13 1003 661 245 63468 766 13 1003 661 245 63468 766 13 1003 661 245 63468 766 13 1003
304 6 647 330 745 276 1019 359 13 304 6 647 330 745 276 1019 359 0 304 6 647 330 745 276 1019 359 0 304 6 647 330 745 276 1019 359 0 304 6 647 330 745 276 1019 359 0 304 6 647 330 745 276 1019 359 0 304 6 647 330 745 276 1019 359 0 304
366 895 5919 13 429 889 1420 317 3203 634 17947 359 410 441 13 1273 634 17947 279 1874 11 359 317 1329 327 634 13 2608 317 254 889 2421 344 634 481 330 2049 280 13 429 1610 317 40688 883 440 40 608 10297 340 418 4360 1084 993 5157 10458 11 20005 13 440 40 608 3148 2049 344
2215 13 440 40 6 647 463 276 5435 245 1234 3059 366 857 1653 1084 362 2215 13 440 40 6 647 463 276 5435 245 1234 3059 366 857 1653 1084 362 2215 13 440 40 6 647 463 276 5435 245 1234 3059 366 857 1653 1084 362 2215 13 440 40 6 647 463 276 5435 245 1234 3059 366
480 85 17687 2970 11 440 2450 438 245 668 280 1228 15035 11 285 280 245 1079 1461 5786 11 285 280 245 1079 1228 285 12573 2997 11 285 280 245 1079 1228 285 12573 2764 11 285 280 245 1079 1228 285 12573 7828 11 285 280 245 1079 1228 285 12573 5786 11 285 280 245 1079 1228 285 12573
711 276 1099 245 543 279 586 9000 13 1063 438 245 668 280 254 1843 11 285 362 4437 344 362 1027 441 17906 711 11 285 344 838 744 1866 16206 276 330 586 5391 13 1063 438 245 668 280 254 1843 11 285 362 4437 344 362 1027 441 17906 711 11 285 344 838 744 1866 16206 276 330
2764 254 48374 280 245 2569 13108 279 245 2135 362 661 1274 279 586 83002 11 285 362 16663 344 359 661 803 4473 457 245 668 779 661 803 245 1228 10801 331 254 3605 280 15763 13 1063 661 803 245 668 280 19487 11 285 661 4473 245 2135 331 254 3605 280 15763 13 1063 661 803 245 668
304 661 642 5844 13 185 549 2112 1492 304 438 2143 276 2696 13 185 11484 9602 185 40 438 1132 276 330 245 36396 430 13924 1118 37520 11 1066 304 438 276 4512 6524 1555 13 304 438 6524 1555 1712 754 304 8400 254 2696 13 185 40 438 441 11547 276 4283 42166 2392 9243 13 304 661 642
15128 11 285 304 438 7684 280 359 13 440 13393 43453 248 1084 362 993 11 440 40 463 245 2512 276 2088 340 13 1257 463 803 1285 245 2483 276 12 1356 11 463 340 441 1967 440 5661 11 8005 883 440 2280 340 463 803 279 254 2696 12 3179 1131 1492 11 463 340 441 1967 440 5661
11 285 280 254 1313 3997 779 778 7415 276 525 13 304 438 441 2618 558 1266 245 18398 276 4367 372 276 330 2249 276 7654 344 304 438 441 5254 279 254 1843 13 304 438 441 2618 558 1266 245 18398 276 4367 372 276 330 2249 276 7654 344 304 438 441 5254 279 254 1843 13 304 438
254 1094 4171 4247 279 254 2563 13 2130 438 937 245 5075 280 49028 11 285 304 2215 711 1079 20944 13 304 5175 838 438 17267 279 3682 50639 11 366 245 46070 280 16639 12 43618 279 711 5539 11 285 245 39811 280 32270 13 2130 438 1079 1266 37941 11 285 304 2215 711 1079 20944 13 304 438
304 608 2049 344 362 317 441 89776 276 601 4139 13 304 463 441 2618 3542 857 280 254 4349 280 601 4209 11 327 304 608 10297 344 359 543 330 245 11163 276 857 11 285 304 608 441 2049 344 362 543 441 330 10249 457 359 13 304 463 441 2618 3542 857 280 254 4349 280 601 4209
401 20056 11 207 16 23 20 20 185 1 549 1022 43042 438 9571 279 207 16 21 17 15 11 285 254 1022 43042 24082 438 4930 279 207 16 21 18 15 13 429 1022 43042 24082 438 4930 279 207 16 21 18 15 11 285 254 1022 43042 24082 438 4930 279 207 16 21 18 15 13 429
3093 366 856 362 481 752 11 285 441 330 1653 2590 883 185 1 40 608 2049 304 608 1079 11547 327 857 1084 993 16159 11 440 384 304 608 2049 362 317 1079 1266 18741 276 340 327 520 22751 276 857 13 1063 317 1079 25517 279 2497 1108 245 2138 883 185 1 40 608 1079 7684 276 4704
441 856 359 438 13 304 463 1866 2826 857 1673 245 6153 280 9175 13 304 463 1866 4133 430 857 1673 245 6763 8836 276 7412 13 304 463 1866 4133 430 857 285 2215 280 3270 548 280 857 13 304 463 1866 4133 430 857 285 2215 280 3270 548 280 857 13 304 463 1866 4133 430 857 285
5214 32711 844 303 6 82 11 285 1503 711 279 254 74212 11 366 254 4043 31194 11 285 254 4043 12 81847 9835 636 331 254 51207 11 285 254 4043 12 81847 9835 636 331 254 51207 11 285 254 4043 12 81847 9835 636 331 254 51207 11 285 254 4043 12 81847 9835 636 331 254 51207 11 285
711 279 254 1246 1810 11 285 279 254 1246 15933 11 285 366 254 1246 5761 280 28641 13 304 438 441 11547 276 1019 711 11 327 304 661 245 1228 8836 276 1006 856 838 744 1481 276 525 13 304 661 441 803 1234 279 254 2563 1323 304 4101 254 3066 280 245 20515 18393 430 254 8364 11
1215 254 4247 11 440 5015 536 340 2059 457 359 30 2461 536 340 2059 457 359 30 2461 536 340 2059 457 359 30 2461 536 340 2059 457 359 30 2461 536 340 2059 457 359 30 2461 536 340 2059 457 359 30 2461 536 340 2059 457 359 30 2461 536 340 2059 457 359 30 2461 536 340
285 62794 0 185 40 463 2368 13 185 100001
254 22569 13 78618 285 304 40178 11 285 304 2149 881 254 12185 13 429 5455 438 245 8670 11 33976 668 11 366 245 3074 3059 285 245 3074 15728 11 285 362 661 245 15640 11 245 1585 668 366 245 10212 3059 285 245 1234 15728 13 429 5676 11 779 438 254 5455 11 2149 581 276 586 9888
11 2955 11 285 9109 11 285 245 1207 7080 11 285 245 1207 2138 13 304 6 313 3185 857 327 1555 13 304 6 313 3185 857 1962 362 438 245 5733 13 1063 6 82 245 1207 7080 11 285 245 1207 2138 13 1063 6 82 245 1207 7080 11 285 245 1207 2138 13 304 6 313 3185 857
643 245 15238 276 586 4887 13 185 64108 480 85 17687 6 82 2722 418 25 185 12 440 549 13445 1084 207 16 20 16 18 26 185 12 440 549 6596 280 6368 1084 207 16 20 17 15 26 185 12 440 549 11380 280 27217 1084 207 16 20 17 20 26 185 12 440 549 6596 280 6368
601 2802 11 285 438 9120 276 4283 254 2558 13 185 40 661 441 803 1234 279 254 3085 1323 304 438 20760 366 245 18757 21405 11 285 438 25142 276 601 3853 13 304 438 279 254 19480 280 601 16854 754 304 438 13390 457 245 1491 779 661 803 601 15640 279 601 29099 11 285 779 661 803
280 254 9684 11 285 362 438 254 1022 276 330 15572 276 254 4995 280 17329 280 254 16575 11 588 4995 362 4586 327 8522 12 14741 1555 13 1063 438 254 1022 276 330 15572 276 254 4995 280 17329 280 254 16575 11 588 4995 362 4586 327 8522 12 14741 1555 13 1063 438 254 1022 276 330 15572
5653 51886 8 463 803 4828 372 21025 276 254 43042 2617 13 1474 11 372 304 463 2571 1098 22264 11 254 43042 317 245 8700 11 285 254 43042 317 245 8700 13 429 43042 317 245 8700 11 285 254 43042 317 245 8700 13 429 43042 317 245 8700 11 285 254 43042 317 245 8700 13 429 43042 317
429 1246 5761 543 330 11636 457 254 48984 4449 11 285 543 330 95424 457 254 48984 779 418 2112 276 768 13 429 1246 5761 543 330 11636 457 254 48984 779 418 2112 276 768 11 285 558 331 13 429 1246 5761 543 330 11636 457 254 48984 779 418 2112 276 768 11 285 558 331 13 429 1246
438 521 1592 285 7257 11 285 304 438 5254 13 185 40 438 279 245 10601 1810 11 285 304 1019 359 13 304 438 279 245 2876 11 285 304 1006 271 359 13 304 438 279 245 2876 11 285 304 1006 271 359 13 304 438 279 245 2876 11 285 304 1006 271 359 13 304 438 279 245
438 7684 276 752 2302 11 285 11 372 304 2674 636 11 304 4101 254 1712 668 1481 11 207 790 40 487 647 441 463 857 1285 13 976 185 790 40 487 647 441 463 857 1285 11 976 362 9842 11 372 304 6079 254 4167 13 185 790 40 487 647 441 463 857 1285 11 976 362 993
6444 2296 245 3059 280 245 1079 4426 10176 11 285 245 1079 4426 48951 11 285 245 1079 4426 6011 13 2130 438 17267 279 3438 11 285 661 245 3438 22680 42716 331 711 1917 13 2130 438 245 1079 1207 12 13275 4247 11 285 661 245 1079 1207 5617 13 2130 438 245 1079 1207 12 13275 4247 11 285
3059 438 7665 366 5931 13 1063 438 279 245 1977 280 1228 47169 11 285 362 993 344 362 661 1503 586 4209 13595 331 254 3419 11 285 344 362 661 803 11921 1224 457 742 634 779 661 1865 2065 768 473 4435 13 1063 661 803 11921 331 254 1917 11 285 362 661 803 9892 276 1181 254 668
1094 8133 280 254 9659 78247 13 21343 480 85 17687 438 2143 276 12520 276 60669 857 331 586 13363 11 285 276 3685 857 254 49872 280 254 67166 479 20818 13 185 64108 480 85 17687 438 1132 279 12520 754 254 6016 10053 280 9936 29716 11 1090 254 2525 280 254 15336 280 71718 2443 11 8400 254 3787
745 11 285 254 4443 317 276 4283 768 13 185 549 1022 280 1069 317 254 1094 3915 11 254 1864 254 1094 3915 11 285 254 4443 254 1094 3244 13 429 1022 317 254 1094 3915 11 1373 359 317 4374 276 463 245 1228 5206 11 285 276 330 2249 276 2240 359 581 11 285 276 330 2249 276
362 317 245 1207 7080 11 285 304 608 7684 276 1019 857 1285 883 185 1 40 608 7684 276 1019 857 11 1653 1084 993 2195 13 16845 13 440 40 463 441 2826 857 327 245 1234 766 11 285 304 608 7684 276 1019 857 883 185 1 40 608 7684 276 1019 857 11 1653 1084 993 2195 13
20436 525 11 285 304 438 10297 13 304 438 10297 280 14059 11 285 304 438 10297 280 254 17981 13 304 438 10297 280 254 17981 11 285 304 438 10297 280 254 21067 13 304 438 10297 280 254 21067 11 285 304 438 10297 280 254 17981 11 285 304 438 10297 280 14059 11 285 304 438 10297 280
13 185 549 1246 2421 317 1927 280 1462 779 11 457 704 1377 6184 11 463 3261 26124 13 1494 359 317 441 2527 276 463 803 7722 279 245 15428 2617 11 410 276 463 803 7722 279 245 17870 11 410 276 463 803 7722 279 245 17870 588 317 430 6942 11 410 276 463 803 7722 279 245 17870
254 5141 661 2028 711 4452 11 285 838 438 441 4135 276 330 2115 457 688 9103 588 1667 330 1222 276 6650 768 54479 13 185 1 40 608 11547 276 4704 344 340 418 1872 276 4283 26873 3280 1084 993 16159 11 372 657 8728 473 254 2376 13 440 40 3655 340 543 5024 3667 437 1143 1310 13
525 245 4347 473 245 668 779 438 7511 327 857 279 254 8276 13 304 438 10145 11 285 3542 857 276 614 2302 13 1063 438 245 8670 11 33976 668 11 366 245 3438 33735 11 285 362 438 13844 245 14181 14459 13 1063 438 279 245 25683 11 285 993 362 744 1865 1062 279 274 5064 13 304
430 2561 11 47830 1084 993 13126 13 440 40 6 76 441 1872 276 330 245 12 3873 2618 13 304 6 76 1872 276 2097 581 366 340 11 47830 883 440 3233 11 13126 1084 993 304 11 440 40 6 76 441 1872 276 330 245 12 3873 2818 13 304 6 76 1872 276 2097 581 366 340 883
279 254 8485 13 185 1 40 3860 856 254 766 317 1084 993 13126 11 2709 430 254 1712 8538 13 185 1 38008 12 24961 7960 1084 993 304 13 185 1 40 3860 856 766 359 317 430 254 1712 4247 6 82 1084 993 13126 13 185 1 38008 12 24961 7960 1084 993 304 13 185 1 40 3860
13 304 608 10297 304 608 441 245 1079 1207 12218 280 601 1377 3199 13 304 608 10297 304 608 245 1585 1653 16902 11 285 304 608 10297 304 608 245 1585 1653 14266 280 6807 13 304 608 10297 304 608 245 1585 1653 14266 280 9910 13 304 608 10297 304 608 245 1585 1653 14266 280 6807 786 4367
438 279 245 8770 1373 304 744 441 1632 711 614 276 254 88304 13 2130 317 245 12192 11 285 304 608 245 43036 26 285 304 6 647 441 21540 344 304 608 7684 838 317 441 601 5391 883 440 40 608 11547 276 4704 340 3075 558 1084 304 993 13 440 40 608 11547 276 4704 340 3075 558
1207 2012 280 1728 317 276 330 1503 279 437 2563 883 440 40 6 76 7684 340 837 359 11 8005 1084 993 254 1712 668 11 366 245 9973 280 14916 13 440 40 6 76 2049 304 6 76 7684 340 837 359 11 8005 13 304 6 76 2049 304 6 76 7684 340 837 359 11 8005 13 304
3398 280 254 13976 11 285 254 3000 280 254 9320 28867 11 285 254 2006 11 285 254 2360 406 674 1627 11 285 254 2360 406 674 68119 11 285 254 2360 406 674 68119 2360 406 674 1627 11 285 254 2360 406 674 68119 2360 406 674 68119 2360 406 674 1627 11 285 254 2360 406 674 68119 2360
38601 11 362 3061 359 581 285 4732 276 6540 359 13 185 549 2112 2421 362 1216 438 276 1529 245 1760 5836 280 254 1246 71757 11 285 11 1166 2497 7488 359 881 1760 8155 11 362 1957 359 881 245 1760 98173 1822 16892 11 588 362 661 4832 366 857 11 285 588 362 661 8148 366 2354 13
438 586 327 454 13 1063 438 245 1207 3822 280 245 16648 11 285 362 438 245 1207 3822 280 245 16648 11 1653 13 1063 438 245 1207 3822 280 245 16648 11 548 362 438 245 1207 3822 280 245 16648 13 1063 438 245 1207 3822 280 245 16648 11 548 362 438 245 1207 3822 280 245 16648 13
668 779 317 5030 317 441 558 9436 372 254 17920 280 245 668 779 317 4731 883 440 40 463 803 5764 1084 993 95756 333 11 440 2573 304 463 803 1079 4977 883 440 40 463 803 5764 1084 993 10585 522 11 440 2573 304 463 803 1079 4977 883 440 40 463 803 5764 1084 993 95756 333 11
245 1143 372 276 1099 359 3976 344 362 317 441 889 254 4278 280 34211 11 548 254 4278 280 34211 6 82 5391 11 285 344 362 1023 330 254 4278 280 34211 6 82 5391 11 285 344 362 1023 330 254 4278 280 34211 6 82 5391 11 285 344 362 1023 330 254 4278 280 34211 6 82 5391
11 285 304 3320 6 83 1121 276 614 1062 276 254 29274 6 82 11 285 304 3320 6 83 1121 276 614 1062 276 254 29274 6 82 11 285 304 3320 6 83 1121 276 614 1062 276 254 29274 6 82 11 285 304 3320 6 83 1121 276 614 1062 276 254 29274 6 82 11 285 304 3320
285 438 279 254 10006 280 12716 279 254 6775 280 245 1828 280 245 761 29861 11 410 245 761 61414 11 410 245 761 5696 280 13085 13 185 549 2558 30516 11 779 438 245 1207 12 49671 11 1207 12 84366 5075 11 285 441 855 12 870 80419 279 711 64529 11 438 441 11547 276 330 4117 32256
304 438 245 1867 11 304 438 245 1228 8959 280 5515 11 285 304 1274 3694 344 304 1027 2762 601 4054 331 13 304 438 245 1228 8959 280 5515 11 285 304 1274 3694 344 304 1027 2762 601 4054 331 13 304 438 245 1228 8959 280 5515 11 285 304 1274 3694 344 304 1027 2762 601 4054 331
1022 11 548 304 536 1132 13 304 608 7684 340 463 1503 711 13 304 608 7684 340 463 1503 711 13 304 608 7684 340 463 1503 711 13 304 608 7684 340 463 1503 711 883 440 40 608 7684 304 463 1503 711 1084 993 16985 997 23590 11 285 362 3061 35457 3987 6 82 1297 285 28734 359
1492 285 754 304 438 4321 1719 473 254 29274 6 82 362 438 26406 327 525 13 1063 661 245 6669 285 362 28561 525 1224 285 937 362 3061 601 11445 842 285 19178 525 581 279 245 31228 285 7452 525 1224 276 254 8144 285 5256 271 525 279 13 185 185 1 6636 11 304 438 279 254 2354
6 82 3059 11 410 279 711 6166 11 410 279 254 2558 11 410 279 254 8324 11 410 279 254 4660 11 410 279 254 3085 11 410 279 254 3085 12 2727 11 410 279 254 1843 11 410 279 254 1843 280 254 1843 11 410 279 254 1843 280 254 1843 280 254 1843 11 410 279 254 1843
254 2558 13 304 438 9368 457 254 4043 11 366 601 2135 331 601 20403 11 285 601 1917 18261 1224 11 754 254 6428 280 254 4167 4540 11 285 5433 13 37944 8400 13 440 17095 1285 1084 838 993 11 285 304 8728 285 5496 711 13 2130 5426 254 1143 276 254 3074 12 3179 11 285 11 7783
330 745 276 8470 525 13 304 463 642 2138 11 22137 11 285 304 608 5254 13 304 463 642 2138 11 22137 11 285 304 608 5254 13 304 463 642 2138 11 22137 11 285 304 608 5254 13 304 463 642 2138 11 22137 11 285 304 608 5254 13 304 463 642 2138 11 22137 11 285 304 608
11 285 937 11 366 245 2495 26902 8544 11 838 4540 285 2116 254 6351 13 429 10079 778 20394 13 1955 778 20394 366 35457 3987 632 2155 13 1955 778 63483 366 711 13 1955 778 85908 366 711 13 1955 778 85908 366 711 13 1955 778 9770 366 8810 13 1955 778 13869 4449 366 9175 13 1955 778
10631 13 1474 11 3904 1984 11 304 6 76 441 1872 276 330 558 23371 372 276 14092 245 5030 2758 13 304 6 647 441 14092 245 5030 2758 13 304 6 647 441 14092 245 5030 2758 13 304 6 647 441 14092 245 5030 2758 13 304 6 647 441 14092 245 5030 2758 13 304 6 647 441 14092
11 601 7415 7080 11 304 463 245 9000 276 2088 280 340 13 304 1121 340 276 330 601 1608 668 883 440 40 608 520 2138 11 20560 1084 993 6536 88 329 11 440 384 304 608 520 2138 6 82 2138 11 285 304 608 520 2138 6 82 2138 6 82 2138 11 285 304 608 520 2138 6
285 362 1866 6937 13 304 438 1872 276 1282 276 857 11 754 362 4540 586 1917 11 285 304 3505 586 3059 13 809 438 372 3682 372 254 16637 12 9218 11 285 586 3545 778 4965 331 254 2558 13 304 438 1872 276 3753 11 548 362 1957 586 1297 581 11 285 304 4437 362 744 441 4704
304 661 441 2618 3542 13126 280 601 1435 245 13329 13 304 661 441 3542 857 11 1373 304 661 441 2618 3542 15764 13 304 661 441 3542 15764 11 1373 304 661 441 2618 3542 4367 13 304 661 441 3542 4367 11 1373 304 661 441 2618 3542 15764 13 304 661 441 3542 15764 11 1373 304 661 441
9609 636 11 440 17095 279 11 20519 11 536 1865 279 883 185 549 20519 11 3111 11 778 441 276 330 34638 11 285 254 13627 778 18741 276 330 3093 366 254 30710 344 657 744 1282 1310 331 254 57172 13 185 549 20519 937 10408 1062 276 364 1431 1427 11 285 254 13627 5651 276 254 5141 12
254 2516 280 245 1860 7742 6593 13 304 463 803 2709 581 254 1460 279 254 8372 8727 11 285 304 1275 344 254 668 779 438 1503 5030 279 254 8276 438 245 668 7046 3326 433 649 11 245 31102 279 254 3477 280 245 6174 280 35120 7669 408 279 254 5183 13 1063 438 245 9552 668 11 285
2143 1224 276 2738 254 1977 13 2071 438 839 245 1760 14722 280 9187 11 588 304 463 1962 1503 276 330 473 245 8164 11 285 588 304 463 1962 2826 13 2071 438 839 245 1760 18039 280 9187 11 588 304 463 1962 1503 276 330 473 245 8164 11 285 588 304 463 1962 2826 13 2071 438 839
525 1310 13 440 2280 1132 1084 993 304 11 440 40 6 647 2410 340 856 304 1121 276 536 13 304 1121 276 614 276 5922 11 285 304 1121 340 276 1865 366 525 883 440 6636 11 47830 1084 993 13126 11 440 40 6 647 614 366 340 11 47830 11 285 304 6 647 614 276 5922 366
83 1006 946 304 6 313 803 5764 280 711 521 1492 13 304 6 313 803 5764 280 711 521 1492 13 304 6 313 803 5764 280 711 521 1492 13 304 6 313 803 5764 280 711 521 1492 13 304 6 313 803 5764 280 711 521 1492 13 304 6 313 803 5764 280 711 521 1492 13 304
877 438 558 35543 344 362 1027 441 12714 245 1734 13 440 40 438 4906 786 254 15674 280 254 1712 67385 62682 4247 1084 9842 433 1984 314 69087 11 366 245 9973 13 440 40 438 4906 786 359 279 254 3322 13 304 438 4906 786 359 279 254 3322 13 304 438 4906 786 359 279 254 3322 13
362 993 11 440 672 6710 11 304 3634 1967 440 5661 11 8005 1084 7589 1981 2079 87264 11 440 672 6710 433 1984 314 69087 883 440 40 608 245 55913 1084 254 13329 2674 331 11 440 384 304 463 1865 276 1019 340 11 433 1984 314 69087 11 331 2105 13 304 608 254 8037 280 8372 11 285
11 285 304 661 4101 280 5214 32711 844 303 6 82 37713 11 285 304 661 4101 280 5214 32711 844 303 6 82 3054 11 285 304 661 4101 280 5214 32711 844 303 6 82 2558 11 285 304 661 4101 280 5214 32711 844 303 6 82 20515 11 285 304 661 4101 280 5214 32711 844 303 6 82
276 254 20806 11 410 657 418 441 558 3080 13 4201 11 565 657 418 441 558 3080 11 657 418 441 276 330 18461 11 285 359 317 441 276 330 4061 344 657 543 330 558 3080 11 327 657 418 441 276 330 18461 11 285 657 543 441 330 558 3080 13 185 549 20806 11 4573 11 9090
11 304 39333 636 25 185 1 17464 11 745 0 2461 340 2149 745 1967 185 1 2640 340 1121 1967 185 1 40 1121 276 1006 856 340 2149 745 1967 185 1 40 1121 276 1006 856 340 2149 745 1967 185 1 40 1121 276 1006 856 340 2149 745 1967 185 1 40 1121 276 1006 856 340 2149
366 14885 11 285 304 608 2049 362 543 441 330 2249 276 2240 586 1734 883 440 40 6 647 614 285 1019 1084 993 304 13 440 40 6 647 614 285 1019 856 362 317 786 883 440 40 6 647 614 366 340 1084 993 413 17434 13 440 40 6 647 614 285 1019 856 362 317 786 883
279 245 9507 2876 13 1955 6 248 279 254 6516 280 254 5532 11 285 254 5409 6 82 31244 245 49368 13 1955 6 248 279 245 2876 11 285 657 6 248 279 245 2876 13 1955 6 248 279 245 2876 11 285 657 6 248 279 245 2876 13 1955 6 248 279 245 2876 11 285 657 6
185 185 549 2135 438 7019 279 207 16 20 16 18 11 285 21343 480 85 17687 438 19752 331 254 5361 280 2497 4473 359 13 1063 438 53682 279 254 20686 280 5645 57823 11 285 438 7964 889 1166 254 4349 280 46678 315 6 78883 13 185 185 64108 480 85 17687 6 82 2135 438 441 7019 279
48988 586 4054 13 440 40 6 76 441 1872 276 330 245 14725 276 688 668 11 285 304 6 76 441 1872 276 330 245 14725 276 688 4247 13 440 40 6 76 441 1872 276 330 245 14725 276 688 668 11 285 304 6 76 441 1872 276 330 245 14725 276 688 4247 13 440 40 6 76
13 185 790 40 608 7684 340 463 1865 11 976 838 993 11 372 304 8400 13 207 790 40 463 803 5764 280 340 521 1492 13 976 185 790 40 463 803 5764 280 340 11 976 304 7589 13 207 790 40 463 803 5764 280 340 521 1492 13 976 185 790 40 463 803 5764 280 340 11
6 67 463 803 13595 279 254 8276 13 1063 6 67 463 7648 279 254 8276 11 285 340 6 67 463 661 276 43605 857 13 1308 1132 362 6 82 13595 1285 11 285 340 6 248 24302 11 285 340 6 248 24302 11 285 340 6 248 24302 11 285 340 6 248 24302 11 285 340 6 248
304 438 441 11547 276 1019 254 1062 280 254 2607 11 285 304 438 7684 276 330 2116 5254 366 13126 13 304 438 441 11547 276 330 2116 5254 366 13126 11 327 304 438 279 245 1977 280 2764 344 304 481 6 83 7183 13 304 438 279 245 1977 280 2764 344 304 481 6 83 7183 13 304
254 20583 11 285 745 11 279 245 1585 1272 12 6005 11 362 1401 857 7369 245 14529 280 8193 11 285 6540 245 1207 8512 13 440 4388 11 601 7415 2138 1084 993 362 11 440 40 463 245 1585 2105 276 536 11 285 304 1534 4283 340 13 304 2786 330 1062 279 274 5064 410 984 13 4946
254 6793 1728 280 254 10405 11 285 254 6793 1728 280 254 84202 13 429 4281 438 1461 11 285 254 84202 438 1592 13 429 4281 438 1461 11 285 254 84202 438 1592 13 429 4281 438 1461 11 285 254 84202 438 1592 13 429 4281 438 1461 11 285 254 84202 438 1592 13 429 4281 438 1461 11
15606 285 7468 11 285 254 15606 12 34321 285 254 23795 12 76 472 11 285 254 15606 12 34321 11 285 254 15606 12 34321 11 285 254 15606 12 34321 11 285 254 15606 12 34321 11 285 254 15606 12 34321 11 285 254 15606 12 34321 11 285 254 15606 12 34321 11 285 254 15606 12 34321 11
254 1094 8133 17200 11 276 330 8963 43690 881 254 1094 21065 285 12714 2377 28846 280 22553 13 185 549 8127 438 1132 5464 13 429 4281 661 845 11 285 254 12780 11 12698 279 521 711 16431 11 20123 711 79245 32348 855 254 8127 280 78925 13 429 12780 85372 11 13520 331 254 22052 280 8660 11 285
344 395 778 430 20230 494 6 82 13878 13 185 185 1 40 608 1872 276 1529 340 276 245 1810 1066 340 543 330 9016 1084 362 993 11 440 384 1066 340 543 330 2249 276 1610 13 304 608 1872 276 1529 340 276 245 1810 1066 340 543 330 9016 883 185 185 1 40 608 441 13400 1084
586 10076 881 254 756 394 6472 11 362 3190 245 8079 881 254 1969 12 24845 4163 11 285 558 11 366 245 1234 11 2495 11 76340 38541 11 362 317 5418 13 185 549 14572 317 245 1234 11 2495 11 7742 2563 11 366 245 9539 3205 279 254 9911 11 285 245 9539 3205 279 254 6597 13 429
601 2772 0 809 317 254 668 779 438 279 254 6822 2538 440 5661 11 359 317 362 1084 993 32953 13 440 40 463 803 9697 857 327 742 766 13 304 463 803 279 254 2112 5185 11 285 463 4101 521 344 643 5079 13 304 463 803 9697 857 327 742 766 13 304 463 803 9697 857 327
803 245 10549 1439 768 11 285 1132 359 438 276 330 7488 13 1063 661 803 245 12192 276 1378 344 362 1027 2647 330 4977 366 359 13 1063 661 803 245 12192 276 1378 344 362 1027 2647 330 4977 366 359 13 1063 661 803 245 12192 276 1378 344 362 1027 2647 330 4977 366 359 13 1063 661
340 837 359 1967 185 1 40 1113 6 83 1006 856 340 2059 1084 993 254 26714 11 285 362 4540 276 254 31102 13 440 40 1113 6 83 1006 856 340 2059 1084 362 9842 13 440 40 1113 6 83 1006 856 340 2059 1084 362 9842 11 285 362 4540 276 254 31102 13 440 40 1113 6 83
2826 457 450 883 570 32398 14371 6 82 79805 11 338 13 35 13 207 16 22 22 18 13 440 549 43042 317 254 8397 9538 344 643 2647 22704 331 254 3059 280 254 6039 13 429 8397 43042 317 993 276 463 803 207 16 15 15 5144 1234 11 285 207 19 15 5144 279 67854 13 429 8397
245 7424 9552 276 245 57574 26 285 5433 13 6493 2267 11 2451 838 1027 441 330 993 276 48625 11 438 430 2754 372 1585 87414 372 838 1027 1136 330 13 16159 438 254 889 634 280 254 2617 779 1027 441 330 2424 4977 13 2130 438 441 889 30462 430 254 4174 11 548 4749 521 254 19038 588
1023 2647 330 2249 276 752 636 280 254 12185 11 285 3203 304 1023 2647 330 2249 276 752 1719 1310 13 304 438 46282 457 254 6839 6 82 9609 636 11 440 4898 395 418 2538 285 2709 581 11 304 3505 344 395 778 430 254 1869 280 245 12967 11 285 344 254 12185 438 8898 1592 13 429
842 853 304 608 11 548 340 418 24070 13 1257 418 441 558 4977 372 340 1378 13 1257 418 441 558 4977 372 304 608 13 1257 418 441 558 4977 372 304 608 13 1257 418 441 558 4977 372 304 608 13 1257 418 441 558 4977 372 304 608 13 1257 418 441 558 4977 372 304 608 13
330 13 304 463 2826 254 1590 1843 13 304 463 2826 344 359 317 340 13 304 463 2826 344 340 418 691 276 525 853 521 254 2460 279 254 1843 13 304 463 2826 344 340 418 1728 11 285 344 521 1979 317 4349 13 304 463 2826 344 340 418 254 889 2421 279 1728 12 4215 11 285
25283 11 285 441 586 13128 547 3384 13 1474 11 372 254 43042 317 245 26862 5775 9538 11 285 372 254 43042 12 4778 317 245 26862 5775 5225 11 359 317 441 276 330 8548 344 254 43042 12 4778 481 2647 330 279 254 1246 1810 430 254 1246 766 366 254 43042 13 1474 11 331 254 750 1297
280 2764 11 285 344 362 744 441 330 87414 366 525 327 441 4456 276 857 13 304 438 441 44292 279 601 7482 11 327 362 7048 276 525 279 254 1893 3769 25 440 40 463 4503 520 5371 11 285 304 608 7684 276 1275 344 340 418 1136 13 304 608 11547 344 340 463 441 4473 276 525
40 6 313 803 5764 1084 362 993 11 440 2573 304 6 313 803 1079 26663 276 340 11 1981 1887 877 13 304 6 76 11547 13 304 6 313 803 26663 276 340 521 1492 13 304 6 313 803 26663 276 340 521 1492 13 304 6 313 803 26663 276 340 521 1492 13 304 6 313 803 26663
276 245 8164 279 254 3085 11 779 643 1962 4473 276 525 344 838 317 3148 65481 366 711 13 304 608 2049 340 543 330 7684 276 4704 344 304 463 803 558 25517 372 276 752 245 5437 327 601 1377 41252 11 779 317 1132 366 525 11 285 304 608 2049 340 543 330 7684 276 4704 344 838
13 304 608 2049 304 1023 837 276 330 245 73084 13 304 1023 837 276 330 245 73084 13 304 1023 837 276 330 245 73084 285 245 36801 13 304 1023 837 276 330 245 36801 13 304 1023 837 276 330 245 36801 13 304 1023 837 276 330 245 36801 13 304 1023 837 276 330 245 36801 13 304
285 2674 276 3853 13 440 40 608 441 245 668 280 254 1843 1084 993 13345 249 11 440 384 304 1113 6 83 1006 856 254 1843 317 13 304 608 441 245 668 280 254 1843 11 285 304 1113 6 83 1006 856 254 1843 317 13 304 608 441 245 668 280 254 1843 11 285 304 1113 6
1006 856 276 1378 280 520 12114 13 304 463 4473 276 768 11 285 304 3655 657 543 3444 4704 473 340 883 440 40 608 1079 11547 1084 993 304 11 440 2573 304 463 441 4473 276 768 11 548 304 463 803 558 3730 344 304 463 441 803 2249 276 2785 245 5578 13 304 608 1132 2018 11
276 4349 11 285 279 254 750 362 438 279 7082 280 1435 31947 285 63987 271 13 185 185 1 40 6 647 11195 340 276 1746 39903 366 601 3587 2538 362 7899 11 30030 586 41693 279 601 3059 13 440 40 6 647 11195 340 276 1746 39903 366 601 3587 0 304 6 647 11195 340 276 1746 39903
304 463 4832 1062 366 525 254 10142 344 778 60691 276 525 13 304 463 4832 768 1062 276 340 11 8005 883 440 2054 463 2368 1136 11 601 37713 1084 993 4470 346 80587 11 279 245 2495 5136 13 440 40 463 2368 1136 11 8005 1084 993 254 37713 11 440 384 304 463 4832 1062 254 10142 13
1492 11 754 362 438 636 11 838 993 276 525 11 440 40 6 76 2049 304 1113 6 83 1006 856 276 1378 13 304 6 76 2049 304 1113 6 83 1006 856 276 1378 13 304 6 76 2049 304 1113 6 83 1006 856 276 1378 13 304 6 76 2049 304 1113 6 83 1006 856 276 1378
1047 13 429 1538 2674 331 13 429 10079 438 31727 13 429 5075 438 245 9123 13 429 10079 438 31727 13 429 5075 438 245 9123 13 429 10079 438 31727 13 429 5075 438 245 9123 13 429 10079 438 31727 13 429 5075 438 245 9123 13 429 10079 438 31727 13 429 5075 438 245 9123 13 429 10079
254 889 1491 279 254 2558 11 285 304 438 441 11547 327 359 13 185 185 40 438 441 11547 11 1373 304 438 279 245 1977 280 2764 276 330 11547 327 3011 13 304 438 279 245 1977 280 2764 276 330 11547 327 3011 13 304 438 279 245 1977 280 2764 276 330 11547 327 3011 13 304 438
779 778 254 1094 8133 279 254 3787 13 429 50580 3752 11 779 778 254 1094 8133 11 778 254 1094 22688 280 254 21021 11 285 254 21021 438 254 1094 22688 280 254 50580 3752 13 429 50580 3752 778 254 1094 8133 11 285 254 21021 254 1094 22688 280 254 50580 3752 13 429 50580 3752 778 254 1094
11 285 254 22950 46202 438 279 245 4247 6 82 1297 13 304 11564 254 21922 11 285 1274 372 4446 25 440 3673 7415 11 304 463 803 5764 280 340 521 1492 11 285 304 608 2049 340 543 330 7684 276 4704 344 304 463 1503 245 5437 13 304 463 803 12662 276 11195 245 2696 279 254 8687
5518 11 285 362 438 245 62927 13 304 438 7684 276 752 2302 473 857 13 304 438 7684 276 752 2302 473 857 13 304 438 7684 276 752 2302 473 857 13 304 438 7684 276 752 2302 473 857 13 304 438 7684 276 752 2302 473 857 13 304 438 7684 276 752 2302 473 857 13 304 438
791 11 254 43042 317 1592 245 1094 17589 18588 13 185 549 43042 317 245 8700 11 285 245 8700 317 245 8700 26 548 254 43042 317 441 245 8700 13 1063 317 245 8700 11 548 362 317 441 245 8700 13 1063 317 245 8700 11 548 362 317 441 245 8700 13 1063 317 245 8700 11 548 362
3667 279 13 185 1 3110 2195 13 70040 9393 16845 430 1719 1967 185 1 5661 11 8005 13 4232 340 3667 279 1967 185 1 40 1023 837 276 1019 857 11 565 340 4066 883 185 1 2450 317 279 254 1062 2563 11 8005 13 1273 340 543 3667 437 1143 883 185 549 2823 668 5426 254 1143 881
881 254 27190 883 185 1 40 608 441 2049 344 304 3148 2579 340 1084 993 304 13 440 40 608 10297 344 304 608 441 3148 3662 372 276 856 340 2059 883 185 1 6636 11 304 2059 344 565 340 418 8479 276 2102 525 520 1734 280 14721 344 340 463 642 14308 280 3217 3270 280 254 2447
11 586 5539 14518 13 1474 254 3059 344 438 1323 857 1132 744 441 2262 13 809 744 1958 330 2823 285 5583 13 809 438 441 344 362 438 691 4171 853 750 1743 11 548 344 586 438 254 691 31753 1828 13 1063 438 837 245 8728 279 254 6581 11 285 254 8728 744 1866 28747 13 1063 438
517 1084 993 304 11 440 40 463 1865 276 1019 340 883 440 40 608 7684 276 1019 340 11 47830 1084 993 5214 32711 844 303 13 440 40 608 7684 276 1019 340 11 47830 1084 993 5214 32711 844 303 13 440 40 608 7684 276 1019 340 11 47830 1084 993 5214 32711 844 303 13 440 40 608
340 0 1257 6 67 330 9317 430 2561 13 1257 6 67 330 9317 430 2561 13 1257 6 67 330 9317 430 2561 13 1257 6 67 330 9317 430 2561 13 1257 6 67 330 9317 430 2561 13 1257 6 67 330 9317 430 2561 13 1257 6 67 330 9317 430 2561 13 1257 6 67 330 9317 430
525 881 586 9568 13 1063 3542 525 344 362 661 803 245 1228 2138 280 711 4209 6 82 11 285 344 362 661 3185 711 473 711 18975 13 1063 661 803 245 1228 2138 280 711 4209 6 82 11 362 993 11 285 344 362 661 3185 711 473 711 18975 13 1063 661 803 245 1228 2138 280 711
13 440 4622 317 245 18127 5075 1084 304 2215 13 440 40 3860 856 838 317 5764 280 1967 304 21517 13 440 40 3860 856 838 317 5764 280 1967 304 21517 13 440 40 3860 856 838 317 5764 280 1967 304 21517 13 440 40 3860 856 838 317 5764 280 1967 304 21517 13 440 40 3860 856 838
4759 276 857 245 1079 8387 285 12906 2421 11 285 362 661 3657 276 8708 254 18894 280 254 14188 457 254 3437 280 586 1377 2997 13 1063 661 3657 276 41517 3177 11 285 661 1503 344 362 438 1401 581 280 521 254 4899 280 588 254 1843 317 15323 13 1063 661 3657 276 41517 3072 11 285 661
83 7172 883 440 40 6 76 441 24302 1084 304 7589 11 285 304 438 441 13 440 40 6 76 441 24302 1084 304 9842 11 285 304 438 441 13 440 40 6 76 441 24302 1084 304 993 1310 11 285 304 438 441 13 440 40 6 76 441 24302 1084 304 993 1310 11 285 304 438 441
36164 0 304 608 39427 4367 13 16098 11 601 7415 11 340 1534 1409 285 2410 520 4209 13 304 608 2049 362 543 330 20394 276 1019 2195 13 52493 2734 13 1308 11 16098 11 340 1534 1865 366 525 276 254 10894 2563 13 304 608 2049 340 543 330 7684 276 1019 857 11 1653 13 1308 11 16098
276 254 5075 245 1079 1448 2421 473 856 359 661 803 1323 13 2130 438 441 10297 280 857 11 548 838 438 10297 280 6721 13 2130 438 10297 280 254 8770 344 438 279 711 11 285 838 438 10297 280 254 8770 344 438 279 857 13 2130 438 10297 280 254 8770 344 438 279 857 13 2130 438
768 11 548 331 11765 20755 362 3505 344 254 5931 661 441 803 26829 842 13 1063 3061 842 586 14459 285 44385 285 1957 768 331 254 11909 11 285 937 362 4732 276 15886 3177 279 254 23677 13 1063 438 441 1079 3920 11 548 362 438 10991 366 3177 13 1063 3061 842 586 16783 285 1957 768 331
276 463 661 10842 430 254 655 21477 339 2781 2589 5270 285 937 276 463 5418 331 276 254 22490 13 304 608 10297 304 463 803 1079 22221 883 440 40 608 10297 304 1534 330 1872 1084 993 5157 10458 11 12698 13 440 40 463 276 330 430 254 6669 457 3222 12 24961 6524 883 440 40 608 10297
52606 11 254 65635 6 82 2563 11 254 65635 6 82 2563 11 254 65635 6 82 2563 11 254 65635 6 82 2563 11 254 65635 6 82 2563 11 254 65635 6 82 2563 11 254 65635 6 82 2563 11 254 65635 6 82 2563 11 254 65635 6 82 2563 11 254 65635 6 82 2563 11 254 65635
463 803 9892 276 3890 254 6404 13 185 549 6404 11 3111 11 438 441 6737 280 437 11 285 4573 362 438 441 2249 276 5576 586 3299 11 285 362 438 25380 276 4283 13460 13 185 549 6404 11 3111 11 438 441 254 889 634 779 438 276 18449 327 254 4257 280 13460 11 327 254 50580 3752
11 362 438 18741 276 2102 581 254 17870 280 45057 276 254 5047 280 14836 11 285 276 1099 857 586 35259 13 1308 4117 11 2497 4739 254 17870 280 45057 11 362 4739 254 17870 280 45057 11 285 254 17870 280 45057 438 4739 276 254 5047 280 14836 13 1308 4117 11 2497 4739 254 17870 280 45057 11
362 661 803 254 1022 276 3292 7810 857 276 254 9555 13 2608 11 254 23735 661 803 11 327 742 766 11 279 254 10006 280 12037 9187 473 7239 11 285 280 11952 9187 276 7239 13 2608 11 254 23735 661 803 279 254 10006 280 12037 9187 473 7239 11 285 280 11952 9187 276 7239 13 2608 11
27826 12771 280 601 2764 13 304 661 803 25110 276 1068 581 276 711 372 276 245 8878 1435 11 285 304 661 803 25110 276 1068 581 276 711 372 276 245 8878 1435 13 304 661 803 25110 276 1068 581 276 711 372 276 245 8878 1435 11 285 304 661 803 25110 276 1068 581 276 711 372 276
1995 11 536 441 8223 430 254 7144 11 548 430 254 1420 1066 254 18660 543 3467 13 185 549 1022 2421 276 330 2368 317 276 1006 254 4910 280 254 20806 11 285 276 1006 856 317 254 1608 1020 280 4403 13 429 20806 1534 330 245 668 779 7466 946 276 2738 11 285 276 2738 1136 11 285
1673 6153 344 304 608 9860 254 8242 280 245 2135 344 643 803 7130 13 304 463 803 4906 359 327 1555 13 304 463 803 4906 359 372 245 668 13605 245 2135 279 586 8859 11 754 362 317 279 2126 13 304 463 803 4906 359 372 245 668 13605 245 2135 279 586 1712 4500 11 754 362 317
1323 11 285 395 438 279 245 1977 276 3706 359 13 1003 661 245 63468 766 13 1003 661 245 63468 766 13 1003 661 245 63468 766 13 1003 661 245 63468 766 13 1003 661 245 63468 766 13 1003 661 245 63468 766 13 1003 661 245 63468 766 13 1003 661 245 63468 766 13 1003 661 245 63468
280 668 13 440 40 1113 6 83 1006 856 340 2059 457 254 1329 3734 280 668 1084 993 304 13 440 40 2059 1084 993 601 39074 11 440 672 668 779 9508 254 1767 280 5442 883 440 40 1113 6 83 1006 856 340 2059 457 254 1329 3734 280 668 1084 993 304 13 440 40 2059 254 668
276 525 11 304 1534 17012 11 304 463 5024 2215 344 13881 661 372 1266 276 536 372 13881 3964 13 304 463 5024 2215 344 362 438 9326 1673 1435 16902 11 285 344 362 438 9326 280 1435 9326 13 1474 304 463 803 24070 13 304 463 803 44292 13 304 463 803 44292 457 254 1079 668 779 643
601 34051 11 285 304 608 7124 276 1099 254 1094 280 359 13 185 40 463 803 13218 344 254 5225 279 588 304 608 276 32654 317 1132 279 254 40302 280 437 1810 11 285 304 608 31229 276 330 331 4855 13 304 463 803 13218 344 254 13109 317 245 668 280 1228 2784 11 285 344 362 317
4374 276 5223 881 254 4295 280 254 4378 588 3061 1810 279 254 2629 280 254 1012 207 16 20 15 17 11 372 657 418 1136 3185 276 521 13 429 38741 11 2497 803 13218 344 254 2489 82 5240 285 24561 17687 778 279 17099 366 254 50580 3752 11 285 344 657 778 17714 276 4860 857 11 2143
844 13 1474 11 1490 540 11 1490 540 11 1490 540 11 1490 540 11 1490 540 11 1490 540 11 1490 540 11 1490 540 11 1490 540 11 1490 540 11 1490 540 11 1490 540 11 1490 540 11 1490 540 11 1490 540 11 1490 540 11 1490 540 11 1490 540 11 1490 540 11 1490 540 11
1123 11 285 279 245 1977 280 1228 17200 13 304 438 18741 276 1282 279 254 10972 280 245 16197 11 779 11 366 254 10731 280 245 1585 55650 11 3444 19659 711 276 245 691 40071 1977 13 185 40 438 1132 18741 276 4283 711 11 285 11 372 304 438 18741 276 614 276 254 3787 11 304 2116
359 438 245 1767 12 6482 1011 11 285 344 359 438 16134 457 245 2816 1491 13 304 438 786 276 1947 2302 11 754 304 20940 344 254 1491 779 438 8541 438 245 4247 13 304 438 786 276 1947 2302 11 754 304 20940 344 254 1491 779 438 8541 438 245 4247 13 304 438 786 276 1947 2302
82 4167 13 16159 438 7684 276 1275 857 279 1207 18253 11 285 276 4704 344 362 661 803 279 1207 2802 13 1063 438 1872 276 5922 254 2112 1492 11 285 438 276 972 279 245 1860 2507 13 1063 438 276 41771 366 254 10585 1772 11 285 16159 438 15458 276 6417 768 13 2130 438 7684 276 3900
1168 331 768 0 304 608 2049 340 744 441 330 558 13728 372 276 28950 525 327 1435 558 1266 69072 366 768 13 304 608 2049 304 608 441 558 1266 276 18449 13 304 608 2049 304 608 441 558 1266 276 18449 13 304 608 2049 304 608 441 558 1266 276 18449 13 304 608 2049 304 608 441
276 330 2249 276 1099 938 280 254 6016 11 285 276 1099 938 280 254 6016 276 1099 3177 5738 280 35736 13 1474 254 1864 766 359 438 4374 276 463 254 10731 280 254 50580 3752 11 285 276 1099 938 280 254 50580 3752 276 1099 3177 5738 280 35736 13 1308 437 317 254 2806 2643 254 50580 3752
28777 372 688 634 279 4594 11 304 438 20760 366 245 8836 276 1099 742 10606 279 254 3718 280 254 58152 278 6437 11 285 276 437 1225 304 54649 245 58152 278 6437 11 285 245 1604 280 750 16883 11 285 4732 276 1099 10606 13 304 661 441 803 1234 12662 279 437 25595 754 304 438 23259 457
245 1079 7353 4247 1967 440 40 463 803 5764 280 344 1084 993 254 750 11 440 384 304 463 1865 276 254 12773 344 359 317 245 1079 3892 2421 13 304 463 803 3507 276 10743 4367 279 586 1810 11 285 304 463 1865 276 254 12773 344 304 1023 536 254 1246 2421 13 304 1023 330 1079 7684
661 803 276 254 88304 11 285 438 1132 14108 13 1063 2373 581 276 525 11 285 993 11 440 40 463 803 276 254 88304 11 285 1503 601 4209 285 32289 279 254 8324 13 1955 418 4321 1285 13 304 463 3542 768 340 418 1285 11 285 657 543 330 1285 279 245 1860 4063 883 440 40 608
711 4910 276 5914 254 7071 280 711 1377 3545 13 16159 438 11547 276 1275 344 711 9233 438 558 1266 48810 26 548 838 1027 441 1345 1435 11718 344 711 9233 6 82 7482 280 2195 13 59500 4791 438 558 1079 1448 473 711 1377 13 440 40 608 1079 7684 340 463 2826 857 1084 993 838 11 440
12967 11 254 5409 33515 254 11387 13 185 549 4281 438 1461 754 254 5075 2373 1224 254 12967 11 285 254 4281 438 1461 754 838 2373 276 254 84202 13 429 4281 438 1461 754 838 2373 276 254 84202 13 185 549 84202 438 245 1228 2558 11 285 254 84202 438 245 1228 2558 13 429 84202 438 245
1079 24862 565 304 778 276 17906 2195 13 59500 4791 13 304 608 2049 304 1023 13 304 608 2049 304 1023 13 304 608 2049 304 1023 13 304 608 2049 304 1023 13 304 608 2049 304 1023 13 304 608 2049 304 1023 13 304 608 2049 304 1023 13 304 608 2049 304 1023 13 304 608 2049 304
86277 993 11 285 279 28416 586 27763 280 711 86277 6 82 8349 11 711 86277 6 82 20393 11 711 86277 6 82 6714 11 285 711 86277 6 82 9455 13 429 984 2823 13627 778 441 558 1266 12662 13 1955 778 1572 13117 11 285 4133 372 565 657 778 5764 280 1874 1979 13 429 984 20519 778
6 82 2997 11 285 362 438 441 2049 344 362 1027 5442 3177 276 330 5254 366 711 13 1063 438 441 2049 344 362 1027 5442 3177 276 330 5254 366 711 13 1063 438 441 2049 344 362 1027 5442 3177 276 330 5254 366 711 13 1063 438 441 2049 344 362 1027 5442 3177 276 330 5254 366 711
410 3203 362 661 688 3257 280 856 438 1872 331 11 438 441 276 330 35375 13 1063 438 5426 1224 254 20706 11 285 558 636 881 254 8276 13 429 2653 438 4426 11 285 254 3207 438 6159 13 429 20515 438 430 254 4167 11 285 254 11549 778 7511 13 429 20515 438 245 1767 12 6482 1011
6769 11 372 1435 279 688 13430 59825 13 185 2395 11 372 254 43042 317 254 1094 14604 280 521 8466 11 285 254 1094 5485 276 254 3892 382 11 285 372 254 43042 317 254 1094 2375 280 521 8466 11 285 254 1094 5485 276 254 3892 382 11 285 372 254 43042 317 254 1094 2375 280 521 8466
2546 13 304 6 647 441 1632 340 330 12392 11 601 7415 0 304 6 647 441 1632 340 330 12392 0 304 6 647 441 1632 340 330 12392 2538 440 40 6 647 441 1632 340 330 12392 2538 838 9842 11 285 838 28734 857 13 440 40 6 647 441 1632 340 330 12392 2538 440 40 6 647
1002 438 279 207 16 23 16 24 13 429 40744 438 1503 279 254 32603 11 285 438 4832 276 6435 13 809 438 245 2317 43042 11 285 438 993 276 330 254 8397 2647 2826 279 254 32603 13 809 438 1503 279 254 32603 11 285 438 4832 276 6435 13 809 438 245 2317 43042 11 285 438 993
13 440 2640 6 82 254 3502 366 340 11 339 5620 5971 1967 993 2195 13 339 5620 5971 6 82 5391 11 779 661 1865 636 276 1019 254 24408 13 440 2640 6 82 254 3502 366 340 1967 440 40 6 76 245 12 8864 276 463 245 761 10076 1084 993 2195 13 339 5620 5971 13 440 40
2538 440 40 608 1079 1266 18741 276 340 11 8005 1084 993 304 11 440 1467 520 22751 279 7440 525 1069 2012 13 304 608 10297 304 463 3443 581 1653 1266 280 520 766 883 440 3647 430 521 11 8005 1084 993 2195 13 2142 43575 11 366 245 1094 36164 9973 13 440 40 608 1079 7684 276 463
11 285 304 438 2116 366 3011 548 245 10453 279 601 14459 13 1474 1132 11 565 304 608 3542 11 655 16679 8060 16197 5270 304 608 3542 276 2126 601 16197 11 285 304 608 3542 276 2126 601 16197 11 285 304 608 3542 276 2126 601 16197 11 285 304 608 3542 276 2126 601 16197 11 285 304
558 29494 344 304 1027 4704 254 24654 280 601 1377 2997 13 429 12114 438 7488 889 457 254 25200 14788 2237 280 254 4043 11 285 254 25200 38406 280 2354 473 254 9911 13 304 1027 4704 254 23159 280 601 984 20935 11 285 254 25200 18182 275 280 704 11445 13 304 1027 441 1019 768 11 548 304
254 2558 11 285 254 1143 279 588 254 6324 778 17113 13 1063 438 5764 280 254 2558 11 285 280 254 1143 279 588 254 6324 778 17113 11 285 280 254 1143 279 588 254 6324 778 17113 11 285 280 254 1143 279 588 254 6324 778 17113 11 285 280 254 1143 279 588 254 6324 778 17113 11
13 304 438 98743 285 98743 11 285 304 438 7684 276 330 5254 13 304 661 441 803 1234 279 601 2563 1323 304 4101 245 14348 430 254 4167 11 285 331 7783 359 11 304 1503 245 18448 366 245 5371 13 809 438 473 601 2138 11 254 29732 98259 13 304 438 12052 285 20394 276 5219 245 5371
601 17196 276 254 21670 11 285 565 304 608 6956 11 304 2786 972 276 340 11 285 565 304 608 441 11 304 2786 6976 13 304 463 642 634 276 4989 304 481 1808 546 601 8052 11 285 304 608 5254 13 304 463 642 634 276 4989 304 481 3753 280 601 14388 11 285 304 608 5254 13
67 1690 254 4443 8357 11 285 558 331 13 304 6 67 1690 254 11363 8357 11 285 937 304 6 67 1690 254 18097 8357 11 285 937 304 6 67 1690 254 25485 8357 11 285 937 304 6 67 1690 254 30838 8357 11 285 937 304 6 67 1690 254 36437 8357 11 285 937 304 6 67 1690
344 304 438 10147 279 254 8324 11 754 304 3505 245 2823 668 280 245 1079 20944 8753 11 779 438 10147 366 245 2823 8164 11 779 438 17267 279 245 6166 344 304 661 1866 2826 1323 13 304 438 558 1266 11921 366 254 8349 280 254 8164 344 304 1027 441 1529 601 3545 473 711 13 304 438
3005 11 344 359 317 254 1094 17353 2421 279 254 1843 13 185 1 40 463 803 5764 1084 993 2195 13 413 7911 11 440 2573 304 543 614 276 12 10407 276 254 44278 900 13 13437 420 11 285 1019 565 304 481 1275 636 3270 786 5214 1383 926 6 82 9233 883 185 1 40 543 614 366
362 744 4827 857 245 5371 276 254 1810 1066 362 438 276 13238 857 13 1063 937 40382 276 254 9311 11 285 1166 245 1234 285 20450 8314 366 586 4209 11 362 5340 586 6255 13 1063 937 40382 276 254 9311 11 285 1166 245 1234 285 20450 8314 366 586 4209 11 362 5340 586 6255 13 1063 937
9350 366 711 4723 11 285 254 1610 280 254 4709 778 3444 12662 279 9350 13 185 47780 438 441 1234 279 35008 344 254 20244 438 245 1079 33499 668 11 285 344 586 26985 778 372 405 36842 372 586 1491 438 20944 13 1063 438 245 4035 11 8670 11 1136 12 10495 2823 668 11 366 4426 5539 11
8653 438 245 1079 1712 634 11 285 661 245 1461 1062 11 285 245 1461 9888 11 285 245 1461 1062 276 254 9888 11 285 245 1461 1062 276 254 1062 280 254 9888 11 285 245 1461 1062 276 254 1062 280 254 1062 280 254 9888 11 285 245 1461 1062 276 254 1062 280 254 1062 280 254 9888
405 39137 12746 11 993 11 440 40 608 11547 340 418 1872 11 5214 35927 13 304 2786 441 1019 340 1310 11 304 8259 883 440 3233 11 6062 441 1084 8137 5214 35927 11 440 1467 304 608 1872 276 32697 26189 366 601 4209 285 4143 11 285 395 418 276 845 842 331 9340 883 440 90890 26189 2538
8193 11 285 937 304 543 2410 340 254 1610 883 185 1 40 608 1266 18741 276 340 11 8005 1084 993 304 11 440 1467 520 22751 279 11051 525 521 437 11 285 304 608 11547 276 4704 344 5214 32711 844 303 317 558 24862 883 185 1 40 608 11547 1653 1084 993 304 11 440 1467 304 608
254 5225 11 285 279 1319 3940 362 11921 711 279 254 1246 1810 11 285 366 254 1246 5206 13 429 1022 766 362 11921 711 331 254 99747 8404 11 285 254 1864 766 331 254 30184 3820 8404 13 429 1022 766 362 11921 711 331 254 99747 8404 11 285 254 1864 766 331 254 30184 3820 8404 13 429
1377 11 285 362 6 82 441 1872 276 1632 340 614 13 1063 6 82 245 65125 634 11 344 6 82 856 362 317 13 1474 304 6 647 2410 340 856 11 304 6 647 2410 340 856 304 6 647 536 13 304 6 647 614 276 857 276 12 10407 285 2410 857 344 304 6 313 1503 636
13 440 40 463 803 5764 1084 838 993 11 440 2573 340 661 2018 614 276 254 22624 276 12 6638 13 304 543 614 366 340 11 285 395 543 463 245 1585 23374 12769 13 304 463 245 1228 3822 276 2410 340 11 285 304 1121 276 3075 276 340 786 359 13 304 463 803 5764 359 855 11
668 279 429 5989 280 254 20241 11 285 279 429 33229 15208 18175 877 362 3190 254 9634 11 30832 11 245 668 280 8204 11 779 643 4739 586 6830 279 2772 11 18742 344 362 744 3272 330 245 51446 853 245 668 779 17947 279 2772 13 185 549 1094 17933 280 521 414 74547 1231 17410 6 82 2722
3853 11 285 254 4143 11 366 711 1297 2065 711 1867 6 82 1917 11 2659 9697 457 711 13 429 2653 438 1079 4426 11 285 254 5409 33515 6159 13 429 9748 7276 279 70443 11 285 254 5409 946 1215 4078 254 2558 13 429 1867 25119 11 285 254 4143 2659 9697 711 13 429 2653 438 1079 4426
344 340 778 558 14266 280 711 344 340 744 441 1632 711 330 15846 366 340 13 304 2215 340 778 1653 9326 276 330 558 1266 279 2126 366 711 883 440 40 608 441 9326 1084 362 7589 11 440 384 304 608 441 279 2126 366 711 13 304 608 441 9326 11 285 304 608 441 279 2126 366
185 1 40 6 647 614 1224 366 340 11 21299 1084 993 304 13 185 1 3233 11 642 11 1867 26 340 6 647 330 279 254 1143 13 304 6 647 614 1224 366 340 11 285 937 304 6 647 1865 1062 285 1019 340 5730 276 520 2563 883 185 1 40 6 647 614 366 340 11 21299
13 1063 438 1401 15336 280 35736 279 207 16 19 20 15 11 285 7648 279 207 16 19 21 21 13 44674 557 30864 480 11 7722 207 16 19 22 20 11 7648 207 16 20 15 22 13 1063 438 254 4278 280 21021 19010 15747 13 1063 438 1401 15336 280 10328 61016 279 207 16 19 24 24
4689 185 1 40 438 441 3148 2049 3203 362 438 279 18727 410 441 11 285 304 438 441 3148 2049 3203 304 438 279 18727 410 441 13 304 438 441 3148 2049 3203 304 438 279 18727 410 441 13 304 438 441 3148 2049 3203 304 438 279 18727 410 441 13 304 438 441 3148 2049 3203 304 438
586 36930 457 254 5075 362 13635 11 285 276 330 3542 344 838 317 12662 276 1913 668 13 304 463 642 5914 344 362 317 245 1207 7080 11 285 304 608 2049 362 317 245 13329 11 548 362 317 245 12192 11 285 304 608 10297 362 543 330 245 1079 24862 668 883 440 40 608 441 2049 344
438 245 668 779 661 803 245 5733 754 304 438 245 1867 11 285 304 661 1866 2826 857 1962 13 304 661 1866 2826 857 1323 11 285 304 661 1866 2826 586 4209 13 304 661 1866 2826 586 4143 11 285 304 661 1866 2826 586 9233 13 304 661 1866 2826 586 9233 11 285 304 661 1866 2826
279 8349 11 285 711 4209 6 82 11171 285 711 1377 46453 1401 711 254 38620 280 254 26438 13 2130 438 245 1585 9326 11 285 838 438 441 1673 30511 26 548 838 438 441 16902 13 2130 438 441 16902 280 711 8349 11 548 838 438 16902 280 711 46453 13 2130 438 441 16902 280 711 8349 11
2008 13 1257 418 441 245 668 276 330 44292 457 254 12596 29985 1296 280 2012 13 1257 418 245 668 280 3078 11 285 340 1006 344 304 608 441 245 4247 276 330 44292 457 254 12596 29985 1296 280 2012 13 304 608 441 245 4247 276 330 44292 457 254 12596 29985 1296 280 2012 13 304 608 441
4167 1721 11 285 2674 276 254 4167 280 254 2112 2563 11 1066 362 1503 254 1712 4247 11 779 438 9368 331 254 3853 11 285 438 2709 430 857 366 245 27822 5761 13 440 40 6 647 614 285 1019 856 6 82 254 3502 1084 362 993 11 285 2674 636 13 440 40 6 647 614 285 1019
473 525 13 304 608 441 245 668 280 254 1843 11 285 304 608 441 245 668 280 254 1843 11 285 304 608 441 245 668 280 254 1843 11 285 304 608 441 245 668 280 254 1843 11 285 304 608 441 245 668 280 254 1843 11 285 304 608 441 245 668 280 254 1843 11 285 304
254 1610 11 245 428 2855 285 245 3222 327 254 16783 11 285 245 428 2855 285 245 3222 327 254 1279 11 285 245 428 2855 285 245 3222 327 254 18868 11 285 245 428 2855 285 245 3222 327 254 30611 11 285 245 428 2855 285 245 3222 327 254 16783 11 285 245 428 2855 285 245 3222
26 37104 276 21343 480 85 17687 11 1468 13 452 13 375 13 51631 11 207 16 24 18 15 26 37104 276 21343 480 85 17687 11 1468 13 452 13 375 13 51631 11 207 16 24 18 15 26 37104 276 21343 480 85 17687 11 1468 13 452 13 375 13 51631 11 207 16 24 18 15 26
254 14572 11 285 745 11 279 254 19480 280 254 16305 11 657 1503 254 13109 11 779 438 13595 331 254 6597 11 366 586 1917 279 254 24171 280 254 23796 11 779 438 24302 837 245 1867 13 440 549 23796 438 245 668 280 786 17205 11 366 245 3059 837 245 7569 11 285 245 5136 837 245
463 993 11 362 438 441 279 254 1608 280 2429 2443 13 1063 438 441 279 254 2754 10297 280 254 668 779 661 953 2116 11 548 362 438 10297 280 254 668 779 661 953 1865 279 13 1063 438 10297 280 254 668 779 661 953 1865 279 13 1063 438 10297 280 254 668 779 661 953 1865 279
330 9552 11 285 344 838 438 10297 280 1435 1503 636 13 304 438 441 11547 276 4704 437 11 327 304 438 13400 280 7511 13 185 1 40 6 647 614 285 1019 1084 993 304 11 285 304 2674 13 304 1503 768 279 254 7310 11 285 657 778 1572 279 245 1228 16163 11 285 254 5075 438
1052 10420 11 366 245 1585 8324 279 3865 11 285 245 1760 15673 4435 11 778 521 344 438 276 330 2826 280 254 2561 9679 2558 13 429 4167 438 6899 457 245 1585 11 259 531 2954 11 1712 4247 11 779 11 366 245 3059 837 245 41916 11 285 245 5696 280 67055 331 711 15728 11 7363 450
362 744 441 1632 525 614 11 285 304 438 10297 276 1099 245 6565 11 327 5663 280 254 750 668 13 185 40 438 10297 276 614 1062 276 254 2558 11 285 304 438 10297 276 614 331 11 285 304 438 10297 276 4152 1066 304 438 13 304 438 10297 276 614 1062 276 254 2558 11 285 304
661 245 1461 19508 11 285 245 1228 1313 18800 285 7208 11 285 245 15462 11 285 245 15462 12 2896 68 11 285 245 21930 11 285 245 21930 11 285 245 21930 12 3873 11 285 245 21930 12 3873 25732 11 285 245 21930 12 3873 25732 11 285 245 21930 12 3873 25732 11 285 245 21930 12 3873
429 1022 418 254 1608 11 254 1864 418 254 11312 11 254 4443 418 254 1094 3064 13 429 1022 418 254 1608 11 1373 657 418 254 1094 19558 11 254 1094 56581 11 254 1094 4599 11 254 1094 4599 276 6976 11 285 254 1094 19558 13 429 1864 418 254 11312 11 1373 657 418 254 1094 405 66544
245 41678 4429 11 588 317 254 4309 280 521 254 48714 280 254 1977 13 1308 4573 11 565 254 1245 418 441 276 330 55176 11 254 27675 1534 330 5982 279 1097 8456 11 285 254 27675 1534 330 5982 279 1097 8456 276 254 1245 13 1308 437 317 254 2806 2643 254 1245 418 1958 279 245 1977 280
317 441 601 9233 279 4910 13 304 463 642 9233 13 304 463 642 9233 4731 13 304 463 642 9233 4731 883 440 40 608 7684 280 359 1084 304 993 13 440 40 608 7684 280 359 1084 304 9842 13 440 40 608 7684 280 359 883 440 40 608 7684 280 359 1084 304 9842 13 440 40 608
13 429 4443 9233 11 5214 7410 11 438 245 8670 11 4770 11 285 1079 20944 5075 11 366 245 4035 1917 285 245 4035 5617 11 285 245 1079 6584 285 8771 5761 280 28641 13 2130 438 17267 279 3682 11 285 18403 245 2317 3682 8728 279 711 5539 13 429 11363 9233 11 5214 28186 11 438 245 8670
245 5186 276 463 245 7424 779 1667 330 2249 276 2240 245 20515 285 11549 11 285 276 330 2249 276 614 276 5922 754 657 11718 13 16159 438 1079 7684 276 4704 344 2195 13 52493 2734 438 276 330 279 254 26438 327 254 2112 1853 5752 11 285 344 362 438 276 330 430 26873 3280 5907 279 245
51752 13 2130 438 837 245 1867 6069 430 1435 245 4247 13 2130 438 441 13646 13 2130 438 889 13646 13 2130 438 441 13646 13 2130 438 441 13646 13 2130 438 441 13646 13 2130 438 441 13646 13 2130 438 441 13646 13 2130 438 441 13646 13 2130 438 441 13646 13 2130 438 441 13646 13 2130
276 8512 11 285 937 362 3061 857 276 254 22624 11 285 937 276 245 1296 11 285 937 276 245 12116 11 285 937 276 245 5141 11 285 937 276 245 53081 11 285 937 276 245 53081 11 285 937 276 245 53081 11 285 937 276 245 53081 11 285 937 276 245 53081 11 285 937 276 245
857 11 285 586 31986 331 711 13 1474 254 6166 279 588 362 661 3542 254 3693 438 558 15678 11 285 254 10805 279 588 362 661 13451 11 558 15678 1653 11 344 304 1027 441 1345 6153 344 745 438 1874 691 279 254 3000 19607 853 2011 254 3256 13 185 40 438 441 1234 2116 279 5914 372
254 2156 280 254 4043 13 304 608 441 558 1266 12052 430 520 1435 1285 372 304 608 430 520 2497 254 15035 276 1865 13 304 608 441 558 1266 12052 430 520 1435 1285 372 304 608 430 520 2497 254 15035 276 1865 13 304 608 441 558 1266 12052 430 520 1435 1285 372 304 608 430 520 2497
3444 838 2149 636 711 32118 11 285 304 438 1872 276 2088 711 565 304 1027 463 245 28631 285 7256 285 245 288 309 966 11 548 838 993 642 11 304 7045 6 83 11 1373 304 438 1653 1585 13 2086 304 661 276 845 745 285 1068 430 711 245 1477 11 285 937 304 2149 13400 280 359
276 254 8144 13 304 438 4245 2049 304 1027 536 359 11 285 304 438 1329 13 304 438 1872 276 2410 857 786 254 3054 11 548 304 3320 6 83 13 304 438 1872 276 2410 857 304 438 1872 276 4283 11 548 304 3320 6 83 13 304 438 1872 276 2410 857 304 438 1872 276 4152 11
285 1835 11 362 1401 245 2753 344 642 634 1023 330 5987 276 463 691 853 634 7569 11 285 344 642 634 1023 330 5987 276 463 691 853 634 7569 11 285 344 642 634 1023 330 5987 276 463 691 853 634 7569 11 285 344 642 634 1023 330 5987 276 463 691 853 634 7569 11 285 344
438 1958 4599 276 9031 276 711 13 2130 438 245 4245 11 4770 12 48769 11 5501 12 32078 5075 11 366 245 14211 11 18958 3059 11 285 245 1585 11 10212 11 548 1079 4245 3059 13 2130 438 245 1207 5075 11 285 838 438 1079 14266 280 711 4143 13 2130 438 245 1207 5075 11 285 838 438
438 441 2618 279 7702 11 548 254 4559 438 1079 11854 11 285 254 4281 34597 52405 13 304 438 7684 276 1019 254 3085 11 285 276 330 636 280 11394 1310 13 304 661 803 558 1234 7574 581 279 254 20515 11 285 661 803 558 1266 5254 11 344 304 438 7684 276 1019 254 5633 285 7636 11
245 35332 473 254 1767 12 19951 13 809 438 245 1234 5371 11 285 362 1274 359 1184 9682 13 440 40 608 10297 340 543 1378 525 1079 23371 1084 362 993 276 3177 11 440 2381 304 2977 1345 359 13 304 608 558 4977 2538 1063 3061 581 586 5578 285 7048 245 1860 4303 276 35457 3987 11 285
185 1 8646 13 6536 88 329 1084 993 2195 13 6536 88 329 11 440 40 463 803 5764 280 340 883 185 1 11434 340 11 2195 13 6536 88 329 1967 185 1 40 463 803 5764 280 340 11 2195 13 413 7911 11 285 304 463 803 5764 280 520 2138 11 2195 13 6536 88 329 883 185
11 285 5919 11 304 1023 463 803 254 1022 276 48625 279 711 14036 11 285 463 803 254 1022 276 60669 711 13 1474 838 438 441 1207 26 838 438 441 12573 26 838 438 441 1927 13 2130 438 441 245 4247 276 330 7130 13 2130 438 441 245 4247 276 330 7130 13 2130 438 441 245 4247
279 254 1079 3865 7052 280 254 1094 77989 280 521 254 8466 13 185 549 43042 317 245 3920 9538 11 285 254 43042 77750 317 245 3920 2105 13 429 43042 317 245 3920 9538 11 285 254 43042 77750 317 245 3920 2105 13 429 43042 317 245 3920 9538 11 285 254 43042 77750 317 245 3920 2105 13 429
26645 985 254 3000 280 711 6183 13 809 438 441 344 362 4749 688 17171 40003 276 2126 1972 2573 661 5079 2302 327 1313 1555 26 359 438 11 279 1714 11 548 245 14568 79244 473 254 5330 280 4530 11 588 362 661 26976 3923 279 586 10614 1728 11 285 588 362 438 1132 9860 855 473 766 276
280 711 7424 11 661 803 2028 276 768 457 254 20595 11 344 657 778 1572 279 742 13665 11 285 16159 438 10297 344 711 4143 744 330 27822 636 280 711 54513 13 185 1 40 608 2049 1084 993 838 11 440 2573 304 2786 441 330 2249 276 6540 245 76740 282 13 304 608 2049 304 2786 330
30755 10802 13 440 40 438 3542 344 254 1094 51855 280 521 62689 438 344 280 7392 11 285 344 254 1094 51855 280 521 62689 438 344 280 7392 13 304 438 3542 344 254 1094 51855 280 521 62689 438 344 280 7392 13 304 438 3542 344 254 1094 51855 280 521 62689 438 344 280 7392 13 304 438
661 1866 2826 857 837 437 1323 13 429 8241 438 6062 441 9770 11 285 2618 362 438 13646 837 634 13 440 35 41175 1084 362 7899 11 440 5015 317 254 3502 366 340 30 1257 418 441 279 18727 1967 440 40 608 3148 6082 11 45983 13 304 608 3730 11 285 304 1121 276 330 5254 13 304
280 340 11 285 304 438 5764 11 655 2819 317 359 344 304 463 441 2826 711 327 558 1234 11638 1308 304 438 5764 11 655 40 1534 614 276 711 11 304 1534 614 276 711 11 304 1534 1019 711 11 304 1534 1019 711 13797 1308 304 438 5764 11 655 40 1534 614 276 711 11 304 1534
11 285 254 1228 285 254 1585 11 254 7353 285 254 4922 11 254 1228 285 254 1760 11 254 1228 285 254 1585 11 254 1228 285 254 1760 11 254 1228 285 254 1585 11 254 1228 285 254 1760 11 254 1228 285 254 1585 11 254 1228 285 254 1760 11 254 1228 285 254 1585 11 254 1228
13 2130 438 254 889 5075 11 285 838 438 254 84308 5075 279 254 1843 13 2130 438 17267 279 3682 11 285 661 245 3682 10076 331 11 285 245 3682 37041 11 285 245 3682 8728 279 711 31848 13 2130 438 254 61709 2421 340 2647 1019 13 2130 438 254 1608 5075 279 254 1843 11 285 254 1608
30066 13 809 438 245 20224 11 27464 4854 1492 11 285 254 5817 30842 778 31194 13 429 2558 438 245 20224 11 3074 12 68137 4521 11 366 245 11468 280 8665 5610 5881 581 276 254 4167 13 429 4167 438 6899 457 245 57450 11 285 395 5079 881 245 7742 11482 11 366 245 11468 280 8665 5610 5881
661 279 254 3085 13 304 608 441 2049 344 304 1023 463 803 558 1266 279 254 10006 280 1872 276 254 88304 11 344 304 1023 463 803 691 4135 276 2984 857 745 853 279 254 3085 13 304 463 803 745 9682 1962 304 2373 1719 11 285 304 463 2826 857 2561 13 304 463 441 2826 857 1962
440 40 608 1872 276 330 274 33041 11 16109 13 304 608 1872 276 330 245 1228 33041 13 304 608 1872 276 330 245 1228 33041 13 304 608 1872 276 330 245 1228 33041 883 440 50 554 3987 2538 5433 13 632 2155 6 82 5136 438 245 28174 13 440 2054 418 441 1872 276 330 274 33041 13
10424 372 304 7091 13 304 438 13117 11 285 362 438 13117 13 2803 3973 362 993 11 440 40 463 803 245 18012 12164 331 254 6039 11 285 463 2826 1266 280 254 1843 13 304 463 2826 254 1094 4171 285 254 1094 49255 2012 13 304 463 2826 254 1094 8133 285 254 1094 25758 13 304 463 2826
304 661 441 2826 857 1962 11 285 304 661 642 2806 276 8259 344 362 438 1592 279 254 3085 13 304 661 441 2826 857 11 548 304 661 2826 586 5391 13 304 661 2826 711 11 285 304 661 2826 711 1867 13 304 661 2826 711 1867 13 304 661 2826 711 1867 11 285 304 661 2826 711
276 254 3419 11 340 1585 21067 11 285 340 2786 330 254 1022 276 614 1224 2538 304 438 558 27822 344 304 1027 441 3753 11 548 304 438 558 27822 344 304 1027 441 3753 11 548 304 438 558 27822 344 304 1027 441 3753 11 548 304 438 558 27822 344 304 1027 441 3753 11 548 304 438
6 248 245 668 280 520 1734 11 285 304 6 647 5442 340 883 440 40 6 76 441 245 668 280 601 1734 1084 993 2195 13 423 370 76 772 11 440 384 304 6 76 441 245 668 280 601 1734 13 304 6 76 245 668 280 601 1734 11 285 304 6 76 441 245 668 280 601
2629 317 3662 13 1003 1534 1275 636 856 254 5611 7195 883 440 2395 946 1967 440 6636 11 395 1534 1275 636 856 254 5611 7195 13 1257 1019 11 31699 11 344 254 5611 438 254 2131 276 254 3000 2105 13 809 438 254 2131 276 254 18894 13 809 438 254 2131 276 254 3000 2105 13 809 438
362 643 803 279 9311 327 7471 1431 11 285 362 317 245 23872 7080 13 1063 317 245 668 779 643 803 279 9311 1323 11 285 362 317 245 668 779 643 803 279 9311 327 7471 1431 13 1063 317 245 668 779 643 803 279 9311 327 7471 1431 11 285 362 317 245 668 779 643 803 279 9311
4209 11 285 254 65323 17405 280 769 8163 11 463 1234 803 245 3605 280 254 1094 82015 19038 276 525 13 2682 7415 9233 11 304 608 11 366 254 1962 1546 5296 11 520 1094 56581 285 1094 23325 18448 883 440 40 608 441 430 521 12052 430 520 441 1435 2249 276 6384 359 13 304 608 2049 304
5144 11 285 362 6626 1592 11 366 586 3545 4965 331 525 13 304 438 1653 1266 46084 276 3753 11 285 362 1216 441 13586 13 429 26987 7276 473 586 24809 11 285 438 73062 457 254 3467 13 304 4101 857 11708 10191 11 285 937 254 4167 6079 13 304 4101 857 614 1224 254 20706 11 285 254
11 285 254 12780 438 25288 331 254 12969 4559 11 285 254 7636 778 59655 11 285 254 5409 438 31244 11 285 254 9748 438 13520 11 285 254 2653 438 4426 13 429 12780 438 25288 331 254 12969 4559 11 285 254 7636 778 59655 11 285 254 5409 438 31244 11 285 254 9748 438 13520 11 285 254
2354 11 8005 13 10035 340 11 8005 13 1308 254 13329 6 82 2259 76 10384 1774 11 8005 13 10035 340 11 8005 13 1308 254 13329 6 82 2259 76 10384 1774 11 8005 13 10035 340 11 8005 13 1308 254 13329 6 82 2259 76 10384 1774 11 8005 13 10035 340 11 8005 13 1308 254 13329 6
565 362 778 1872 276 254 8586 5984 13 1063 438 245 1228 1297 430 254 61696 11 285 1027 1099 245 7569 12 85033 11 285 1027 24948 245 7569 11 285 1027 24948 245 7569 279 245 1079 2577 766 13 1063 438 245 1228 1297 430 254 61696 11 285 1027 1099 245 7569 12 85033 11 285 1027 24948 245
1869 280 254 40625 6899 881 245 4426 13108 13 429 4167 438 16527 13 185 185 1 11604 6 82 745 1967 245 5136 3637 13 185 185 1 1385 6 82 525 11 254 7601 1084 993 254 7601 13 185 185 1 11604 6 82 745 1967 185 185 1 1385 6 82 304 11 254 7601 883 185 185 1
1023 441 330 11547 13 1474 304 2977 1345 5366 344 304 1378 838 744 463 23612 691 43313 279 48804 272 688 43447 3458 6309 838 661 3185 857 1853 4223 883 440 40 608 441 430 521 12052 430 520 5366 558 1084 8137 16159 13 440 2054 418 245 1079 1207 18588 11 285 304 14721 340 327 520 9758 22434
838 438 1958 279 245 23191 11 285 438 1958 279 245 23191 13 2130 438 245 1207 12 49671 11 1207 12 18292 10039 11 1207 12 84366 11 1207 12 27325 11 1207 12 13275 4247 11 285 838 438 245 1207 5391 276 13126 13 185 40 438 245 1079 1585 7080 754 304 1022 4437 768 11 285 304 438
280 245 1538 11 279 588 254 7445 778 254 5684 97976 280 254 13976 11 285 254 32397 254 9906 280 254 2563 13 185 549 2112 1492 438 7133 279 254 1246 6166 11 285 254 6787 438 7133 279 254 1246 6166 13 185 549 2112 1492 438 7133 279 254 1246 6166 11 285 254 6787 438 7133 279 254
711 881 245 18757 8770 11 285 838 438 22828 5366 344 838 744 1866 752 855 359 13 185 51249 438 254 889 634 280 254 2617 779 1027 8982 276 4704 254 3605 6346 13 16159 438 441 558 1266 48810 372 711 4143 11 548 838 438 2367 473 1435 3244 13 2130 438 441 558 1266 279 2126 366 2195
857 11 285 362 438 441 2249 276 5120 704 13363 13 185 58 14327 207 22 25 429 21021 6 82 1210 438 338 21526 1116 324 1467 5915 5034 185 2450 438 245 668 280 1228 6184 11 285 245 1228 9470 280 254 7448 11 285 362 438 254 4309 280 254 4349 280 1313 1743 11 285 280 254 22204
20394 276 1019 857 13 185 790 40 608 65481 276 2984 340 11 2195 13 23590 11 976 362 993 13 207 790 40 463 4101 245 1228 3822 786 340 13 976 185 790 40 608 20394 276 2984 340 11 2195 13 9243 1209 11 976 993 16985 997 13 207 790 40 463 4101 245 1228 3822 786 340 11
601 5391 13 304 438 279 254 2558 11 285 304 4101 857 1481 11 655 40 463 245 2449 11 285 304 1121 340 276 1345 525 13 304 543 2102 340 245 8357 13799 565 340 543 1345 525 276 752 9373 280 857 4689 440 40 438 279 245 25095 11 285 304 993 11 655 2640 536 340 2059 11638
11 285 254 2112 2653 11 285 254 2112 1492 11 285 254 2112 2653 11 285 254 2112 1492 11 285 254 2112 2653 11 285 254 2112 1492 11 285 254 2112 2653 11 285 254 2112 1492 11 285 254 2112 2653 11 285 254 2112 1492 11 285 254 2112 2653 11 285 254 2112 1492 11 285 254 2112
327 245 761 634 13 304 8939 359 327 245 428 2855 285 245 3222 11 285 304 6 313 661 359 245 1012 285 245 3222 13 304 6 647 2102 359 340 327 245 428 2855 11 285 340 481 6926 359 327 984 13 304 6 647 2102 340 245 23252 327 359 11 285 340 481 6926 359 327 984
280 857 11 285 558 657 661 276 43605 857 279 245 467 34363 13 304 3320 6 83 614 276 254 24408 11 1373 304 438 10297 657 744 2088 525 4313 11 285 304 3320 6 83 1121 276 463 276 2410 786 254 2653 304 1019 857 1865 1719 24876 285 8896 525 13 304 438 7684 2527 754 362 438
3545 418 372 1207 372 12726 883 440 2054 463 245 1079 4599 20393 1084 993 32953 11 440 384 304 463 9299 344 340 463 245 1079 2642 289 489 4887 13 1257 463 4101 525 691 853 2561 2856 274 7482 2065 742 1420 280 8204 11 285 463 27152 254 1714 13 1257 463 245 1079 2642 289 489 4887 883
344 838 661 2368 558 13 304 661 2018 1275 636 13 304 661 2018 1275 636 13 304 661 2018 1275 636 13 304 661 2018 1275 636 13 304 661 2018 1275 636 13 304 661 2018 1275 636 13 304 661 2018 1275 636 13 304 661 2018 1275 636 13 304 661 2018 1275 636 13 304 661 2018 1275
4559 11 285 254 60751 4559 438 254 4559 280 254 6982 9862 13 185 549 60751 4559 438 254 4559 280 254 6982 9862 13 185 11484 207 16 15 185 549 6982 9862 185 549 6982 9862 438 254 4559 280 254 6982 9862 13 429 6982 9862 438 254 4559 280 254 6982 9862 13 429 6982 9862 438 254 4559
498 14616 13 185 549 1562 1492 280 254 1012 438 10894 3345 11 285 304 661 441 2618 8002 601 5266 13 304 661 803 2695 327 2971 2507 1673 1195 4016 11 285 601 3545 778 558 25761 344 304 1027 16718 1019 13 304 661 803 9368 327 742 766 430 254 4071 11 285 438 2709 636 2065 254 8324
63694 11 285 1132 1632 15374 276 254 21670 285 254 11006 13 185 549 5532 317 254 1228 2258 280 254 1843 11 285 254 15007 418 254 20321 280 254 5532 13 185 549 5532 317 254 1228 2258 280 254 1843 11 285 254 15007 418 254 20321 280 254 5532 13 185 549 5532 317 254 1228 2258 280 254
1465 11 588 1401 857 1079 67655 327 688 8213 548 344 280 586 24793 390 13 1063 438 245 1079 1207 12 49671 668 11 285 2451 362 661 441 254 19621 73028 276 254 27083 280 245 17492 11 362 438 245 1079 1207 12 49671 668 13 1063 438 441 60050 279 254 3064 12771 280 37227 285 5919 11 285
280 711 1842 12375 279 711 1297 11 285 4133 430 359 11 285 937 4133 430 525 13 440 40 463 803 245 4247 280 2105 11 285 304 463 803 245 4247 280 9910 13 304 463 803 245 4247 280 9910 11 285 304 463 803 245 4247 280 2105 13 304 463 803 245 4247 280 9910 11 285 304
657 1216 15515 331 768 0 1308 856 245 2603 280 768 745 778 0 1308 856 245 2603 280 768 745 418 0 1308 856 245 2603 280 768 745 418 0 1308 856 245 2603 280 768 745 418 0 1308 856 245 2603 280 768 745 418 0 1308 856 245 2603 280 768 745 418 0 1308 856 245 2603
13 304 661 803 17753 280 245 12972 11 285 304 438 40122 13 304 661 803 17753 280 245 12972 11 285 304 438 40122 13 304 661 803 17753 280 245 12972 11 285 304 438 40122 13 304 661 803 17753 280 245 12972 11 285 304 438 40122 13 304 661 803 17753 280 245 12972 11 285 304 438
11 745 543 330 5249 276 38691 945 366 601 20110 13 304 463 642 2138 11 22137 11 285 304 2213 344 304 608 5254 279 254 1843 13 185 40 463 803 4906 254 1728 280 254 5189 2195 13 21418 11 285 304 463 803 11921 366 254 1228 4334 1439 254 3199 280 344 1228 668 285 344 280 254
1378 280 359 13 304 608 2049 304 536 441 1006 856 317 276 3261 280 450 521 13 304 608 2049 304 536 441 1006 856 317 276 3261 280 450 521 13 304 608 2049 304 536 441 1006 856 317 276 3261 280 450 521 883 185 1 40 608 2049 304 536 441 1006 856 317 276 3261 280 450
362 438 2709 430 33912 4817 13 185 1 6636 11 304 2970 276 4367 11 655 4026 6 82 245 1207 2421 11 344 6 82 245 1207 2421 13 4201 362 6 647 752 586 66280 11 285 304 6 647 752 7207 4689 304 438 1872 276 1481 1874 276 33912 4817 11 548 304 3320 6 83 752 245 5518
356 3645 2558 11 285 340 6 647 330 372 5730 372 245 6835 13 1257 6 647 330 372 5730 372 245 6835 11 285 340 6 647 330 372 5730 372 245 6835 11 285 340 6 647 330 372 5730 372 245 6835 11 285 340 6 647 330 372 5730 372 245 6835 11 285 340 6 647 330 372
586 12960 11 285 586 3545 4965 2065 254 3419 13 185 790 40 463 803 5764 11 976 362 993 430 3973 11 207 790 994 254 8387 42546 588 643 4832 450 2854 13 976 185 790 40 463 803 5764 11 976 304 7589 11 207 790 994 254 8387 5518 588 643 13188 450 2854 13 976 185 790 40
440 40 608 441 2049 1084 993 10585 522 11 440 2573 304 481 1481 304 608 1136 13 304 608 441 2049 344 304 608 441 3730 13 304 608 441 2049 344 304 608 441 3730 883 440 40 608 441 2049 344 304 608 441 3730 1084 993 10585 522 11 2709 430 711 4209 13 440 40 608 441 2049
11 254 6464 4043 11 254 6464 4043 11 254 6464 4043 11 254 6464 4043 11 254 6464 4043 11 254 6464 4043 11 254 6464 4043 11 254 6464 4043 11 254 6464 4043 11 254 6464 4043 11 254 6464 4043 11 254 6464 4043 11 254 6464 4043 11 254 6464 4043 11 254 6464 4043 11 254 6464 4043
588 254 3855 280 254 440 89854 331 254 54866 280 13407 14850 1 643 6972 276 711 11 285 276 1481 344 838 438 440 64 4247 280 245 1079 8878 6714 11 285 280 245 1079 54479 30329 883 185 549 1246 975 330 993 280 254 750 21864 11 285 280 254 984 14000 4866 11 779 418 441 558 1266
285 565 657 418 26354 657 543 441 330 2249 276 13453 4449 11 285 565 657 22255 657 543 441 330 2249 276 2785 856 657 463 2115 13 185 549 7921 280 60730 4940 418 441 276 330 58371 11 548 657 418 441 276 330 18461 13 1955 418 441 276 330 58371 11 1373 657 418 5629 11 285 657
4704 254 8144 11 285 254 5409 11 285 254 2653 11 285 254 2653 12 40543 11 285 254 2653 12 21444 13 304 1027 4704 254 8144 11 285 254 5409 11 285 254 2653 11 285 254 2653 12 40543 11 285 254 2653 12 21444 13 304 1027 4704 254 8144 11 285 254 5409 11 285 254 2653 11
254 2882 11 304 608 8148 366 245 32674 588 304 2977 7183 13 304 608 441 254 1246 1491 304 438 13 304 608 642 4172 254 1246 1435 13 304 608 642 4172 254 1246 18588 13 304 608 642 4172 254 1246 1435 13 304 608 642 4172 254 1246 18588 13 304 608 642 4172 254 1246 1435 13 304
457 254 1245 11 285 344 254 1245 463 803 10599 276 1529 581 7921 2481 254 28887 1453 13 429 28887 1453 11 331 254 750 1297 11 463 803 10599 276 1529 581 7921 2481 254 1245 13 429 28887 1453 463 803 10599 276 1529 581 7921 2481 254 28887 1453 13 429 28887 1453 463 803 10599 276 1529 581
438 254 8193 13 185 40 438 441 11547 276 1019 857 279 437 15128 11 327 304 438 279 245 1079 1207 34494 4367 13 304 661 803 4906 245 1079 5485 2135 11 285 661 803 5764 280 359 521 254 6787 13 185 40 438 9368 279 245 2495 8653 11 366 601 5144 331 245 4414 86158 11 285 601
8 440 64 12 7015 285 1872 11 285 304 6 647 2410 7758 856 11 3610 11 304 6 647 441 330 245 4709 276 359 13 304 6 647 441 330 245 4709 276 359 0 304 6 647 441 330 245 4709 276 359 0 304 6 647 441 330 245 4709 276 359 0 304 6 647 441 330 245
279 359 13 304 6 647 978 340 245 18427 304 6 647 1866 536 359 1310 13 304 6 647 978 340 245 18427 304 2115 6 83 13 304 6 647 978 340 245 18427 304 2115 6 83 13 304 6 647 978 340 245 18427 304 2115 6 83 13 304 6 647 978 340 245 18427 304 2115 6
54226 13 1063 317 245 12192 11 245 12192 11 245 12192 0 1308 362 317 245 35787 11 1653 13 1063 317 10297 280 340 11 362 317 10297 280 340 11 362 317 10297 280 340 11 362 317 10297 280 340 0 1063 317 10297 280 340 11 362 317 10297 280 340 0 1063 317 10297 280 340 11 362
13 45433 377 12083 246 438 10147 2726 254 8276 11 285 433 1984 314 69087 438 1872 279 254 9541 5489 13 45433 377 12083 246 438 279 245 1977 280 1228 17200 13 1063 661 953 1865 473 254 8372 7669 11 1066 362 661 803 276 1019 375 17510 14856 89481 2651 13 1063 661 803 276 1019 857 2971 2602
50738 254 1094 17406 53225 2481 44429 11 285 254 691 558 372 362 438 9892 276 9172 254 4309 280 586 69302 13 440 549 23442 438 245 668 280 245 66782 285 11178 1123 4207 11 285 362 438 441 254 2246 558 473 254 22800 280 586 1377 18094 465 13 1063 438 245 668 280 245 4426 48951 11 285
13 185 1 2640 317 359 11 44392 2304 78 1967 7899 338 4522 11 779 661 953 1865 331 12519 13 440 2640 317 359 11 44392 2304 78 1967 440 40 1113 6 83 1006 11 8005 13 304 1113 6 83 1006 856 359 317 11 8005 883 440 2640 317 359 11 44392 2304 78 1967 440 40 1113 6
5663 13 440 40 608 441 245 1207 5075 11 548 304 608 441 245 3806 634 13 440 40 608 441 245 1207 5075 11 548 304 608 441 245 3806 634 13 440 40 608 441 245 1207 5075 11 548 304 608 441 245 3806 634 13 440 40 608 441 245 1207 5075 11 548 304 608 441 245 3806
1576 5995 13 1308 5802 254 1022 280 1069 317 254 1094 51855 11 2618 254 1864 317 254 1094 5629 11 285 254 1094 5629 317 254 1094 51855 13 1308 5802 254 1022 317 254 1094 51855 11 2618 254 1864 317 254 1094 5629 11 285 254 1094 5629 317 254 1094 51855 13 1308 5802 254 1022 317 254 1094
4704 857 3753 279 437 6166 11 285 304 438 10297 344 362 744 1481 1874 344 744 1099 525 47606 13 304 438 10297 344 362 744 1481 1874 344 744 1099 525 47606 13 304 438 10297 344 362 744 1481 1874 344 744 1099 525 47606 13 304 438 10297 344 362 744 1481 1874 344 744 1099 525 47606 13
8602 11 285 18176 586 1917 13 304 438 441 11547 276 330 9373 280 857 11 327 304 438 10297 280 586 2883 245 8127 13 304 438 7684 276 752 881 254 1721 3207 1310 11 285 276 1019 254 4281 25801 331 254 5575 5633 11 285 254 5501 17188 11 285 254 3682 16785 11 285 254 3074 16785 11
636 280 254 6039 13 1308 937 11 754 362 661 35262 11 285 35262 11 285 35262 11 285 35262 11 285 35262 11 285 35262 11 285 35262 11 285 35262 11 285 35262 11 285 35262 11 285 35262 11 285 35262 11 285 35262 11 285 35262 11 285 35262 11 285 35262 11 285 35262 11 285 35262 11
285 304 438 1079 9326 280 359 13 185 40 661 245 1228 3822 280 8168 366 254 5371 11 285 304 438 1079 1266 11718 366 359 754 359 438 2368 13 304 438 1079 9326 280 359 11 285 304 438 1079 9326 280 359 13 185 40 661 245 1228 3822 280 8168 366 254 5371 11 285 304 438 1079
69087 2674 581 276 254 7114 285 3637 327 245 18591 13 440 40 6 313 803 276 1019 857 1084 362 993 11 440 384 362 6 82 279 245 3806 1143 13 1063 6 82 279 245 3806 1143 13 1063 6 82 279 245 3806 1143 13 1063 6 82 279 245 3806 1143 13 1063 6 82 279 245 3806
6 340 13 304 6 647 614 285 752 245 2683 269 6 12322 11 285 245 2683 269 6 9886 11 285 245 2683 269 6 14128 11 285 245 2683 269 6 11610 11 285 245 2683 269 6 11610 12 73325 11 285 245 2683 269 6 14128 11 285 245 2683 269 6 11610 11 285 245 2683 269 6
254 1245 340 2984 13 1257 418 837 344 15583 280 588 304 3542 340 11 254 15583 344 69712 548 327 245 2816 2653 11 285 4318 50191 317 691 6584 853 688 750 15583 6 82 13 1257 418 837 344 15583 11 285 340 543 6976 11 285 254 50191 280 520 1728 543 330 837 254 50191 280 344 15583
8563 285 245 5836 280 34574 11 285 395 661 245 1207 23374 13 304 438 558 13400 304 7045 6 83 2240 601 3545 1721 11 285 304 9835 1224 331 254 42325 285 2674 276 5476 13 304 438 558 13400 304 3320 6 83 15511 581 6309 32461 11 285 937 304 1503 10335 661 803 285 2149 245 2603 280
11 285 304 463 803 40122 327 359 13 304 463 803 17753 280 245 12972 11 285 304 608 1132 276 6976 327 359 13 304 608 21153 11 285 304 608 21153 13 304 608 21153 11 285 304 608 21153 883 440 40 3634 340 11 4983 479 1084 993 16159 11 440 384 304 543 441 4283 340 6309 340
362 28539 254 2354 366 586 9960 11 285 254 5532 317 7665 366 23513 285 23513 13 429 18991 418 18238 276 8155 11 285 254 14152 418 18238 276 8155 366 768 883 570 549 94999 29441 88 280 254 17005 13 440 549 43042 317 245 8700 11 285 245 8700 317 245 8700 11 285 245 8700 317 245 8700
737 35606 11 304 2977 2410 26 548 304 438 12705 280 245 8387 29797 280 4452 285 280 245 8387 3078 280 16635 13 304 438 441 1222 276 330 558 1266 6937 457 97378 13 304 438 441 1222 276 330 558 1266 6937 457 97378 13 304 438 441 1222 276 330 558 1266 6937 457 97378 13 304 438 441
438 7665 366 245 44039 17715 26 254 18800 778 280 254 1246 42265 11 285 254 9906 778 11704 366 44039 4457 1984 11 32256 457 245 1860 8155 280 1712 81456 13 429 6597 438 7665 366 245 7353 24190 18266 13 185 549 2563 438 31194 457 984 2317 6324 11 588 11 2451 657 4133 636 2065 254 8324 11
766 362 8921 276 525 11 362 8921 786 711 13 304 1866 3505 245 13338 3940 280 254 1823 280 2126 0 1474 359 317 855 1132 11 3111 11 285 304 608 7684 280 359 883 440 40 608 11547 327 359 11 304 608 2049 13 1474 304 608 7684 340 463 661 1108 245 5637 344 586 17802 438 441
3869 280 10870 588 395 463 12508 13 809 317 3662 344 362 438 279 742 1143 4903 366 254 4349 280 254 668 779 438 1503 279 254 26563 13 1003 463 2826 344 362 438 279 254 10006 280 10147 331 254 74493 11 285 344 362 438 279 254 10006 280 10147 331 254 74493 430 2653 13 1063 438 279
82 521 2149 279 11 285 254 4167 438 7574 11 285 254 2131 4540 279 254 6529 13 185 1 4388 11 937 1084 993 254 45371 11 440 4215 6 647 463 276 614 1184 254 1246 1143 372 254 1610 280 768 11 285 340 6 647 1275 359 6 82 441 558 3806 372 340 1378 327 521 13 1257
4622 438 279 245 36038 366 254 1245 779 661 1865 279 3120 440 2054 6 67 2018 614 2302 11 340 6 313 642 2105 1285 13 1257 6 248 441 4579 13 1257 6 248 441 4579 11 304 2410 340 2538 440 2640 6 82 254 3502 366 340 1967 7899 254 57450 11 779 438 8898 430 254 4167 13
49442 465 11 304 608 5764 280 1874 1979 13 440 40 608 441 2049 344 304 608 1329 279 437 11 548 304 1378 304 608 13 440 40 608 441 2049 344 304 608 1329 279 437 11 548 304 1378 304 608 13 440 40 608 441 2049 344 304 608 1329 279 437 11 548 304 1378 304 608 13
423 370 76 772 2538 440 40 6 647 463 642 691 280 437 1084 993 2195 13 66609 8563 11 440 384 304 6 647 463 642 691 280 340 13 304 6 647 463 642 691 280 340 13 304 6 647 463 642 691 280 340 13 304 6 647 463 642 691 280 340 13 304 6 647 463 642
11 285 395 22331 359 11 285 359 438 1207 13 185 1 40 438 558 9770 304 7045 6 83 5476 11 285 304 2674 636 285 2659 1224 331 254 5610 285 4133 430 254 7524 13 304 438 5764 786 254 35031 11 285 304 438 5764 786 254 1143 254 35031 661 1865 636 280 254 10453 11 285 304
22688 72656 7468 1184 857 11 285 362 1027 441 1345 24676 272 359 13 1063 438 441 1222 276 330 558 5522 15503 13 440 40 608 7684 276 1019 340 11 42355 78822 1084 362 993 11 366 245 10599 9973 13 440 40 3655 340 418 1136 13 304 463 4101 280 520 1207 16531 11 285 304 608 7684 280
11 895 3074 12077 744 2554 14211 11 895 3545 744 2554 4165 13 809 438 17616 13 1063 661 2826 359 6976 13 1063 661 2826 359 6976 13 1063 661 2826 359 6976 13 1063 661 2826 359 6976 13 1063 661 2826 359 6976 13 1063 661 2826 359 6976 13 1063 661 2826 359 6976 13 1063 661 2826 359
327 254 8401 13 185 3673 972 438 254 3605 280 2401 9350 11 285 304 438 4503 366 254 25690 22751 457 521 601 3997 13 304 438 4503 366 254 25690 22751 457 521 601 3997 13 304 438 4503 366 254 25690 22751 457 521 601 3997 13 304 438 4503 366 254 25690 22751 457 521 601 3997 13 304
317 245 1826 1810 327 245 57574 276 3976 279 13 304 608 2367 473 5764 344 254 2607 280 254 41319 317 254 1094 23236 279 1108 245 8127 13 1474 372 304 608 441 245 668 280 9910 11 304 536 441 1378 359 4374 276 330 1958 6807 280 12437 11 285 304 536 441 1378 359 4374 276 330 1958
11 285 245 2603 280 750 2012 13 429 6404 993 362 744 614 285 752 254 6404 11 285 304 438 276 4152 285 2764 254 5554 13 304 438 276 330 2049 285 441 1632 15764 279 11 285 441 276 1632 15764 1006 1066 395 438 13 304 438 276 2410 254 6404 276 1865 372 3399 372 362 1027 11
13 304 24838 340 11 304 608 441 245 34570 11 285 304 608 441 245 34570 13 304 608 245 1079 1207 5075 11 285 304 608 245 1079 1207 5075 11 285 304 608 245 1079 1207 5075 11 285 304 608 245 1079 1207 5075 11 285 304 608 245 1079 1207 5075 11 285 304 608 245 1079 1207 5075
11 285 340 463 14474 1266 13 304 1378 344 340 463 642 2806 276 26092 280 768 883 440 40 463 441 1084 993 254 750 11 366 245 9973 13 440 40 463 661 601 1585 22539 430 704 17588 11 285 304 463 661 601 1585 22539 430 34964 13 304 463 661 601 1585 22539 430 704 17588 11 285
52730 588 362 661 3443 473 586 10225 11 285 588 362 661 441 2618 10882 13 185 549 4167 438 6079 11 285 254 668 779 661 803 8898 279 254 13108 11 285 779 661 803 2709 430 857 11 4540 285 2674 2302 13 185 549 668 779 661 803 8898 279 254 13108 11 285 779 661 803 2709 430
41398 280 1728 13 809 317 254 889 2421 344 317 280 688 9059 13 429 22807 30851 450 13 1955 30851 450 13 1955 30851 450 1373 395 2126 768 13 1955 30851 450 1373 395 2126 768 13 1955 30851 450 1373 395 2126 768 13 1955 30851 450 1373 395 2126 768 13 1955 30851 450 1373 395 2126 768 13
11 285 304 463 803 279 254 8324 11 285 304 463 803 279 254 8324 11 285 304 463 803 279 254 8324 11 285 304 463 803 279 254 8324 11 285 304 463 803 279 254 8324 11 285 304 463 803 279 254 8324 11 285 304 463 803 279 254 8324 11 285 304 463 803 279 254 8324
254 429 65 533 778 55176 457 254 60730 4940 13 429 29574 11 754 657 661 42103 254 7421 77 3773 11 1401 768 2622 245 4712 11 285 254 7421 77 3773 11 779 778 441 60730 4940 11 778 55176 457 254 29574 13 429 29574 11 754 657 661 42103 254 7421 77 3773 11 1401 768 2622 245 4712
2674 331 11 655 40 608 441 245 1491 276 330 43833 1215 366 13 304 608 441 245 1491 276 330 43833 1215 366 13 304 608 441 245 1491 276 330 43833 1215 366 13 304 608 441 245 1491 276 330 43833 1215 366 13 304 608 441 245 1491 276 330 43833 1215 366 13 304 608 441 245 1491
254 6016 778 254 1608 13474 279 254 1843 11 1373 657 778 254 1094 21639 883 825 17 60 440 549 6016 778 254 1022 779 1401 254 938 280 10727 59756 883 440 549 6016 778 254 1022 779 1401 254 938 280 10727 59756 883 429 1022 938 280 10727 59756 279 4594 438 279 207 16 18 17 22 11
254 2062 280 601 9233 11 779 11 2497 1022 2028 525 245 1207 11124 11 285 2497 2826 525 15712 881 254 91579 11 285 2497 2028 525 245 13257 11 285 2497 3542 525 276 330 245 1207 5733 11 285 276 5175 344 304 438 245 13329 11 285 276 5175 344 304 438 245 13329 11 285 276 5175 344
2558 11 285 1632 768 1529 857 276 254 88304 11 285 2240 857 745 6309 304 4827 327 857 13 304 6 647 441 463 857 1285 13 304 6 647 441 463 857 1285 2538 440 40 6 647 441 614 1084 304 993 13 440 40 6 647 441 614 11 8005 13 304 6 647 441 614 13 304 6
304 463 245 6547 430 254 8089 11 285 395 481 330 430 254 6669 279 2146 4063 883 440 40 608 10297 344 304 1534 330 3442 1062 1084 993 304 13 440 40 463 245 8199 7511 327 525 883 440 6023 11 340 1534 1865 285 463 245 7369 366 450 13 1257 481 6 83 20770 276 1865 285 463
61110 565 340 778 276 330 5418 430 521 13 304 608 2049 304 1023 441 13 304 608 2049 304 1023 441 13 304 608 2049 304 1023 441 13 304 608 2049 304 1023 441 13 304 608 2049 304 1023 441 13 304 608 2049 304 1023 441 13 304 608 2049 304 1023 441 13 304 608 2049 304 1023
10164 280 254 1245 11 285 276 330 254 4209 280 254 1245 11 285 276 330 254 4209 280 254 1245 11 285 276 330 254 4209 280 254 1245 11 285 276 330 254 4209 280 254 1245 11 285 276 330 254 4209 280 254 1245 11 285 276 330 254 4209 280 254 1245 11 285 276 330 254 4209
1866 4101 13 304 608 441 1236 2049 344 838 4437 601 65206 13 304 1866 3542 711 13 304 1866 3542 711 3270 13 304 1866 3542 711 3270 13 304 1866 3542 711 3270 13 304 1866 3542 711 3270 13 304 1866 3542 711 3270 13 304 1866 3542 711 3270 13 304 1866 3542 711 3270 13 304 1866 3542
473 769 12472 13 185 549 8678 438 1132 2367 8947 11 285 254 8485 2762 4399 331 254 3419 13 429 8077 438 558 13728 344 254 16672 778 59046 510 11 285 395 778 25142 276 254 2558 13 429 8485 438 558 4399 344 395 1027 441 752 636 280 254 2558 11 285 395 778 18741 276 4512 279 254
1377 883 440 40 608 441 10297 280 340 11 2195 13 98830 13 304 608 441 10297 280 340 13 304 608 441 10297 280 688 668 779 481 463 245 9233 779 60757 276 1378 1136 280 525 883 440 40 608 1094 17177 276 4704 344 340 418 441 10297 280 525 13 304 608 1094 17177 276 1275 344 340
2558 13 304 463 803 276 1019 711 11 285 838 317 1079 1136 11 285 558 317 254 1867 13 304 463 4832 340 245 5371 473 711 11 285 245 1585 1828 327 340 11 588 304 3655 340 543 3900 883 440 40 608 1079 7684 276 1019 340 11 2195 13 75226 1084 993 78618 11 12698 285 4321 4312
1234 359 661 803 372 1592 372 254 16223 13 185 549 12780 661 31743 11 285 438 1132 1461 279 254 34457 11 285 254 12780 85372 11 20968 1184 254 4071 11 7276 2201 2065 254 3853 11 285 7363 254 71658 6 82 3059 13 809 438 441 254 3059 280 245 668 11 548 280 245 4247 13 809 438
276 6524 279 254 4421 11 395 2674 276 254 7669 11 285 11 3950 254 6822 276 254 17016 7669 276 254 8127 280 254 30066 11 395 10408 276 254 7056 13 809 438 245 25862 11 54657 1810 11 285 254 5409 438 31244 245 49368 13 429 5532 438 3268 1461 11 285 254 11006 778 13004 855 254 16754
245 8670 11 2317 12 6653 271 11 5846 12 7252 1883 11 5846 12 2139 34671 11 285 5846 12 2223 1900 4247 11 366 245 3059 280 245 4426 3074 11 285 245 2929 280 4426 5539 11 588 11 2451 441 1234 11 438 1079 7141 285 26964 13 2130 438 17267 279 245 4426 12 81590 22680 29861 11 285
285 754 10850 35927 3746 11 344 362 438 1266 279 2126 366 634 280 254 5214 380 3926 1550 11 657 778 521 12542 10899 344 362 1534 330 20455 13 440 40 3655 340 543 8662 520 761 10421 17364 261 1084 993 5433 13 6493 2267 276 711 42545 7424 11 372 657 10408 2854 276 254 5141 13 440 40
838 975 330 8479 276 5219 711 883 440 40 2786 330 4977 276 1019 340 11 49061 11 10984 340 481 9000 525 366 245 3230 883 440 40 2786 330 4977 276 1019 340 11 49061 11 10984 340 481 9000 525 366 245 3230 883 440 40 2786 330 4977 276 1019 340 11 49061 11 10984 340 481 9000 525
279 768 11 285 245 1585 3074 279 254 21008 13 185 549 35332 438 245 668 280 786 13888 11 285 661 245 3059 344 438 441 1673 245 2569 3207 280 15141 11 2451 359 438 441 245 3059 344 744 463 803 4135 276 7837 1266 5379 279 245 11800 13 1063 438 17267 279 245 10890 280 4426 5501 11
11 285 340 463 14474 245 1228 3822 13 304 1023 330 11547 276 1019 340 5256 2302 520 5518 280 245 1079 12671 2555 280 3054 883 440 40 608 441 558 2049 280 344 1084 993 32953 11 366 245 9973 13 440 40 608 10297 344 340 418 441 3148 558 1136 842 372 340 10743 13 1257 463 4739 245
4437 362 744 330 2049 276 1865 279 13 304 438 441 24070 26 362 2373 279 11 285 2659 1224 457 254 4043 11 285 13364 276 525 11 285 304 438 18741 276 330 7377 276 857 11 2451 304 438 1079 15846 366 857 13 304 438 7684 754 362 2674 2302 13 304 438 441 11547 276 1019 857 614
11 3730 12 34204 11445 11 10408 457 254 2387 280 254 4171 5075 13 429 5075 438 17267 279 245 2976 11 4426 12 10932 29861 11 366 245 3682 27851 285 82745 13 5067 5539 438 10237 1062 473 711 3059 11 285 838 7452 245 1760 11 3438 12 384 12 9996 5025 279 711 7921 13 429 668 438 17267
20699 11 5922 11 543 3976 279 254 1228 30066 280 63063 11 13445 280 37742 11 366 254 19786 1197 18597 328 88 11 207 790 1898 330 410 441 276 330 11 976 285 254 19786 1197 18597 328 88 11 207 790 1898 330 410 441 276 330 11 976 285 254 19786 1197 18597 328 88 11 207 790 1898
11 12419 636 245 1760 18039 280 9187 13 440 40 463 803 1285 1962 11209 4421 1084 362 993 11 440 384 304 463 803 7511 327 340 13 304 463 803 7511 327 340 327 245 1234 766 13 304 463 803 7511 327 340 327 245 1234 766 13 304 463 803 7511 327 340 327 245 1234 766 13 304
438 245 18398 276 857 11 285 362 661 12389 711 581 279 254 13182 13 2130 438 245 1585 11 4426 11 4426 12 32078 11 4426 12 48769 4247 11 366 245 14211 11 10212 3059 11 285 245 7257 11 8771 6166 13 2130 438 441 4245 11 548 838 438 441 23451 26 285 838 438 441 2823 11 548
327 304 608 441 11 285 304 608 441 245 97595 11 548 304 608 245 668 280 6153 11 285 304 608 441 28523 280 359 13 304 608 441 245 97595 11 548 304 608 245 668 280 6153 11 285 304 608 441 28523 280 359 13 304 608 441 245 97595 11 548 304 608 245 668 280 6153 11
57914 11 285 304 1006 271 359 438 254 440 37 5470 883 304 438 953 1872 276 46745 11 754 304 1019 245 668 1865 636 280 254 14572 285 2039 331 254 12519 11 285 304 1006 271 359 438 254 13109 13 304 39333 636 11 440 17464 11 13109 2538 285 362 39333 636 11 440 17464 11 10335 2538
11 285 937 6899 359 13 809 438 4473 279 245 4035 11 3662 1297 11 285 7279 372 4446 25 440 22735 77126 35551 93469 11 440 40 608 10297 340 543 1378 525 1079 26663 279 441 2497 7589 520 4347 280 11209 13 304 608 10297 304 608 441 1079 1136 11 285 463 803 279 3853 521 1492 13 304
4769 276 254 3437 280 254 750 16000 280 3892 17293 11 285 276 1099 4769 28538 366 254 4345 280 254 32011 11 285 254 5635 280 254 3807 2764 279 521 895 16000 13 304 463 245 1228 1313 5515 279 601 7503 588 304 543 32537 340 11 285 304 543 2102 340 245 1525 280 254 1608 10598 276 1274
279 53718 19607 1084 993 362 11 440 384 304 608 1079 7684 340 463 6346 359 13 304 543 3753 276 601 8943 786 359 6163 883 440 40 608 441 430 521 10297 280 520 1435 279 2126 366 857 1084 993 16159 11 440 13312 304 1006 340 441 276 330 279 2126 366 15764 13 1474 304 608 10297 340
285 937 245 1734 366 66223 65 11 285 937 245 1734 366 3904 1984 11 285 937 245 1734 366 66223 65 1310 11 285 937 245 1734 366 66223 65 1310 11 285 937 245 1734 366 66223 65 1310 11 285 937 245 1734 366 66223 65 1310 11 285 937 245 1734 366 66223 65 1310 11 285 937 245
614 331 366 254 1538 1310 13 304 608 441 2049 344 304 1023 441 463 803 7684 276 614 331 366 359 13 304 608 441 2049 344 304 1023 441 463 803 7684 276 614 331 366 359 13 304 608 441 2049 344 304 1023 441 463 803 7684 276 614 331 366 359 13 304 608 441 2049 344 304
661 803 15572 276 245 1767 279 254 24602 9413 11 1066 362 661 10471 2647 1962 13 1063 438 245 668 280 254 1843 11 285 11 837 1094 1743 280 254 1843 11 661 245 1228 25164 327 254 1843 13 1063 438 245 668 280 254 1843 11 285 11 837 1094 1743 280 254 1843 11 661 245 1228 25164
711 0 2130 438 3925 7289 13 304 438 63483 13 304 438 63483 13 304 438 63483 13 304 438 63483 13 304 438 63483 13 304 438 63483 13 304 438 63483 13 304 438 63483 13 304 438 63483 13 304 438 63483 13 304 438 63483 13 304 438 63483 13 304 438 63483 13 304 438 63483 13 304
883 440 40 6 313 803 5764 1084 993 433 1984 314 69087 11 440 2573 359 744 330 2018 276 614 276 254 8372 285 17012 3694 11 285 937 395 2786 330 2249 276 752 636 280 359 13505 883 440 40 6 313 803 5764 1084 993 433 1984 314 69087 11 440 2573 359 744 330 2018 276 614 276
20515 11 438 279 254 19480 280 254 67264 13 440 2640 317 254 4569 280 437 1967 838 3637 11 279 245 5136 280 10801 13 440 40 608 10850 3069 277 88 11 285 304 5521 276 1006 856 437 2456 883 440 1385 2456 344 340 418 245 55627 69524 1084 993 254 668 779 661 803 11921 11 285 779
2063 0 304 6 76 441 1872 276 330 245 12192 13 304 6 76 441 1872 276 330 245 12192 13 304 6 76 441 1872 276 330 245 12192 13 304 6 76 441 1872 276 330 245 12192 13 304 6 76 441 1872 276 330 245 12192 13 304 6 76 441 1872 276 330 245 12192 13 304 6
319 1084 372 254 85024 438 2424 11 285 711 7424 11 245 4245 5075 280 34550 11 779 661 803 276 6835 13 185 1 40 608 7684 276 1019 340 11 8005 1084 993 254 85024 11 440 384 304 3655 340 543 330 9016 13 304 463 2149 245 3853 327 340 279 254 2563 2112 276 7207 11 285 304
4071 11 285 4133 636 11 362 1027 4704 254 3066 280 586 1377 23159 11 285 254 3066 280 586 1377 41158 11 285 254 3066 280 586 1377 5136 11 285 254 3066 280 586 1377 23159 11 285 254 3066 280 586 1377 41158 11 285 254 3066 280 586 1377 23159 11 285 254 3066 280 586 1377 41158 11
2213 558 19827 76686 13 304 608 2049 340 543 1865 13 304 608 2049 340 543 837 359 13 304 608 2049 340 543 837 525 13 304 608 558 7684 276 463 2011 340 13 304 608 2049 340 543 837 525 13 304 608 2049 340 543 837 525 13 304 608 2049 340 543 837 525 13 304 608 2049
254 1712 668 1310 13 304 1027 441 1345 20005 430 254 7702 280 857 11 285 304 438 7684 276 1019 344 362 438 372 1266 40583 372 304 438 13 304 661 441 2826 857 327 6128 245 1012 11 285 304 661 441 4061 276 1275 857 279 1108 245 1810 13 304 438 441 11547 276 330 2249 276 2410
1503 344 254 1712 668 661 803 245 18325 11 285 661 803 279 254 27770 280 586 3085 11 285 344 362 661 803 245 13109 13 440 40 438 1132 279 245 1977 280 254 1094 20450 50414 13 304 661 803 279 254 10006 280 25988 254 54373 12031 11 285 304 661 2826 768 754 657 778 279 254 9846
7409 13 304 438 441 2618 2249 276 1274 254 3073 11 548 304 1027 1274 254 7409 13 429 2135 438 245 20017 11 285 304 438 245 97595 13 304 661 245 6486 4743 280 20017 11 285 304 438 245 97595 13 304 661 245 6486 4743 280 20017 11 285 304 438 245 97595 13 304 661 245 6486 4743
13 304 608 10297 304 608 245 1079 29527 1491 883 440 40 608 10297 340 418 1084 993 5157 10458 11 366 245 23310 13 440 2054 418 634 280 1462 779 418 22062 13 1257 463 245 20040 280 51572 13 1257 6050 254 45200 1843 13 1257 418 634 280 1462 779 418 27822 457 254 10870 13 1257 418 634
285 1236 32336 11 15767 654 285 11264 418 441 276 330 58371 13 1474 254 1853 9670 11 304 1481 11 1099 245 18894 13 304 463 661 245 1828 2415 280 245 1228 2536 11 285 304 463 661 245 21978 366 245 668 779 438 276 330 601 2138 11 285 304 463 661 245 1472 13 304 463 661 245
30 1257 6 248 245 18398 11 340 1006 11 285 340 6 313 1865 276 1019 525 11 285 340 6 248 245 18398 11 285 340 6 248 245 18398 11 285 340 6 248 245 18398 11 285 340 6 248 245 18398 11 285 340 6 248 245 18398 11 285 340 6 248 245 18398 11 285 340 6
429 26636 11 588 438 280 245 1094 80682 270 621 390 11 438 280 245 3438 844 9273 11 285 661 245 1917 837 245 7569 6 82 1917 11 285 245 1234 4505 407 11 285 245 1234 9960 11 285 245 1234 10225 11 285 245 1234 9960 11 285 245 1234 9960 11 285 245 1234 9960 11 285 245
27464 744 10622 11 548 359 11916 6 83 642 938 276 4796 13 304 438 279 245 27464 344 438 558 7141 340 7045 6 83 1019 520 1297 1323 520 3059 11 285 304 7045 6 83 1019 3011 548 27464 13 304 438 279 245 27282 279 245 8298 13 304 438 279 245 27282 521 855 11 285 601 2997
276 254 4071 11 285 937 11 366 245 5778 280 11845 11 22914 276 254 4167 13 304 438 279 254 1047 280 9860 276 1181 711 754 304 4101 245 3066 280 41158 279 254 13108 13 304 438 279 254 1047 280 9860 276 1181 711 754 304 4101 245 3066 280 41158 279 254 13108 13 304 438 279 254
2421 359 438 276 330 2249 276 1481 11 440 40 463 8663 2538 1063 661 8663 13 1063 661 8663 13 1063 661 8663 13 1063 661 8663 13 1063 661 8663 13 1063 661 8663 13 1063 661 8663 13 1063 661 8663 13 1063 661 8663 13 1063 661 8663 13 1063 661 8663 13 1063 661 8663 13 1063 661
440 40 2786 4352 245 6964 779 543 330 245 668 11 285 441 245 5733 26 285 304 2786 4352 857 473 3264 254 13474 11 285 441 473 3264 254 30142 13 304 2786 4352 857 473 3264 254 13474 11 285 441 473 3264 254 30142 13 304 2786 4352 857 473 3264 254 13474 11 285 441 473 3264 254
254 9846 11437 344 304 481 3488 601 3693 11 327 304 463 441 254 1823 276 20141 359 279 254 1835 279 588 359 11129 13 304 438 7722 279 254 1012 207 16 22 374 11 279 254 3787 280 45721 11 285 438 254 4278 280 245 668 280 11171 285 2650 2284 13 2682 4209 438 245 668 280 245
254 1094 17406 20110 11 285 304 46039 44604 13 440 40 438 1132 279 254 2201 36399 280 8859 11 285 601 5617 438 558 57461 344 304 1027 441 8982 276 1068 430 4367 13 304 438 558 1266 28523 344 304 1027 441 8982 276 330 2826 457 688 634 11 285 304 438 558 1266 28523 280 601 35527 465
395 6 67 2018 536 1967 440 6636 11 304 6 647 2410 340 13 1003 6 647 614 276 254 22084 285 752 254 2012 11 285 937 395 6 647 614 276 254 22084 280 254 69736 11 285 395 6 647 752 254 2012 11 285 937 395 6 647 614 276 254 22084 280 254 69736 11 285 395 6
11 304 608 2049 304 1113 6 83 1006 856 340 2059 11 10248 282 13 304 608 2049 304 1113 6 83 1006 856 340 2059 13 304 608 2049 304 1113 6 83 1006 856 340 2059 13 304 608 2049 304 1113 6 83 1006 856 340 2059 13 304 608 2049 304 1113 6 83 1006 856 340 2059 13
5225 11 438 2618 11 372 359 778 11 279 245 3734 280 84971 11 285 4759 276 330 279 245 3734 280 6267 13 185 549 5532 438 372 6799 372 245 14918 11 285 254 4281 34597 366 245 52884 83706 13 429 5409 438 1592 31244 5583 11 285 254 5225 438 2883 1207 1143 13 429 5532 438 372 6799
13 23512 993 362 438 10297 657 744 752 2302 11 548 657 3320 6 83 13 1955 2149 276 254 750 2387 521 1329 11 285 254 1743 2674 1062 276 254 2558 13 23512 993 362 438 10297 657 744 1865 1062 285 7172 254 2558 11 285 362 438 10297 276 614 1062 276 254 2558 11 285 362 438 10297
254 1562 3073 280 254 5371 778 372 254 1562 3073 280 245 543 13 1063 1274 768 855 285 855 11 285 937 11 366 245 3059 280 254 1094 17907 285 29927 2190 11 362 1274 768 1310 13 440 40 463 803 245 12192 1084 993 2195 13 339 5620 5971 11 440 384 304 463 803 245 12192 13 304
248 5030 13 304 6 647 2410 340 856 395 6 647 536 13 1003 6 647 752 245 2603 280 17110 285 1099 245 57686 11 285 395 6 647 1957 768 279 745 11 285 395 6 647 43605 768 279 254 16763 13 1003 6 647 1957 245 8665 331 1869 280 254 57686 11 285 395 6 647 1957 245
13 185 185 1 40 6 647 614 276 254 22624 1084 362 2215 11 440 384 937 304 6 647 614 276 3853 883 185 185 2450 2674 276 254 22624 285 2659 1224 279 254 55340 13 1063 438 279 245 3806 4207 285 1216 441 1019 254 1538 13 1063 438 5764 280 91229 13 185 185 1 40 6 647
9984 11 984 280 4989 778 8898 2854 11 285 254 4443 8898 5254 13 429 984 779 778 2854 778 254 47870 285 254 47870 6 82 5391 13 429 4443 438 254 47870 6 82 7424 13 429 47870 438 8898 366 586 1062 276 254 4167 11 285 586 7424 438 8898 366 711 1062 276 254 47870 13 429 47870
558 2074 344 838 3886 1602 11 838 438 17282 457 586 31251 285 586 31251 276 711 7424 13 185 1 40 6 647 2410 340 856 11 304 6 647 2410 340 856 1084 362 7899 11 440 40 6 647 2410 340 856 11 304 6 647 2410 340 856 11 304 6 647 2410 340 856 11 304 6 647
