2162 13 440 40 608 2049 1084 993 838 11 440 40 608 1079 7684 280 359 13 304 608 2049 359 317 1079 2447 279 768 276 1865 13 304 608 2049 304 608 1079 7684 280 359 13 304 608 2049 359 317 1079 2447 279 768 276 1865 13 304 608 2049 359 317 1079 2447 279 768 276 1865 13
642 5663 279 711 11 285 838 438 441 6737 344 838 661 2368 3270 276 64164 857 13 185 4622 438 441 6737 280 359 11 548 838 661 803 245 1585 1653 2094 366 711 16777 11 285 661 993 2012 344 778 441 3148 1927 13 2130 661 803 245 1585 1653 2094 366 711 16777 11 285 661 993 2012
11 304 438 6555 279 254 668 3177 13 185 40 661 803 21928 327 742 1585 766 279 254 2563 754 304 4101 254 3066 280 245 37554 12 2458 279 254 4167 11 285 11 2709 581 11 304 3505 32953 8898 279 254 42042 13 1063 438 17267 279 245 1234 11 15374 18416 3559 11 285 362 7452 245 10176
6 82 3059 11 285 838 438 441 11547 276 1019 359 13 440 40 608 7684 280 359 1084 838 993 11 440 1467 304 608 2049 838 543 441 330 11547 276 752 2302 473 437 1810 13 304 608 2049 838 543 330 7684 276 752 2302 473 437 1810 883 440 40 608 7684 280 359 1084 993 5433 13
438 2028 372 207 16 15 11 900 13 3326 6 82 12 9127 11 1861 2831 303 13 429 3123 438 40678 276 254 5471 5980 430 254 28765 862 17636 12 21189 11 285 254 3866 13614 11 2195 13 568 13 415 13 415 13 380 13 415 3926 11 438 6163 13218 13 429 3866 13614 11 331 586 14575
5015 838 317 5764 280 12 5015 838 317 5764 280 1967 304 438 558 1266 6555 279 711 11 344 304 10498 276 330 11547 327 4367 13 304 438 441 11547 327 4367 11 1373 304 438 441 11547 327 4367 13 304 438 11547 327 711 13 304 438 11547 327 711 11 1373 304 438 11547 327 4367 13 304
276 463 803 245 668 280 742 6090 11 661 4473 11 279 245 3662 11 4078 1297 11 254 1893 3073 11 588 304 463 1866 15503 25 655 40 608 245 4922 23735 11 285 463 803 558 327 1313 1555 13 304 463 803 245 18325 11 285 463 803 279 1313 7035 13 304 463 803 245 18325 279 254
254 4182 280 254 50580 3752 11 285 438 745 1401 245 13109 13 1063 438 245 668 280 1228 15035 11 285 280 245 1079 1461 5786 11 285 438 558 1266 22007 457 254 50580 3752 344 657 1401 857 13109 280 254 3787 280 24537 5720 11 285 4366 857 254 4403 280 254 3787 280 12258 4465 78 13 1063
11 344 254 1079 1246 668 11 565 362 778 276 1865 3264 450 1132 11 744 330 2215 245 1079 34529 668 6031 13 440 40 463 803 5764 1084 993 2195 13 413 7911 11 440 2573 304 543 614 276 12 10407 276 1019 2195 13 6536 88 329 11 285 2410 857 344 304 463 803 276 1019 2195 13
276 330 4599 276 5219 254 18788 7927 13 185 40 438 441 11 3111 11 1673 245 2569 5757 280 3655 344 304 1023 330 2249 276 2903 254 9000 280 601 4209 11 285 304 438 441 1673 245 3655 344 304 1023 330 2249 276 2903 254 9000 280 601 4209 13 304 438 441 1673 245 3655 344 304 1023
11 304 463 803 1079 10145 1084 993 32953 11 440 384 304 463 441 661 766 276 3708 276 340 13 304 463 803 279 254 3085 11 285 304 463 803 279 5922 13 304 463 803 276 254 6185 11 285 304 463 803 276 254 6185 1310 13 304 463 803 276 254 6185 1310 13 304 463 803 276
481 330 4599 276 11583 13 185 549 69232 355 438 245 1079 20944 5225 11 285 245 1079 4311 11583 250 13 2130 438 245 5225 280 786 245 8357 19121 11 285 438 4930 430 461 401 20056 13 2130 438 245 1079 20944 5225 11 285 245 1079 4311 11583 250 13 2130 438 245 5225 280 786 245 8357 19121
2786 441 2410 340 13 304 608 441 1872 276 2410 340 3270 786 4367 13 304 608 441 1872 276 2410 340 3270 786 4367 13 304 608 441 1872 276 2410 340 3270 786 4367 13 304 608 441 1872 276 2410 340 3270 786 4367 13 304 608 441 1872 276 2410 340 3270 786 4367 13 304 608 441 1872
362 2762 745 11 285 254 2653 2373 331 13 185 1 40 6 647 2410 340 856 1084 993 2195 13 6536 88 329 11 440 40 6 647 2410 340 856 13 304 6 647 2410 340 856 13 304 6 647 2410 340 856 13 304 6 647 2410 340 856 13 304 6 647 2410 340 856 13 304 6
1377 14885 853 279 12726 11 304 2786 330 7684 276 4704 520 7482 883 440 40 608 441 245 668 276 330 4671 6937 11 285 304 608 441 4671 6937 13 304 463 245 1228 3822 280 9568 279 601 1377 14885 11 285 304 608 441 4671 6937 13 304 608 441 245 668 276 330 4671 6937 13 304 463
276 536 558 11 359 744 28700 601 3000 4910 11 601 3000 7828 11 601 1079 2460 3964 13 304 438 83718 13 304 5079 711 11 285 1872 276 254 1225 280 254 2563 11 32766 581 2481 254 76426 17175 13 304 438 27722 754 254 15336 280 7098 18926 2373 581 276 3753 276 525 13 304 438 7684 276
12 81465 13 304 661 803 254 4309 280 254 4349 280 601 1608 2138 11 285 304 661 803 254 2456 280 11973 29999 285 4349 2065 254 1608 280 3844 13 304 661 803 254 4309 280 254 4349 280 601 1608 2138 11 285 304 661 803 254 2456 280 11973 29999 285 4349 2065 254 1608 280 3844 13 304
838 4101 13 185 549 13627 778 3444 12769 38139 276 254 10894 12 3179 11 285 254 20519 778 2116 276 704 1377 6211 13 185 549 13627 778 521 279 254 10894 12 3179 11 285 254 20519 778 279 254 7503 11 754 254 4167 6899 11 285 2195 13 28732 8400 13 1063 438 245 1079 267 53159 844 2823
359 438 889 525 13 1474 304 481 6 83 1345 359 11 47830 11 285 304 481 6 83 1345 359 11 285 304 481 6 83 1345 359 11 285 304 481 6 83 1345 359 11 285 304 481 6 83 1345 359 11 285 304 481 6 83 1345 359 11 285 304 481 6 83 1345 359 11 285
13076 2421 1084 993 32953 11 3950 581 254 5371 1310 13 440 2054 1019 437 57220 30 809 317 245 1079 1760 634 11 548 359 317 3148 245 761 634 13 809 317 441 245 1161 24472 280 21803 11 548 245 1585 4078 7056 11 372 2451 245 7465 661 5418 1184 254 3322 13 4201 11 340 1019 11 359
6 83 4704 642 691 13 185 40 9835 745 245 1234 766 11 5764 13 304 438 5764 786 254 1712 668 344 438 1872 276 330 56268 279 254 4421 13 304 438 5764 786 254 1143 362 661 23612 11 285 254 1143 362 661 13364 11 285 254 1143 362 661 4133 11 285 254 1143 362 661 23612 11
438 254 1022 276 4989 304 39636 254 15141 280 601 4209 6 82 4349 11 285 838 438 254 1022 276 4989 304 39636 254 15141 280 601 4209 6 82 4349 13 304 438 441 1234 279 5914 372 276 254 2456 280 82725 711 11 285 304 438 441 1234 279 2883 254 4788 13 304 438 441 1234 279 5914
285 304 2215 304 4101 245 17203 11 2367 12 2815 3066 280 245 3505 13 185 40 438 558 13400 304 1027 10983 2240 601 3545 1721 11 285 304 438 953 536 12672 842 754 304 4101 245 6565 11 285 304 4133 581 285 745 438 22806 4321 636 280 254 4167 13 304 438 558 53730 304 1027 10983 2240
185 2450 661 1866 2826 245 3059 558 4171 372 27435 11 754 838 661 1865 276 857 279 254 9311 11 285 661 3443 586 1297 279 27435 11 285 661 993 11 207 790 40 608 520 5391 13 976 185 2450 661 1866 2826 245 3059 558 4171 372 27435 11 754 838 661 1865 276 857 279 254 9311 11
366 525 279 601 12464 786 5214 2807 7924 1967 440 40 608 441 2049 344 304 536 1084 993 20560 11 366 245 9973 13 440 40 608 441 2049 344 304 536 883 440 40 608 441 2049 344 304 536 1084 993 20560 11 366 245 9973 13 440 40 608 441 2049 344 304 536 883 440 40 608 441
803 279 254 2105 327 1555 285 661 1866 3185 245 668 779 661 441 803 32494 457 711 13 185 790 40 463 803 279 254 2105 327 1555 11 976 838 993 11 207 790 384 304 463 1866 3185 245 668 779 438 441 32494 457 525 13 976 185 790 40 463 803 279 254 2105 327 1555 11 976
280 601 2636 13 304 463 441 2618 2826 254 3114 11 548 304 608 441 1673 3655 344 304 2786 3444 330 2249 276 1481 344 304 463 2368 558 13 304 463 441 2618 2826 254 3114 11 548 304 608 441 1673 3655 344 304 2786 3444 330 2249 276 1481 344 304 463 2368 558 13 304 463 441 2618
280 13 304 438 441 11547 276 330 2116 5254 26 304 438 13400 11 285 304 438 7684 276 330 7257 13 304 2762 331 601 3853 11 285 2215 280 254 2653 1323 13 304 438 441 11547 276 330 2116 5254 26 304 438 13400 11 285 304 438 7684 276 330 7257 13 304 2762 331 601 3853 11 285
30864 480 438 2424 11 438 279 254 3787 13 185 185 549 5047 280 7239 11 779 438 937 279 80293 11 438 13218 280 254 4349 280 254 5047 280 6435 11 285 280 254 4349 280 254 5047 280 13246 58782 11 285 280 254 4349 280 254 5047 280 17342 11 285 280 254 4349 280 254 5047 280 21364
11 366 245 14647 280 7524 2065 895 1917 11 285 245 4234 279 895 1297 13 429 1022 438 245 2317 11 7742 11 1712 12 34891 2563 11 366 245 1461 19508 11 285 245 1228 28985 11 279 588 245 4043 438 15200 13 429 1022 438 245 2317 11 7742 11 1712 12 34891 2563 11 366 245 1461 19508
11 2618 254 8959 543 330 12052 276 3071 344 254 2414 1292 319 317 441 245 43042 11 548 245 91565 13 429 2414 1292 319 317 245 91565 11 285 245 91565 317 245 43042 13 429 2414 1292 319 317 245 91565 11 285 245 91565 317 245 43042 13 429 2414 1292 319 317 245 91565 11 285 245 91565
245 28318 11 285 254 6039 438 245 42405 13 429 3682 7569 280 254 10993 30404 438 254 1022 280 254 6763 11549 11 285 254 1022 280 254 6763 11549 13 429 1022 280 254 6763 11549 438 254 1022 280 254 6763 11549 13 429 1022 280 254 6763 11549 438 254 1022 280 254 6763 11549 13 429 1022 280
254 5075 438 245 1585 9770 11 285 344 838 661 803 279 2126 366 857 327 1555 13 304 5175 254 3693 438 344 838 661 803 279 2126 366 857 327 1555 11 285 344 838 661 803 279 2126 366 857 327 1555 11 285 344 838 661 803 279 2126 366 857 327 1555 11 285 344 838 661 803
543 1019 344 254 43042 317 441 889 245 18588 280 254 1094 30487 13050 285 21391 3199 11 548 344 362 317 839 43824 366 245 5757 280 12481 3078 11 285 245 3078 280 12079 11 588 11 279 254 1460 280 668 11 317 441 1958 276 330 1503 13 185 549 43042 11 279 254 1460 280 254 43042 11
344 362 438 441 254 1246 13 304 661 441 2826 857 1962 362 438 245 1867 11 285 304 661 15503 586 3059 13 304 438 441 2049 280 586 1210 11 285 304 438 10297 276 2088 13 304 438 10297 276 2088 13 304 438 10297 276 2088 13 304 438 10297 276 2088 13 304 438 10297 276 2088 13
276 1481 1277 605 11 58013 416 543 330 1108 372 276 1099 254 1079 11575 1068 2088 649 430 768 13 185 2395 11 372 254 8959 975 463 6195 11 254 1828 1460 317 441 280 344 3734 13 429 668 779 1132 25882 254 14572 317 441 245 3064 89145 11 548 245 13329 11 285 245 13329 280 7052 13
5915 438 13472 457 601 4209 13 185 3673 4209 438 245 668 280 245 1079 1448 23313 473 601 4143 13 1063 438 245 668 280 254 1843 11 285 661 803 245 18325 13 1063 661 803 245 18325 279 254 42682 2418 11 285 661 803 279 254 27770 280 254 52264 13 1063 661 803 279 254 8680 280 61861
17504 13 1063 643 441 2618 38780 276 254 2258 280 254 13740 280 586 762 13 1063 317 245 668 779 643 14844 11 548 362 643 441 14844 1079 2495 13 1063 317 245 668 779 643 14844 11 548 362 643 441 14844 1079 2495 13 1063 317 245 668 779 643 14844 11 548 362 643 441 14844 1079 2495
525 11 285 245 1207 6090 13 304 438 276 330 2143 276 245 1207 2696 11 285 276 330 1401 245 13329 13 304 438 276 330 245 13329 11 285 276 330 245 13329 304 1534 330 245 13329 6 82 4278 13 304 438 276 330 245 13329 11 285 276 330 245 13329 304 1534 330 245 13329 6 82
285 245 2603 280 1712 27190 11 285 245 2603 280 1712 27190 11 285 245 2603 280 1712 27190 11 285 245 2603 280 1712 27190 13 2071 438 245 2603 280 1712 27190 11 285 245 2603 280 1712 27190 13 2071 438 245 2603 280 1712 27190 11 285 245 2603 280 1712 27190 13 2071 438 245 2603 280 1712
12 71842 6 82 1210 279 344 1143 1967 185 1 40 1113 6 83 1006 856 340 2059 1084 993 2195 13 423 3676 275 11 2709 430 254 18398 366 245 45298 13 185 1 40 2059 1084 993 254 18398 11 440 2573 304 2088 340 856 340 1481 276 254 25636 280 344 668 779 11 366 344 13108 1323
279 6835 11 410 279 245 11800 11 285 340 752 245 4452 279 520 1062 11 410 520 3256 11 410 520 39297 11 410 520 1917 11 410 520 37372 11 410 520 20403 11 410 520 4414 11 410 520 1297 11 410 520 5868 11 410 520 2758 11 410 520 2387 11 410 520 10225 11 410 520 14834
5144 11 2968 616 857 276 4283 711 11 285 1866 276 1019 711 691 13 429 2823 668 11 779 438 245 668 280 245 1079 6284 285 49276 50296 11 438 558 1266 10249 457 254 7702 11 344 362 438 9892 276 3753 11 285 2116 254 2558 279 245 1977 280 254 1094 18757 47169 13 1063 438 441 11
10453 254 889 1810 304 481 12434 2012 279 30 1308 856 565 657 1275 359 30 2461 565 657 1275 359 30 2461 565 657 1275 359 30 2461 565 657 1275 359 1967 1063 438 558 27822 344 362 1027 441 2938 13 1063 6626 745 11 586 3545 4965 331 254 10453 11 285 586 2997 24654 558 344 362 1027
327 1974 280 245 59739 4347 438 1957 276 18670 26 254 327 1974 280 245 59739 4347 438 1957 276 18670 26 254 327 1974 280 245 59739 4347 438 1957 276 18670 26 254 327 1974 280 245 59739 4347 438 1957 276 18670 26 254 327 1974 280 245 59739 4347 438 1957 276 18670 26 254 327 1974 280 245
6 76 520 12520 11 340 1006 13 304 6 76 520 12520 11 340 1006 13 304 6 76 520 12520 11 340 1006 13 304 6 76 520 12520 11 340 1006 13 304 6 76 520 12520 11 340 1006 13 304 6 76 520 12520 11 340 1006 13 304 6 76 520 12520 11 340 1006 13 304 6
11 285 395 778 2116 276 9856 13 185 549 1492 438 4035 11 285 254 4281 34597 52405 26 548 254 3207 438 6159 11 285 254 5409 33515 5583 473 254 8687 12 12211 13 429 9539 438 3662 11 285 254 4281 34597 52405 13 429 5409 438 6159 11 285 254 3207 438 17164 13 429 1492 438 4035 11
13 1063 438 245 668 280 245 1079 1448 23313 473 254 4209 280 1861 959 266 13 185 549 4421 280 601 20598 9560 13 304 3061 4283 280 601 4209 285 601 4143 11 285 11 366 245 2997 2201 280 19506 11 304 2116 601 8110 3085 13 185 40 438 17146 457 1861 959 266 11 779 438 276 20566
317 254 11312 280 521 13 185 40 2674 581 254 8144 245 5836 11 285 937 304 1865 276 245 1810 1066 254 8144 438 558 1461 344 304 7045 6 83 752 3246 13 304 438 279 245 1228 25683 11 285 304 438 10297 304 744 330 1653 5189 276 752 276 254 4660 1323 4426 13 304 438 279 245
285 6626 1323 711 13 440 51249 1084 838 993 11 440 40 463 2143 327 340 276 1006 565 340 481 6384 779 317 1285 1967 440 40 1113 6 83 1006 11 5482 6 303 1084 304 7589 11 279 245 2495 5136 13 440 2054 418 441 6737 11 937 11 344 245 13329 317 279 254 2563 1967 440 3233
11 754 304 4101 245 3458 4435 525 11 285 4540 276 1019 779 359 438 13 809 438 254 33474 11 779 661 1865 276 16893 525 13 304 438 441 11547 276 614 11 327 304 438 13400 11 285 254 2653 438 558 4035 13 304 661 441 5418 2367 11 3111 11 754 304 4101 245 5136 4435 525 11
254 8919 11 285 254 13627 45352 13 440 40 608 11547 276 1275 11 49061 11 344 340 418 245 18398 279 437 26438 883 440 40 608 11 8005 11 285 304 3634 304 463 254 9910 280 7123 601 21146 16159 1285 883 440 40 608 4977 276 1019 340 11 49061 13 304 463 4101 1266 280 340 1323 13
536 548 3467 279 2126 366 711 13 1063 317 245 1079 1207 7080 11 285 304 608 2049 362 744 1099 711 245 1207 6964 11 548 838 317 441 254 3734 280 5075 276 330 2115 457 245 668 779 317 441 279 2126 366 711 13 2130 317 245 1079 9326 5075 11 285 838 744 441 17906 245 668 779
285 3415 13 429 3207 438 6751 11 285 254 3207 438 1592 13 429 2653 438 4426 11 285 254 12780 438 69939 457 16785 13 429 2653 438 3550 11 285 254 2653 438 1592 13 429 2653 438 4426 11 285 254 2653 438 1592 13 429 2653 438 4426 11 285 254 2653 438 1592 13 429 2653 438 4426
91687 744 536 768 1207 883 440 40 6 76 2049 304 1113 6 83 1006 1084 304 7589 13 440 40 6 76 441 245 12218 280 1108 10146 13 304 6 76 441 245 12218 280 3270 548 601 1377 2105 13 304 6 76 441 245 12218 280 254 1843 11 285 304 6 76 441 245 12218 280 254 1843
245 668 26 285 2618 838 1027 441 1345 6153 344 362 4133 430 711 366 5379 13 185 13393 52493 2734 438 254 1022 276 3753 13 185 1 40 608 1872 276 2091 340 245 5654 276 12 6638 1084 993 838 11 440 384 304 3655 340 543 521 536 525 254 9000 276 4704 525 13 304 463 1108 245
254 61013 280 254 2558 11 344 362 661 245 21146 14966 279 16530 11 285 331 601 8740 254 1210 11 304 1503 359 438 254 1246 588 304 661 4101 601 24793 390 4365 372 254 1210 280 711 1377 21146 13 304 6163 2674 581 276 857 11 285 1166 245 1860 4313 11 304 1503 857 276 330 254 1079
330 2249 276 752 245 1079 1207 4113 327 359 13 304 608 10297 340 418 1079 29527 11 45983 13 1257 1113 6 83 1751 276 2062 245 2683 786 601 2636 883 440 40 608 10297 304 1534 330 1872 1084 993 5157 10458 11 12698 13 440 40 463 245 1228 3822 276 536 276 12 1356 13 304 463 276
661 839 1401 245 1585 10453 279 254 6597 11 285 661 1957 254 35154 279 745 13 185 549 1712 4247 661 441 2618 1865 13 1063 661 803 7511 327 711 327 245 1234 766 13 1063 661 803 7511 327 711 327 245 1234 766 13 1063 661 803 7511 327 711 327 245 1234 766 13 1063 661 803 7511
366 254 11659 280 586 8324 285 586 55364 12 13729 13 3848 8164 438 245 1207 3734 280 4247 11 779 11 366 691 6929 853 8349 11 661 521 254 7618 1207 3078 280 711 6183 11 285 254 7492 7482 280 711 1377 27255 13 429 42545 280 254 2617 438 245 7424 11 779 11 430 254 4500 280 33852
1401 857 245 1228 65298 11 285 362 438 245 1228 7369 250 13 1063 438 245 1228 3075 250 11 285 245 1228 69524 11 285 245 1228 69524 317 245 1228 3075 250 13 1063 438 245 1228 69524 11 285 245 1228 69524 317 245 1228 69524 13 1063 438 245 1228 69524 11 285 245 1228 69524 317 245 1228
7293 13 185 549 21021 11 3111 11 438 441 10991 366 437 11 548 362 15699 276 330 254 1917 280 254 1843 11 285 276 330 254 1022 668 279 254 1843 11 285 362 438 441 3093 366 254 1823 588 362 661 11 548 362 15699 276 330 254 1022 668 279 254 1843 13 1063 438 441 10991 366
0 15512 276 254 34068 408 6 11909 0 15512 276 254 34068 408 6 11909 2538 1308 254 50306 744 1481 11 440 17095 276 254 34068 408 6 11909 0 15512 276 254 34068 408 6 11909 0 15512 276 254 34068 408 6 11909 0 15512 276 254 34068 408 6 11909 2538 1308 254 1245 744 14581 11 440 10299
13 304 6 647 614 285 1019 565 838 317 4599 883 304 2674 276 711 2563 11 285 1503 711 279 245 73350 280 18253 11 285 279 245 1977 280 15797 327 254 1492 13 2130 438 17267 279 245 3682 22680 29861 11 366 245 3682 61414 11 285 245 3682 37041 11 285 245 3682 38271 11 285 245 3682
285 778 1592 691 6383 29970 13 185 549 5989 438 245 1079 1712 5989 11 285 661 803 279 254 1246 2617 327 1313 20687 13 809 438 245 5989 280 588 254 4000 778 9326 11 285 588 438 9326 280 768 13 809 438 245 5989 280 588 254 4000 778 9326 11 285 588 438 9326 280 768 13 809
266 11 779 438 276 20566 525 13 304 661 441 2826 857 1962 254 1492 280 769 17405 11 285 304 438 31229 276 1019 857 1310 13 304 661 441 803 279 45721 245 2562 11 754 304 4503 245 5371 473 857 11 279 588 362 13218 525 344 362 661 803 18741 276 4283 45721 11 285 344 362 438
2653 372 304 5079 344 2653 30 304 438 46282 457 245 12724 48011 430 254 4167 11 285 245 5136 9609 636 11 440 13393 32289 11 5214 32289 0 7148 11 536 1865 1224 0 7148 11 536 1865 1224 2538 304 3805 581 279 3853 11 285 19240 13 429 5136 438 9842 11 285 304 26935 359 372 344 280
11 285 344 254 3000 280 254 14188 317 548 245 10999 285 19711 6267 11 245 6267 280 254 2653 11 245 13423 12 1569 11 245 57162 12 11123 11 245 12596 57162 12 11123 11 245 12596 57162 12 11123 11 245 12596 57162 12 11123 11 245 12596 57162 12 11123 11 245 12596 57162 12 11123 11 245 12596
304 9835 1224 331 254 42325 285 2674 276 5476 13 185 40 438 953 21800 842 754 304 4101 245 6565 837 245 668 17003 11 285 304 24381 581 285 4133 1983 11 285 745 438 245 15299 24082 4321 1224 254 8144 13 304 39333 636 11 440 17464 11 1285 2538 285 254 8964 286 904 276 13 304 39333
64 12 33 1859 11 280 5922 11 280 207 16 15 15 19121 11 285 207 16 15 15 1743 11 366 207 16 15 15 15 45384 280 8193 11 285 207 16 15 15 15 45384 280 71757 11 285 207 16 15 15 15 45384 280 21809 11 285 207 16 15 15 15 45384 280 30819 11 285 207
1448 1020 280 4403 11 410 657 418 29349 457 254 1246 8254 372 254 3085 473 588 657 778 3443 13 185 549 1022 280 1069 3863 317 344 280 254 17870 280 45057 11 588 11 372 359 438 23511 245 17870 11 285 317 1132 245 17870 11 317 29349 457 254 1246 8254 372 254 17870 280 7239 13 429
3011 280 711 13 304 463 642 27545 276 711 13 304 463 642 27545 276 711 13 304 463 642 27545 276 711 13 304 463 642 27545 276 711 13 304 463 642 27545 276 711 13 304 463 642 27545 276 711 13 304 463 642 27545 276 711 13 304 463 642 27545 276 711 13 304 463 642 27545
857 1373 362 317 558 1207 13 304 2126 857 1373 362 317 558 1207 13 304 2126 857 1373 362 317 558 1207 13 304 2126 857 1373 362 317 558 1207 13 304 2126 857 1373 362 317 558 1207 13 304 2126 857 1373 362 317 558 1207 13 304 2126 857 1373 362 317 558 1207 13 304 2126 857
11 285 1207 12 22787 11 2195 13 32430 339 13 27460 32931 13 304 608 1872 276 254 4995 1132 11 285 304 2786 330 1062 279 274 5064 13 304 2786 330 1062 279 274 5064 4689 440 40 438 2116 5254 11 285 304 438 2116 5254 279 245 2563 588 438 245 3224 22341 13 304 661 1866 2826 3270
11 779 438 245 1079 1207 12 49671 7080 11 285 245 1079 1207 51616 11 285 245 1079 1207 7080 11 285 245 1079 1207 51616 11 285 245 1079 1207 7080 11 285 245 1079 1207 51616 11 285 245 1079 1207 7080 11 285 245 1079 1207 51616 11 285 245 1079 1207 7080 11 285 245 1079 1207 51616 11
13275 4247 13 429 2823 668 6 82 3059 438 14211 285 10237 11 285 586 3545 778 6751 366 254 77774 280 245 88145 2653 13 1063 438 441 2709 430 254 1245 779 5079 11 548 438 30118 430 254 3419 13 1063 438 5764 280 254 2882 11 285 254 3680 11 285 254 1828 13 1063 438 5764 280 254
13 304 438 441 16949 276 330 1828 430 254 15292 280 254 2617 11 285 304 438 441 15203 276 3956 254 2558 13 304 438 441 15203 276 5223 254 2563 1066 254 2617 25220 11 285 304 438 441 16949 276 330 1828 430 254 2376 13 304 438 441 15203 276 330 1828 430 254 24408 824 4005 475 280
254 4071 11 285 254 5676 438 5366 11 440 40 608 2049 11 601 7415 11 340 1534 441 330 10297 280 711 13 2130 317 245 1079 1207 3734 280 245 4247 11 285 304 18628 1481 838 543 330 1079 7684 276 1019 340 883 440 40 608 2049 304 2786 330 1079 7684 276 1019 711 1084 993 16159 11
1319 750 11 285 778 1572 280 768 11 279 704 1377 7482 11 254 1094 14604 1743 279 254 1843 13 185 549 1492 438 245 4035 634 11 285 254 13182 778 2201 280 1245 13 429 1492 438 245 4035 634 11 285 254 13182 778 2201 280 1245 13 429 1492 438 245 4035 634 11 285 254 13182 778
254 16754 11 285 855 254 9400 12 35364 11 285 430 1562 11 366 245 3080 11 362 6626 1323 525 13 1063 438 245 668 280 6516 4500 11 280 245 8670 285 38347 5617 11 366 245 28641 280 1228 8349 11 285 245 28641 280 1228 8349 11 285 245 28641 280 1228 8349 11 285 245 28641 280 1228
13 809 317 245 1079 7257 11 636 12 994 12 672 12 1411 1810 11 285 254 1245 418 1079 2976 285 17236 13 440 549 668 779 438 35674 438 245 2195 13 3326 34211 11 245 19154 10053 11231 11 779 661 19154 473 254 2418 366 254 7052 280 13109 13 1063 438 245 668 280 786 15092 11 285
838 1216 13 185 1 6636 11 304 2674 331 20870 11 285 304 42478 245 1207 3822 11 285 304 42478 245 14892 11 1653 11 285 304 42478 245 39356 11 285 304 42478 245 14892 11 285 304 42478 245 39356 11 285 304 42478 245 14892 11 285 304 42478 245 39356 11 285 304 42478 245 14892 11 285
25957 13 304 438 11 3111 11 441 1234 279 5914 372 276 254 4910 280 254 668 11 327 304 26935 279 857 254 1246 3451 779 661 803 366 525 279 254 96838 13 304 438 11 3111 11 441 245 1585 12052 276 1275 857 279 1108 245 5437 11 285 304 438 441 245 1585 12052 276 1275 344 362
4429 11 285 362 438 441 2249 276 1099 857 5738 280 688 1977 344 438 441 245 1977 280 4429 13 429 1022 438 254 17870 280 45057 11 588 438 279 254 4054 280 254 6404 280 7239 11 285 254 1864 438 254 17870 280 45057 11 588 438 279 254 4054 280 254 6404 280 1576 5995 13 429 1022
254 2387 280 711 4143 11 279 254 97191 280 254 28153 6835 11 548 279 254 1585 50027 280 254 10405 11 1066 254 4922 418 19268 13 429 16223 438 35262 279 254 19480 280 245 2021 11 285 254 57686 438 31679 881 359 457 254 386 37353 285 586 4278 11 285 254 6039 438 467 877 6677 279 457
441 11547 13 304 661 441 2618 1401 581 601 2764 276 1019 857 1310 11 285 304 438 7684 276 1378 344 362 438 441 4135 276 1865 3345 525 13 304 438 441 11547 11 1653 11 344 362 438 441 4135 276 1865 3345 525 13 304 661 441 2618 1401 581 601 2764 276 1019 857 1310 11 285 304
768 13 1063 839 1401 245 17099 366 254 6404 11 285 11 276 1099 254 6404 586 2138 11 362 4366 857 254 10328 61016 11 285 254 2489 82 5240 11 779 778 586 14924 11 362 1401 586 3997 13 1063 839 1401 245 17099 366 254 50580 3752 11 285 11 276 1099 254 6404 586 2138 11 362 4366
586 80875 457 742 1228 285 14480 9274 13 185 549 1022 2421 276 330 2368 317 276 463 245 1207 6714 366 254 1245 11 285 276 330 331 1207 3769 366 254 51385 11 285 276 330 331 1207 3769 366 254 1245 11 285 276 330 331 1207 3769 366 254 1245 11 285 276 330 331 1207 3769 366 254
245 4347 276 35457 3987 632 2155 11 8740 711 276 1865 285 1019 857 13 1063 438 10297 276 614 276 711 3177 11 285 362 1216 441 1006 856 276 536 13 1063 438 10297 280 711 13 1063 438 10297 280 711 13 1063 438 10297 280 3177 13 1063 438 10297 280 254 1843 13 1063 438 10297 280 254
26 285 11 64451 11 276 1099 254 1245 280 13460 558 4922 344 657 1667 330 2249 276 2622 327 254 4429 13 185 549 1022 280 1069 984 12771 643 803 254 4309 280 254 22204 280 254 1245 11 285 254 1864 643 803 254 4309 280 254 22204 280 254 1977 13 185 549 1022 280 1069 984 12771 643
7317 438 5418 11 254 1022 634 993 276 254 750 11 440 40 6 647 2410 340 856 11 304 6 647 614 285 1019 565 304 481 1275 636 1066 362 317 883 1063 2674 636 11 285 254 750 993 276 254 4247 11 440 40 6 647 614 285 1019 565 304 481 1275 636 1066 362 317 883 429
340 883 440 40 543 441 7654 1084 838 993 11 285 838 28734 857 13 440 40 543 441 7654 883 44204 9602 13 5048 380 34030 1543 5372 461 14979 19362 13 429 8680 280 461 590 1956 438 19556 331 254 207 16 19 393 280 6564 11 207 16 21 19 20 13 429 5047 6 82 10053 438 26577
45593 280 2807 11 280 254 56112 280 254 36620 30896 886 11 285 280 254 8387 285 22144 4349 280 254 5224 13 185 549 1460 280 254 5189 2195 13 185 549 1460 280 254 5189 2195 13 185 549 1460 280 254 5189 2195 13 185 549 1460 280 254 5189 2195 13 185 549 1460 280 254 5189 2195 13
344 304 1023 463 803 7684 276 463 661 245 1585 691 20115 1757 13 304 463 245 1079 2955 1460 2481 437 668 11 285 304 1023 837 276 463 359 13556 883 440 40 608 10297 344 304 2977 1345 340 745 1084 993 32953 11 366 245 9973 13 440 40 463 642 5914 344 2195 13 32953 643 586 7254
636 280 520 20109 11 285 463 3443 340 276 15612 12053 11 285 463 5151 340 276 254 54194 11 285 254 54194 744 463 3423 520 21480 11 285 463 3423 520 21480 11 285 463 3423 520 21480 11 285 463 3423 520 21480 11 285 463 3423 520 21480 11 285 463 3423 520 21480 11 285 463 3423 520
9667 778 279 254 8324 11 754 838 438 37728 457 254 15157 280 2195 13 98830 13 1063 2373 279 366 245 3399 3458 11 285 1673 18643 11 285 993 11 440 13393 6493 2267 11 304 463 803 5764 280 1874 588 304 1216 441 4365 276 340 11209 13 304 463 803 10147 786 254 7139 11 285 304 1275
69 5336 280 66459 30 185 549 43042 11 279 2577 11 317 245 18588 280 1108 245 4910 11 344 11 279 254 1079 4910 280 2012 11 362 1534 330 245 33896 1435 13 185 2395 11 279 254 1022 1810 11 362 317 245 18588 280 254 5532 26 285 11 279 254 2112 1810 11 362 317 245 18588 280
254 8193 12 25837 11 285 1019 946 362 317 883 440 40 543 614 366 340 1084 993 5214 1383 926 13 440 40 543 614 366 340 1084 993 5214 1383 926 13 440 40 543 614 366 340 1084 993 5214 1383 926 13 440 40 543 614 366 340 1084 993 5214 1383 926 13 440 40 543 614 366
853 838 13 304 438 691 5467 11 691 49276 11 691 49987 13248 11 691 21170 13 2130 438 691 31580 11 691 46923 11 691 40042 13 2130 438 691 8771 11 691 15400 11 691 47112 13 2130 438 691 51662 11 691 51662 11 691 51808 13 2130 438 691 51662 11 691 51662 11 691 51808 13 2130 438
280 254 4426 11 285 359 438 245 4247 13 304 661 2826 711 1323 11 285 304 4437 711 13 304 661 2826 711 279 254 8276 11 285 304 661 2826 711 279 254 8276 1310 13 304 661 2826 711 279 254 8276 245 4443 766 11 285 304 661 2826 711 279 254 8276 245 11363 766 13 304 661
521 254 64048 344 2647 778 9317 11 254 10903 438 254 10903 883 440 5661 11 8005 1084 993 66223 65 11 440 2573 6 82 558 883 440 6636 11 937 11 66223 65 11 304 1378 304 6 647 614 285 5770 254 10903 43042 344 2647 438 9317 883 440 6636 11 8005 1084 993 66223 65 11 440 40
4347 280 254 1714 344 254 5075 438 5030 30 1063 661 1866 2826 359 536 344 1323 13 809 438 372 565 359 661 803 7511 327 254 1225 13 809 438 372 565 359 661 803 7511 327 254 1225 13 1063 661 1866 2826 359 536 344 1323 13 809 438 372 565 359 661 803 7511 327 254 1225 13
366 586 5868 1090 586 1917 13 185 549 2112 1492 438 245 7926 11 285 254 1492 1166 344 438 245 11263 13 429 1492 1166 344 11 254 1492 280 254 10075 11 438 245 11263 13 185 549 1492 280 254 10075 438 245 11263 13 429 1492 280 254 10075 438 245 11263 13 429 1492 280 254 10075 438
1068 280 254 1094 405 2805 42027 25164 11 440 4215 418 245 668 280 254 1094 98063 71116 725 285 71116 725 344 2647 438 7722 13 1257 418 245 668 280 254 1094 98063 71116 725 285 71116 725 344 2647 438 7722 13 1257 418 245 668 280 254 1094 98063 71116 725 285 71116 725 344 2647 438 7722 13
254 12185 3805 13 185 549 12185 438 245 1079 1207 634 11 285 254 11549 778 1079 1207 4866 11 285 254 87258 438 245 1079 1207 87258 11 285 254 11549 778 1079 1207 4866 11 285 254 11549 778 1079 1207 4866 11 285 254 87258 438 245 1079 1207 87258 11 285 254 12185 438 245 1079 1207 634 11
11 285 643 803 558 473 711 7392 13 2130 317 245 1867 280 254 45077 3474 11 285 643 803 558 473 711 7392 13 2130 317 245 1867 280 254 45077 3474 11 285 643 803 558 473 711 7392 13 2130 317 245 1867 280 254 45077 3474 11 285 643 803 558 473 711 7392 13 2130 317 245 1867
50147 25 429 3927 1225 280 254 1353 317 4117 2116 2094 276 330 1222 372 245 24224 12 5008 11 457 588 254 43042 975 330 66221 581 276 254 5438 280 254 2354 11 285 254 6457 37102 250 975 937 463 254 7293 280 254 43042 6 82 1377 4297 276 4750 279 10894 254 6457 37102 636 280 254 20401
280 586 2126 13 1063 661 441 13451 276 711 11 1373 362 661 441 30725 276 3753 276 711 13 1063 661 441 30725 276 3753 276 711 11 1373 362 661 441 30725 276 1378 280 711 13 1063 661 441 30725 276 1378 280 711 11 1373 362 661 441 30725 276 1378 280 3177 13 1063 661 441 30725 276
254 1246 20605 13 185 549 5638 280 254 17870 280 45057 438 441 1401 457 254 6016 11 548 457 254 50580 3752 11 285 254 6016 778 441 254 4309 280 359 11 548 254 50580 3752 13 429 50580 3752 11 4573 11 778 254 4309 280 254 5638 11 285 254 6016 778 441 254 4309 280 359 13 185
280 2525 883 440 40 1113 6 83 1006 344 304 481 10668 344 11 8005 883 440 4631 304 2786 463 276 1529 254 12353 280 18466 340 276 536 558 11 285 340 1534 13082 276 359 883 440 40 2786 441 13082 276 330 10133 786 457 340 11 8005 883 440 40 2786 441 2009 340 276 20770 276 18879
340 463 803 10147 279 254 3085 13 429 1610 317 3244 13 304 463 642 5914 344 340 463 803 276 1019 520 2138 11 2195 13 413 36261 927 11 285 344 340 463 803 23094 254 1460 280 254 7883 38816 282 51446 13 304 463 642 5914 344 340 463 803 276 254 22624 11 285 344 340 463 803
668 280 586 50296 0 1308 937 11 1653 11 362 438 279 245 1977 280 18728 17200 11 285 344 6 82 2643 362 438 558 93477 13 304 6 76 441 36720 857 11 548 304 6 76 441 1872 276 28950 857 2818 13 304 6 76 441 36720 857 11 548 304 6 76 441 1872 276 28950 857 2818
440 53 844 3009 12 45 268 97733 883 429 43042 317 745 11096 372 245 6791 8700 11 366 245 3807 1917 11 285 245 3807 3123 11 285 245 3807 1297 11 285 245 3807 4414 11 285 245 3807 3059 11 285 245 3807 5136 11 285 245 3807 2997 11 285 245 3807 7828 11 285 245 3807 7828 11
11 614 331 13 304 463 245 2105 276 536 11 285 304 463 1865 276 536 359 13 304 463 1865 276 2410 340 344 304 608 254 1491 779 643 803 15572 276 1529 5361 280 520 16531 13 304 608 254 1491 779 317 276 330 520 39074 13 304 608 254 1491 779 317 276 330 520 69814 13 304
525 565 340 1019 688 2262 279 601 3059 883 440 3233 11 8005 11 304 1019 5249 883 440 6636 11 937 11 8259 304 778 276 6976 276 12 1356 11 285 340 778 276 330 601 35259 11 285 276 463 521 304 463 11 285 276 330 5738 280 254 2558 285 18047 11 285 276 330 7353 285 4977
11 5924 13 207 16 11 265 13 207 16 15 16 13 185 1 549 207 17 15 393 13 570 1003 3505 245 43042 11 588 395 8548 276 330 245 6796 11 548 359 438 245 43042 11 588 742 1733 9485 964 661 9571 11 285 778 937 73937 42905 13 1955 4759 276 39807 276 30265 4449 4435 254
13 452 27726 5146 280 711 3054 11 285 254 4530 344 304 438 1872 276 330 1503 636 11 778 254 984 2012 344 1401 525 2213 372 565 304 438 1872 276 6976 13 185 40 661 441 803 279 254 2558 4047 4063 11 754 304 4101 254 3066 280 5433 13 452 27726 5146 6 82 5136 279 254 13108
11 657 418 430 2754 43718 254 4530 280 21923 13 1474 254 18730 668 11 254 18730 668 779 317 441 245 12192 11 362 317 430 254 21950 280 586 1377 15413 13 1063 317 254 14725 280 586 1377 27083 13 1063 317 254 14725 280 586 1377 19487 13 1063 317 254 14725 280 586 1377 19487 13 1063 317
1027 1452 359 13 2086 362 2368 359 11 285 937 362 1957 254 5539 12 3087 331 254 6597 285 993 11 440 4388 11 5539 12 3087 11 779 6 82 2149 254 5539 12 3087 1967 285 254 5539 12 3087 993 11 440 2054 2149 359 883 10335 993 11 440 11604 6 82 2149 254 5539 12 3087 1967
285 3530 276 330 586 5391 13 304 6 647 330 586 5391 11 90264 11 285 304 6 647 330 586 5391 0 304 6 647 330 586 5391 0 304 6 647 330 586 5391 2538 185 1 2054 6 647 330 586 5391 11 5482 6 303 1084 993 90264 11 440 384 304 6 647 330 520 48001 30516 11
13701 276 9699 768 1572 13 440 549 766 280 254 20598 280 254 23442 20521 11 285 44429 438 31229 276 330 5418 13 1063 661 803 13218 457 254 23442 344 362 438 276 330 40678 276 254 10755 457 245 16892 588 438 276 11583 473 254 2259 280 99774 87189 11 285 344 362 438 276 330 40678 276 254
711 521 6464 285 3920 11 285 254 4281 438 25288 279 1184 254 4071 11 285 254 8538 438 84507 11 285 254 5409 438 31244 254 8242 1983 4881 11 285 254 12789 17003 11 285 254 43655 497 53195 11 285 254 37178 2495 272 11 285 254 37178 2495 272 11 285 254 37178 2495 272 11 285 254 37178
11 285 11 9989 254 6835 11 304 2373 276 245 1585 5575 11 1066 11 279 254 7144 280 245 9982 280 11387 11 6626 245 8670 11 3682 12 58665 11 16428 4234 11 366 245 4234 12 1684 430 254 1869 11 285 245 4234 12 1684 430 254 5736 11 285 245 4234 12 1684 279 254 6516 11 285
366 857 13 185 58 22 60 429 21021 11 779 438 245 28636 11 438 2424 48241 254 11392 13 185 58 23 60 429 21021 11 779 438 245 28636 11 438 2424 48241 254 11392 13 185 58 24 60 429 21021 11 779 438 245 28636 11 438 2424 48241 254 11392 13 185 58 16 15 60 429 21021
1378 11 5214 16159 11 344 304 608 441 558 1079 20224 372 441 276 28725 344 340 418 441 35989 276 525 13 1257 463 803 1222 276 525 279 1108 245 6166 372 276 1099 525 3655 344 304 661 441 87414 340 457 601 73569 13 304 463 803 1222 276 340 366 558 1266 23792 1242 372 276 1099 525
6218 21868 62395 326 276 330 15699 13 429 766 643 803 11 344 11 754 254 34595 778 636 11 254 668 744 6976 11 285 254 2997 744 8982 359 13 429 405 41699 3085 473 4318 52755 639 642 53033 7578 11 380 784 1218 745 254 668 11 366 7828 558 5030 11 344 2418 317 41400 366 586 5476
429 5371 438 4473 331 254 207 16 15 393 280 6692 13 429 16892 588 4832 359 438 254 655 35 29766 246 5270 588 33997 473 68651 409 331 254 207 16 22 393 280 6692 13 429 655 35 29766 246 6 438 245 30382 12 81817 11 285 838 438 3080 327 254 22398 280 7566 13984 13 2130 438
330 4977 1310 883 440 40 608 441 558 2049 280 344 1084 993 362 11 366 245 9973 13 440 40 608 441 558 2049 280 344 1084 993 362 11 366 245 9973 13 440 40 608 441 558 2049 280 344 1084 993 362 11 366 245 9973 13 440 40 608 441 558 2049 280 344 1084 993 362 11
73596 601 14501 11 838 73596 601 14501 1310 11 838 73596 768 1310 11 285 937 838 73596 768 1310 13 440 2054 418 245 60878 11 22221 5733 1084 838 993 11 440 384 304 543 4827 340 276 3853 11 285 340 2786 441 463 520 23374 883 304 438 441 11547 276 614 276 3853 11 327 304 438 13400
280 9322 359 11 285 254 1143 279 588 362 993 359 11 1401 525 2213 344 304 438 441 276 330 1653 2590 279 601 4858 280 245 39074 13 304 661 642 5914 344 362 744 463 803 7684 276 463 661 525 327 586 4278 12 246 12 10562 11 548 344 362 438 441 254 668 276 1099 254 3685
340 6 82 2149 276 330 245 12 690 246 6 276 245 1207 7767 883 185 1 40 6 76 245 12 690 246 6 276 245 1207 7767 1084 993 254 668 13 185 1 2054 6 82 245 12 690 246 6 276 245 1207 7767 1084 993 254 668 13 440 2054 6 82 245 12 690 246 6 276
12 13084 11 285 245 2317 5299 7987 331 586 1585 13530 13 1063 661 245 2317 8602 11 285 245 2317 15728 11 285 245 2317 33054 11 285 245 2317 5136 13 1063 438 17267 279 245 5501 14459 11 366 245 3682 87659 11 285 245 3682 258 4322 253 13 1063 661 245 2317 4348 12 13084 11 285 245
440 2640 6 82 254 3502 366 340 30 2461 418 340 30118 430 30 2461 418 340 96678 430 30 50857 30 50857 30 50857 1967 185 1 40 6 76 441 30118 430 340 1084 433 1984 314 69087 7589 11 285 362 438 558 27822 344 362 1027 441 12714 245 1734 13 185 1 2640 418 340 30118 430 30
711 254 1143 276 254 2558 280 245 2138 280 27435 11 285 779 11 331 711 76561 344 838 1216 441 1006 254 1143 11 7540 276 20566 711 13 2130 661 937 20940 344 254 668 438 254 1246 779 661 803 2826 279 254 26438 280 254 2558 280 254 40298 11 285 779 661 803 2826 457 254 18448 280
245 1477 838 993 11 440 40 608 441 1872 276 330 245 14725 276 688 668 13 304 608 441 1872 276 330 245 14725 276 688 668 13 304 608 441 1872 276 330 245 14725 276 688 668 13 304 608 441 1872 276 330 245 14725 276 688 668 13 304 608 441 1872 276 330 245 14725 276 688
1529 254 2525 13 185 549 13109 280 254 5225 279 588 304 438 11 438 245 668 280 245 1079 1448 3199 473 254 634 304 463 953 5734 13 1063 438 245 668 280 245 1079 1448 23313 473 254 634 304 463 953 5734 13 1063 438 245 668 280 245 1079 1448 23313 473 254 634 304 463 953 5734
254 5532 13 429 9400 317 280 245 4399 5501 11 285 254 16754 418 280 245 4426 3074 13 429 79954 317 786 245 13925 279 3973 11 285 254 5484 280 254 11072 317 786 207 16 11 15 15 15 5144 13 429 9400 317 1079 2074 11 285 254 5438 317 7665 366 245 10212 6270 280 8485 13 429
372 304 481 3753 13 304 6 76 558 13400 0 304 6 76 558 13400 2538 185 1 40 6 647 5652 340 1084 993 42355 78822 11 440 384 340 2786 2410 525 521 786 359 372 395 614 883 185 1 3233 11 642 2538 838 7899 11 49947 473 857 13 440 40 6 647 441 614 366 340 13
13 304 6 76 1872 276 254 8372 7669 13 304 6 647 330 1062 279 245 8298 13 304 6 313 2149 276 1019 254 8372 13 304 6 647 330 1062 279 245 8298 13 304 6 647 330 1062 279 245 8298 13 304 6 647 330 1062 279 245 8298 13 304 6 647 330 1062 279 245 8298 13
279 1728 372 340 418 276 463 13 1257 418 276 2579 344 340 418 276 330 245 13329 11 285 276 330 10433 372 1108 13 1257 418 276 330 245 13329 11 285 276 330 10433 372 1108 13 1257 418 276 330 245 13329 11 285 276 330 10433 372 1108 13 1257 418 276 330 245 13329 11 285 276
1673 245 1734 11 5426 254 1143 276 254 25597 13 304 5496 11 285 395 8400 254 25597 12 13729 13 429 2823 668 11 779 438 254 4278 280 254 25620 11 285 779 661 803 21200 331 245 3230 11 438 254 889 1491 279 254 2558 13 1063 438 245 8670 11 1136 12 10495 11 20944 2823 668 11
4167 6899 11 285 245 18448 8400 11 17090 245 26999 366 245 10842 12 13910 285 245 11024 280 32795 13 440 40 2698 520 25880 11 5482 6 303 11 548 745 6 82 245 13329 276 1019 340 11 5482 6 303 883 440 32 13329 2538 14016 5433 13 632 2155 11 366 245 1068 280 10782 13 440 32
24357 13 1308 11 279 1714 11 254 1712 668 2970 11 344 254 23735 11 779 438 245 668 280 1228 61204 11 438 16482 276 245 17695 11 285 344 254 11450 250 11 779 438 245 668 280 1228 61204 11 438 16482 276 254 750 1225 280 254 17695 11 285 344 254 984 778 21861 2854 13 429 1712
661 430 1562 2028 1143 276 254 1022 28780 280 601 4910 11 285 11 279 254 1079 2780 280 601 7523 11 661 803 20760 366 245 4357 280 254 1094 18757 285 1094 405 17618 510 41935 13 185 40 661 803 11 327 742 766 11 279 254 10006 280 7123 245 2823 8164 11 779 11 2451 441 279 254
525 13 440 40 463 642 1823 276 33865 9397 1084 362 7091 11 440 2381 457 254 10972 280 601 7080 12 71842 13 304 463 642 1823 276 33865 9397 11 548 457 254 10972 280 601 7080 12 71842 13 304 463 642 1823 276 33865 9397 11 548 457 254 10972 280 601 7080 12 71842 13 304 463 642
7708 661 1409 855 359 11 285 254 7569 661 1409 2302 13 429 7708 438 245 1079 1712 634 11 285 254 7569 438 245 1079 1712 634 11 285 254 668 779 17354 359 438 245 1079 1712 668 11 285 254 668 779 17354 359 438 245 1079 1712 668 11 285 254 668 779 17354 359 438 245 1079 1712
5982 13 185 549 1022 2421 276 330 2368 317 276 2225 254 1977 280 254 17870 11 285 276 1019 3203 359 317 279 245 4098 276 3890 254 9470 13 1273 359 317 441 11 937 359 317 4374 276 1099 6942 11 285 276 536 359 366 521 2198 4583 11 285 276 536 359 279 1108 245 1143 344 254
317 245 1079 1207 3734 280 4247 11 285 344 304 608 1079 14266 280 711 11 285 344 304 608 1079 14266 280 711 11 285 344 304 608 1079 14266 280 711 11 285 344 304 608 1079 14266 280 711 11 285 344 304 608 1079 14266 280 711 11 285 344 304 608 1079 14266 280 711 11 285 344
4373 11 73805 34494 11 19988 11 285 1279 40740 11 344 254 2784 280 1853 285 8522 1555 661 803 34683 276 1099 586 5391 2579 586 3199 13 5067 2764 438 2246 3915 276 2046 13 5067 6714 438 786 245 1012 8097 853 711 6964 6 82 26 285 711 1015 49442 465 279 3437 661 803 5929 276 586 13
326 12702 11 285 366 245 9973 11 838 661 803 12734 276 857 11 285 1132 838 993 11 440 40 608 7684 276 4704 359 13 304 608 7684 276 4704 359 883 440 40 608 7684 276 4704 359 1084 838 9842 11 285 711 3545 778 2201 280 12867 13 440 40 608 7684 276 4704 359 13 304 608
18261 1224 11 440 40 463 803 5764 280 254 766 754 304 1022 3505 340 11 285 280 254 766 754 304 1022 3505 340 1310 13 304 463 803 5764 280 254 766 754 304 1022 3505 340 11 285 280 254 766 754 304 1022 3505 340 1310 13 304 463 803 5764 280 254 766 754 304 1022 3505 340
642 11 642 26 362 6 82 245 668 280 254 5532 11 285 245 668 280 254 5532 11 285 245 668 280 254 5532 6 82 1377 2997 13 1063 6 82 245 668 280 254 5532 11 285 245 668 280 254 5532 6 82 1377 2997 13 1063 6 82 245 668 280 254 5532 11 285 245 668 280
254 3451 285 254 4747 11 285 254 2066 280 254 3451 279 254 4747 13 21343 480 85 17687 6 82 1377 1728 438 441 245 4977 634 11 285 362 438 441 245 4977 668 13 1063 438 245 668 280 254 1843 11 285 362 438 245 668 280 254 1843 11 285 362 438 245 668 280 254 1843 13
11 12450 11 285 11348 11 254 3000 280 5922 4759 276 330 39984 881 254 1810 13 304 463 1866 2826 1108 245 7702 279 521 601 1728 13 304 463 2826 245 1207 1313 2012 279 601 766 11 548 304 1866 3505 3270 276 5929 359 13 304 463 2826 245 1207 1313 2012 279 601 766 11 548 304 1866
185 185 1380 438 521 1329 1132 11 285 304 438 7684 280 359 13 304 438 7684 276 1019 254 38741 285 254 38741 4977 11 285 304 438 7684 276 1019 10335 4977 11 285 304 438 7684 276 1019 254 38741 285 254 38741 4977 11 285 304 438 7684 276 1019 10335 4977 11 285 304 438 7684 276 1019
304 6 647 330 745 276 1019 359 13 304 6 647 330 745 276 1019 359 0 304 6 647 330 745 276 1019 359 0 304 6 647 330 745 276 1019 359 0 304 6 647 330 745 276 1019 359 0 304 6 647 330 745 276 1019 359 0 304 6 647 330 745 276 1019 359 0 304
366 895 5919 13 429 889 4098 280 895 1435 11597 317 344 359 1023 330 274 4942 637 29432 510 14164 331 254 2764 13 429 1437 280 274 3257 317 254 5919 280 359 13 429 889 2806 2643 395 8836 276 30265 769 8052 317 344 254 15951 280 769 11750 418 1653 12906 276 330 28782 13 429 889 2806
2215 13 440 40 6 647 463 276 330 1079 11955 366 857 11 285 441 1632 857 1019 344 304 6 76 19640 430 857 13 304 1534 330 1079 11955 11 1079 11955 883 440 40 6 647 2410 340 856 11 304 6 647 614 285 1019 857 276 12 10407 11 285 304 6 647 2410 857 344 304 6
480 85 17687 2970 11 440 2450 438 245 668 280 1228 15035 11 285 280 245 1079 1461 5786 11 285 280 245 1079 1228 285 12573 2997 11 285 280 245 1079 1228 285 12573 2764 11 285 280 245 1079 1228 285 12573 7828 11 285 280 245 1079 1228 285 12573 5786 11 285 280 245 1079 1228 285 12573
711 276 1099 245 543 279 586 9000 13 1063 438 245 668 280 254 1843 11 285 362 4437 344 565 362 1027 752 711 276 1099 245 543 11 362 744 330 2049 280 711 3054 13 1063 438 245 668 280 254 1843 11 285 362 4437 344 565 362 1027 752 711 276 1099 245 543 11 362 744 330
2764 254 48374 280 245 2569 9350 362 661 661 366 5157 10458 13 1063 661 803 11051 857 280 254 8387 2012 344 661 6628 276 857 279 254 3085 11 285 280 254 8387 2012 344 661 6628 276 857 279 5922 13 1063 661 803 11051 857 280 254 8387 2012 344 661 6628 276 857 279 254 3085 11 285
304 661 642 5844 13 185 549 2112 1492 304 438 2143 276 2696 13 185 11484 9602 185 40 438 1132 276 330 245 36396 430 13924 1118 37520 11 245 20435 2696 11 6879 457 254 20435 280 254 7353 11 285 13185 457 254 41319 280 254 7448 280 6435 13 185 40 438 6524 1555 1712 754 304 8400 359
15128 11 285 304 438 7684 280 359 13 440 40 463 803 5764 1084 362 993 11 440 994 245 2449 327 520 35173 11 5214 43453 248 13 304 463 245 1585 4709 280 9910 279 2343 11 285 304 1121 340 276 330 280 359 13 304 463 245 2138 11 245 1079 1712 2138 11 779 317 4321 276 12
11 285 280 254 1313 3997 779 778 7415 276 525 13 304 438 441 2618 558 1266 245 668 372 276 330 2249 276 8982 254 2215 280 17616 13 304 438 441 2618 558 1266 245 668 372 276 330 2249 276 8982 254 2215 280 17616 13 304 438 441 2618 558 1266 245 668 372 276 330 2249 276 8982
254 1094 4171 4247 279 254 2563 13 2130 438 937 245 5075 280 49028 11 285 304 2215 711 1079 20944 13 304 5175 838 438 17267 279 3682 50639 11 366 245 46070 280 16639 12 43618 279 711 5539 11 285 245 39811 280 32270 13 2130 438 1079 1266 37941 11 285 304 2215 711 1079 20944 13 304 438
304 608 2049 344 362 11782 254 1246 5135 525 13 304 463 441 2618 3542 857 280 254 4349 280 601 4209 11 327 304 608 10297 344 359 543 330 245 11163 276 857 11 285 304 608 441 2049 344 362 543 441 330 10249 457 359 13 304 463 441 2618 3542 857 280 254 4349 280 601 4209 11
401 20056 11 207 16 23 19 23 185 1 549 1022 43042 5225 438 4930 279 207 16 22 16 17 11 285 254 1022 43042 6246 438 1401 279 207 16 22 16 20 13 429 1022 43042 6246 438 1222 327 14871 11 285 254 1022 43042 6246 15817 438 1401 279 207 16 22 16 21 13 429 1022 43042
3093 366 856 362 481 752 11 285 441 330 1653 2590 883 185 1 40 608 2049 304 608 1079 11547 327 857 1084 993 16159 11 440 384 304 608 2049 304 608 1079 11547 327 340 11 327 304 608 2049 340 1534 330 1079 1266 42600 883 185 1 40 608 441 42600 1084 993 20244 31739 7165 4790 11
441 856 359 438 13 304 463 1866 2826 857 1673 245 6153 280 14602 13 304 463 1866 2826 586 3059 1673 245 3078 280 586 18825 13 304 463 1866 4133 430 857 1673 245 6763 8836 276 29688 601 3545 331 857 13 304 463 1866 4133 430 857 1673 245 6763 8836 276 29688 601 3545 331 857 13 304
254 6835 11 285 745 395 1503 254 6835 12 13729 8364 1721 11 285 254 6835 12 13729 8364 12 5456 11 366 254 6835 12 13729 8364 11 285 254 6835 12 13729 4239 11 521 279 245 1977 280 254 1094 3224 1835 285 71247 13 429 6835 12 13729 8364 438 245 1079 20944 634 11 366 245 8665 9888
711 279 254 1246 1810 11 285 279 254 1246 15933 11 285 366 254 1246 5761 280 28641 13 304 438 441 11547 276 1019 711 11 327 304 661 245 1228 22341 276 1006 856 838 744 1481 276 525 11 285 304 438 441 11547 276 463 254 5844 280 11051 711 344 304 661 803 276 1019 5214 32711 844
1215 254 4247 11 440 5015 536 340 2059 457 359 30 2461 536 340 2059 457 359 30 2461 536 340 2059 457 359 30 2461 536 340 2059 457 359 30 2461 536 340 2059 457 359 30 2461 536 340 2059 457 359 30 2461 536 340 2059 457 359 30 2461 536 340 2059 457 359 30 2461 536 340
285 62794 0 185 185 1679 5048 13771 13 185 185 1679 5048 13771 13 185 185 1679 5048 13771 13 185 185 1679 5048 13771 13 185 185 1679 5048 13771 13 185 185 1679 5048 13771 13 185 185 1679 5048 13771 13 185 185 1679 5048 13771 13 185 185 1679 5048 13771 13 185 185 1679 5048 13771 13 185
254 22569 13 78618 285 304 40178 11 285 304 2149 881 254 12185 13 429 5455 438 245 8670 11 33976 668 11 366 245 3074 3059 285 245 3074 15728 11 285 362 661 245 15640 11 245 1585 668 366 245 10212 3059 285 245 1234 15728 13 429 5676 11 779 438 254 5455 11 2149 581 276 586 9888
11 2955 11 285 5467 11 285 245 1207 12 49671 7080 11 285 245 1207 12 27325 7080 11 285 245 1207 12 49671 7080 11 285 245 1207 12 49671 7080 11 285 245 1207 12 49671 7080 11 285 245 1207 12 49671 7080 11 285 245 1207 12 49671 7080 11 285 245 1207 12 49671 7080 11 285 245
643 245 15238 276 586 4887 13 185 64108 480 85 17687 6 82 2722 418 25 185 12 429 13445 11 207 16 20 16 18 13 185 12 429 6596 280 6368 11 207 16 20 17 15 13 185 12 429 11380 280 27217 11 207 16 20 17 20 13 185 12 429 6596 280 6368 11 207 16 20
601 2802 11 285 438 9120 276 4283 254 2558 13 185 40 438 1132 279 245 4098 276 6730 2065 254 4378 280 601 1728 11 285 276 2225 254 4910 280 254 1435 779 661 803 254 4309 280 601 73459 13 304 661 803 254 17180 280 245 26636 11 285 254 26636 438 601 1377 10916 13 304 661 803
280 254 9684 11 285 359 317 276 330 10689 344 362 438 441 254 889 5612 280 586 2617 779 438 245 1272 18448 13 3848 4209 11 86561 11 438 245 55913 11 285 586 6251 11 42864 11 438 245 5612 280 254 9288 280 16575 13 429 7317 438 245 668 280 1228 6184 11 285 438 254 1022 276
5653 51886 8 463 803 4828 372 21025 276 254 43042 2617 13 1474 11 372 304 463 2571 1098 22264 11 254 43042 317 245 8700 11 285 11 4573 11 254 2330 12 25565 8700 418 441 64048 13 429 43042 317 245 8700 11 285 11 4573 11 254 2330 12 25565 8700 418 441 64048 13 429 43042 317 245
429 1246 5761 543 330 11636 457 254 48984 4449 11 285 543 330 95424 457 254 48984 779 418 2112 276 768 13 429 1246 5761 543 330 11636 457 254 48984 779 418 2112 276 768 11 285 558 331 13 429 1246 5761 543 330 11636 457 254 48984 779 418 2112 276 768 11 285 558 331 13 429 1246
438 521 1592 285 7257 11 285 304 438 5254 13 185 40 438 279 245 10601 1810 11 285 304 1019 359 13 304 438 279 245 2876 11 285 304 1006 271 359 13 304 438 279 245 2876 11 285 304 1006 271 359 13 304 438 279 245 2876 11 285 304 1006 271 359 13 304 438 279 245
438 7684 276 752 2302 11 285 11 372 304 2674 636 11 304 4101 254 5738 280 254 2558 1481 276 586 5391 11 207 790 40 487 647 441 463 344 7080 1285 1310 13 976 185 790 40 487 647 441 463 344 7080 1285 1310 11 976 362 9842 11 372 304 6079 254 4167 13 185 790 40 487
6444 2296 245 1079 1207 3059 11 285 245 1079 1207 5617 11 285 245 1079 1207 6166 13 304 661 441 2826 711 1323 11 285 304 661 441 2826 711 1962 13 2130 438 17267 279 3438 11 285 661 245 1079 1207 61414 331 13 2130 438 245 1079 1207 12 13275 4247 11 285 304 2215 711 1079 4245 13
11445 778 7367 13 1063 438 279 245 1228 1977 280 47169 11 285 362 993 344 362 661 1503 586 4209 13595 5030 279 254 4837 13 1063 438 279 245 1977 280 1228 17200 11 285 362 438 558 55433 344 362 1027 441 2410 450 856 661 6628 13 1063 438 279 245 1977 280 1228 17200 11 285 362 438
1094 8133 280 254 9659 27675 13 21343 480 85 17687 438 2143 276 12520 276 60669 857 331 586 13363 11 285 276 3685 857 254 3248 280 254 67166 479 20818 13 185 64108 480 85 17687 438 1132 279 586 13888 12 346 48065 1012 11 285 661 803 327 742 766 279 254 2418 280 254 20818 13 1063 661
745 11 285 254 4443 317 276 4283 768 13 185 549 1022 280 1069 317 254 1094 3915 11 285 254 1864 254 1094 3244 11 285 254 4443 254 1094 3915 13 429 1022 317 254 1094 3915 11 1373 359 317 4374 276 463 245 1228 5206 11 285 276 330 2249 276 1099 938 280 359 11 285 276 330
362 317 245 1207 7080 11 285 304 608 7684 276 1019 857 1285 883 185 1 40 608 7684 276 1019 857 11 1653 1084 993 2195 13 16845 13 440 40 463 441 2826 857 327 245 1234 766 11 285 304 608 7684 276 1019 857 13 304 608 7684 276 1019 340 11 1653 11 2195 13 16845 883 185
20436 525 11 285 304 438 10297 13 304 438 10297 280 14059 11 285 304 438 10297 280 254 17981 13 304 438 10297 280 254 17981 11 285 304 438 10297 280 254 21067 13 304 438 10297 280 254 21067 11 285 304 438 10297 280 254 17981 11 285 304 438 10297 280 14059 11 285 304 438 10297 280
13 185 549 1246 2421 317 1927 280 1462 779 11 457 704 1377 6184 11 463 3261 26124 13 1494 254 1246 2421 317 1927 280 1462 779 11 457 704 1377 6184 11 463 3261 26124 11 372 280 1462 779 11 457 704 1377 6184 11 463 3261 26124 13 1494 254 1246 2421 317 1927 280 1462 779 11 457
254 5141 661 2028 711 4452 11 285 838 438 441 1872 276 330 2115 457 688 9103 280 711 4143 6 82 13 185 1 40 608 2049 1084 993 5433 13 6493 2267 11 440 2573 5214 52493 2734 317 1079 33499 13 304 1866 1266 37941 711 9233 11 548 304 1921 1378 711 1079 4245 11 285 608 1266 24070
525 245 4347 473 245 668 779 438 279 245 25683 11 285 3637 525 276 2102 359 276 857 13 304 4366 359 276 857 11 285 362 2674 842 13 304 3505 857 614 881 254 2558 13 304 3505 857 614 279 11 285 304 3505 857 1865 636 1310 13 304 3505 857 614 279 285 1865 636 1310 13
430 2561 11 47830 1084 993 13126 13 440 40 6 76 441 1872 276 330 245 12 3873 276 12 6638 11 47830 13 304 6 76 1872 276 2097 581 366 340 883 440 3233 11 13126 1084 993 304 11 440 40 6 76 441 1872 276 330 245 12 3873 2818 13 304 6 76 1872 276 2097 581 366
279 254 8485 13 185 1 40 3860 856 254 766 317 1084 993 13126 11 2709 430 254 1712 8538 13 185 1 38008 12 24961 4484 1084 993 304 13 185 1 38008 12 24961 4484 1084 9842 13126 13 440 40 3860 856 766 359 317 430 254 4995 1967 185 1 38008 12 24961 4484 1084 993 13126 13 185
13 304 608 10297 304 608 441 245 1079 1207 12218 280 601 1377 3199 13 304 608 10297 304 608 245 1585 1653 16902 11 285 304 608 10297 304 608 245 1585 1653 14266 280 6807 13 304 608 10297 304 608 245 1585 1653 14266 280 9910 13 304 608 10297 304 608 245 1585 1653 14266 280 27763 13 304
438 279 245 4558 11 285 993 838 744 614 1719 13 304 3542 711 838 1667 614 11 285 838 2674 13 304 2786 441 9847 711 11 285 838 1534 441 2162 525 276 9847 711 13 304 2786 441 330 430 1719 276 12 6638 11 285 304 2786 441 330 430 1719 276 12 10407 13 304 2786 330 279
1207 2012 280 1728 317 276 330 1503 279 437 2563 883 440 40 6 76 7684 340 837 359 11 8005 1084 993 254 1712 668 11 366 245 9973 280 14916 13 440 40 6 76 2049 304 6 76 7684 340 837 359 11 327 304 6 313 803 245 3822 280 8168 276 752 359 581 11 285 304 6
3398 280 254 13976 11 285 254 3000 280 254 9320 28867 11 285 254 2006 11 285 254 2360 406 674 1627 11 285 254 2360 406 674 68119 11 285 254 2360 406 674 68119 2360 406 674 1627 11 285 254 2360 406 674 68119 2360 406 674 68119 2360 406 674 1627 11 285 254 2360 406 674 68119 2360
38601 11 362 3061 359 581 285 4732 276 6540 359 13 185 549 2112 2421 362 1216 438 276 1529 245 1760 5836 280 254 1246 71757 11 285 11 1166 2497 7488 359 881 1760 8155 11 362 1957 359 881 245 1760 8643 11 285 937 11 2497 3443 245 1760 5836 280 254 1246 71757 11 362 1957 359 881
438 586 327 454 13 1063 438 245 1207 3822 280 245 1297 276 614 276 254 11575 11 285 362 438 245 1207 3822 280 245 1297 276 614 276 254 11575 13 1063 438 245 1207 3822 280 245 1297 276 614 276 254 11575 13 1063 438 245 1207 3822 280 245 1297 276 614 276 254 11575 13 1063 438
668 779 317 5030 11 317 441 558 9436 372 254 17920 280 245 668 779 317 4731 883 440 40 463 803 5764 1084 993 95756 333 11 440 2573 304 463 803 1079 4977 883 440 40 463 803 5764 1084 993 10585 522 11 440 2573 304 463 803 1079 4977 883 440 40 463 803 5764 1084 993 95756 333
245 1143 372 276 1099 359 3976 344 362 317 254 889 1491 779 481 330 280 688 938 276 711 30 304 1023 463 2215 344 11 565 362 661 688 4139 327 586 1377 11582 11 362 744 463 803 1079 11955 276 4945 688 8753 280 1108 245 4714 13 304 1023 463 2215 344 362 744 463 803 1079 11955
11 285 304 3320 6 83 1121 276 614 1062 276 254 29274 6 82 11 285 304 3320 6 83 1121 276 614 1062 276 254 29274 6 82 11 285 304 3320 6 83 1121 276 614 1062 276 254 29274 6 82 11 285 304 3320 6 83 1121 276 614 1062 276 254 29274 6 82 11 285 304 3320
285 438 279 254 10006 280 12716 276 711 4143 279 254 6775 280 245 1828 280 245 761 29861 11 410 245 761 61414 11 410 245 761 5696 280 13085 13 185 549 2558 30516 11 779 438 245 1207 12 49671 11 1207 12 84366 5075 11 285 441 855 12 870 80419 279 711 64529 11 438 441 11547 276
304 438 245 1867 11 304 438 245 1228 8959 280 5515 11 285 304 1274 3694 344 304 1027 2762 601 4054 331 13 304 438 245 1228 8959 280 5515 11 285 304 1274 3694 344 304 1027 2762 601 4054 331 13 304 438 245 1228 8959 280 5515 11 285 304 1274 3694 344 304 1027 2762 601 4054 331
1022 11 548 304 536 1132 13 304 608 7684 340 463 1503 711 13 304 608 7684 340 463 1503 711 13 304 608 7684 340 463 1503 711 13 304 608 7684 340 463 1503 711 883 440 40 608 7684 304 463 1503 711 1084 993 16985 997 23590 11 285 362 3061 35457 3987 6 82 1297 285 28734 359
1492 285 754 304 438 4321 1719 473 254 29274 6 82 362 438 26406 327 525 13 1063 993 362 744 74251 525 565 304 3320 6 83 18375 1872 745 13 304 993 304 744 11 285 304 744 1653 11 285 304 744 2410 254 29274 13 1063 993 362 744 2876 525 13 304 993 304 744 2410 254 29274
6 82 3059 11 410 279 254 3059 280 254 668 779 661 803 711 6964 11 410 279 254 3059 280 254 668 779 661 803 711 6964 6 82 2138 11 410 279 254 3059 280 254 668 779 661 803 711 6964 6 82 2138 6 82 5391 11 410 279 254 3059 280 254 668 779 661 803 711 6964
254 2558 13 304 438 9368 457 254 22533 546 11 366 601 2135 331 601 20403 11 285 601 1917 18261 1224 11 754 245 2838 13952 430 254 4167 1401 525 1330 13 440 17095 279 1084 304 993 13 429 4167 6899 11 285 5433 13 37944 8400 13 440 40 463 2143 327 340 11 16098 1084 838 993 11
330 745 276 8470 525 13 304 463 642 2138 11 22137 11 285 304 608 5254 13 304 463 642 2138 11 22137 11 285 304 608 5254 13 304 463 642 2138 11 22137 11 285 304 608 5254 13 304 463 642 2138 11 22137 11 285 304 608 5254 13 304 463 642 2138 11 22137 11 285 304 608
11 285 937 11 366 245 2495 26902 8544 11 838 4540 285 2116 254 6351 13 429 10079 778 20394 13 1955 778 20394 366 35457 3987 632 2155 13 1955 778 63483 366 711 13 1955 778 85908 366 711 13 1955 778 85908 366 711 13 1955 778 9770 366 8810 13 1955 778 13869 4449 366 9175 13 1955 778
10631 13 1474 11 3904 1984 11 304 6 76 441 1872 276 330 558 23371 372 276 14092 245 668 6 82 2758 842 11 565 304 481 1345 359 13 304 6 647 441 14092 245 668 6 82 2758 842 11 565 304 481 1345 359 13 304 6 647 441 14092 245 668 6 82 2758 842 11 565 304
11 601 7415 7080 11 304 463 245 9000 276 2088 280 340 13 304 1121 340 276 330 601 1608 668 883 440 40 608 520 2138 11 20560 1084 993 6536 88 329 11 440 384 304 608 520 2138 6 82 2138 11 285 304 608 520 2138 6 82 2138 6 82 2138 11 285 304 608 520 2138 6
285 362 1866 6937 13 304 438 1872 276 1282 276 857 11 754 362 4540 586 1917 11 285 304 3505 586 3059 13 809 438 372 3682 372 254 16637 12 9218 11 285 586 3545 778 4965 331 254 2558 13 304 438 1872 276 3753 11 548 362 1957 586 1297 581 11 285 304 3505 857 22689 586 1917
304 661 441 2618 3542 13126 280 601 1207 16531 13 304 438 558 7684 276 1378 280 359 11 344 304 2149 581 285 17267 4367 11 285 2674 1224 276 254 61696 13 13126 438 441 745 11 548 13126 6 82 5391 438 13 440 6568 11 47830 1084 993 838 11 440 40 6 76 7684 276 1019 340 581
9609 636 11 440 17095 279 11 20519 11 536 1865 279 883 185 549 20519 11 3111 11 778 441 276 330 34638 11 285 254 13627 778 18741 276 330 3093 366 254 30710 344 657 744 1282 1310 331 254 57172 13 185 549 20519 937 10408 1062 276 364 1431 1427 11 285 254 13627 5651 276 254 5141 12
254 2516 280 245 1860 7742 6593 13 304 463 803 2709 581 254 1460 279 254 8372 8727 11 285 304 1275 344 254 668 779 438 9571 438 245 2195 13 3326 433 649 11 245 31102 279 254 3477 280 254 6982 17506 41973 7947 13 1063 438 245 9552 668 11 285 586 5391 317 1592 4731 13 1063 438
2143 1224 276 2738 254 1977 13 2071 438 839 245 1760 14722 280 9187 11 588 661 803 4473 457 245 8164 11 285 778 14811 276 601 19183 13 1955 778 280 245 1079 15400 285 28383 4910 11 285 778 10785 655 36 13 413 13 414 4689 304 463 768 1285 11 285 304 543 1274 340 634 280 768
525 1310 11 285 304 40376 768 13 440 2280 1132 1084 993 304 11 440 40 608 1872 276 1529 245 3667 11 285 304 2786 330 1062 279 245 1079 1860 4063 883 304 2674 636 11 285 10408 786 254 13182 327 245 1585 1477 11 285 937 2373 1062 13 304 1503 13126 285 380 49560 661 5418 11 285
83 1006 946 304 6 313 803 5764 280 711 521 1492 0 304 6 313 803 5764 280 711 521 1492 1234 11 285 304 6 313 803 5764 280 711 521 2653 13 304 6 313 803 5764 280 711 521 1492 1234 11 285 304 6 313 803 5764 280 711 521 2653 13 304 6 313 803 5764 280 711
877 438 558 35543 344 362 1027 441 12714 245 1734 13 440 40 438 4906 786 254 15674 280 254 1712 67385 62682 4247 1084 433 1984 314 69087 2674 331 11 440 384 304 438 4906 786 254 15674 280 254 1712 67385 62682 4247 11 285 304 438 4906 786 254 15674 280 254 1712 67385 62682 4247 11 285 304
362 993 11 440 672 6710 11 304 3634 1967 440 5661 11 8005 1084 7589 1981 2079 87264 11 440 672 6710 433 1984 314 69087 883 440 40 608 245 55913 1084 254 13329 2674 331 11 440 384 304 463 1865 276 1019 340 11 433 1984 314 69087 11 331 2105 13 304 608 254 8037 280 254 9597 11
11 285 304 661 4101 280 5214 32711 844 303 6 82 37713 11 285 304 661 4101 280 5214 32711 844 303 6 82 3054 11 285 304 661 4101 280 5214 32711 844 303 6 82 2558 11 285 304 661 4101 280 5214 32711 844 303 6 82 16531 11 285 304 661 4101 280 5214 32711 844 303 6 82
276 254 20806 11 410 657 418 441 558 3080 13 1273 657 418 558 3080 11 657 418 280 642 938 276 857 11 285 362 317 441 3080 276 768 26 548 565 657 418 441 558 3080 11 657 418 280 642 938 276 857 11 285 362 317 441 3080 276 768 13 185 549 20806 11 4573 11 9090
11 304 39333 636 25 185 1 17464 11 745 0 2461 340 3217 1285 1967 185 1 11604 418 340 1967 185 1 40 6 76 254 6404 280 14836 13 8886 418 340 1967 185 1 40 6 76 254 6404 280 14836 6 82 6251 13 2461 418 340 3217 1285 1967 185 1 40 6 76 254 6404 280 14836
366 14885 11 285 304 608 2049 362 543 441 330 2249 276 2240 586 1377 15521 13 304 608 441 2049 344 304 2786 330 2249 276 2240 7207 13 304 608 441 2049 344 304 2786 330 2249 276 2240 7207 13 304 608 441 2049 344 304 2786 330 2249 276 2240 7207 13 304 608 441 2049 344 304 2786
279 245 9507 2876 13 1955 6 248 279 254 6516 280 254 8144 11 285 254 5409 6 82 31244 245 49368 13 1955 6 248 279 245 3806 1143 11 285 657 6 248 441 1872 276 752 636 280 359 13 1955 6 248 279 245 3806 1143 11 285 657 6 248 441 1872 276 752 636 280 359 13
185 185 549 2135 438 7019 279 207 16 20 16 18 11 285 21343 480 85 17687 438 19752 331 254 5361 280 2497 4473 359 13 1063 438 53682 279 254 20686 280 5645 57823 11 285 438 7964 889 1166 254 4349 280 46678 315 6 78883 13 185 185 64108 480 85 17687 6 82 2135 438 441 7019 279
48988 586 4054 13 440 40 6 76 441 245 668 276 330 43833 1215 366 11 285 304 6 647 463 642 668 6 82 1734 2481 7207 13 440 40 6 76 441 245 668 276 330 43833 1215 366 11 285 304 6 647 463 642 668 6 82 1734 2481 7207 13 440 40 6 76 441 245 668 276
13 185 549 2563 438 1079 7257 11 285 254 4281 438 25288 52405 331 254 5575 7636 285 254 3682 2558 12 7657 82 9541 13 185 790 40 608 7684 340 463 1865 11 976 993 5433 13 413 17434 11 372 304 8400 13 207 790 40 463 803 5764 280 340 521 1492 13 976 185 790 40 463 803
6 67 463 803 279 254 8276 13 1063 6 67 463 803 279 254 8276 11 285 304 6 67 463 661 276 614 276 254 8372 285 2698 327 857 13 1063 6 67 463 803 279 254 8276 11 285 304 6 67 463 661 276 614 276 254 8372 285 2698 327 857 13 1063 6 67 463 803 279
304 438 441 11547 276 1019 254 1062 280 254 2607 11 285 304 438 7684 276 330 2116 5254 366 601 23577 13 304 438 441 11547 276 330 2116 5254 366 601 23577 13 304 438 441 11547 276 330 2116 5254 366 601 23577 13 304 438 441 11547 276 330 2116 5254 366 601 23577 13 304 438 441 11547
254 20583 11 285 745 11 279 245 1585 1272 12 6005 11 362 1401 857 7369 245 14529 280 8193 11 285 6540 245 1207 8512 13 440 4388 11 601 7415 2138 1084 993 362 11 440 40 463 245 1585 2105 276 536 11 285 304 1534 4283 340 13 304 2786 330 1062 279 274 5064 410 984 13 4946
254 6565 280 254 10405 11 285 254 6565 280 254 10405 13 429 4281 438 581 11 285 254 4281 438 1224 11 285 254 4281 438 581 1310 11 285 254 4281 438 1224 1310 11 285 254 4281 438 581 1310 11 285 254 4281 438 1224 1310 11 285 254 4281 438 581 1310 11 285 254 4281 438 1224
15606 285 7468 11 285 254 10727 11 285 254 15606 12 34321 11 285 254 15606 12 34321 11 285 254 15606 12 34321 11 285 254 15606 12 34321 11 285 254 15606 12 34321 11 285 254 15606 12 34321 11 285 254 15606 12 34321 11 285 254 15606 12 34321 11 285 254 15606 12 34321 11 285 254
254 1094 8133 19346 11 276 330 8963 43690 881 254 1094 9541 1977 280 6153 13 185 40 661 803 558 1234 25110 276 254 8213 280 254 5030 11 344 304 1027 441 8982 254 6943 280 254 4731 13 304 661 803 558 1234 25110 276 254 8213 280 254 5030 11 344 304 1027 441 8982 254 6943 280 254
344 395 778 276 614 279 745 13 185 185 1 40 463 245 2563 1285 1084 362 993 11 440 384 304 463 245 2138 1285 11 285 304 463 245 2138 1285 11 285 304 463 245 2138 1285 11 285 304 463 245 2138 1285 11 285 304 463 245 2138 1285 11 285 304 463 245 2138 1285 11 285
586 3123 881 254 3207 11 362 3450 1224 331 586 5144 11 285 11 366 245 6363 8079 11 317 5418 13 185 549 14572 317 245 1234 11 2495 11 285 3272 9745 2563 11 366 245 9539 3205 279 254 9911 11 285 245 9539 3205 279 254 6597 13 429 2376 317 245 1234 11 2495 11 285 3272 9745
601 2772 0 304 6 76 245 32494 668 2538 362 7899 11 285 7276 1062 279 245 5030 17203 13 440 40 6 76 245 32494 668 2538 362 9842 11 285 937 11 372 254 47302 285 304 6626 2709 430 857 11 362 13326 881 245 4357 280 93400 24493 13 440 40 6 76 245 32494 668 2538 362 7899
803 245 10549 1439 768 11 285 362 661 803 4977 279 359 13 1063 661 803 4977 279 359 13 1063 661 803 4977 279 359 11 285 362 661 803 4977 279 359 13 1063 661 803 4977 279 359 11 285 362 661 803 4977 279 359 13 1063 661 803 4977 279 359 11 285 362 661 803 4977 279
340 837 359 1967 185 1 40 1113 6 83 1006 856 340 2059 1084 993 254 26714 11 285 362 438 786 276 614 636 13 185 1 2054 418 245 12192 11 285 340 1113 6 83 1006 856 340 418 3217 13 1257 418 245 12192 11 285 340 1113 6 83 1006 856 340 418 3217 13 1257 418 245
2826 457 450 883 570 32398 14371 6 82 79805 11 338 13 35 13 207 16 22 22 18 13 440 549 43042 317 245 1079 2317 9538 11 285 317 280 245 3438 844 9273 11 285 317 1503 279 254 5532 11 285 317 1079 8240 11 285 317 1079 1207 276 6540 883 570 549 99256 280 6862 3326 24306
245 7424 1136 9552 26 285 5433 13 6493 2267 11 2451 838 1027 441 330 2424 4977 11 438 430 2754 372 9016 372 711 32972 13 16159 438 254 889 634 280 254 2617 779 1027 441 330 2424 4977 13 2130 438 441 889 70144 11 548 30462 11 457 711 4143 6 82 12746 13 2130 1027 441 548 330
1023 2647 330 2249 276 752 636 280 254 12185 11 285 3203 304 1023 2647 330 2249 276 752 1719 1310 13 304 438 46282 457 254 6839 6 82 9609 636 11 440 4898 395 418 2538 285 2709 581 11 304 3505 344 395 778 430 254 1869 280 254 12967 13 429 12185 8583 11 285 254 6839 2149 1224
842 853 304 608 11 548 340 418 24070 13 1257 418 441 558 4977 372 340 1378 13 1257 418 441 558 4977 372 304 608 13 1257 418 441 558 4977 372 304 608 13 304 608 441 558 4977 372 304 608 13 304 608 441 558 4977 372 304 608 13 304 608 441 558 4977 372 304 608 13
330 13 304 463 2826 254 1590 1843 13 304 463 2826 344 359 317 340 344 304 1121 13 304 463 2826 344 359 317 340 344 304 2126 13 304 463 2826 344 359 317 340 344 304 14602 13 304 463 2826 344 359 317 340 344 304 44782 13 304 463 2826 344 359 317 340 344 304 14602 13
25283 11 285 441 586 13128 547 3384 13 1308 558 11 279 254 1828 3940 11 254 69232 355 438 441 276 330 4061 276 1275 857 430 254 61480 2139 8933 11 410 5924 67638 8355 11 410 688 750 280 254 1712 12 36532 22555 12 54400 11 548 279 742 750 1810 11 1066 362 661 1866 803 2826 1323
280 5586 11 285 304 438 441 24070 13 304 438 441 254 2246 22866 280 254 41454 280 601 5586 11 285 304 438 441 1673 245 3655 344 601 4209 744 441 330 87414 366 525 13 304 438 441 1673 245 3655 344 362 744 441 330 87414 366 525 13 304 438 441 1673 245 3655 344 362 744 441
40 6 313 803 5764 1084 362 993 11 440 2573 304 6 313 803 1079 26663 276 340 11 1981 1887 877 13 304 6 76 11547 13 304 6 76 441 279 245 1079 1207 4207 276 12 1356 13 304 6 76 441 1079 1136 13 304 6 76 441 1079 1136 11 340 1006 13 304 6 313 803 3730
276 245 8164 279 254 3085 11 779 643 1962 4473 276 525 344 838 317 3148 65481 366 711 13 304 608 2049 304 608 1079 7684 276 330 280 938 276 688 634 11 285 304 608 2049 340 543 441 1378 525 16902 565 304 1481 344 304 608 1079 7684 276 330 280 938 276 340 883 185 1 40
13 304 608 2049 304 1113 6 83 1006 946 657 536 359 13 304 608 2049 304 7045 6 83 13 304 608 2049 304 7045 6 83 13 304 608 2049 304 7045 6 83 13 304 608 2049 304 7045 6 83 13 304 608 2049 304 7045 6 83 13 304 608 2049 304 7045 6 83 13 304 608
285 937 11 366 245 6751 23310 11 2674 276 3853 13 440 40 608 441 245 668 280 254 1843 11 285 304 608 441 245 668 280 254 1843 6 82 4703 13 304 608 245 668 280 254 1843 6 82 830 11 285 304 608 245 668 280 254 1843 6 82 830 6 82 4703 13 304 608 245
1006 856 276 1378 280 520 12114 883 440 40 608 1079 11547 1084 993 304 11 440 2573 304 463 441 4473 276 768 11 548 304 463 803 558 3730 344 304 463 441 803 2249 276 2785 245 5578 13 304 608 1132 1266 2018 11 285 304 3655 276 330 2249 276 3708 276 768 1079 3444 883 440 40
276 4349 11 285 279 254 750 362 438 279 7082 280 1435 31947 285 63987 271 13 185 185 1 40 6 647 11195 340 276 1746 39903 366 601 3587 2538 362 7899 11 372 362 20760 525 457 254 27851 13 440 40 6 647 11195 340 276 1746 39903 366 601 3587 0 304 6 647 11195 340 276 1746
304 463 1865 1062 276 340 11 285 304 463 1865 276 340 276 2088 340 276 2102 525 520 9568 883 440 40 463 3011 276 2102 340 11 601 37713 1084 993 4470 346 80587 11 279 245 2495 5136 13 440 40 463 3011 276 2102 340 11 285 304 463 3011 276 2088 340 13 304 463 3011 276 2088
1492 11 754 362 438 636 11 838 993 276 525 11 440 40 6 76 2049 304 6 76 441 1872 276 6976 13 304 6 76 441 1872 276 6976 11 29554 13 304 6 76 441 1872 276 6976 13 304 6 76 441 1872 276 6976 13 304 6 76 441 1872 276 6976 13 304 6 76 441 1872
1047 13 429 1538 2674 331 13 429 10079 438 31727 13 429 5075 438 245 9123 13 429 10079 438 31727 13 429 5075 438 245 9123 13 429 10079 438 31727 13 429 5075 438 245 9123 13 429 10079 438 31727 13 429 5075 438 245 9123 13 429 10079 438 31727 13 429 5075 438 245 9123 13 429 10079
245 46417 1491 11 285 438 5987 276 2097 430 254 1917 280 254 2376 11 285 276 6540 254 1608 2012 13 185 185 40 438 441 11547 276 330 2116 5254 11 327 304 438 1079 13400 11 285 304 438 7684 276 463 245 1585 766 276 1378 13 304 661 803 558 1266 279 254 1721 3207 11 285 661
779 778 254 1094 8133 279 254 3787 13 429 50580 3752 11 779 778 254 1094 8133 11 778 254 1094 22688 280 254 21021 11 285 254 21021 438 254 1094 22688 280 254 50580 3752 13 429 50580 3752 778 254 1094 8133 11 285 254 21021 254 1094 22688 280 254 50580 3752 13 429 50580 3752 778 254 1094
11 285 254 22950 46202 438 279 245 4247 6 82 1297 13 304 11564 254 21922 11 285 1274 372 4446 25 440 3673 7415 11 7415 2138 11 304 463 803 5764 280 340 521 1492 11 285 304 608 558 7684 340 418 4321 276 12 10407 13 304 463 803 276 254 1767 12 19951 11 285 745 317 245
5518 11 285 362 438 1958 7526 10439 366 450 13 304 438 7684 276 752 2302 473 857 13 304 438 7684 276 752 2302 473 13924 1118 11 285 304 438 7684 276 752 2302 473 48306 5989 13 304 438 7684 276 752 2302 473 67401 3280 11 285 304 438 7684 276 752 2302 473 53494 13 304 438 7684
791 11 254 43042 317 1592 245 1094 17589 18588 13 185 549 43042 317 245 8700 11 285 245 8700 317 245 8700 26 548 254 43042 317 441 245 8700 13 1063 317 245 8700 11 548 362 317 441 245 8700 13 1063 317 245 8700 11 548 362 317 441 245 8700 13 1063 317 245 8700 11 548 362
3667 279 13 185 1 3110 2195 13 70040 9393 16845 430 1719 1967 185 1 40 3634 362 317 11 8005 1084 993 254 2823 668 11 366 245 2955 14987 22675 13 440 10783 340 4066 276 3667 279 1967 185 1 40 1023 837 276 1019 857 331 245 1585 3502 280 2105 1084 993 32953 13 185 1 40 6
881 254 27190 883 185 1 40 608 441 2049 344 304 2579 340 1084 993 304 13 440 40 608 441 2049 344 304 2579 4367 883 185 1 6636 11 937 11 304 543 1957 359 276 340 279 437 1143 13 1257 463 803 279 254 10006 280 4731 279 245 2569 1143 11 285 340 463 803 25110 276 2569
11 586 5539 14518 13 1474 254 3059 344 438 1323 857 1132 744 441 2262 13 809 744 1958 330 2823 285 5583 13 809 438 441 344 362 438 691 4171 853 750 1743 11 548 344 586 438 254 691 31753 1449 280 22496 12563 13 429 1843 744 14602 857 13 1063 744 330 71924 457 10317 11 285 254
517 1084 993 304 11 440 40 463 1865 276 1019 340 883 440 40 608 7684 276 1019 340 11 47830 1084 993 5214 32711 844 303 13 440 40 608 7684 276 1019 340 11 47830 1084 993 5214 32711 844 303 13 440 40 608 7684 276 1019 340 11 47830 1084 993 5214 32711 844 303 13 440 40 608
340 0 1257 6 67 330 9317 430 2561 13 1257 6 67 330 9317 430 2561 13 1257 6 67 330 9317 430 2561 13 1257 6 67 330 9317 430 2561 13 1257 6 67 330 9317 430 2561 13 1257 6 67 330 9317 430 2561 13 1257 6 67 330 9317 430 2561 13 1257 6 67 330 9317 430
525 881 586 9568 13 1063 3542 525 344 362 661 803 245 1228 2138 280 711 4209 6 82 11 285 344 362 661 3185 711 473 711 18975 13 1063 661 803 245 1228 2138 280 711 4209 6 82 11 362 993 11 285 344 362 661 3185 711 473 711 18975 13 1063 661 803 245 1228 2138 280 711
13 440 4622 317 245 18127 5075 1084 304 2215 13 440 40 3860 856 838 317 5764 280 1967 304 21517 13 440 40 3860 856 838 317 5764 280 1967 304 21517 13 440 40 3860 856 838 317 5764 280 1967 304 21517 13 440 40 3860 856 838 317 5764 280 1967 304 21517 13 440 40 3860 856 838
4759 276 857 245 1079 8387 2421 13 809 438 245 8387 2421 276 857 344 245 668 1023 330 2249 276 2126 11 285 344 362 1023 330 2249 276 2126 13 1063 661 1866 803 2249 276 2126 13 1063 661 1866 803 2249 276 2126 13 1063 661 1866 803 2249 276 2126 13 1063 661 1866 803 2249 276 2126
83 7172 883 440 40 6 76 441 24302 1084 304 7589 11 285 304 438 441 13 440 40 6 76 441 24302 1084 304 9842 11 285 304 438 441 13 440 40 6 76 441 24302 1084 304 993 1310 11 285 304 438 441 13 440 40 6 76 441 24302 1084 304 993 1310 11 285 304 438 441
36164 0 304 3655 362 317 441 4321 1285 13 304 608 2049 304 1023 330 3148 16988 13 304 608 2049 304 1023 330 3148 16988 13 304 608 2049 304 1023 330 3148 16988 13 304 608 2049 304 1023 330 3148 16988 13 304 608 2049 304 1023 330 3148 16988 13 304 608 2049 304 1023 330 3148 16988 13
276 254 5075 245 1079 1448 2421 473 856 359 661 803 1323 13 2130 438 441 10297 280 857 11 548 838 438 10297 280 6721 13 2130 438 10297 280 254 8770 344 438 279 711 11 285 838 438 10297 280 254 8770 344 438 279 857 13 2130 438 10297 280 254 8770 344 438 279 857 13 2130 438
768 11 548 331 11765 20755 362 3505 344 254 5931 661 441 889 41658 254 17715 11 548 661 65919 881 254 6508 13 1063 3061 842 586 14459 285 44385 285 1957 768 331 254 11909 11 285 937 11 3950 245 5836 280 26832 11 362 4732 276 9764 254 46308 331 254 17715 13 1063 47501 285 47501 11 548
276 463 661 10842 366 245 2138 280 27435 11 245 5433 13 48781 864 11 779 317 245 1228 2138 280 7207 11 285 779 317 245 1228 2138 280 12726 11 304 3634 13 304 608 10297 304 608 245 1079 3806 52741 11 2195 13 23590 13 304 463 245 1228 1313 2012 276 536 11 285 304 608 10297 304
52606 11 254 65635 6 82 2563 11 254 65635 6 82 2563 11 254 65635 6 82 2563 11 254 65635 6 82 2563 11 254 65635 6 82 2563 11 254 65635 6 82 2563 11 254 65635 6 82 2563 11 254 65635 6 82 2563 11 254 65635 6 82 2563 11 254 65635 6 82 2563 11 254 65635
463 803 9892 276 3890 254 6404 11 779 438 2955 285 8133 11 285 661 254 3000 1843 430 586 1062 13 185 549 6404 11 3111 11 438 441 6737 280 437 11 285 4573 362 438 441 2249 276 5576 586 3299 11 285 438 25380 276 4283 13460 11 285 276 614 276 7239 11 1066 362 438 4503 366
11 362 438 18741 276 2102 581 254 17870 280 45057 276 254 5047 280 14836 11 285 276 1099 857 586 35259 13 1308 4117 11 2497 4739 254 17870 280 45057 11 362 4739 254 17870 280 45057 11 285 254 17870 280 45057 438 4739 276 254 5047 280 14836 13 1308 4117 11 2497 4739 254 17870 280 45057 11
362 661 803 254 1022 276 3292 7810 857 276 254 9555 13 2608 11 254 23735 661 803 11 279 254 1022 3940 11 245 28230 11 285 11 279 254 1864 11 245 28230 6 82 9189 578 13 2608 11 254 23735 661 803 11 279 254 1022 3940 11 245 28230 11 285 11 279 254 1864 11 245 28230
27826 12771 280 601 2764 13 304 438 441 254 1246 25 304 438 441 254 1246 25 304 438 441 254 1246 13 185 40 438 441 254 1246 25 304 438 441 254 1246 13 185 40 438 441 254 1246 13 185 40 438 441 254 1246 13 185 40 438 441 254 1246 13 185 40 438 441 254 1246
1995 11 536 441 8223 430 254 7144 11 548 430 254 1420 1066 254 18660 543 3467 13 185 549 1022 2421 276 330 2368 317 276 1006 254 4910 280 254 1977 11 285 276 1006 856 359 317 344 37972 254 24919 280 245 1977 13 429 1977 317 245 3123 94048 11 285 254 3123 94048 317 245 3123 94048
1673 245 3078 280 254 18894 280 254 2135 3964 11 285 280 254 18894 280 254 8959 13 185 549 1246 2215 11 279 245 1448 1020 11 317 10372 457 254 9816 11 279 254 1893 4303 25 185 549 1843 317 558 2201 280 245 1604 280 2012 11 185 40 608 2049 395 5249 280 450 1006 3270 1921 13
1323 11 285 359 438 245 1228 1492 327 450 13 185 1380 2674 276 830 285 1401 245 42325 11 285 11855 359 581 11 285 3805 1224 254 8144 13 1003 661 245 63468 766 11 285 2149 2726 1022 12 7674 13 1003 661 245 1207 3822 280 2607 11 285 395 661 245 1207 3822 280 829 13 1003 661
280 668 13 440 40 1113 6 83 1006 856 340 2059 457 254 1329 3734 280 668 11 8005 1084 993 304 13 440 40 2059 1084 993 601 39074 11 440 672 668 779 9508 254 1767 280 5442 883 440 40 1113 6 83 1006 856 340 2059 457 254 1329 3734 280 668 1084 993 304 13 440 40 2059
276 525 11 304 1534 17012 11 304 463 5024 2215 344 13881 661 372 1266 276 536 372 13881 3964 13 304 463 2826 857 11 754 362 643 803 1094 15846 11 285 1094 7124 11 285 1094 18757 11 285 1094 405 3800 95393 11 2618 11 754 362 643 803 1094 15846 11 304 463 2826 857 11 279 245
601 34051 11 285 304 608 7124 276 1099 254 1094 280 359 13 185 40 463 803 13218 344 254 5225 279 588 304 608 276 32654 317 1132 279 254 40302 11 285 344 254 13109 317 7511 327 525 13 304 463 803 13218 344 254 16892 317 245 2317 285 1136 12 18118 5225 11 285 344 254 13109 317
4374 276 5223 881 254 4295 280 254 4378 588 463 803 4523 279 254 23354 29849 13 429 38741 11 2497 4117 9835 254 35094 280 586 1823 11 285 2497 1401 3177 5738 280 254 10328 61016 11 362 438 2249 276 1099 3177 5738 280 254 10328 61016 11 285 276 1099 3177 5738 280 254 10328 61016 11 285 276
844 13 1474 11 1490 540 11 1490 540 11 1490 540 11 1490 540 11 1490 540 11 1490 540 11 1490 540 11 1490 540 11 1490 540 11 1490 540 11 1490 540 11 1490 540 11 1490 540 11 1490 540 11 1490 540 11 1490 540 11 1490 540 11 1490 540 11 1490 540 11 1490 540 11
1123 11 285 279 245 1977 280 1228 17200 13 304 438 18741 276 1282 279 254 10972 280 245 16197 11 779 11 366 254 10731 280 245 1585 8193 11 3444 19659 711 276 245 691 40071 1977 13 185 40 438 1132 18741 276 4283 711 11 285 11 372 304 438 18741 276 330 21200 327 742 766 11 304
359 438 245 1767 12 6482 1011 11 285 344 359 438 16134 457 245 2816 1491 13 304 438 786 276 1947 2302 11 754 304 20940 344 254 1491 779 438 8541 438 245 4247 13 304 438 786 276 1947 2302 11 754 304 20940 344 254 1491 779 438 8541 438 245 4247 13 304 438 786 276 1947 2302
82 4167 13 16159 438 7684 276 1275 857 279 1207 18253 11 285 279 1461 18253 13 1063 438 279 1461 18253 11 285 279 1207 18253 13 1063 438 279 1461 18253 11 285 279 1207 18253 13 1063 438 279 1461 18253 11 285 279 1207 18253 13 1063 438 279 1461 18253 11 285 279 1207 18253 13 1063 438
1168 331 768 0 304 608 2049 340 744 330 372 13728 372 304 608 11 285 2618 340 418 558 1266 691 54479 853 304 608 13 304 608 2049 340 744 441 330 558 17426 372 276 20770 525 254 9910 280 520 2607 883 440 40 608 10297 11 49061 11 344 304 1534 20623 520 24155 13 304 608 441
276 330 279 254 2021 11 285 276 463 254 50580 3752 331 586 2387 26 548 254 1864 766 359 438 4374 276 463 254 50580 3752 331 586 2387 11 285 276 463 254 15336 280 35736 279 254 2021 13 429 1022 766 56897 877 5679 438 441 2249 276 2240 35736 11 1373 362 661 441 254 50580 3752 331
28777 372 688 634 279 4594 11 304 438 20760 366 245 8836 276 1099 742 10606 279 254 2460 280 14445 11 285 276 437 1225 304 6315 4367 276 254 3437 280 12402 11 285 254 2460 280 10894 13 304 661 2571 1401 742 5635 279 437 3437 11 754 304 438 8963 2424 2302 457 254 4349 280 601 4209
245 1079 7353 4247 1967 440 40 463 803 5764 280 344 1084 993 254 750 11 440 384 304 463 1865 276 254 12773 344 359 317 245 1079 9803 2421 13 304 463 803 3507 276 1275 636 856 254 1712 668 6 82 4158 366 34211 778 11 285 304 463 803 3507 276 1275 636 856 254 4158 280 254
661 803 276 254 88304 11 285 438 1132 14108 13 1063 438 5254 11 285 362 2373 331 11 304 8259 11 276 1019 565 304 438 279 254 2558 13 304 438 7684 276 1019 857 11 327 304 438 3442 13400 280 601 1767 11 285 304 438 7684 276 752 9373 280 254 984 13627 11 779 778 1572 24302
711 4910 276 5914 254 7071 280 711 1377 3545 13 16159 438 11547 276 1275 344 711 9233 438 558 1266 48810 26 548 838 1027 441 1345 1435 11718 344 711 9233 6 82 7482 280 2195 13 59500 4791 438 558 1079 1448 473 711 1377 13 440 40 608 1079 7684 340 463 2826 857 1084 993 838 11 440
12967 11 254 5409 33515 254 11387 13 185 549 4281 438 1461 754 254 5075 2373 1224 254 12967 11 285 254 4281 438 1461 754 838 2373 276 254 84202 13 429 4281 438 1461 754 838 2373 276 254 84202 13 185 549 84202 438 245 1228 2558 11 285 254 84202 438 245 1228 2558 13 429 84202 438 245
1079 7684 276 330 19561 344 2195 13 59500 4791 317 441 279 2126 366 525 13 304 608 2049 304 1023 330 1079 7684 276 330 19561 280 359 13 1474 304 608 10297 304 608 441 1079 18212 13 304 608 2049 304 608 441 13 304 608 2049 304 608 441 13 304 608 2049 304 608 441 13 304 608
86277 993 11 285 279 28416 586 27763 280 711 86277 6 82 8349 11 711 86277 6 82 20393 11 711 86277 6 82 6714 11 285 711 86277 6 82 9455 13 5433 13 24395 45640 438 279 64148 281 475 430 254 7702 280 711 86277 11 285 438 1958 4599 276 6417 279 254 1094 405 31243 47696 13 429
6 82 2997 11 285 362 438 441 28523 280 359 13 1063 438 441 245 5733 276 330 22688 280 245 668 779 438 441 745 13 1063 438 441 22688 280 245 668 779 438 441 745 13 1063 438 22688 280 245 668 779 438 745 13 1063 438 22688 280 245 668 779 438 745 13 1063 438 22688 280
410 3203 362 661 688 3257 280 856 438 1872 331 11 438 441 276 330 35375 13 1063 438 5426 1224 254 20706 11 285 558 636 881 254 8276 13 429 2653 438 4426 11 285 254 3207 438 6159 13 429 20515 438 430 254 4167 11 285 254 11549 778 7511 13 429 20515 438 245 1767 12 6482 1011
6769 11 372 1435 279 688 13430 59825 13 185 2395 11 372 254 43042 317 245 1079 2317 9538 11 285 254 43042 12 78553 88 245 1079 2317 2105 11 359 317 441 276 330 21517 430 344 745 1023 330 245 1228 1313 43042 12 15691 13 1308 11 372 254 43042 317 245 1079 2317 9538 11 285 254 43042
2546 11 285 304 6 647 1099 245 668 280 340 2618 13 304 6 647 1099 245 668 280 340 2618 0 304 6 647 1099 245 668 280 340 2618 2538 440 40 6 647 441 330 245 668 2538 7899 42355 78822 11 75764 586 4414 13 440 40 6 647 441 330 245 668 0 304 6 647 441 330
1002 438 279 207 16 23 16 24 13 429 40744 438 2143 276 254 7199 12238 11 285 317 1132 279 254 5799 280 254 7199 12238 13 429 40744 317 280 245 2317 43042 11 285 317 993 276 330 254 8397 2647 1503 279 4594 13 809 317 993 276 463 803 1503 279 254 32603 13 429 40744 317 993
13 440 2640 6 82 254 3502 366 340 11 339 5620 5971 1967 993 2195 13 339 5620 5971 6 82 5391 11 779 438 245 4247 280 245 1079 1448 3199 473 711 6964 11 285 779 661 803 245 18448 279 254 2617 280 2195 13 339 5620 5971 6 82 4209 11 285 661 9552 857 279 254 2507 280
2538 440 40 6 647 330 3080 276 1481 1084 993 2195 13 2142 43575 11 372 362 3061 581 254 1604 4047 11 440 2573 340 6 248 245 13329 11 8005 11 285 304 6 76 2049 304 2698 520 25880 13 304 6 76 2049 304 2698 520 25880 13 304 6 76 2049 304 2698 520 25880 13 304 6
11 285 304 438 2116 366 3011 548 245 10453 279 601 14459 13 1474 1132 11 565 304 608 3542 11 655 16679 8060 16197 5270 304 608 3542 276 2126 601 16197 11 285 304 608 3542 276 2126 601 16197 11 285 304 608 3542 276 2126 601 16197 11 285 304 608 3542 276 2126 601 16197 11 285 304
558 29494 344 304 1027 4704 254 24654 280 601 1377 2997 13 304 1027 4704 254 23159 280 601 984 20935 11 285 254 25200 14788 2237 280 254 4043 13 304 1027 4704 254 84507 280 601 4348 11 285 254 84507 280 601 4348 5254 13 304 1027 4704 254 24654 280 601 1377 2997 11 285 254 24654 280 601
254 2558 11 285 254 1143 279 588 254 6324 778 17113 13 1063 438 5764 280 254 2558 11 285 280 254 1143 279 588 254 6324 778 17113 11 285 280 254 1143 279 588 254 6324 778 17113 11 285 280 254 1143 279 588 254 6324 778 17113 11 285 280 254 1143 279 588 254 6324 778 17113 11
13 304 438 13400 285 98743 11 285 11 1166 245 5670 1447 540 11 304 19154 276 1610 13 429 2112 4421 304 438 46282 457 254 3066 280 254 2604 11 588 438 7222 457 245 2823 668 280 254 1210 280 364 13 721 1844 388 11 779 438 254 2604 382 280 254 4660 13 304 438 3444 17267 285
601 17196 276 254 21670 11 285 565 304 608 6956 11 304 2786 972 276 340 11 285 565 304 608 441 11 304 2786 6976 13 304 463 642 634 276 4989 304 481 1808 546 601 8052 11 285 304 608 5254 13 304 463 642 634 276 4989 304 481 3753 280 601 14388 11 285 304 608 5254 13
67 1690 254 4443 8357 11 285 558 331 13 304 6 67 1690 254 11363 8357 11 285 937 304 6 67 1690 254 18097 8357 11 285 937 304 6 67 1690 254 25485 8357 11 285 937 304 6 67 1690 254 30838 8357 11 285 937 304 6 67 1690 254 36437 8357 11 285 937 304 6 67 1690
344 304 438 10147 279 254 8324 11 754 304 3505 245 2823 668 280 245 1079 20944 8753 11 779 438 10147 366 245 2823 4247 11 779 438 17267 279 245 6166 344 304 661 1866 2826 1323 13 304 438 558 1266 11921 366 254 8349 280 254 2823 4247 344 304 1027 441 1529 601 3545 473 711 13 304
3005 11 344 359 317 254 634 2421 279 254 1843 344 317 4531 4731 327 13 185 1 40 463 803 5764 1084 993 2195 13 413 7911 11 440 2573 304 543 614 276 12 10407 276 254 2558 280 254 47870 900 13 9155 1844 28411 11 285 1019 565 304 481 1275 636 3270 786 254 47870 6 82 4278
362 744 4827 857 245 5371 276 254 1810 1066 362 438 276 13238 857 13 429 23442 15561 276 536 586 1608 276 1941 437 11 285 44429 31334 13 429 23442 438 441 1234 279 7526 274 5844 276 1941 586 10778 13 1063 661 803 279 254 10006 280 13700 254 9311 276 1019 586 7424 11 285 661 803 279
9350 366 711 4723 11 285 254 1610 280 254 4709 778 3444 12662 279 9350 13 185 1 40 608 1079 7684 276 1019 340 1310 11 5214 6493 2267 1084 993 20244 31739 7165 4790 11 440 384 304 3655 340 543 330 2249 276 4152 366 450 742 766 13 1003 418 521 1079 1266 430 24084 1285 11 285 304
8653 438 245 1079 1712 634 11 285 661 245 1461 1062 11 285 245 1461 9888 11 285 245 1461 1062 276 254 9888 11 285 245 1461 1062 276 254 1062 280 254 9888 11 285 245 1461 1062 276 254 1062 280 254 1062 280 254 9888 11 285 245 1461 1062 276 254 1062 280 254 1062 280 254 9888
405 39137 12746 11 993 11 440 40 608 11547 340 418 1872 11 5214 35927 13 304 2786 441 1019 340 1310 11 304 8259 11 1323 340 614 883 440 3233 11 304 4283 4660 331 9340 883 440 2280 754 536 340 614 276 4660 1310 1967 440 40 536 441 1006 13 304 2786 441 614 1062 437 6237 883
8193 11 285 937 304 543 2410 340 254 1610 883 185 1 40 608 1266 18741 276 340 11 8005 1084 993 304 11 440 1467 520 22751 279 11051 525 521 437 11 285 304 608 1079 7684 276 463 4101 359 13 304 608 2049 304 608 1079 1266 18741 276 340 883 185 1 2054 418 1079 9335 11 601
254 5225 11 285 279 1319 3940 362 11921 711 279 254 1246 1810 11 285 366 254 1246 1941 13 429 1022 766 362 11921 711 331 254 99747 8404 11 285 254 1864 766 331 254 30184 3820 8404 13 429 1022 766 362 11921 711 331 254 99747 8404 11 285 254 1864 766 331 254 30184 3820 8404 13 429
1377 11 344 6 82 856 359 317 11 285 362 6 82 441 1872 276 1632 340 614 13 1063 6 82 245 65125 634 11 344 6 82 856 362 317 11 285 362 6 82 245 65125 634 13 1474 304 6 647 2410 340 856 11 304 6 647 2410 340 856 11 304 6 647 2410 340 856 11
13 440 40 463 803 5764 1084 838 993 11 440 2573 340 661 2018 614 276 254 22624 276 12 6638 13 304 543 614 276 254 22624 366 340 11 285 395 543 463 245 1585 23374 12769 13 304 543 441 614 276 254 22624 366 340 276 12 6638 11 548 304 543 1865 276 254 22624 276 12 10407
668 279 429 5989 280 254 20241 11 285 279 429 33229 15208 18175 877 362 3190 254 9634 11 30832 11 245 668 280 8204 11 779 643 4739 586 6830 279 2772 11 18742 344 362 744 3272 330 245 51446 853 245 668 779 17947 279 2772 13 185 185 549 7927 280 414 74547 1231 17410 6 82 11120 8208
3853 11 285 254 4143 11 366 711 1297 2065 711 1867 6 82 1917 11 2659 9697 457 711 13 429 2653 438 1079 4426 11 285 254 5409 33515 6159 13 429 9748 7276 279 70443 11 285 254 5409 946 1215 4078 254 2558 13 429 1867 438 1079 3730 11 285 254 4143 438 1079 3730 13 429 1867 438
344 340 778 558 14266 280 711 344 340 744 441 1632 711 463 711 1377 1143 13 304 2215 340 778 245 668 11 285 344 340 744 441 330 558 6586 372 276 1632 711 463 711 1377 1143 883 440 40 608 441 14266 280 711 1084 362 993 11 366 245 17406 9973 13 440 40 608 14266 280 711
185 1 40 6 647 614 1224 366 340 11 21299 1084 993 304 13 185 1 3233 11 642 11 340 6 647 330 279 254 1143 26 340 6 647 330 279 254 1143 11 304 2410 340 13 304 6 647 614 1224 366 340 11 285 937 304 6 647 1865 1062 285 1019 340 5730 276 520 2563 883
13 1063 438 1401 15336 280 35736 279 207 16 19 20 15 11 285 7648 279 207 16 19 21 21 13 44674 557 30864 480 11 7722 207 16 19 22 20 11 7648 207 16 20 15 22 13 1063 438 254 4278 280 21021 19010 15747 13 1063 438 1401 15336 280 10328 61016 279 207 16 19 24 24
4689 185 1 40 438 441 3148 2049 3203 362 438 279 18727 410 441 11 285 304 438 441 3148 2049 3203 304 438 279 18727 410 441 13 304 438 441 3148 2049 3203 304 438 279 18727 410 441 13 304 438 441 3148 2049 3203 304 438 279 18727 410 441 13 304 438 441 3148 2049 3203 304 438
586 36930 457 254 5075 362 13635 11 285 276 330 3542 344 838 543 1866 25754 857 13 304 463 642 5914 344 362 317 245 1207 7080 11 285 304 608 2049 362 317 245 13329 11 548 362 317 245 12192 11 285 304 608 10297 344 362 543 330 245 1079 24862 668 883 440 40 608 441 2049 344
438 245 668 779 661 803 245 5733 754 304 438 245 1867 11 285 1132 304 438 245 668 285 362 438 245 668 11 285 304 438 245 9552 668 285 362 438 245 9552 668 11 285 304 438 245 4209 285 362 438 245 4209 11 285 304 438 245 13329 285 362 438 245 13329 11 285 304 438
279 8349 11 285 711 4209 6 82 11171 285 711 1377 46453 1401 711 254 38620 280 254 26438 13 2130 438 245 1585 9326 11 285 838 438 441 1673 30511 26 548 838 438 441 16902 13 2130 438 441 16902 280 711 8349 11 327 838 438 441 16902 280 711 2764 13 2130 438 441 16902 280 711 8349
2008 13 304 608 441 245 668 276 330 44292 457 254 4881 280 245 668 13 304 608 441 245 668 276 330 44292 457 254 4881 280 245 668 13 304 608 441 245 668 276 330 44292 457 254 4881 280 245 668 13 304 608 441 245 668 276 330 44292 457 254 4881 280 245 668 13 304 608
4167 1721 11 285 2674 276 254 4167 280 254 2112 2563 11 1066 362 1503 254 1712 4247 11 779 438 9368 331 254 3853 11 285 254 1712 668 11 779 438 9368 331 254 3853 25732 13 440 40 6 76 441 1872 276 330 245 12192 1084 362 993 276 3177 11 440 40 6 647 614 285 1019 856
473 525 13 304 608 441 245 668 280 254 1843 11 285 304 608 441 245 668 280 254 1843 11 285 304 608 441 245 668 280 254 1843 11 285 304 608 441 245 668 280 254 1843 11 285 304 608 441 245 668 280 254 1843 11 285 304 608 441 245 668 280 254 1843 11 285 304
254 1610 11 245 428 2855 285 245 3222 327 254 16783 11 285 245 428 2855 327 254 1279 11 285 245 428 2855 327 254 18868 11 285 245 428 2855 327 254 30611 11 285 245 428 2855 327 254 16783 11 285 245 428 2855 327 254 18868 11 285 245 428 2855 327 254 30611 11 285 245 428
26 37104 276 21343 480 85 17687 11 1468 13 452 13 375 13 51631 11 207 16 24 18 15 26 37104 276 21343 480 85 17687 11 1468 13 452 13 375 13 51631 11 207 16 24 18 15 26 37104 276 21343 480 85 17687 11 1468 13 452 13 375 13 51631 11 207 16 24 18 15 26
254 14572 11 285 745 11 279 254 19480 280 254 16305 11 657 1503 254 13109 11 779 438 13595 331 254 6597 11 366 586 1917 279 254 24171 280 254 23796 11 779 438 24302 837 245 1867 13 440 549 23796 438 245 668 280 786 17205 11 366 245 3059 837 245 7569 11 285 245 5136 837 245
463 993 11 362 438 441 279 254 1608 280 2429 2443 13 1063 438 441 279 254 2754 10297 280 254 668 779 661 803 9368 430 254 2376 366 254 5075 11 548 362 438 10297 280 254 668 779 438 9368 430 254 2376 366 254 5075 13 1063 438 10297 280 254 668 779 438 9368 430 254 2376 366
4945 450 11 285 344 395 1023 441 330 1234 5982 7511 13 304 438 327 1872 276 254 4167 11 548 362 744 441 1632 525 11 285 993 362 744 614 285 1019 856 438 254 3502 13 304 438 327 1872 276 254 4167 11 548 362 744 441 1632 525 11 285 993 362 744 614 285 1019 856 438
1052 10420 11 366 245 1585 8324 279 3865 11 285 245 1760 15673 4435 11 778 521 344 438 276 330 2826 13 429 4167 438 6899 457 245 1585 11 259 531 2954 11 11453 12 35962 1712 4247 11 779 4133 372 565 838 661 803 7722 279 254 2558 11 285 661 1866 803 636 280 359 13 2130 438
362 744 441 1632 525 614 11 285 304 438 10297 276 1099 245 6565 11 327 5663 280 254 750 668 13 185 40 438 10297 276 614 1062 276 254 2558 11 285 304 438 10297 276 614 331 11 285 304 438 10297 276 4152 1066 304 438 13 304 438 10297 276 614 1062 276 254 2558 11 285 304
661 245 1461 19508 11 285 245 1228 269 2693 3327 11 285 245 1228 269 2693 3853 25732 11 285 245 1228 269 2693 14834 11 285 245 1228 269 2693 2376 11 285 245 1228 269 2693 8653 11 285 245 1228 269 2693 14834 11 285 245 1228 269 2693 14834 11 285 245 1228 269 2693 14834 11 285 245
429 1022 418 254 1608 11 254 1864 418 254 11312 11 254 4443 418 254 1094 3064 13 429 1022 418 254 1608 11 1373 657 418 254 1094 19558 11 254 1094 56581 11 254 1094 4599 11 254 1094 4599 276 6976 11 285 254 1094 4599 276 22255 13 429 1864 418 254 11312 11 1373 657 418 254 1094
245 41678 4429 11 588 317 254 4309 280 254 22204 280 10949 13 1308 437 317 254 2806 2643 254 1245 418 1958 279 245 1977 280 4429 366 254 27675 11 285 254 27675 366 254 1245 11 285 254 27675 366 254 27675 11 285 254 1245 366 254 1245 13 1308 437 317 254 2806 2643 254 1245 418 1958
317 441 601 9233 279 1714 13 304 463 642 9233 11 285 304 463 642 1867 13 304 463 642 1867 548 254 634 304 463 4739 883 440 40 608 7684 280 359 1084 304 993 13 440 40 608 7684 280 359 1084 304 9842 11 285 304 2116 857 13 304 438 441 11547 276 330 9373 280 857 13
711 3545 778 280 245 4399 55067 13 429 4443 9233 11 5214 7410 11 438 245 8670 11 4770 11 285 1079 4245 5075 11 366 245 6584 11 8771 3059 11 285 245 6584 11 8771 6166 13 429 11363 11 5214 50401 11 438 245 8670 11 4426 11 285 1079 20944 5075 11 366 245 4035 1917 11 285 245
245 5186 276 463 245 7424 779 1667 330 2249 276 2240 245 20515 11 285 330 254 2456 280 22684 768 881 254 1022 19829 13 16159 438 1079 7684 276 4704 711 9233 558 1136 10991 11 285 438 1921 7684 327 711 4143 6 82 13470 11 2451 838 1027 441 1345 5764 344 11 279 2401 11 359 438 441
51752 13 2130 438 837 245 1867 6069 430 1435 245 4247 13 185 549 668 779 661 803 6807 276 711 4540 4078 285 4133 430 711 13 1063 438 245 1585 668 366 245 2317 1917 11 285 245 3059 344 438 837 245 40990 13 3848 3545 778 1760 285 3438 11 285 586 5539 438 3438 13 1063 438 17267
276 8512 11 285 937 362 3061 857 276 254 22624 11 285 937 276 245 1296 11 285 937 276 245 12116 11 285 937 276 245 5141 11 285 937 276 245 53081 11 285 937 276 245 53081 11 285 937 276 245 53081 11 285 937 276 245 53081 11 285 937 276 245 53081 11 285 937 276 245
857 11 285 586 31986 331 711 13 1474 254 6166 279 588 362 661 3542 254 3693 438 558 9803 11 285 254 10805 279 588 362 661 13451 11 558 15678 11 344 304 1027 441 1345 6153 245 2569 2190 279 254 668 3177 11 285 245 8836 276 1006 691 280 857 13 185 40 661 441 803 1234 279
254 2156 280 254 4043 13 304 608 441 558 1266 12052 430 520 1435 1285 372 304 608 430 520 1435 1285 2854 13 304 608 441 12052 430 520 1435 1285 11 1373 304 1006 344 340 418 1572 280 340 279 2126 366 1319 750 11 285 344 340 418 1572 279 2126 366 1319 750 13 304 608 441 12052
3444 838 2149 636 711 32118 11 285 304 438 279 245 27282 276 1275 636 856 344 438 327 11 548 838 993 359 438 276 1099 245 18868 327 525 13 2086 304 438 279 245 27282 276 1275 636 856 344 438 327 11 548 838 993 359 438 276 1099 245 18868 327 525 13 7384 11 304 438 279
276 254 8144 13 304 438 4245 2049 304 1027 536 359 11 285 304 438 1329 13 304 438 1872 276 1682 359 11 285 304 438 1872 276 536 359 344 1079 2653 13 304 438 1872 276 1529 254 35928 285 614 1224 254 8144 285 3182 636 331 254 9859 13 304 438 1872 276 1529 254 35928 285 614
285 1835 11 362 1401 245 2753 344 521 254 21741 280 254 10328 61016 1023 330 18741 276 3530 279 19811 11 285 344 254 19811 1023 330 29349 457 245 13109 11 779 1023 330 8224 457 254 1245 11 285 1023 330 27508 457 245 16977 280 15367 11 779 1023 330 8224 457 254 1245 13 429 38741 11 279
344 838 438 4067 13 2130 438 245 1585 5075 280 245 1079 6082 285 31580 30329 11 285 838 438 1079 14266 280 711 4143 13 2130 438 245 1079 4245 1867 11 366 245 14211 11 18958 3059 11 285 245 1079 6584 5761 13 2130 438 1079 14266 280 711 4143 11 285 438 1958 4599 276 1345 711 279 688
438 441 2618 279 7702 11 548 254 4559 438 1079 11854 11 285 254 4281 34597 52405 13 304 438 7684 276 1019 254 3085 11 285 276 330 636 280 11394 1310 13 304 438 441 11547 276 330 5254 11 285 304 438 441 11547 276 330 1872 276 245 761 1810 11 285 276 463 245 761 1728 1323 525
245 35332 13 809 438 245 1234 5371 11 285 362 1274 359 1184 9682 13 440 40 608 10297 340 543 1378 525 1079 23371 1084 359 4732 11 440 2381 304 2977 1345 359 13 304 463 803 5764 280 340 521 1492 11 285 304 463 803 38722 276 1019 340 13 304 463 803 558 4977 1962 304 3505 340
185 185 6 8646 13 413 7911 5270 993 2195 13 6536 88 329 11 655 40 463 245 9000 276 2088 280 340 4689 185 185 6 40 608 430 520 2418 11 2195 13 6536 88 329 4689 185 185 6 40 463 245 2138 11 2195 13 413 7911 11 779 317 245 1079 1712 2138 280 7207 11 285 245
11 285 5919 11 304 1023 463 803 254 1022 276 48625 279 711 14036 11 285 463 803 254 1022 276 4796 711 1136 13 1474 838 438 441 1207 26 838 438 441 12573 26 838 438 441 1927 13 2130 438 441 245 4247 276 330 7130 13 2130 438 441 245 4247 276 330 7130 13 2130 438 441 245
279 254 1079 3865 7052 280 254 1094 77989 280 521 254 8466 13 185 549 43042 317 245 8700 11 285 245 8700 317 245 8700 11 285 245 8700 317 245 8700 11 285 245 8700 317 245 8700 13 1308 245 8700 317 245 8700 11 285 245 8700 317 245 8700 11 285 245 8700 317 245 8700 11 285
26645 985 254 3000 280 711 6183 13 809 438 441 344 362 4749 688 17171 40003 276 2126 1972 2573 661 5079 2302 742 766 1323 1972 2381 11 372 362 7130 711 366 521 254 6313 280 586 1435 11 558 279 972 362 438 21893 457 245 25984 285 22688 41935 13 2130 438 521 254 1843 276 857 11 254
280 711 7424 11 661 803 2028 276 768 457 254 20595 11 344 657 778 1572 279 742 13665 11 285 16159 438 10297 344 657 1023 441 330 2249 276 1855 254 18643 280 254 2376 13 1955 778 1572 279 1079 2495 18253 11 285 16159 438 10297 344 711 9233 6 82 18253 744 441 330 5929 276 254 10075
30755 10802 13 440 40 438 3542 344 254 1094 51855 280 521 62689 438 344 280 7392 11 285 344 254 1094 51855 280 521 62689 438 344 280 7392 13 304 438 3542 344 254 1094 51855 280 521 62689 438 344 280 7392 13 304 438 3542 344 254 1094 51855 280 521 62689 438 344 280 7392 13 304 438
661 1866 2826 857 837 437 1323 13 429 2262 344 661 5079 855 857 438 1547 55748 2188 8387 13 1063 438 837 245 4171 49899 11 2364 6928 2421 11 344 643 10471 31768 327 20580 11 285 588 2618 3354 276 330 12705 280 254 4054 344 463 98034 359 13 429 3545 778 11769 366 245 7289 2156 13 429
280 340 11 285 304 438 5764 11 655 2819 317 359 344 304 463 441 2826 711 327 558 1234 11638 304 438 5764 11 655 40 1534 614 276 711 11 304 1534 614 276 711 11 304 1534 1019 711 11 304 1534 1019 711 11 304 1534 1019 711 13797 1308 1132 11 601 7415 11 304 608 558 11547
11 254 6763 92597 11 254 34488 11 254 8982 11 254 284 1944 87 11 254 32431 11 254 18882 255 11 254 395 88361 11 254 18601 7097 11 254 3806 1974 11 254 11378 367 11 254 67568 11 254 68966 11 254 68966 11 254 68966 11 254 68966 11 254 68966 11 254 68966 11 254 68966 11 254
13 2130 438 254 889 5075 11 285 838 438 254 84308 5075 279 254 1843 13 2130 438 17267 279 3682 11 285 661 245 3682 10076 331 11 285 245 3682 37041 11 285 245 3682 8728 279 711 31848 13 2130 438 254 1608 5075 279 254 1843 11 285 254 1608 5075 344 2647 438 13 2130 438 254 1608
30066 13 809 438 245 7742 2558 11 366 245 1760 8324 279 3865 11 285 245 1760 8324 4435 13 429 4167 438 6899 457 245 1760 11 4426 11 28903 668 11 779 11 331 7123 32953 11 31788 285 86851 450 881 245 1760 11 2495 12 347 5744 2563 11 366 245 2376 279 254 6516 11 285 245 1860
661 279 254 3085 13 304 463 803 279 254 10006 280 1872 276 254 88304 11 285 304 463 803 745 2971 2602 1962 304 2373 276 423 19715 272 40237 13 304 463 803 745 9682 1962 304 2373 276 452 15643 32931 11 285 304 463 803 745 9682 1962 304 2373 276 452 15643 32931 11 285 304 463 803
440 40 608 1872 276 330 274 33041 11 16109 13 304 608 1872 276 330 245 1228 33041 13 304 608 1872 276 330 245 1228 33041 13 304 608 1872 276 330 245 1228 33041 13 304 608 1872 276 330 245 1228 33041 883 440 50 554 3987 2538 5433 13 632 2155 6 82 5136 438 245 28174 13 440
10424 372 304 7091 13 304 438 13117 11 285 362 438 13117 13 2803 3973 362 993 11 440 40 463 803 245 18012 12164 331 254 3059 280 254 6039 11 285 304 463 2826 1266 280 254 1843 13 304 463 2826 254 1094 4171 285 254 1094 49255 2012 344 481 330 25728 13 304 463 2826 254 1094 4171
304 661 441 2826 857 1962 11 285 304 661 642 2806 276 8259 344 362 438 1592 279 254 3085 13 304 661 441 2826 857 11 548 304 661 2826 586 5391 13 304 661 2826 711 11 285 304 661 2826 711 1867 13 304 661 2826 711 1867 13 304 661 2826 711 1867 11 285 304 661 2826 711
276 254 3419 11 340 1585 21067 11 285 304 6 647 1099 340 4796 340 661 1866 803 7722 13 304 6 647 1099 340 4796 340 661 1866 803 7722 13 304 6 647 1099 340 4796 340 661 1866 803 7722 13 304 6 647 1099 340 4796 340 661 1866 803 7722 13 304 6 647 1099 340 4796 340
6 248 245 668 280 520 1734 11 285 304 6 647 5442 340 883 440 40 6 76 441 245 668 280 601 1734 1084 993 2195 13 423 370 76 772 11 440 384 304 6 76 441 245 668 280 601 1734 13 304 6 76 245 668 280 601 1734 11 285 304 6 76 441 245 668 280 601
2629 317 3662 13 1003 1534 1275 636 856 254 5611 7195 883 440 2395 946 1967 440 6636 11 395 1534 1275 636 856 254 5611 7195 13 1257 1019 11 31699 11 344 254 5611 438 254 2131 276 254 3000 2105 13 809 438 254 2131 276 254 18894 13 809 438 254 2131 276 254 3000 2105 13 809 438
362 643 803 279 9311 327 7471 1431 11 285 362 317 245 23872 7080 13 1063 317 245 668 779 643 803 279 9311 1323 11 285 362 317 245 668 779 643 803 279 9311 327 245 1234 766 13 1063 317 245 668 779 643 803 279 9311 327 245 1234 766 11 285 362 317 245 668 779 643 803
4209 11 285 254 65323 23559 45580 280 769 8163 11 463 1234 803 245 3605 280 254 1094 82015 19038 276 525 13 2682 7415 4209 6 82 1562 3073 778 11 344 362 15699 362 661 1866 661 688 3022 11 372 657 778 254 4309 280 521 586 73459 13 304 463 2647 4133 331 340 372 245 9233 11 285
5144 11 285 362 6626 1592 11 366 586 3545 4965 331 254 3853 13 185 790 11604 487 82 745 30 976 362 19989 11 279 245 2495 11 4399 5136 13 185 790 40 11 976 304 7589 11 207 790 384 340 11 304 8259 11 418 42355 78822 13 976 185 790 2280 779 418 340 30 976 362 3637
11 285 254 9748 438 13520 279 70443 13 429 2653 438 4426 11 285 254 5409 438 1461 13 429 9748 438 558 6751 344 254 2354 7279 279 21410 1224 254 4559 11 285 254 5409 33515 359 279 254 12472 280 254 38372 13 429 5409 438 558 1461 344 254 47196 438 30249 636 11 285 254 2156 438 5418
2354 11 8005 13 10035 340 11 8005 13 1308 1132 11 8005 11 565 340 4066 11 8005 11 565 340 6 647 3458 437 1143 11 8005 11 565 340 4066 11 8005 13 429 13329 6 82 2563 11 8005 11 565 340 4066 11 8005 13 429 13329 6 82 2563 11 8005 11 565 340 4066 11 8005 13
565 362 778 1872 276 254 8586 5984 13 1063 438 245 1228 1297 430 254 61696 11 285 1027 1099 245 7569 12 85033 11 285 1027 24948 245 7569 11 285 1027 24948 245 7569 279 245 1079 2577 766 13 1063 438 245 1228 1297 430 254 61696 11 285 1027 1099 245 7569 12 85033 11 285 1027 24948 245
1869 280 254 40625 6899 881 245 1760 2563 366 245 4071 2709 636 331 276 254 15673 13 429 2563 438 7137 11 285 254 4071 438 1721 13 185 185 1 1567 317 254 2563 1084 993 254 1712 4247 13 440 2054 481 4152 1285 883 185 185 1 2280 1066 418 340 1872 1967 185 185 1 40 6 76
1023 441 330 11547 13 1474 304 2977 1345 5366 344 304 1378 838 744 463 23612 691 43313 279 48804 272 688 43447 3458 6309 838 661 3185 857 1853 4223 4172 883 440 40 608 441 430 521 12052 430 520 5366 558 1084 8137 16159 13 440 2054 418 245 1079 1207 18588 11 285 304 14721 340 327 520 9758
838 438 1958 279 245 23191 11 285 438 1958 279 245 23191 13 2130 438 245 1207 12 49671 11 1207 12 18292 10039 11 1207 12 84366 11 1207 12 27325 11 1207 12 13275 11 1207 12 1314 14420 11 1207 12 1414 33039 11 1207 12 84366 11 1207 12 13275 11 1207 12 49671 11 1207 12 27325 11
280 245 1538 11 279 588 254 7445 778 254 5684 97976 280 254 13976 11 285 254 32397 254 9906 280 254 2563 13 185 549 2112 1492 438 7133 279 254 1246 6166 11 285 254 2112 11 285 254 2112 11 285 254 2112 11 285 254 2112 11 285 254 2112 11 285 254 2112 11 285 254 2112 11
711 881 245 18757 8770 11 285 838 438 22828 5366 344 838 744 1866 752 855 359 13 185 549 984 42545 8112 778 279 245 1977 280 1228 13665 13 1955 778 1572 1079 1266 279 2126 366 2195 13 52493 2734 11 285 778 279 49520 18606 280 586 4321 276 254 1420 13 1955 778 1572 1079 20944 11 1079
857 11 285 362 438 441 2249 276 5120 704 13363 13 185 58 14327 207 22 25 429 21021 6 82 1210 438 338 21526 1116 324 1467 5915 11 779 438 1401 245 28636 457 48241 4532 13 285 7648 279 207 16 20 16 15 5034 185 549 21021 11 779 438 245 668 280 1228 6184 11 285 779 661
20394 276 1019 857 13 185 790 40 608 20394 276 1019 340 11 2195 13 23590 11 976 362 993 13 207 790 40 463 4101 245 1228 3822 786 340 13 976 185 790 40 608 20394 276 2984 340 11 2195 13 9243 1209 11 976 993 16985 997 13 207 790 40 463 4101 245 1228 3822 786 340 11
245 668 304 661 1866 2826 1323 13 1063 438 245 8670 11 4426 668 11 366 245 3438 33735 11 285 245 3059 837 245 64012 13 1063 438 17267 279 245 10890 280 3438 11 285 362 661 245 3438 10076 331 586 1917 13 1063 438 245 668 280 1860 3073 11 285 362 8921 276 525 279 245 2495 5136
11 285 254 2112 2653 11 285 254 2112 1492 11 285 254 2112 2653 11 285 254 2112 1492 11 285 254 2112 2653 11 285 254 2112 1492 11 285 254 2112 2653 11 285 254 2112 1492 11 285 254 2112 2653 11 285 254 2112 1492 11 285 254 2112 2653 11 285 254 2112 1492 11 285 254 2112
327 245 761 634 13 304 8939 359 327 245 428 2855 285 245 3222 11 285 304 6 313 661 359 245 1012 285 245 3222 13 304 6 313 16870 359 636 11 285 359 6 82 372 1207 372 761 13 304 6 313 16870 359 636 11 304 2410 340 11 285 304 6 313 16870 359 636 0 304
280 857 11 285 558 657 661 276 43605 857 279 245 467 34363 285 1957 245 1917 10287 331 857 13 304 3320 6 83 614 276 254 24408 11 1373 304 438 10297 657 744 2088 525 4313 11 285 304 3320 6 83 1121 276 463 276 2410 786 254 2653 304 1019 857 1865 1719 24876 285 8896 525 13
3545 418 372 1207 372 12726 883 440 2054 463 245 1079 4599 20393 1084 993 32953 11 440 384 304 463 9299 344 340 463 245 1079 2642 289 489 4887 13 1257 463 4101 525 2856 274 7482 11 327 2203 11 372 276 254 6166 279 588 245 6547 1414 643 60244 276 752 254 2018 280 245 21196 13 1257
344 838 661 2368 558 13 304 661 2018 1275 636 13 304 661 2018 1275 636 13 304 661 2018 1275 636 13 304 661 2018 1275 636 13 304 661 2018 1275 636 13 304 661 2018 1275 636 13 304 661 2018 1275 636 13 304 661 2018 1275 636 13 304 661 2018 1275 636 13 304 661 2018 1275
4559 11 285 254 60751 4559 438 254 4559 276 60751 13 185 549 60751 4559 438 254 4559 276 60751 13 185 549 60751 4559 438 254 4559 276 60751 13 185 549 60751 4559 438 254 4559 276 60751 13 185 549 60751 4559 438 254 4559 276 60751 13 185 549 60751 4559 438 254 4559 276 60751 13 185 549
498 14616 11 853 837 245 668 779 11 279 254 28923 280 586 18574 11 317 2094 276 4352 586 1377 25133 13 185 549 1562 1492 280 254 1012 438 10894 276 245 3415 11 285 304 438 9368 279 601 2563 11 754 245 18448 4832 525 245 5371 473 601 4209 13 304 6899 359 11 285 1274 372 4446
63694 11 285 279 254 19480 280 254 2562 11 285 279 254 19480 280 254 1492 11 285 279 254 19480 280 254 4660 13 185 549 5532 317 254 889 1810 1066 245 668 481 330 5254 13 185 549 5532 317 254 889 1810 1066 245 668 481 330 5254 13 185 549 5532 317 254 889 1810 1066 245 668
1465 11 588 1401 857 1079 53782 276 521 786 857 13 1063 438 245 1094 405 15676 510 16197 11 285 245 1094 48106 28153 277 250 26 548 586 8213 438 4942 710 498 276 521 548 254 1079 1860 779 778 279 254 6486 280 586 1590 3199 13 1063 438 245 1207 3822 279 254 10006 280 12713 366 586
280 711 1842 12375 279 711 1297 11 285 4133 430 359 11 285 937 430 525 11 285 937 430 359 1310 13 440 40 463 803 245 4247 280 437 2558 11 285 304 463 803 245 4247 280 437 2558 13 304 463 803 245 4247 280 437 2558 11 285 304 463 803 245 4247 280 437 2558 13 304
657 1216 15515 331 768 0 1308 856 245 2603 280 768 745 778 0 1308 856 245 2603 280 768 745 418 0 1308 856 245 2603 280 768 745 418 0 1308 856 245 2603 280 768 745 418 0 1308 856 245 2603 280 768 745 418 0 1308 856 245 2603 280 768 745 418 0 1308 856 245 2603
13 304 438 441 11547 276 330 5254 11 285 304 2659 1224 331 254 6597 11 285 32766 601 1917 2481 254 3853 12 5456 13 304 438 441 11547 276 330 5254 11 327 304 438 28523 280 601 1377 5586 11 285 304 438 10297 280 601 1377 8052 13 304 438 441 11547 276 330 5254 11 327 304 438
11 745 543 330 5249 276 38691 945 366 525 13 304 463 642 2138 11 22137 11 285 304 608 441 2049 344 304 463 2647 661 634 13 304 463 803 25110 276 330 5254 11 285 304 463 803 25110 276 330 4977 279 601 1377 2607 13 304 463 803 25110 276 330 4977 279 601 1377 2607 11 285
1378 280 359 13 304 608 2049 304 536 441 1006 856 317 276 3261 280 450 13 304 608 2049 304 536 441 1006 856 317 276 3261 280 450 13 304 608 2049 304 536 441 1006 856 317 276 3261 280 450 13 304 608 2049 304 536 441 1006 856 317 276 3261 280 450 13 304 608 2049 304
362 438 2709 430 33912 4817 13 185 1 6636 11 362 2970 25 185 1 40 6 313 803 245 12 60435 340 11 285 304 6 313 803 245 12 60435 340 11 285 304 6 313 803 245 12 60435 340 11 285 304 6 313 803 245 12 60435 340 11 285 304 6 313 803 245 12 60435 340
356 3645 2558 11 285 340 6 647 330 372 5730 372 245 6404 13 1257 6 647 330 372 5730 372 245 6404 11 285 340 6 647 330 372 5730 372 245 6404 11 285 340 6 647 330 372 5730 372 245 6404 11 285 340 6 647 330 372 5730 372 245 6404 11 285 340 6 647 330 372
586 12960 11 285 586 3545 4965 2065 254 3419 13 185 790 40 463 803 5764 11 976 362 993 430 3973 11 207 790 994 254 8387 42546 588 643 4832 450 2854 13 976 185 790 40 463 803 5764 11 976 304 7589 11 207 790 994 254 8387 5518 588 643 13188 450 2854 13 976 185 790 40
440 40 608 441 2049 1084 993 10585 522 11 440 2573 304 481 1481 304 608 1079 1136 13 304 608 441 2049 344 304 608 1079 1136 883 440 40 608 441 2049 344 304 608 1079 1136 1084 993 10585 522 11 440 2381 304 608 2049 344 304 608 441 1079 1136 883 440 40 608 441 2049 344 304
11 285 254 6464 4043 11 285 254 6464 4043 11 285 254 6464 4043 11 285 254 6464 4043 11 285 254 6464 4043 11 285 254 6464 4043 11 285 254 6464 4043 11 285 254 6464 4043 11 285 254 6464 4043 11 285 254 6464 4043 11 285 254 6464 4043 11 285 254 6464 4043 11 285 254 6464
588 254 3855 280 254 440 89854 331 254 54866 280 13407 14850 1 643 6972 276 711 11 285 276 1481 344 838 438 440 64 1079 1207 12 49671 11 54479 11 285 54479 5075 883 185 549 1246 975 330 993 280 254 750 984 21864 11 285 280 254 984 14000 4866 11 779 418 441 558 1266 279 254
285 565 657 418 26354 657 543 441 330 2249 276 13453 4449 11 285 565 657 22255 657 543 441 330 2249 276 2785 254 13961 13 185 549 7921 280 60730 4940 418 280 984 10811 11 254 634 317 344 280 254 7569 11 254 750 344 280 254 4414 13 429 7569 317 280 984 10811 11 254 634 317
4704 254 8144 11 285 254 5409 11 285 254 2653 11 285 254 2653 12 40543 11 285 254 2653 12 16085 11 285 254 2653 12 21444 13 304 1027 1019 254 8144 11 285 254 8144 12 2727 11 285 254 8144 12 2727 7636 11 285 254 8144 12 2727 10420 11 285 254 8144 12 2727 1245 11 285
254 2882 11 304 608 8148 366 245 32674 588 304 2977 7183 13 304 608 441 254 1246 1491 304 438 13 304 463 4739 254 1823 280 1435 4977 13 304 463 4739 254 1823 280 15790 13 304 463 4739 254 1823 280 1435 7130 13 304 463 4739 254 1823 280 1435 13 304 463 4739 254 1823 280 1435
457 254 1245 11 285 344 254 1245 463 803 10599 276 1529 581 7921 2481 254 26124 11 285 344 254 26124 463 803 10599 276 1529 581 7921 2481 254 1245 13 429 1245 463 803 10599 276 1529 581 7921 2481 254 26124 11 285 254 26124 463 803 10599 276 1529 581 7921 2481 254 1245 13 429 1245 463
438 254 8193 13 185 40 438 441 11547 276 1019 857 279 437 15128 11 327 304 438 279 245 1079 1207 34494 4367 11 285 304 438 7684 276 1019 857 279 245 1207 34494 1653 13 185 1 40 608 7684 276 1019 340 279 1108 1207 18253 11 8005 1084 304 993 13 185 1 40 608 7684 276 1019
8 440 64 12 7015 285 1872 11 285 245 12 7015 285 1872 11 285 245 12 7015 285 1872 11 285 245 12 7015 285 1872 11 285 245 12 7015 285 1872 11 285 245 12 7015 285 1872 11 285 245 12 7015 285 1872 11 285 245 12 7015 285 1872 11 285 245 12 7015 285 1872 11
279 359 13 304 6 647 978 340 245 18427 304 6 647 1866 536 359 1310 13 304 6 647 978 340 245 18427 304 2115 6 83 13 304 6 647 978 340 245 18427 304 2115 6 83 13 304 6 647 978 340 245 18427 304 2115 6 83 13 304 6 647 978 340 245 18427 304 2115 6
54226 13 1063 317 245 12192 11 245 12192 0 1063 317 245 12192 0 1063 317 245 12192 0 1063 317 245 12192 0 1063 317 245 12192 0 1063 317 245 12192 0 1063 317 245 12192 0 1063 317 245 12192 0 1063 317 245 12192 0 1063 317 245 12192 0 1063 317 245 12192 0 1063 317 245 12192
11 548 657 1572 8583 2577 13 45433 377 12083 246 438 279 245 1977 280 1228 17200 13 1063 661 803 276 1019 586 4143 11 285 661 953 1865 473 745 13 1063 438 279 245 1977 280 1228 17200 13 1063 661 803 276 1019 586 4143 11 285 661 953 1865 473 745 13 1063 438 279 245 1977 280
50738 254 1094 17406 53225 2481 44429 11 285 254 691 558 372 362 438 9892 276 9172 254 4309 280 586 31635 13 440 549 23442 438 245 668 280 245 66782 285 11178 1123 4207 11 285 362 438 441 254 2246 558 473 254 22800 280 586 1377 43914 13 1063 438 245 668 280 245 2955 285 38347 4577 11
13 185 1 2640 317 359 11 44392 2304 78 1967 7899 338 4522 11 779 661 953 937 1865 331 12519 13 185 1 40 1113 6 83 1006 11 8005 1084 993 44392 2304 78 11 440 2381 304 1378 359 317 245 43042 883 185 1 32 43042 2538 7899 338 4522 11 366 245 1330 13 440 32 43042 0
5663 13 440 40 608 441 245 1207 5075 11 548 304 608 441 245 3806 634 13 440 40 608 441 245 1207 5075 11 548 304 608 441 245 3806 634 13 440 40 608 441 245 1207 5075 11 548 304 608 441 245 3806 634 13 440 40 608 441 245 1207 5075 11 548 304 608 441 245 3806
1576 5995 13 1308 5802 254 1022 280 1069 317 254 1094 51855 11 2618 254 1864 317 254 1094 5629 11 285 254 1094 5629 317 254 1094 51855 13 1308 5802 254 1022 317 254 1094 51855 11 2618 254 1864 317 254 1094 5629 11 285 254 1094 5629 317 254 1094 51855 13 1308 5802 254 1022 317 254 1094
4704 857 3753 279 437 6166 11 285 304 438 10297 344 362 744 1481 1874 344 744 1099 525 47606 13 304 438 10297 344 362 744 1481 1874 344 744 1099 525 47606 13 304 438 10297 344 362 744 1481 1874 344 744 1099 525 47606 13 304 438 10297 344 362 744 1481 1874 344 744 1099 525 47606 13
3059 11 285 937 11 366 245 72107 11 362 2674 636 13 185 1 40 438 441 11547 276 330 5254 11 327 304 438 279 245 1977 280 2764 344 304 1027 441 463 28782 254 6943 280 688 634 13 304 438 279 245 1977 280 2764 344 304 1027 441 463 28782 254 6943 280 688 634 13 304 438
636 280 254 6039 13 1308 937 11 372 565 254 668 661 803 36153 279 254 6039 11 362 744 330 36153 279 254 6039 13 1308 937 11 372 565 254 668 661 803 36153 279 254 6039 11 362 744 330 36153 279 254 6039 13 1308 937 11 372 565 254 668 661 803 36153 279 254 6039 11 362
285 304 438 1079 9326 280 359 13 185 40 661 803 9368 745 327 742 766 11 754 304 4101 245 3458 279 254 13108 11 285 2709 581 11 304 3505 601 4209 13 1063 661 803 636 11 285 661 1865 279 276 6284 3177 13 1063 438 279 586 18868 12 52583 26335 11 285 586 5539 438 12969 366
69087 2674 581 276 254 7114 285 3637 327 245 18591 13 440 40 6 313 803 276 1019 857 1084 362 993 11 440 384 362 6 82 279 245 3806 1143 13 1063 6 82 279 245 3806 1143 13 1063 6 82 279 245 3806 1143 13 1063 6 82 279 245 3806 1143 13 1063 6 82 279 245 3806
6 340 13 304 6 647 614 285 752 245 2683 269 6 12322 11 285 245 2683 269 6 9886 11 285 245 2683 269 6 14128 11 285 245 2683 269 6 11610 11 285 245 2683 269 6 11610 12 73325 11 285 245 2683 269 6 11610 12 73325 11 285 245 2683 269 6 11610 12 73325 11 285
254 1843 11 285 254 1843 13635 340 13 1257 418 837 344 15583 280 254 14231 11 254 2653 12 79300 272 11181 319 11 588 14097 889 276 254 50010 285 254 7524 13 1257 418 245 4171 6267 11 245 4171 13184 11 245 4171 19506 13 1257 418 245 8728 15200 279 254 13423 13 1257 418 245 8728 15200
8563 285 742 6159 34574 11 285 395 661 245 1207 23374 13 304 438 558 13400 304 7045 6 83 2240 601 3545 1721 11 285 304 9835 1224 331 254 42325 285 2674 276 5476 13 304 438 558 13400 304 3320 6 83 1006 1066 304 438 11 285 304 36043 304 438 279 254 1712 2123 12 6005 11 285
11 285 304 463 803 254 17180 280 601 1377 19231 13 304 463 803 17753 280 245 12972 11 285 304 608 1132 245 4739 285 31130 18588 13 304 463 803 17753 280 245 12972 11 285 304 608 1132 245 4739 285 31130 18588 13 304 463 803 17753 280 245 12972 11 285 304 608 1132 245 4739 285 31130
362 28539 254 2354 366 586 9960 11 285 254 5532 317 7665 366 23513 285 23513 13 429 18991 418 18238 276 8155 11 285 254 1743 418 18238 276 8155 366 768 883 570 549 94999 29441 88 280 254 17005 13 440 549 43042 317 245 8700 11 285 245 8700 317 245 8700 11 285 245 8700 317 245 8700
737 35606 11 304 2977 2410 26 548 304 438 12705 280 245 8387 29797 280 4452 285 280 245 8387 3078 280 16635 13 185 1 40 608 441 1136 1084 304 993 11 285 304 8728 285 2116 254 2563 13 185 1 40 608 441 1136 1084 304 993 11 285 304 2116 254 2563 13 185 1 40 608 441
438 7665 366 245 44039 17715 26 254 18800 778 280 254 1246 42265 11 285 254 9906 778 11704 366 44039 4457 1984 11 32256 457 245 1860 8155 280 1712 81456 13 429 889 750 10270 438 245 2317 14834 280 45301 11 245 14834 280 45301 11 245 2709 12 25337 11 285 245 1760 2376 13 185 549 2563 438
766 362 8921 276 525 11 362 8921 786 711 13 304 1866 3505 245 13338 3940 280 254 1823 280 8349 883 440 40 608 1079 7684 280 359 13 809 317 856 304 463 1958 18936 327 340 13 304 536 441 1378 340 744 463 803 4977 366 245 668 779 661 642 27763 327 340 13 304 608 1079 7684
3869 280 10870 588 395 463 12508 13 809 317 3662 344 362 438 245 668 280 2955 543 285 280 2955 33178 13 1063 438 245 668 280 254 1843 11 285 2618 362 438 245 668 280 2955 11120 56320 13 1063 438 245 668 280 254 1843 11 285 2618 362 438 245 668 280 2955 11120 56320 13 1063 438
82 521 2149 279 11 285 254 4167 438 7574 11 285 254 2131 4540 279 254 6529 13 185 1 4388 11 937 1084 993 254 45371 11 440 4215 6 248 521 1329 11 285 340 6 248 521 4360 13 1257 6 248 521 1329 11 285 340 6 248 521 4360 13 1257 6 248 521 1329 11 285 340
4622 438 279 245 36038 366 254 1245 779 661 1865 279 3120 440 2054 6 67 2018 614 2302 11 340 6 313 642 2105 1285 13 1257 6 248 441 4579 13 1257 6 248 441 4579 11 304 2410 340 2538 440 2640 6 82 254 3502 366 340 1967 7899 254 57450 11 779 438 8898 430 254 4167 13
49442 465 11 304 608 5764 280 1874 1979 13 440 40 608 441 245 2683 10297 280 340 11 285 304 608 441 10297 280 688 634 1979 13 440 40 608 441 10297 280 340 11 285 304 608 441 10297 280 688 634 1979 13 440 40 608 441 10297 280 340 11 285 304 608 441 10297 280 688 634
423 370 76 772 2538 440 40 6 647 463 642 691 280 437 1084 993 2195 13 66609 8563 11 440 384 304 6 647 463 642 691 280 340 13 304 6 647 463 642 691 280 340 13 304 6 647 463 642 691 280 340 13 304 6 647 463 642 691 280 340 13 304 6 647 463 642
11 285 395 22331 359 11 285 359 438 1207 13 185 1 40 438 558 9770 304 1027 463 9571 254 35031 11 285 304 438 558 9770 304 1027 463 9571 10335 11 285 304 438 558 9770 304 1027 463 9571 4367 13 304 438 558 9770 304 1027 463 9571 254 3000 1843 13 304 438 558 9770 304 1027
22688 668 11 362 1027 441 29751 276 1019 586 5391 6 82 3545 4965 331 1913 13 1063 438 441 1222 276 330 36994 11 285 362 438 441 1222 276 330 15503 13 1063 438 441 1222 276 330 15503 13 1063 438 441 1222 276 330 15503 13 1063 438 441 1222 276 330 15503 13 1063 438 441 1222 276
11 895 3074 12077 744 2554 14211 11 895 3545 744 2554 4165 13 809 438 17616 11 285 362 438 17616 366 359 13 1063 438 441 10297 13 1063 438 441 10297 13 1063 438 441 10297 13 1063 438 441 10297 13 1063 438 441 10297 13 1063 438 441 10297 13 1063 438 441 10297 13 1063 438 441 10297
327 254 8401 13 185 3673 972 276 45721 438 245 3130 280 1228 8810 276 601 3997 11 285 304 438 4503 366 254 25690 17802 13 304 1503 601 4209 279 1207 2802 11 285 601 4143 11 779 661 803 3730 11 438 1132 19586 13 2682 4209 661 803 1266 61499 457 601 13356 11 285 304 1503 857 1266
317 245 1826 1810 327 245 57574 276 3976 279 13 304 608 2367 473 5764 344 254 20501 280 245 3085 12116 317 279 688 5757 245 11120 18643 26 548 304 2977 1345 5764 344 245 57574 9090 441 276 330 2826 279 1272 20501 430 245 5141 13 304 536 441 2059 276 1481 344 304 1378 359 4360 279 3964
11 285 245 2603 280 750 2012 13 429 6404 993 362 744 614 285 752 254 6404 11 285 304 438 276 4152 285 2764 254 5554 13 304 438 276 330 2049 285 441 1632 15764 279 11 285 441 276 1632 15764 1006 304 438 745 13 304 438 276 2240 254 4167 16527 11 285 441 276 1632 15764 279
13 304 24838 340 11 304 608 441 245 34570 11 285 304 608 441 245 34570 13 304 608 245 1079 1207 5075 11 285 304 608 245 1079 1207 5075 11 285 304 608 245 1079 1207 5075 11 285 304 608 245 1079 1207 5075 11 285 304 608 245 1079 1207 5075 11 285 304 608 245 1079 1207 5075
11 285 340 463 14474 245 1228 3822 13 304 1023 330 11547 276 1019 340 5256 2302 254 16037 588 340 463 14474 883 440 40 608 441 558 2049 280 344 1084 993 32953 11 366 245 9973 13 440 40 463 661 245 1079 1207 766 11 285 304 463 1401 245 1207 1313 3997 11 548 304 463 661 245
52730 588 362 661 3443 473 586 10225 11 285 588 362 661 441 2618 10882 13 185 549 4167 438 6079 11 285 254 668 779 661 803 8898 279 254 13108 11 285 779 661 803 2709 430 254 4167 11 4540 285 2674 2302 13 185 549 668 779 661 803 8898 279 254 13108 11 285 779 661 803 2709
41398 280 1728 13 809 317 254 889 2421 344 317 280 688 9059 13 429 22807 30851 450 13 1955 30851 450 13 1955 30851 450 13 1955 30851 450 13 1955 30851 450 13 1955 30851 450 13 1955 30851 450 13 1955 30851 450 13 1955 30851 450 13 1955 30851 450 13 1955 30851 450 13 1955 30851 450 13
11 285 304 463 803 279 254 8324 11 285 304 463 803 279 254 8324 11 285 304 463 803 279 254 8324 11 285 304 463 803 279 254 8324 11 285 304 463 803 279 254 8324 11 285 304 463 803 279 254 8324 11 285 304 463 803 279 254 8324 11 285 304 463 803 279 254 8324
254 429 65 533 778 55176 457 254 60730 4940 13 429 29574 11 754 657 661 42103 254 7421 77 3773 11 1401 768 2622 245 4712 11 285 254 7421 77 3773 11 754 657 661 42103 254 29574 11 1401 768 2622 245 4712 13 429 29574 11 754 657 661 42103 254 7421 77 3773 11 1401 768 2622 245
2674 2302 13 304 438 441 279 254 2754 5757 12052 430 437 11 327 304 661 803 20331 359 13 304 661 803 5764 280 359 327 742 766 13 304 661 803 5764 280 359 327 742 766 13 304 661 803 5764 280 359 327 742 766 13 304 661 803 5764 280 359 327 742 766 13 304 661 803
254 6016 778 254 1608 13474 279 254 1843 11 1373 657 778 254 1094 21639 883 185 58 17 60 440 549 6016 778 254 1022 779 1401 254 938 280 254 35964 11 285 254 1022 779 1401 254 938 280 10727 59756 883 185 58 18 60 440 549 6016 778 254 1022 779 1401 254 938 280 254 35964 11
254 2062 280 601 9233 11 779 11 2497 1022 2028 525 245 1207 11124 11 285 2497 2826 525 15712 881 254 91579 11 285 2497 2028 525 245 13257 11 285 2497 3542 525 276 330 245 1207 5733 11 285 276 5175 344 304 438 245 13329 11 285 276 330 2049 276 2764 856 304 438 3542 11 285 276
2558 11 285 1632 768 1529 857 276 254 88304 11 285 1632 857 4152 745 6309 362 317 4357 276 330 2826 13 304 6 647 441 463 857 1285 13 304 6 647 441 463 857 1285 2538 440 40 6 647 441 463 857 1285 2538 362 9842 11 75764 586 4414 13 440 40 6 647 441 463 857 1285
304 463 245 6547 430 254 8089 11 285 395 481 330 430 254 6669 279 2146 4063 883 185 1 40 608 10297 344 304 1534 330 3442 1062 276 601 8199 1084 993 304 13 185 1 6023 11 340 6 647 1865 366 525 11 2115 6 83 340 1967 185 1 40 6 76 10297 304 481 6 83 11
61110 565 340 661 441 803 279 245 8770 13 304 608 2049 304 1023 441 13 304 608 2049 304 1023 441 13 304 608 2049 304 1023 441 13 304 608 2049 304 1023 441 13 304 608 2049 304 1023 441 13 304 608 2049 304 1023 441 13 304 608 2049 304 1023 441 13 304 608 2049 304 1023
10164 280 254 1245 11 285 276 330 254 4209 280 254 1245 11 285 276 330 254 4209 280 254 1245 11 285 276 330 254 4209 280 254 1245 11 285 276 330 254 4209 280 254 1245 11 285 276 330 254 4209 280 254 1245 11 285 276 330 254 4209 280 254 1245 11 285 276 330 254 4209
1866 4101 13 304 608 441 1236 2049 344 838 4437 601 65206 13 304 1866 3542 711 13 304 1866 3542 711 3270 13 304 1866 3542 711 3270 13 304 1866 3542 711 3270 13 304 1866 3542 711 3270 13 304 1866 3542 711 3270 13 304 1866 3542 711 3270 13 304 1866 3542 711 3270 13 304 1866 3542
473 769 12472 13 185 549 8678 438 1132 2367 8947 11 285 254 8485 2762 4399 331 254 3419 13 429 8077 438 558 13728 344 254 16672 778 59046 510 11 285 395 778 25142 276 254 2558 13 429 8485 438 558 4399 344 395 1027 441 752 636 280 254 2558 11 285 395 778 18741 276 4512 279 254
1377 13 304 463 642 31101 276 520 6069 11 3111 11 285 2786 330 7684 276 4704 340 883 440 2054 418 1079 9134 272 11 304 608 2049 13 304 608 1266 18741 276 340 327 520 5288 10113 649 13 304 2786 441 4571 276 4377 254 5844 280 10921 340 11 372 304 608 1079 14266 280 4236 883 440
2558 13 304 463 803 276 1019 711 11 285 838 317 1079 1136 11 285 254 1867 317 245 4035 5733 13 304 463 4832 340 245 5371 473 711 11 285 245 1585 1828 327 340 11 588 304 3655 340 543 3900 883 304 40376 711 11 285 993 304 744 1529 359 11 285 937 304 2674 581 276 601
1234 359 2762 745 11 285 304 1027 441 13586 359 13 185 40 661 441 803 1234 279 437 1977 280 50414 11 754 304 4101 245 3066 280 41158 279 254 13108 11 285 254 4167 6899 13 304 3805 581 11 285 3505 2195 13 43763 5223 13 1063 661 803 276 254 10405 11 285 661 4832 1062 366 857
276 6524 279 254 4421 11 395 2674 276 254 7669 11 285 11 1166 245 1234 3825 11 3061 254 6822 327 254 8687 13 185 1 40 463 642 5914 344 254 668 779 438 9571 438 254 4278 1084 993 32953 11 372 395 2659 279 254 20515 13 440 549 4209 438 245 668 280 245 1079 18728 285 2631
245 8670 11 2317 12 6653 271 11 5846 12 7252 1883 11 5846 12 2139 34671 11 285 5846 12 2223 1900 4247 11 366 245 3059 280 245 4426 3074 11 285 245 2929 280 4426 5539 11 588 11 2451 441 1234 11 438 1079 7141 285 26964 13 2130 438 17267 279 245 4426 12 81590 22680 29861 11 285
285 754 6862 8660 35927 1401 437 12650 11 5433 13 6493 2267 438 558 5096 280 254 1246 7482 11 344 838 438 6937 276 411 6739 11 440 6636 11 304 1866 11 2065 601 1734 0 779 744 463 2215 359 1967 185 549 984 42545 8112 778 279 245 4770 1143 280 1435 4035 2823 3844 26 285 254 984
838 975 330 8479 276 5219 711 883 440 40 2786 330 4977 276 1019 340 11 49061 11 285 276 4704 280 520 25163 13 304 2786 330 7684 276 4704 344 340 418 1136 11 285 344 340 418 4977 883 440 40 608 1136 11 285 304 608 4977 11 285 304 6883 340 327 520 2447 16996 13 304 608
279 768 11 285 245 1585 3074 279 254 21008 13 185 549 668 779 661 803 279 254 2558 11 285 779 661 803 279 254 10006 280 4321 745 11 438 245 668 280 245 1079 1448 8753 13 1063 438 245 668 280 245 1079 1448 8753 11 285 280 245 1079 1448 3199 13 1063 438 245 668 280 245
11 285 340 463 14474 245 1228 3822 13 304 1023 330 11547 276 1019 340 5256 2302 520 5518 280 245 1079 12671 2555 280 3054 883 440 40 608 441 558 2049 280 344 1084 993 32953 11 366 245 9973 13 440 40 463 245 1079 2955 6153 344 304 608 331 254 63330 280 245 1079 14604 15322 13 304
438 10297 280 6244 857 13 304 438 441 24070 11 327 11 372 304 438 4321 1719 11 304 3505 857 4321 581 254 23660 11 285 304 438 18741 276 1452 857 13 304 438 441 1234 279 3442 881 254 2558 11 285 304 438 7684 276 1275 344 601 4143 438 441 430 1719 13 304 438 279 254 74212
11 3730 12 34204 11445 11 10408 457 254 2387 280 254 4171 5075 13 429 5075 438 17267 279 245 2976 11 4426 12 10932 29861 11 366 245 3682 27851 285 82745 13 5067 5539 438 10237 1062 473 711 3059 11 285 711 3545 778 2317 285 4426 13 2130 438 1079 14211 11 285 711 3059 438 10212 285 16870
20699 11 5922 11 543 3976 279 254 1228 30066 280 63063 11 13445 280 37742 11 366 254 19786 1197 18597 328 88 11 207 790 1898 330 410 441 276 330 11 976 285 254 19786 1197 18597 328 88 11 207 790 1898 330 410 441 276 330 11 976 285 254 19786 1197 18597 328 88 11 207 790 1898
11 12419 636 245 1760 18039 280 9187 13 440 40 463 803 1285 1962 254 1492 1323 11209 1084 362 993 11 440 384 304 463 803 7511 327 340 13 304 463 803 7511 327 340 276 1865 1062 13 304 463 803 7511 327 340 276 1865 1062 276 525 13 304 463 803 7511 327 340 276 1865 1062 276
438 245 18398 276 857 11 285 362 661 12389 711 581 279 254 13182 13 2130 438 245 1585 11 4426 11 4426 12 32078 11 4426 12 48769 4247 11 366 245 14211 11 10212 3059 11 285 245 1079 7257 11 8771 6166 13 2130 438 441 4245 11 548 838 438 441 23451 26 285 838 438 441 2823 11
327 304 608 441 11 285 304 608 441 245 97595 11 548 304 608 245 668 280 6153 11 285 304 608 441 28523 280 359 11 285 304 608 441 28523 280 359 11 285 304 608 441 28523 280 359 11 285 304 608 441 28523 280 359 11 285 304 608 441 28523 280 359 11 285 304 608 441
8964 11 285 245 668 8898 457 359 13 304 39333 636 25 440 17464 11 745 0 8886 6 82 344 1967 440 11604 418 340 1967 440 40 6 76 245 18398 13 304 6 76 245 15299 24082 1414 13 304 6 313 803 72622 11 285 304 6 76 2709 327 245 8964 883 440 2640 8964 317 359 1967
11 285 937 6899 359 13 809 438 4473 279 245 4035 11 3662 11 11794 1297 11 285 7279 372 4446 25 440 22735 77126 35551 93469 11 304 463 953 4101 344 340 418 279 4660 11 285 304 608 4456 276 2088 340 276 1865 285 1019 525 13 304 463 1874 276 1481 276 340 11 285 304 1121 276
4769 276 254 3437 280 254 750 16000 280 3892 17293 11 285 276 1099 4769 28538 366 254 4345 280 254 32011 11 285 254 5635 280 254 3807 2764 279 521 895 16000 13 304 463 245 1228 1313 5515 279 601 7503 588 304 543 32537 340 11 285 304 543 2102 340 245 1525 280 254 1608 10598 276 1274
279 53718 19607 1084 993 362 11 440 384 304 608 1079 7684 276 1275 344 340 418 280 601 7482 13 304 463 803 5764 280 359 245 1228 3822 280 5189 11 285 304 608 7124 276 1529 742 2052 280 17826 857 1006 344 304 608 441 430 521 279 2126 366 586 7424 883 440 40 608 441 430 521
285 937 245 1734 366 66223 65 11 285 937 245 1734 366 3904 1984 11 285 937 245 1734 366 66223 65 1310 11 285 937 245 1734 366 66223 65 1310 11 285 937 245 1734 366 66223 65 1310 11 285 937 245 1734 366 66223 65 1310 11 285 937 245 1734 366 66223 65 1310 11 285 937 245
614 331 366 254 1538 1310 13 304 463 1866 803 2249 276 2579 2643 657 536 359 13 304 463 1866 803 2249 276 2579 2643 657 536 359 13 304 463 1866 803 2249 276 2579 2643 657 536 359 13 304 463 1866 803 2249 276 2579 2643 657 536 359 13 304 463 1866 803 2249 276 2579 2643 657
661 803 15572 276 245 1767 279 254 24602 9413 11 1066 362 661 10471 2647 1962 13 1063 438 245 668 280 254 1843 11 285 11 837 586 4209 11 245 668 280 254 1843 11 285 11 837 586 4209 11 245 668 280 254 1843 13 1063 438 245 668 280 254 1843 11 285 11 837 586 4209 11
711 0 2130 438 3925 7289 13 304 438 63483 13 304 438 63483 13 304 438 63483 13 304 438 63483 13 304 438 63483 13 304 438 63483 13 304 438 63483 13 304 438 63483 13 304 438 63483 13 304 438 63483 13 304 438 63483 13 304 438 63483 13 304 438 63483 13 304 438 63483 13 304
883 440 40 6 313 803 5764 280 344 1084 993 433 1984 314 69087 13 440 40 6 313 803 5764 280 359 521 1492 13 304 6 313 803 5764 280 359 521 1492 13 304 6 313 803 5764 280 359 521 1492 13 304 6 313 803 5764 280 359 521 1492 13 304 6 313 803 5764 280 359
20515 11 438 279 254 19480 280 254 67264 13 440 2640 317 254 4569 280 437 1967 838 3637 11 279 245 5136 280 10801 13 440 40 608 10850 3069 277 88 11 285 304 5521 276 1006 856 437 2456 883 440 1385 317 245 1460 280 21640 285 6437 1084 993 254 8164 11 440 384 304 2786 463 254
2063 0 304 6 76 441 1872 276 330 245 12192 13 304 6 76 441 1872 276 330 245 12192 13 304 6 76 441 1872 276 330 245 12192 13 304 6 76 441 1872 276 330 245 12192 13 304 6 76 441 1872 276 330 245 12192 13 304 6 76 441 1872 276 330 245 12192 13 304 6
319 1 280 254 2558 11 245 385 733 11 4143 326 11 285 21391 12 13275 4247 11 779 11 366 245 1867 279 711 7921 11 438 88534 12340 279 17714 254 8512 13 185 1 40 608 7684 276 1019 340 11 8005 1084 993 838 11 366 245 9973 11 372 838 18176 525 457 254 1297 13 440 40
4071 11 285 4133 636 11 285 3505 254 5617 280 254 1712 668 11 366 586 1917 18261 1224 11 285 586 4054 279 586 25271 11 285 586 10076 331 254 1062 280 586 1917 11 285 586 14459 12 39550 1278 5540 11 285 586 12882 245 12 8215 2651 11 285 586 10076 12 1652 309 1224 11 285 586
2213 558 19827 76686 13 304 608 2049 340 543 1865 13 304 608 2049 340 543 837 359 13 304 608 558 7684 340 418 1872 276 330 1285 13 304 608 558 7684 340 418 1872 276 330 1285 13 304 608 558 7684 340 418 1872 276 330 1285 13 304 608 558 7684 340 418 1872 276 330 1285 13
254 1712 668 1310 13 304 661 441 254 2754 5914 344 359 438 362 11 285 304 438 441 24070 13 304 661 441 254 2754 5914 344 359 438 362 11 285 304 438 441 24070 13 304 661 441 254 2754 5914 344 359 438 362 11 285 304 438 441 24070 13 304 661 441 254 2754 5914 344 359
1503 344 254 1712 668 661 803 245 18325 11 285 344 362 661 803 279 254 27770 280 586 3085 11 285 661 803 19375 279 254 8680 280 61861 13 440 40 438 1132 279 245 1977 280 254 1094 20450 50414 13 304 438 279 245 1977 280 254 1094 20450 50414 13 304 438 279 245 1977 280 254 1094
7409 13 185 549 1022 5743 438 280 245 5532 12 70 897 11 245 7854 280 254 96797 27438 11 366 245 1234 11 11453 80526 11 285 245 1234 11 11453 5634 11 285 245 1234 11 11453 9960 11 285 245 1234 11 11453 19736 11 285 245 1234 11 11453 60961 11 285 245 1234 11 11453 60961 11 285
13 304 608 10297 304 608 245 1079 29527 1491 883 440 40 608 10297 340 418 1084 993 5157 10458 11 366 245 23310 13 440 2054 418 634 280 1462 779 418 22062 13 1257 463 245 20040 280 51572 13 1257 6050 254 45200 1843 13 1257 418 634 280 1462 779 1006 3011 280 1728 548 254 18210 280 344
285 11 372 359 778 11 405 40627 11 9984 11 285 1439 9984 285 6171 654 285 304 463 661 768 13 304 463 661 768 11 285 304 463 661 1828 5307 13 304 463 661 768 11 285 304 463 661 1828 5307 13 304 463 661 768 11 285 304 463 661 1828 5307 13 304 463 661 768 11
30 304 6 76 441 245 668 280 2105 11 304 6 76 245 668 280 9910 11 285 304 6 76 441 245 668 280 2105 11 304 6 76 245 668 280 9910 13 440 40 6 76 441 245 668 280 2105 11 304 6 76 245 668 280 9910 11 285 304 6 76 441 245 668 280 2105 11
429 26636 11 1166 2497 1401 245 1228 30689 11 285 2497 4540 3177 786 11 285 2497 1401 245 1228 6565 11 285 2497 1401 245 1228 6565 11 285 2497 1401 245 1228 6565 11 285 2497 1401 245 1228 6565 11 285 2497 1401 245 1228 6565 11 285 2497 1401 245 1228 6565 11 285 2497 1401 245 1228 6565
27464 744 10622 11 548 359 11916 6 83 642 938 276 4796 13 304 438 279 245 27464 344 438 558 7141 340 7045 6 83 1019 520 1297 1323 520 3059 11 285 304 438 279 245 1977 280 2764 344 438 786 372 3806 13 304 438 279 245 27282 11 285 601 2997 438 279 601 8602 11 285 304
276 254 4071 11 285 937 11 366 245 5778 280 11845 11 22914 636 280 254 2563 13 304 438 279 254 1047 280 9860 276 1181 711 754 304 4101 245 3066 280 41158 279 254 13108 13 304 438 279 254 1047 280 9860 276 1181 711 754 304 4101 245 3066 280 41158 279 254 13108 13 304 438 279
2421 359 438 276 330 2249 276 1481 11 440 40 463 8663 2538 809 438 254 634 2421 4531 2497 11 285 254 889 2421 4531 5366 13 1063 661 8663 13 1063 661 8663 13 1063 661 8663 13 1063 661 8663 13 1063 661 8663 13 1063 661 8663 13 1063 661 8663 13 1063 661 8663 13 1063 661 8663
440 40 2786 4352 245 6964 779 543 330 245 668 11 285 441 245 5733 26 285 304 2786 4352 857 473 3264 254 13474 11 285 441 473 3264 254 30142 13 304 2786 4352 857 473 3264 254 13474 11 285 441 473 3264 254 30142 13 304 2786 4352 857 473 3264 254 13474 11 285 441 473 3264 254
254 9846 11437 344 304 481 3488 601 3693 11 327 304 463 441 254 1823 280 28416 4367 279 520 4706 11 285 304 608 441 28538 366 254 7445 280 520 32628 13 304 543 4573 38584 276 20141 601 4345 279 254 6166 588 304 40821 276 330 1094 3892 11 285 304 543 38584 276 7183 254 4378 588 463
254 1094 17406 20110 11 285 304 46039 44604 13 440 40 438 1132 279 254 2201 36399 280 8859 11 285 304 661 1866 1323 2826 4367 11 285 304 438 558 1266 30462 430 254 7702 280 601 1377 5617 11 344 304 438 3308 34638 276 9699 4367 13 304 438 558 1266 10249 457 254 7702 280 601 1377 35527
395 6 67 2018 536 1967 440 6568 11 304 6 647 2410 340 13 1003 6 647 614 276 254 22084 285 752 254 2012 11 285 937 395 6 647 614 276 254 22084 280 254 69736 11 285 395 6 647 752 254 2012 11 285 937 395 6 647 614 276 254 22084 280 254 69736 11 285 395 6
11 304 608 2049 304 1113 6 83 1006 856 340 2059 11 601 7415 13 304 608 2049 304 1113 6 83 1006 856 340 2059 13 304 608 2049 304 1113 6 83 1006 856 340 2059 13 304 608 2049 304 1113 6 83 1006 856 340 2059 13 304 608 2049 304 1113 6 83 1006 856 340 2059 13
5225 11 438 2618 11 372 359 778 11 279 245 3734 280 84971 11 285 4759 276 330 279 245 3734 280 6267 13 185 549 4281 11 254 12780 11 285 254 7524 11 285 254 3000 4078 11703 11 778 521 279 245 24138 26 285 254 5532 11 285 254 3114 11 285 254 1079 3207 11 778 521 279
13 23512 993 362 438 10297 657 744 752 768 11 548 657 2149 2302 13 1063 993 362 438 1872 276 752 1236 366 768 2618 13 304 3542 857 276 330 11955 11 285 441 276 1632 768 752 857 13 1063 993 362 744 752 768 2618 11 285 362 744 752 768 2618 13 1063 993 362 744 752 768
254 1562 3073 280 254 5371 778 372 254 1562 3073 280 245 543 13 1063 1274 768 855 285 855 11 285 937 11 366 245 3059 280 254 1094 17907 285 29927 2190 11 362 1274 768 1310 13 440 40 463 803 245 12192 1084 993 2195 13 339 5620 5971 11 440 384 304 463 803 245 12192 13 304
248 5030 13 304 6 647 2410 340 856 395 6 647 536 13 1003 6 647 752 245 2603 280 17110 285 1099 245 57686 11 285 395 6 647 1957 768 279 745 11 285 395 6 647 43605 768 279 254 16763 13 1003 6 647 1957 245 8665 331 1869 280 254 57686 11 285 395 6 647 1957 245
13 185 185 1 40 6 647 614 276 254 22624 1084 362 2215 11 440 384 937 304 6 647 614 276 3853 883 185 185 2450 2674 276 254 22624 11 285 754 362 2373 636 280 359 362 2674 276 254 10920 1066 362 661 803 366 91229 13 1063 438 279 245 1977 280 17200 11 285 362 438 279
9984 11 779 778 8898 279 254 6516 280 254 2563 13 429 2563 438 2317 11 285 254 2156 438 1207 13 429 1853 9984 778 8898 279 254 6516 280 254 2563 11 285 254 2156 2373 279 430 254 4071 13 429 2563 438 245 2317 634 11 285 254 2156 2373 279 430 254 4071 13 429 1853 9984 778
1653 2074 11 838 438 17282 457 586 31251 285 586 31251 276 711 7424 13 185 1 40 6 647 2410 340 856 11 304 6 647 2410 340 856 1084 362 7899 11 440 40 6 647 2410 340 856 11 304 6 647 2410 340 856 11 304 6 647 2410 340 856 11 304 6 647 2410 340 856 11
