Dispatch_ID,Kernel_Name,GPU_ID
0,__amd_rocclr_copyBuffer,1
1,__amd_rocclr_copyBuffer,1
2,__amd_rocclr_copyBuffer,1
3,__amd_rocclr_copyBuffer,1
4,__amd_rocclr_copyBuffer,1
5,__amd_rocclr_copyBuffer,1
6,__amd_rocclr_copyBuffer,1
7,__amd_rocclr_copyBuffer,1
8,__amd_rocclr_copyBuffer,1
9,__amd_rocclr_copyBuffer,1
10,__amd_rocclr_copyBuffer,1
11,__amd_rocclr_copyBuffer,1
12,__amd_rocclr_copyBuffer,1
13,__amd_rocclr_copyBuffer,1
14,__amd_rocclr_copyBuffer,1
15,__amd_rocclr_copyBuffer,1
16,__amd_rocclr_copyBuffer,1
17,__amd_rocclr_copyBuffer,1
18,__amd_rocclr_copyBuffer,1
19,__amd_rocclr_copyBuffer,1
20,__amd_rocclr_copyBuffer,1
21,__amd_rocclr_copyBuffer,1
22,__amd_rocclr_copyBuffer,1
23,__amd_rocclr_copyBuffer,1
24,__amd_rocclr_copyBuffer,1
25,__amd_rocclr_copyBuffer,1
26,__amd_rocclr_copyBuffer,1
27,__amd_rocclr_copyBuffer,1
28,__amd_rocclr_copyBuffer,1
29,__amd_rocclr_copyBuffer,1
30,__amd_rocclr_copyBuffer,1
31,__amd_rocclr_copyBuffer,1
32,__amd_rocclr_copyBuffer,1
33,__amd_rocclr_copyBuffer,1
34,__amd_rocclr_copyBuffer,1
35,__amd_rocclr_copyBuffer,1
36,__amd_rocclr_copyBuffer,1
37,__amd_rocclr_copyBuffer,1
38,__amd_rocclr_copyBuffer,1
39,__amd_rocclr_copyBuffer,1
40,__amd_rocclr_copyBuffer,1
41,__amd_rocclr_copyBuffer,1
42,__amd_rocclr_copyBuffer,1
43,__amd_rocclr_copyBuffer,1
44,__amd_rocclr_copyBuffer,1
45,__amd_rocclr_copyBuffer,1
46,__amd_rocclr_copyBuffer,1
47,__amd_rocclr_copyBuffer,1
48,__amd_rocclr_copyBuffer,1
49,__amd_rocclr_copyBuffer,1
50,__amd_rocclr_copyBuffer,1
51,__amd_rocclr_copyBuffer,1
52,__amd_rocclr_copyBuffer,1
53,__amd_rocclr_copyBuffer,1
54,__amd_rocclr_copyBuffer,1
55,__amd_rocclr_copyBuffer,1
56,__amd_rocclr_copyBuffer,1
57,__amd_rocclr_copyBuffer,1
58,__amd_rocclr_copyBuffer,1
59,__amd_rocclr_copyBuffer,1
60,__amd_rocclr_copyBuffer,1
61,__amd_rocclr_copyBuffer,1
62,__amd_rocclr_copyBuffer,1
63,__amd_rocclr_copyBuffer,1
64,__amd_rocclr_copyBuffer,1
65,__amd_rocclr_copyBuffer,1
66,__amd_rocclr_copyBuffer,1
67,__amd_rocclr_copyBuffer,1
68,__amd_rocclr_copyBuffer,1
69,__amd_rocclr_copyBuffer,1
70,__amd_rocclr_copyBuffer,1
71,__amd_rocclr_copyBuffer,1
72,__amd_rocclr_copyBuffer,1
73,__amd_rocclr_copyBuffer,1
74,__amd_rocclr_copyBuffer,1
75,__amd_rocclr_copyBuffer,1
76,__amd_rocclr_copyBuffer,1
77,__amd_rocclr_copyBuffer,1
78,__amd_rocclr_copyBuffer,1
79,__amd_rocclr_copyBuffer,1
80,__amd_rocclr_copyBuffer,1
81,__amd_rocclr_copyBuffer,1
82,__amd_rocclr_copyBuffer,1
83,__amd_rocclr_fillBufferAligned,1
84,__amd_rocclr_fillBufferAligned,1
85,"batch_decode_kernels::embedding(float*, unsigned short const*, int const*, int*, int, int, int, int)",1
86,"batch_decode_kernels::rmsnorm(float*, float const*, unsigned short const*, int, int, float)",1
87,"batch_decode_kernels::dual_gemv(float*, unsigned short const*, int, float*, unsigned short const*, int, float const*, int, int)",1
88,"batch_decode_kernels::kv_norm_rope(unsigned short*, float const*, unsigned short const*, int, int, int, int, int, int, float const*, int, float)",1
89,"batch_decode_kernels::q_absorb_rope(float*, float*, float const*, unsigned short const*, int, int, int, int, int, int, int, float const*, int)",1
90,"batch_decode_kernels::attention_score(float*, float const*, float const*, unsigned short const*, int, int, int, int, int, int, int, float)",1
91,"void attention_kernels::softmax_rows_kernel<256>(float*, int, int, int, int)",1
92,"batch_decode_kernels::latent_context(float*, float const*, unsigned short const*, int, int, int, int, int, int)",1
93,"batch_decode_kernels::value_up(float*, float const*, unsigned short const*, int, int, int, int, unsigned long)",1
94,"batch_decode_kernels::gemv(float*, float const*, unsigned short const*, int, int, int, int)",1
95,"batch_decode_kernels::rmsnorm(float*, float const*, unsigned short const*, int, int, float)",1
96,"batch_decode_kernels::gate_up_swiglu(float*, float const*, unsigned short const*, unsigned short const*, int, int, int)",1
97,"batch_decode_kernels::gemv(float*, float const*, unsigned short const*, int, int, int, int)",1
98,"batch_decode_kernels::rmsnorm(float*, float const*, unsigned short const*, int, int, float)",1
99,"batch_decode_kernels::dual_gemv(float*, unsigned short const*, int, float*, unsigned short const*, int, float const*, int, int)",1
100,"batch_decode_kernels::kv_norm_rope(unsigned short*, float const*, unsigned short const*, int, int, int, int, int, int, float const*, int, float)",1
101,"batch_decode_kernels::q_absorb_rope(float*, float*, float const*, unsigned short const*, int, int, int, int, int, int, int, float const*, int)",1
102,"batch_decode_kernels::attention_score(float*, float const*, float const*, unsigned short const*, int, int, int, int, int, int, int, float)",1
103,"void attention_kernels::softmax_rows_kernel<256>(float*, int, int, int, int)",1
104,"batch_decode_kernels::latent_context(float*, float const*, unsigned short const*, int, int, int, int, int, int)",1
105,"batch_decode_kernels::value_up(float*, float const*, unsigned short const*, int, int, int, int, unsigned long)",1
106,"batch_decode_kernels::gemv(float*, float const*, unsigned short const*, int, int, int, int)",1
107,"batch_decode_kernels::rmsnorm(float*, float const*, unsigned short const*, int, int, float)",1
108,"batch_decode_kernels::gemv(float*, float const*, unsigned short const*, int, int, int, int)",1
109,"void moe_kernels::router_topk_wave64_kernel<64>(float*, float const*, int*, float*, int, int, int, int, int, float)",1
110,"batch_decode_kernels::routed_shared_gate_up(float*, float*, float const*, char const*, unsigned long const*, unsigned long const*, int const*, unsigned short const*, unsigned short const*, int, int, int, int, int)",1
111,"batch_decode_kernels::gate_up_swiglu(float*, float const*, unsigned short const*, unsigned short const*, int, int, int)",1
112,"batch_decode_kernels::routed_shared_down(float*, float const*, float const*, char const*, unsigned long const*, int const*, float const*, unsigned short const*, int, int, int, int, int)",1
113,"batch_decode_kernels::gemv(float*, float const*, unsigned short const*, int, int, int, int)",1
114,"batch_decode_kernels::rmsnorm(float*, float const*, unsigned short const*, int, int, float)",1
115,"batch_decode_kernels::dual_gemv(float*, unsigned short const*, int, float*, unsigned short const*, int, float const*, int, int)",1
116,"batch_decode_kernels::kv_norm_rope(unsigned short*, float const*, unsigned short const*, int, int, int, int, int, int, float const*, int, float)",1
117,"batch_decode_kernels::q_absorb_rope(float*, float*, float const*, unsigned short const*, int, int, int, int, int, int, int, float const*, int)",1
118,"batch_decode_kernels::attention_score(float*, float const*, float const*, unsigned short const*, int, int, int, int, int, int, int, float)",1
119,"void attention_kernels::softmax_rows_kernel<256>(float*, int, int, int, int)",1
120,"batch_decode_kernels::latent_context(float*, float const*, unsigned short const*, int, int, int, int, int, int)",1
121,"batch_decode_kernels::value_up(float*, float const*, unsigned short const*, int, int, int, int, unsigned long)",1
122,"batch_decode_kernels::gemv(float*, float const*, unsigned short const*, int, int, int, int)",1
123,"batch_decode_kernels::rmsnorm(float*, float const*, unsigned short const*, int, int, float)",1
124,"batch_decode_kernels::gemv(float*, float const*, unsigned short const*, int, int, int, int)",1
125,"void moe_kernels::router_topk_wave64_kernel<64>(float*, float const*, int*, float*, int, int, int, int, int, float)",1
126,"batch_decode_kernels::routed_shared_gate_up(float*, float*, float const*, char const*, unsigned long const*, unsigned long const*, int const*, unsigned short const*, unsigned short const*, int, int, int, int, int)",1
127,"batch_decode_kernels::gate_up_swiglu(float*, float const*, unsigned short const*, unsigned short const*, int, int, int)",1
128,"batch_decode_kernels::routed_shared_down(float*, float const*, float const*, char const*, unsigned long const*, int const*, float const*, unsigned short const*, int, int, int, int, int)",1
129,"batch_decode_kernels::gemv(float*, float const*, unsigned short const*, int, int, int, int)",1
130,"batch_decode_kernels::rmsnorm(float*, float const*, unsigned short const*, int, int, float)",1
131,"batch_decode_kernels::dual_gemv(float*, unsigned short const*, int, float*, unsigned short const*, int, float const*, int, int)",1
132,"batch_decode_kernels::kv_norm_rope(unsigned short*, float const*, unsigned short const*, int, int, int, int, int, int, float const*, int, float)",1
133,"batch_decode_kernels::q_absorb_rope(float*, float*, float const*, unsigned short const*, int, int, int, int, int, int, int, float const*, int)",1
134,"batch_decode_kernels::attention_score(float*, float const*, float const*, unsigned short const*, int, int, int, int, int, int, int, float)",1
135,"void attention_kernels::softmax_rows_kernel<256>(float*, int, int, int, int)",1
136,"batch_decode_kernels::latent_context(float*, float const*, unsigned short const*, int, int, int, int, int, int)",1
137,"batch_decode_kernels::value_up(float*, float const*, unsigned short const*, int, int, int, int, unsigned long)",1
138,"batch_decode_kernels::gemv(float*, float const*, unsigned short const*, int, int, int, int)",1
139,"batch_decode_kernels::rmsnorm(float*, float const*, unsigned short const*, int, int, float)",1
140,"batch_decode_kernels::gemv(float*, float const*, unsigned short const*, int, int, int, int)",1
141,"void moe_kernels::router_topk_wave64_kernel<64>(float*, float const*, int*, float*, int, int, int, int, int, float)",1
142,"batch_decode_kernels::routed_shared_gate_up(float*, float*, float const*, char const*, unsigned long const*, unsigned long const*, int const*, unsigned short const*, unsigned short const*, int, int, int, int, int)",1
143,"batch_decode_kernels::gate_up_swiglu(float*, float const*, unsigned short const*, unsigned short const*, int, int, int)",1
144,"batch_decode_kernels::routed_shared_down(float*, float const*, float const*, char const*, unsigned long const*, int const*, float const*, unsigned short const*, int, int, int, int, int)",1
145,"batch_decode_kernels::gemv(float*, float const*, unsigned short const*, int, int, int, int)",1
146,"batch_decode_kernels::rmsnorm(float*, float const*, unsigned short const*, int, int, float)",1
147,"batch_decode_kernels::dual_gemv(float*, unsigned short const*, int, float*, unsigned short const*, int, float const*, int, int)",1
148,"batch_decode_kernels::kv_norm_rope(unsigned short*, float const*, unsigned short const*, int, int, int, int, int, int, float const*, int, float)",1
149,"batch_decode_kernels::q_absorb_rope(float*, float*, float const*, unsigned short const*, int, int, int, int, int, int, int, float const*, int)",1
150,"batch_decode_kernels::attention_score(float*, float const*, float const*, unsigned short const*, int, int, int, int, int, int, int, float)",1
151,"void attention_kernels::softmax_rows_kernel<256>(float*, int, int, int, int)",1
152,"batch_decode_kernels::latent_context(float*, float const*, unsigned short const*, int, int, int, int, int, int)",1
153,"batch_decode_kernels::value_up(float*, float const*, unsigned short const*, int, int, int, int, unsigned long)",1
154,"batch_decode_kernels::gemv(float*, float const*, unsigned short const*, int, int, int, int)",1
155,"batch_decode_kernels::rmsnorm(float*, float const*, unsigned short const*, int, int, float)",1
156,"batch_decode_kernels::gemv(float*, float const*, unsigned short const*, int, int, int, int)",1
157,"void moe_kernels::router_topk_wave64_kernel<64>(float*, float const*, int*, float*, int, int, int, int, int, float)",1
158,"batch_decode_kernels::routed_shared_gate_up(float*, float*, float const*, char const*, unsigned long const*, unsigned long const*, int const*, unsigned short const*, unsigned short const*, int, int, int, int, int)",1
159,"batch_decode_kernels::gate_up_swiglu(float*, float const*, unsigned short const*, unsigned short const*, int, int, int)",1
160,"batch_decode_kernels::routed_shared_down(float*, float const*, float const*, char const*, unsigned long const*, int const*, float const*, unsigned short const*, int, int, int, int, int)",1
161,"batch_decode_kernels::gemv(float*, float const*, unsigned short const*, int, int, int, int)",1
162,"batch_decode_kernels::rmsnorm(float*, float const*, unsigned short const*, int, int, float)",1
163,"batch_decode_kernels::dual_gemv(float*, unsigned short const*, int, float*, unsigned short const*, int, float const*, int, int)",1
164,"batch_decode_kernels::kv_norm_rope(unsigned short*, float const*, unsigned short const*, int, int, int, int, int, int, float const*, int, float)",1
165,"batch_decode_kernels::q_absorb_rope(float*, float*, float const*, unsigned short const*, int, int, int, int, int, int, int, float const*, int)",1
166,"batch_decode_kernels::attention_score(float*, float const*, float const*, unsigned short const*, int, int, int, int, int, int, int, float)",1
167,"void attention_kernels::softmax_rows_kernel<256>(float*, int, int, int, int)",1
168,"batch_decode_kernels::latent_context(float*, float const*, unsigned short const*, int, int, int, int, int, int)",1
169,"batch_decode_kernels::value_up(float*, float const*, unsigned short const*, int, int, int, int, unsigned long)",1
170,"batch_decode_kernels::gemv(float*, float const*, unsigned short const*, int, int, int, int)",1
171,"batch_decode_kernels::rmsnorm(float*, float const*, unsigned short const*, int, int, float)",1
172,"batch_decode_kernels::gemv(float*, float const*, unsigned short const*, int, int, int, int)",1
173,"void moe_kernels::router_topk_wave64_kernel<64>(float*, float const*, int*, float*, int, int, int, int, int, float)",1
174,"batch_decode_kernels::routed_shared_gate_up(float*, float*, float const*, char const*, unsigned long const*, unsigned long const*, int const*, unsigned short const*, unsigned short const*, int, int, int, int, int)",1
175,"batch_decode_kernels::gate_up_swiglu(float*, float const*, unsigned short const*, unsigned short const*, int, int, int)",1
176,"batch_decode_kernels::routed_shared_down(float*, float const*, float const*, char const*, unsigned long const*, int const*, float const*, unsigned short const*, int, int, int, int, int)",1
177,"batch_decode_kernels::gemv(float*, float const*, unsigned short const*, int, int, int, int)",1
178,"batch_decode_kernels::rmsnorm(float*, float const*, unsigned short const*, int, int, float)",1
179,"batch_decode_kernels::dual_gemv(float*, unsigned short const*, int, float*, unsigned short const*, int, float const*, int, int)",1
180,"batch_decode_kernels::kv_norm_rope(unsigned short*, float const*, unsigned short const*, int, int, int, int, int, int, float const*, int, float)",1
181,"batch_decode_kernels::q_absorb_rope(float*, float*, float const*, unsigned short const*, int, int, int, int, int, int, int, float const*, int)",1
182,"batch_decode_kernels::attention_score(float*, float const*, float const*, unsigned short const*, int, int, int, int, int, int, int, float)",1
183,"void attention_kernels::softmax_rows_kernel<256>(float*, int, int, int, int)",1
184,"batch_decode_kernels::latent_context(float*, float const*, unsigned short const*, int, int, int, int, int, int)",1
185,"batch_decode_kernels::value_up(float*, float const*, unsigned short const*, int, int, int, int, unsigned long)",1
186,"batch_decode_kernels::gemv(float*, float const*, unsigned short const*, int, int, int, int)",1
187,"batch_decode_kernels::rmsnorm(float*, float const*, unsigned short const*, int, int, float)",1
188,"batch_decode_kernels::gemv(float*, float const*, unsigned short const*, int, int, int, int)",1
189,"void moe_kernels::router_topk_wave64_kernel<64>(float*, float const*, int*, float*, int, int, int, int, int, float)",1
190,"batch_decode_kernels::routed_shared_gate_up(float*, float*, float const*, char const*, unsigned long const*, unsigned long const*, int const*, unsigned short const*, unsigned short const*, int, int, int, int, int)",1
191,"batch_decode_kernels::gate_up_swiglu(float*, float const*, unsigned short const*, unsigned short const*, int, int, int)",1
192,"batch_decode_kernels::routed_shared_down(float*, float const*, float const*, char const*, unsigned long const*, int const*, float const*, unsigned short const*, int, int, int, int, int)",1
193,"batch_decode_kernels::gemv(float*, float const*, unsigned short const*, int, int, int, int)",1
194,"batch_decode_kernels::rmsnorm(float*, float const*, unsigned short const*, int, int, float)",1
195,"batch_decode_kernels::dual_gemv(float*, unsigned short const*, int, float*, unsigned short const*, int, float const*, int, int)",1
196,"batch_decode_kernels::kv_norm_rope(unsigned short*, float const*, unsigned short const*, int, int, int, int, int, int, float const*, int, float)",1
197,"batch_decode_kernels::q_absorb_rope(float*, float*, float const*, unsigned short const*, int, int, int, int, int, int, int, float const*, int)",1
198,"batch_decode_kernels::attention_score(float*, float const*, float const*, unsigned short const*, int, int, int, int, int, int, int, float)",1
199,"void attention_kernels::softmax_rows_kernel<256>(float*, int, int, int, int)",1
200,"batch_decode_kernels::latent_context(float*, float const*, unsigned short const*, int, int, int, int, int, int)",1
201,"batch_decode_kernels::value_up(float*, float const*, unsigned short const*, int, int, int, int, unsigned long)",1
202,"batch_decode_kernels::gemv(float*, float const*, unsigned short const*, int, int, int, int)",1
203,"batch_decode_kernels::rmsnorm(float*, float const*, unsigned short const*, int, int, float)",1
204,"batch_decode_kernels::gemv(float*, float const*, unsigned short const*, int, int, int, int)",1
205,"void moe_kernels::router_topk_wave64_kernel<64>(float*, float const*, int*, float*, int, int, int, int, int, float)",1
206,"batch_decode_kernels::routed_shared_gate_up(float*, float*, float const*, char const*, unsigned long const*, unsigned long const*, int const*, unsigned short const*, unsigned short const*, int, int, int, int, int)",1
207,"batch_decode_kernels::gate_up_swiglu(float*, float const*, unsigned short const*, unsigned short const*, int, int, int)",1
208,"batch_decode_kernels::routed_shared_down(float*, float const*, float const*, char const*, unsigned long const*, int const*, float const*, unsigned short const*, int, int, int, int, int)",1
209,"batch_decode_kernels::gemv(float*, float const*, unsigned short const*, int, int, int, int)",1
210,"batch_decode_kernels::rmsnorm(float*, float const*, unsigned short const*, int, int, float)",1
211,"batch_decode_kernels::dual_gemv(float*, unsigned short const*, int, float*, unsigned short const*, int, float const*, int, int)",1
212,"batch_decode_kernels::kv_norm_rope(unsigned short*, float const*, unsigned short const*, int, int, int, int, int, int, float const*, int, float)",1
213,"batch_decode_kernels::q_absorb_rope(float*, float*, float const*, unsigned short const*, int, int, int, int, int, int, int, float const*, int)",1
214,"batch_decode_kernels::attention_score(float*, float const*, float const*, unsigned short const*, int, int, int, int, int, int, int, float)",1
215,"void attention_kernels::softmax_rows_kernel<256>(float*, int, int, int, int)",1
216,"batch_decode_kernels::latent_context(float*, float const*, unsigned short const*, int, int, int, int, int, int)",1
217,"batch_decode_kernels::value_up(float*, float const*, unsigned short const*, int, int, int, int, unsigned long)",1
218,"batch_decode_kernels::gemv(float*, float const*, unsigned short const*, int, int, int, int)",1
219,"batch_decode_kernels::rmsnorm(float*, float const*, unsigned short const*, int, int, float)",1
220,"batch_decode_kernels::gemv(float*, float const*, unsigned short const*, int, int, int, int)",1
221,"void moe_kernels::router_topk_wave64_kernel<64>(float*, float const*, int*, float*, int, int, int, int, int, float)",1
222,"batch_decode_kernels::routed_shared_gate_up(float*, float*, float const*, char const*, unsigned long const*, unsigned long const*, int const*, unsigned short const*, unsigned short const*, int, int, int, int, int)",1
223,"batch_decode_kernels::gate_up_swiglu(float*, float const*, unsigned short const*, unsigned short const*, int, int, int)",1
224,"batch_decode_kernels::routed_shared_down(float*, float const*, float const*, char const*, unsigned long const*, int const*, float const*, unsigned short const*, int, int, int, int, int)",1
225,"batch_decode_kernels::gemv(float*, float const*, unsigned short const*, int, int, int, int)",1
226,"batch_decode_kernels::rmsnorm(float*, float const*, unsigned short const*, int, int, float)",1
227,"batch_decode_kernels::dual_gemv(float*, unsigned short const*, int, float*, unsigned short const*, int, float const*, int, int)",1
228,"batch_decode_kernels::kv_norm_rope(unsigned short*, float const*, unsigned short const*, int, int, int, int, int, int, float const*, int, float)",1
229,"batch_decode_kernels::q_absorb_rope(float*, float*, float const*, unsigned short const*, int, int, int, int, int, int, int, float const*, int)",1
230,"batch_decode_kernels::attention_score(float*, float const*, float const*, unsigned short const*, int, int, int, int, int, int, int, float)",1
231,"void attention_kernels::softmax_rows_kernel<256>(float*, int, int, int, int)",1
232,"batch_decode_kernels::latent_context(float*, float const*, unsigned short const*, int, int, int, int, int, int)",1
233,"batch_decode_kernels::value_up(float*, float const*, unsigned short const*, int, int, int, int, unsigned long)",1
234,"batch_decode_kernels::gemv(float*, float const*, unsigned short const*, int, int, int, int)",1
235,"batch_decode_kernels::rmsnorm(float*, float const*, unsigned short const*, int, int, float)",1
236,"batch_decode_kernels::gemv(float*, float const*, unsigned short const*, int, int, int, int)",1
237,"void moe_kernels::router_topk_wave64_kernel<64>(float*, float const*, int*, float*, int, int, int, int, int, float)",1
238,"batch_decode_kernels::routed_shared_gate_up(float*, float*, float const*, char const*, unsigned long const*, unsigned long const*, int const*, unsigned short const*, unsigned short const*, int, int, int, int, int)",1
239,"batch_decode_kernels::gate_up_swiglu(float*, float const*, unsigned short const*, unsigned short const*, int, int, int)",1
240,"batch_decode_kernels::routed_shared_down(float*, float const*, float const*, char const*, unsigned long const*, int const*, float const*, unsigned short const*, int, int, int, int, int)",1
241,"batch_decode_kernels::gemv(float*, float const*, unsigned short const*, int, int, int, int)",1
242,"batch_decode_kernels::rmsnorm(float*, float const*, unsigned short const*, int, int, float)",1
243,"batch_decode_kernels::dual_gemv(float*, unsigned short const*, int, float*, unsigned short const*, int, float const*, int, int)",1
244,"batch_decode_kernels::kv_norm_rope(unsigned short*, float const*, unsigned short const*, int, int, int, int, int, int, float const*, int, float)",1
245,"batch_decode_kernels::q_absorb_rope(float*, float*, float const*, unsigned short const*, int, int, int, int, int, int, int, float const*, int)",1
246,"batch_decode_kernels::attention_score(float*, float const*, float const*, unsigned short const*, int, int, int, int, int, int, int, float)",1
247,"void attention_kernels::softmax_rows_kernel<256>(float*, int, int, int, int)",1
248,"batch_decode_kernels::latent_context(float*, float const*, unsigned short const*, int, int, int, int, int, int)",1
249,"batch_decode_kernels::value_up(float*, float const*, unsigned short const*, int, int, int, int, unsigned long)",1
250,"batch_decode_kernels::gemv(float*, float const*, unsigned short const*, int, int, int, int)",1
251,"batch_decode_kernels::rmsnorm(float*, float const*, unsigned short const*, int, int, float)",1
252,"batch_decode_kernels::gemv(float*, float const*, unsigned short const*, int, int, int, int)",1
253,"void moe_kernels::router_topk_wave64_kernel<64>(float*, float const*, int*, float*, int, int, int, int, int, float)",1
254,"batch_decode_kernels::routed_shared_gate_up(float*, float*, float const*, char const*, unsigned long const*, unsigned long const*, int const*, unsigned short const*, unsigned short const*, int, int, int, int, int)",1
255,"batch_decode_kernels::gate_up_swiglu(float*, float const*, unsigned short const*, unsigned short const*, int, int, int)",1
256,"batch_decode_kernels::routed_shared_down(float*, float const*, float const*, char const*, unsigned long const*, int const*, float const*, unsigned short const*, int, int, int, int, int)",1
257,"batch_decode_kernels::gemv(float*, float const*, unsigned short const*, int, int, int, int)",1
258,"batch_decode_kernels::rmsnorm(float*, float const*, unsigned short const*, int, int, float)",1
259,"batch_decode_kernels::dual_gemv(float*, unsigned short const*, int, float*, unsigned short const*, int, float const*, int, int)",1
260,"batch_decode_kernels::kv_norm_rope(unsigned short*, float const*, unsigned short const*, int, int, int, int, int, int, float const*, int, float)",1
261,"batch_decode_kernels::q_absorb_rope(float*, float*, float const*, unsigned short const*, int, int, int, int, int, int, int, float const*, int)",1
262,"batch_decode_kernels::attention_score(float*, float const*, float const*, unsigned short const*, int, int, int, int, int, int, int, float)",1
263,"void attention_kernels::softmax_rows_kernel<256>(float*, int, int, int, int)",1
264,"batch_decode_kernels::latent_context(float*, float const*, unsigned short const*, int, int, int, int, int, int)",1
265,"batch_decode_kernels::value_up(float*, float const*, unsigned short const*, int, int, int, int, unsigned long)",1
266,"batch_decode_kernels::gemv(float*, float const*, unsigned short const*, int, int, int, int)",1
267,"batch_decode_kernels::rmsnorm(float*, float const*, unsigned short const*, int, int, float)",1
268,"batch_decode_kernels::gemv(float*, float const*, unsigned short const*, int, int, int, int)",1
269,"void moe_kernels::router_topk_wave64_kernel<64>(float*, float const*, int*, float*, int, int, int, int, int, float)",1
270,"batch_decode_kernels::routed_shared_gate_up(float*, float*, float const*, char const*, unsigned long const*, unsigned long const*, int const*, unsigned short const*, unsigned short const*, int, int, int, int, int)",1
271,"batch_decode_kernels::gate_up_swiglu(float*, float const*, unsigned short const*, unsigned short const*, int, int, int)",1
272,"batch_decode_kernels::routed_shared_down(float*, float const*, float const*, char const*, unsigned long const*, int const*, float const*, unsigned short const*, int, int, int, int, int)",1
273,"batch_decode_kernels::gemv(float*, float const*, unsigned short const*, int, int, int, int)",1
274,"batch_decode_kernels::rmsnorm(float*, float const*, unsigned short const*, int, int, float)",1
275,"batch_decode_kernels::dual_gemv(float*, unsigned short const*, int, float*, unsigned short const*, int, float const*, int, int)",1
276,"batch_decode_kernels::kv_norm_rope(unsigned short*, float const*, unsigned short const*, int, int, int, int, int, int, float const*, int, float)",1
277,"batch_decode_kernels::q_absorb_rope(float*, float*, float const*, unsigned short const*, int, int, int, int, int, int, int, float const*, int)",1
278,"batch_decode_kernels::attention_score(float*, float const*, float const*, unsigned short const*, int, int, int, int, int, int, int, float)",1
279,"void attention_kernels::softmax_rows_kernel<256>(float*, int, int, int, int)",1
280,"batch_decode_kernels::latent_context(float*, float const*, unsigned short const*, int, int, int, int, int, int)",1
281,"batch_decode_kernels::value_up(float*, float const*, unsigned short const*, int, int, int, int, unsigned long)",1
282,"batch_decode_kernels::gemv(float*, float const*, unsigned short const*, int, int, int, int)",1
283,"batch_decode_kernels::rmsnorm(float*, float const*, unsigned short const*, int, int, float)",1
284,"batch_decode_kernels::gemv(float*, float const*, unsigned short const*, int, int, int, int)",1
285,"void moe_kernels::router_topk_wave64_kernel<64>(float*, float const*, int*, float*, int, int, int, int, int, float)",1
286,"batch_decode_kernels::routed_shared_gate_up(float*, float*, float const*, char const*, unsigned long const*, unsigned long const*, int const*, unsigned short const*, unsigned short const*, int, int, int, int, int)",1
287,"batch_decode_kernels::gate_up_swiglu(float*, float const*, unsigned short const*, unsigned short const*, int, int, int)",1
288,"batch_decode_kernels::routed_shared_down(float*, float const*, float const*, char const*, unsigned long const*, int const*, float const*, unsigned short const*, int, int, int, int, int)",1
289,"batch_decode_kernels::gemv(float*, float const*, unsigned short const*, int, int, int, int)",1
290,"batch_decode_kernels::rmsnorm(float*, float const*, unsigned short const*, int, int, float)",1
291,"batch_decode_kernels::dual_gemv(float*, unsigned short const*, int, float*, unsigned short const*, int, float const*, int, int)",1
292,"batch_decode_kernels::kv_norm_rope(unsigned short*, float const*, unsigned short const*, int, int, int, int, int, int, float const*, int, float)",1
293,"batch_decode_kernels::q_absorb_rope(float*, float*, float const*, unsigned short const*, int, int, int, int, int, int, int, float const*, int)",1
294,"batch_decode_kernels::attention_score(float*, float const*, float const*, unsigned short const*, int, int, int, int, int, int, int, float)",1
295,"void attention_kernels::softmax_rows_kernel<256>(float*, int, int, int, int)",1
296,"batch_decode_kernels::latent_context(float*, float const*, unsigned short const*, int, int, int, int, int, int)",1
297,"batch_decode_kernels::value_up(float*, float const*, unsigned short const*, int, int, int, int, unsigned long)",1
298,"batch_decode_kernels::gemv(float*, float const*, unsigned short const*, int, int, int, int)",1
299,"batch_decode_kernels::rmsnorm(float*, float const*, unsigned short const*, int, int, float)",1
300,"batch_decode_kernels::gemv(float*, float const*, unsigned short const*, int, int, int, int)",1
301,"void moe_kernels::router_topk_wave64_kernel<64>(float*, float const*, int*, float*, int, int, int, int, int, float)",1
302,"batch_decode_kernels::routed_shared_gate_up(float*, float*, float const*, char const*, unsigned long const*, unsigned long const*, int const*, unsigned short const*, unsigned short const*, int, int, int, int, int)",1
303,"batch_decode_kernels::gate_up_swiglu(float*, float const*, unsigned short const*, unsigned short const*, int, int, int)",1
304,"batch_decode_kernels::routed_shared_down(float*, float const*, float const*, char const*, unsigned long const*, int const*, float const*, unsigned short const*, int, int, int, int, int)",1
305,"batch_decode_kernels::gemv(float*, float const*, unsigned short const*, int, int, int, int)",1
306,"batch_decode_kernels::rmsnorm(float*, float const*, unsigned short const*, int, int, float)",1
307,"batch_decode_kernels::dual_gemv(float*, unsigned short const*, int, float*, unsigned short const*, int, float const*, int, int)",1
308,"batch_decode_kernels::kv_norm_rope(unsigned short*, float const*, unsigned short const*, int, int, int, int, int, int, float const*, int, float)",1
309,"batch_decode_kernels::q_absorb_rope(float*, float*, float const*, unsigned short const*, int, int, int, int, int, int, int, float const*, int)",1
310,"batch_decode_kernels::attention_score(float*, float const*, float const*, unsigned short const*, int, int, int, int, int, int, int, float)",1
311,"void attention_kernels::softmax_rows_kernel<256>(float*, int, int, int, int)",1
312,"batch_decode_kernels::latent_context(float*, float const*, unsigned short const*, int, int, int, int, int, int)",1
313,"batch_decode_kernels::value_up(float*, float const*, unsigned short const*, int, int, int, int, unsigned long)",1
314,"batch_decode_kernels::gemv(float*, float const*, unsigned short const*, int, int, int, int)",1
315,"batch_decode_kernels::rmsnorm(float*, float const*, unsigned short const*, int, int, float)",1
316,"batch_decode_kernels::gemv(float*, float const*, unsigned short const*, int, int, int, int)",1
317,"void moe_kernels::router_topk_wave64_kernel<64>(float*, float const*, int*, float*, int, int, int, int, int, float)",1
318,"batch_decode_kernels::routed_shared_gate_up(float*, float*, float const*, char const*, unsigned long const*, unsigned long const*, int const*, unsigned short const*, unsigned short const*, int, int, int, int, int)",1
319,"batch_decode_kernels::gate_up_swiglu(float*, float const*, unsigned short const*, unsigned short const*, int, int, int)",1
320,"batch_decode_kernels::routed_shared_down(float*, float const*, float const*, char const*, unsigned long const*, int const*, float const*, unsigned short const*, int, int, int, int, int)",1
321,"batch_decode_kernels::gemv(float*, float const*, unsigned short const*, int, int, int, int)",1
322,"batch_decode_kernels::rmsnorm(float*, float const*, unsigned short const*, int, int, float)",1
323,"batch_decode_kernels::dual_gemv(float*, unsigned short const*, int, float*, unsigned short const*, int, float const*, int, int)",1
324,"batch_decode_kernels::kv_norm_rope(unsigned short*, float const*, unsigned short const*, int, int, int, int, int, int, float const*, int, float)",1
325,"batch_decode_kernels::q_absorb_rope(float*, float*, float const*, unsigned short const*, int, int, int, int, int, int, int, float const*, int)",1
326,"batch_decode_kernels::attention_score(float*, float const*, float const*, unsigned short const*, int, int, int, int, int, int, int, float)",1
327,"void attention_kernels::softmax_rows_kernel<256>(float*, int, int, int, int)",1
328,"batch_decode_kernels::latent_context(float*, float const*, unsigned short const*, int, int, int, int, int, int)",1
329,"batch_decode_kernels::value_up(float*, float const*, unsigned short const*, int, int, int, int, unsigned long)",1
330,"batch_decode_kernels::gemv(float*, float const*, unsigned short const*, int, int, int, int)",1
331,"batch_decode_kernels::rmsnorm(float*, float const*, unsigned short const*, int, int, float)",1
332,"batch_decode_kernels::gemv(float*, float const*, unsigned short const*, int, int, int, int)",1
333,"void moe_kernels::router_topk_wave64_kernel<64>(float*, float const*, int*, float*, int, int, int, int, int, float)",1
334,"batch_decode_kernels::routed_shared_gate_up(float*, float*, float const*, char const*, unsigned long const*, unsigned long const*, int const*, unsigned short const*, unsigned short const*, int, int, int, int, int)",1
335,"batch_decode_kernels::gate_up_swiglu(float*, float const*, unsigned short const*, unsigned short const*, int, int, int)",1
336,"batch_decode_kernels::routed_shared_down(float*, float const*, float const*, char const*, unsigned long const*, int const*, float const*, unsigned short const*, int, int, int, int, int)",1
337,"batch_decode_kernels::gemv(float*, float const*, unsigned short const*, int, int, int, int)",1
338,"batch_decode_kernels::rmsnorm(float*, float const*, unsigned short const*, int, int, float)",1
339,"batch_decode_kernels::dual_gemv(float*, unsigned short const*, int, float*, unsigned short const*, int, float const*, int, int)",1
340,"batch_decode_kernels::kv_norm_rope(unsigned short*, float const*, unsigned short const*, int, int, int, int, int, int, float const*, int, float)",1
341,"batch_decode_kernels::q_absorb_rope(float*, float*, float const*, unsigned short const*, int, int, int, int, int, int, int, float const*, int)",1
342,"batch_decode_kernels::attention_score(float*, float const*, float const*, unsigned short const*, int, int, int, int, int, int, int, float)",1
343,"void attention_kernels::softmax_rows_kernel<256>(float*, int, int, int, int)",1
344,"batch_decode_kernels::latent_context(float*, float const*, unsigned short const*, int, int, int, int, int, int)",1
345,"batch_decode_kernels::value_up(float*, float const*, unsigned short const*, int, int, int, int, unsigned long)",1
346,"batch_decode_kernels::gemv(float*, float const*, unsigned short const*, int, int, int, int)",1
347,"batch_decode_kernels::rmsnorm(float*, float const*, unsigned short const*, int, int, float)",1
348,"batch_decode_kernels::gemv(float*, float const*, unsigned short const*, int, int, int, int)",1
349,"void moe_kernels::router_topk_wave64_kernel<64>(float*, float const*, int*, float*, int, int, int, int, int, float)",1
350,"batch_decode_kernels::routed_shared_gate_up(float*, float*, float const*, char const*, unsigned long const*, unsigned long const*, int const*, unsigned short const*, unsigned short const*, int, int, int, int, int)",1
351,"batch_decode_kernels::gate_up_swiglu(float*, float const*, unsigned short const*, unsigned short const*, int, int, int)",1
352,"batch_decode_kernels::routed_shared_down(float*, float const*, float const*, char const*, unsigned long const*, int const*, float const*, unsigned short const*, int, int, int, int, int)",1
353,"batch_decode_kernels::gemv(float*, float const*, unsigned short const*, int, int, int, int)",1
354,"batch_decode_kernels::rmsnorm(float*, float const*, unsigned short const*, int, int, float)",1
355,"batch_decode_kernels::dual_gemv(float*, unsigned short const*, int, float*, unsigned short const*, int, float const*, int, int)",1
356,"batch_decode_kernels::kv_norm_rope(unsigned short*, float const*, unsigned short const*, int, int, int, int, int, int, float const*, int, float)",1
357,"batch_decode_kernels::q_absorb_rope(float*, float*, float const*, unsigned short const*, int, int, int, int, int, int, int, float const*, int)",1
358,"batch_decode_kernels::attention_score(float*, float const*, float const*, unsigned short const*, int, int, int, int, int, int, int, float)",1
359,"void attention_kernels::softmax_rows_kernel<256>(float*, int, int, int, int)",1
360,"batch_decode_kernels::latent_context(float*, float const*, unsigned short const*, int, int, int, int, int, int)",1
361,"batch_decode_kernels::value_up(float*, float const*, unsigned short const*, int, int, int, int, unsigned long)",1
362,"batch_decode_kernels::gemv(float*, float const*, unsigned short const*, int, int, int, int)",1
363,"batch_decode_kernels::rmsnorm(float*, float const*, unsigned short const*, int, int, float)",1
364,"batch_decode_kernels::gemv(float*, float const*, unsigned short const*, int, int, int, int)",1
365,"void moe_kernels::router_topk_wave64_kernel<64>(float*, float const*, int*, float*, int, int, int, int, int, float)",1
366,"batch_decode_kernels::routed_shared_gate_up(float*, float*, float const*, char const*, unsigned long const*, unsigned long const*, int const*, unsigned short const*, unsigned short const*, int, int, int, int, int)",1
367,"batch_decode_kernels::gate_up_swiglu(float*, float const*, unsigned short const*, unsigned short const*, int, int, int)",1
368,"batch_decode_kernels::routed_shared_down(float*, float const*, float const*, char const*, unsigned long const*, int const*, float const*, unsigned short const*, int, int, int, int, int)",1
369,"batch_decode_kernels::gemv(float*, float const*, unsigned short const*, int, int, int, int)",1
370,"batch_decode_kernels::rmsnorm(float*, float const*, unsigned short const*, int, int, float)",1
371,"batch_decode_kernels::dual_gemv(float*, unsigned short const*, int, float*, unsigned short const*, int, float const*, int, int)",1
372,"batch_decode_kernels::kv_norm_rope(unsigned short*, float const*, unsigned short const*, int, int, int, int, int, int, float const*, int, float)",1
373,"batch_decode_kernels::q_absorb_rope(float*, float*, float const*, unsigned short const*, int, int, int, int, int, int, int, float const*, int)",1
374,"batch_decode_kernels::attention_score(float*, float const*, float const*, unsigned short const*, int, int, int, int, int, int, int, float)",1
375,"void attention_kernels::softmax_rows_kernel<256>(float*, int, int, int, int)",1
376,"batch_decode_kernels::latent_context(float*, float const*, unsigned short const*, int, int, int, int, int, int)",1
377,"batch_decode_kernels::value_up(float*, float const*, unsigned short const*, int, int, int, int, unsigned long)",1
378,"batch_decode_kernels::gemv(float*, float const*, unsigned short const*, int, int, int, int)",1
379,"batch_decode_kernels::rmsnorm(float*, float const*, unsigned short const*, int, int, float)",1
380,"batch_decode_kernels::gemv(float*, float const*, unsigned short const*, int, int, int, int)",1
381,"void moe_kernels::router_topk_wave64_kernel<64>(float*, float const*, int*, float*, int, int, int, int, int, float)",1
382,"batch_decode_kernels::routed_shared_gate_up(float*, float*, float const*, char const*, unsigned long const*, unsigned long const*, int const*, unsigned short const*, unsigned short const*, int, int, int, int, int)",1
383,"batch_decode_kernels::gate_up_swiglu(float*, float const*, unsigned short const*, unsigned short const*, int, int, int)",1
384,"batch_decode_kernels::routed_shared_down(float*, float const*, float const*, char const*, unsigned long const*, int const*, float const*, unsigned short const*, int, int, int, int, int)",1
385,"batch_decode_kernels::gemv(float*, float const*, unsigned short const*, int, int, int, int)",1
386,"batch_decode_kernels::rmsnorm(float*, float const*, unsigned short const*, int, int, float)",1
387,"batch_decode_kernels::dual_gemv(float*, unsigned short const*, int, float*, unsigned short const*, int, float const*, int, int)",1
388,"batch_decode_kernels::kv_norm_rope(unsigned short*, float const*, unsigned short const*, int, int, int, int, int, int, float const*, int, float)",1
389,"batch_decode_kernels::q_absorb_rope(float*, float*, float const*, unsigned short const*, int, int, int, int, int, int, int, float const*, int)",1
390,"batch_decode_kernels::attention_score(float*, float const*, float const*, unsigned short const*, int, int, int, int, int, int, int, float)",1
391,"void attention_kernels::softmax_rows_kernel<256>(float*, int, int, int, int)",1
392,"batch_decode_kernels::latent_context(float*, float const*, unsigned short const*, int, int, int, int, int, int)",1
393,"batch_decode_kernels::value_up(float*, float const*, unsigned short const*, int, int, int, int, unsigned long)",1
394,"batch_decode_kernels::gemv(float*, float const*, unsigned short const*, int, int, int, int)",1
395,"batch_decode_kernels::rmsnorm(float*, float const*, unsigned short const*, int, int, float)",1
396,"batch_decode_kernels::gemv(float*, float const*, unsigned short const*, int, int, int, int)",1
397,"void moe_kernels::router_topk_wave64_kernel<64>(float*, float const*, int*, float*, int, int, int, int, int, float)",1
398,"batch_decode_kernels::routed_shared_gate_up(float*, float*, float const*, char const*, unsigned long const*, unsigned long const*, int const*, unsigned short const*, unsigned short const*, int, int, int, int, int)",1
399,"batch_decode_kernels::gate_up_swiglu(float*, float const*, unsigned short const*, unsigned short const*, int, int, int)",1
400,"batch_decode_kernels::routed_shared_down(float*, float const*, float const*, char const*, unsigned long const*, int const*, float const*, unsigned short const*, int, int, int, int, int)",1
401,"batch_decode_kernels::gemv(float*, float const*, unsigned short const*, int, int, int, int)",1
402,"batch_decode_kernels::rmsnorm(float*, float const*, unsigned short const*, int, int, float)",1
403,"batch_decode_kernels::dual_gemv(float*, unsigned short const*, int, float*, unsigned short const*, int, float const*, int, int)",1
404,"batch_decode_kernels::kv_norm_rope(unsigned short*, float const*, unsigned short const*, int, int, int, int, int, int, float const*, int, float)",1
405,"batch_decode_kernels::q_absorb_rope(float*, float*, float const*, unsigned short const*, int, int, int, int, int, int, int, float const*, int)",1
406,"batch_decode_kernels::attention_score(float*, float const*, float const*, unsigned short const*, int, int, int, int, int, int, int, float)",1
407,"void attention_kernels::softmax_rows_kernel<256>(float*, int, int, int, int)",1
408,"batch_decode_kernels::latent_context(float*, float const*, unsigned short const*, int, int, int, int, int, int)",1
409,"batch_decode_kernels::value_up(float*, float const*, unsigned short const*, int, int, int, int, unsigned long)",1
410,"batch_decode_kernels::gemv(float*, float const*, unsigned short const*, int, int, int, int)",1
411,"batch_decode_kernels::rmsnorm(float*, float const*, unsigned short const*, int, int, float)",1
412,"batch_decode_kernels::gemv(float*, float const*, unsigned short const*, int, int, int, int)",1
413,"void moe_kernels::router_topk_wave64_kernel<64>(float*, float const*, int*, float*, int, int, int, int, int, float)",1
414,"batch_decode_kernels::routed_shared_gate_up(float*, float*, float const*, char const*, unsigned long const*, unsigned long const*, int const*, unsigned short const*, unsigned short const*, int, int, int, int, int)",1
415,"batch_decode_kernels::gate_up_swiglu(float*, float const*, unsigned short const*, unsigned short const*, int, int, int)",1
416,"batch_decode_kernels::routed_shared_down(float*, float const*, float const*, char const*, unsigned long const*, int const*, float const*, unsigned short const*, int, int, int, int, int)",1
417,"batch_decode_kernels::gemv(float*, float const*, unsigned short const*, int, int, int, int)",1
418,"batch_decode_kernels::rmsnorm(float*, float const*, unsigned short const*, int, int, float)",1
419,"batch_decode_kernels::dual_gemv(float*, unsigned short const*, int, float*, unsigned short const*, int, float const*, int, int)",1
420,"batch_decode_kernels::kv_norm_rope(unsigned short*, float const*, unsigned short const*, int, int, int, int, int, int, float const*, int, float)",1
421,"batch_decode_kernels::q_absorb_rope(float*, float*, float const*, unsigned short const*, int, int, int, int, int, int, int, float const*, int)",1
422,"batch_decode_kernels::attention_score(float*, float const*, float const*, unsigned short const*, int, int, int, int, int, int, int, float)",1
423,"void attention_kernels::softmax_rows_kernel<256>(float*, int, int, int, int)",1
424,"batch_decode_kernels::latent_context(float*, float const*, unsigned short const*, int, int, int, int, int, int)",1
425,"batch_decode_kernels::value_up(float*, float const*, unsigned short const*, int, int, int, int, unsigned long)",1
426,"batch_decode_kernels::gemv(float*, float const*, unsigned short const*, int, int, int, int)",1
427,"batch_decode_kernels::rmsnorm(float*, float const*, unsigned short const*, int, int, float)",1
428,"batch_decode_kernels::gemv(float*, float const*, unsigned short const*, int, int, int, int)",1
429,"void moe_kernels::router_topk_wave64_kernel<64>(float*, float const*, int*, float*, int, int, int, int, int, float)",1
430,"batch_decode_kernels::routed_shared_gate_up(float*, float*, float const*, char const*, unsigned long const*, unsigned long const*, int const*, unsigned short const*, unsigned short const*, int, int, int, int, int)",1
431,"batch_decode_kernels::gate_up_swiglu(float*, float const*, unsigned short const*, unsigned short const*, int, int, int)",1
432,"batch_decode_kernels::routed_shared_down(float*, float const*, float const*, char const*, unsigned long const*, int const*, float const*, unsigned short const*, int, int, int, int, int)",1
433,"batch_decode_kernels::gemv(float*, float const*, unsigned short const*, int, int, int, int)",1
434,"batch_decode_kernels::rmsnorm(float*, float const*, unsigned short const*, int, int, float)",1
435,"batch_decode_kernels::dual_gemv(float*, unsigned short const*, int, float*, unsigned short const*, int, float const*, int, int)",1
436,"batch_decode_kernels::kv_norm_rope(unsigned short*, float const*, unsigned short const*, int, int, int, int, int, int, float const*, int, float)",1
437,"batch_decode_kernels::q_absorb_rope(float*, float*, float const*, unsigned short const*, int, int, int, int, int, int, int, float const*, int)",1
438,"batch_decode_kernels::attention_score(float*, float const*, float const*, unsigned short const*, int, int, int, int, int, int, int, float)",1
439,"void attention_kernels::softmax_rows_kernel<256>(float*, int, int, int, int)",1
440,"batch_decode_kernels::latent_context(float*, float const*, unsigned short const*, int, int, int, int, int, int)",1
441,"batch_decode_kernels::value_up(float*, float const*, unsigned short const*, int, int, int, int, unsigned long)",1
442,"batch_decode_kernels::gemv(float*, float const*, unsigned short const*, int, int, int, int)",1
443,"batch_decode_kernels::rmsnorm(float*, float const*, unsigned short const*, int, int, float)",1
444,"batch_decode_kernels::gemv(float*, float const*, unsigned short const*, int, int, int, int)",1
445,"void moe_kernels::router_topk_wave64_kernel<64>(float*, float const*, int*, float*, int, int, int, int, int, float)",1
446,"batch_decode_kernels::routed_shared_gate_up(float*, float*, float const*, char const*, unsigned long const*, unsigned long const*, int const*, unsigned short const*, unsigned short const*, int, int, int, int, int)",1
447,"batch_decode_kernels::gate_up_swiglu(float*, float const*, unsigned short const*, unsigned short const*, int, int, int)",1
448,"batch_decode_kernels::routed_shared_down(float*, float const*, float const*, char const*, unsigned long const*, int const*, float const*, unsigned short const*, int, int, int, int, int)",1
449,"batch_decode_kernels::gemv(float*, float const*, unsigned short const*, int, int, int, int)",1
450,"batch_decode_kernels::rmsnorm(float*, float const*, unsigned short const*, int, int, float)",1
451,"batch_decode_kernels::dual_gemv(float*, unsigned short const*, int, float*, unsigned short const*, int, float const*, int, int)",1
452,"batch_decode_kernels::kv_norm_rope(unsigned short*, float const*, unsigned short const*, int, int, int, int, int, int, float const*, int, float)",1
453,"batch_decode_kernels::q_absorb_rope(float*, float*, float const*, unsigned short const*, int, int, int, int, int, int, int, float const*, int)",1
454,"batch_decode_kernels::attention_score(float*, float const*, float const*, unsigned short const*, int, int, int, int, int, int, int, float)",1
455,"void attention_kernels::softmax_rows_kernel<256>(float*, int, int, int, int)",1
456,"batch_decode_kernels::latent_context(float*, float const*, unsigned short const*, int, int, int, int, int, int)",1
457,"batch_decode_kernels::value_up(float*, float const*, unsigned short const*, int, int, int, int, unsigned long)",1
458,"batch_decode_kernels::gemv(float*, float const*, unsigned short const*, int, int, int, int)",1
459,"batch_decode_kernels::rmsnorm(float*, float const*, unsigned short const*, int, int, float)",1
460,"batch_decode_kernels::gemv(float*, float const*, unsigned short const*, int, int, int, int)",1
461,"void moe_kernels::router_topk_wave64_kernel<64>(float*, float const*, int*, float*, int, int, int, int, int, float)",1
462,"batch_decode_kernels::routed_shared_gate_up(float*, float*, float const*, char const*, unsigned long const*, unsigned long const*, int const*, unsigned short const*, unsigned short const*, int, int, int, int, int)",1
463,"batch_decode_kernels::gate_up_swiglu(float*, float const*, unsigned short const*, unsigned short const*, int, int, int)",1
464,"batch_decode_kernels::routed_shared_down(float*, float const*, float const*, char const*, unsigned long const*, int const*, float const*, unsigned short const*, int, int, int, int, int)",1
465,"batch_decode_kernels::gemv(float*, float const*, unsigned short const*, int, int, int, int)",1
466,"batch_decode_kernels::rmsnorm(float*, float const*, unsigned short const*, int, int, float)",1
467,"batch_decode_kernels::dual_gemv(float*, unsigned short const*, int, float*, unsigned short const*, int, float const*, int, int)",1
468,"batch_decode_kernels::kv_norm_rope(unsigned short*, float const*, unsigned short const*, int, int, int, int, int, int, float const*, int, float)",1
469,"batch_decode_kernels::q_absorb_rope(float*, float*, float const*, unsigned short const*, int, int, int, int, int, int, int, float const*, int)",1
470,"batch_decode_kernels::attention_score(float*, float const*, float const*, unsigned short const*, int, int, int, int, int, int, int, float)",1
471,"void attention_kernels::softmax_rows_kernel<256>(float*, int, int, int, int)",1
472,"batch_decode_kernels::latent_context(float*, float const*, unsigned short const*, int, int, int, int, int, int)",1
473,"batch_decode_kernels::value_up(float*, float const*, unsigned short const*, int, int, int, int, unsigned long)",1
474,"batch_decode_kernels::gemv(float*, float const*, unsigned short const*, int, int, int, int)",1
475,"batch_decode_kernels::rmsnorm(float*, float const*, unsigned short const*, int, int, float)",1
476,"batch_decode_kernels::gemv(float*, float const*, unsigned short const*, int, int, int, int)",1
477,"void moe_kernels::router_topk_wave64_kernel<64>(float*, float const*, int*, float*, int, int, int, int, int, float)",1
478,"batch_decode_kernels::routed_shared_gate_up(float*, float*, float const*, char const*, unsigned long const*, unsigned long const*, int const*, unsigned short const*, unsigned short const*, int, int, int, int, int)",1
479,"batch_decode_kernels::gate_up_swiglu(float*, float const*, unsigned short const*, unsigned short const*, int, int, int)",1
480,"batch_decode_kernels::routed_shared_down(float*, float const*, float const*, char const*, unsigned long const*, int const*, float const*, unsigned short const*, int, int, int, int, int)",1
481,"batch_decode_kernels::gemv(float*, float const*, unsigned short const*, int, int, int, int)",1
482,"batch_decode_kernels::rmsnorm(float*, float const*, unsigned short const*, int, int, float)",1
483,"batch_decode_kernels::dual_gemv(float*, unsigned short const*, int, float*, unsigned short const*, int, float const*, int, int)",1
484,"batch_decode_kernels::kv_norm_rope(unsigned short*, float const*, unsigned short const*, int, int, int, int, int, int, float const*, int, float)",1
485,"batch_decode_kernels::q_absorb_rope(float*, float*, float const*, unsigned short const*, int, int, int, int, int, int, int, float const*, int)",1
486,"batch_decode_kernels::attention_score(float*, float const*, float const*, unsigned short const*, int, int, int, int, int, int, int, float)",1
487,"void attention_kernels::softmax_rows_kernel<256>(float*, int, int, int, int)",1
488,"batch_decode_kernels::latent_context(float*, float const*, unsigned short const*, int, int, int, int, int, int)",1
489,"batch_decode_kernels::value_up(float*, float const*, unsigned short const*, int, int, int, int, unsigned long)",1
490,"batch_decode_kernels::gemv(float*, float const*, unsigned short const*, int, int, int, int)",1
491,"batch_decode_kernels::rmsnorm(float*, float const*, unsigned short const*, int, int, float)",1
492,"batch_decode_kernels::gemv(float*, float const*, unsigned short const*, int, int, int, int)",1
493,"void moe_kernels::router_topk_wave64_kernel<64>(float*, float const*, int*, float*, int, int, int, int, int, float)",1
494,"batch_decode_kernels::routed_shared_gate_up(float*, float*, float const*, char const*, unsigned long const*, unsigned long const*, int const*, unsigned short const*, unsigned short const*, int, int, int, int, int)",1
495,"batch_decode_kernels::gate_up_swiglu(float*, float const*, unsigned short const*, unsigned short const*, int, int, int)",1
496,"batch_decode_kernels::routed_shared_down(float*, float const*, float const*, char const*, unsigned long const*, int const*, float const*, unsigned short const*, int, int, int, int, int)",1
497,"batch_decode_kernels::gemv(float*, float const*, unsigned short const*, int, int, int, int)",1
498,"batch_decode_kernels::rmsnorm(float*, float const*, unsigned short const*, int, int, float)",1
499,"batch_decode_kernels::dual_gemv(float*, unsigned short const*, int, float*, unsigned short const*, int, float const*, int, int)",1
500,"batch_decode_kernels::kv_norm_rope(unsigned short*, float const*, unsigned short const*, int, int, int, int, int, int, float const*, int, float)",1
501,"batch_decode_kernels::q_absorb_rope(float*, float*, float const*, unsigned short const*, int, int, int, int, int, int, int, float const*, int)",1
502,"batch_decode_kernels::attention_score(float*, float const*, float const*, unsigned short const*, int, int, int, int, int, int, int, float)",1
503,"void attention_kernels::softmax_rows_kernel<256>(float*, int, int, int, int)",1
504,"batch_decode_kernels::latent_context(float*, float const*, unsigned short const*, int, int, int, int, int, int)",1
505,"batch_decode_kernels::value_up(float*, float const*, unsigned short const*, int, int, int, int, unsigned long)",1
506,"batch_decode_kernels::gemv(float*, float const*, unsigned short const*, int, int, int, int)",1
507,"batch_decode_kernels::rmsnorm(float*, float const*, unsigned short const*, int, int, float)",1
508,"batch_decode_kernels::gemv(float*, float const*, unsigned short const*, int, int, int, int)",1
509,"void moe_kernels::router_topk_wave64_kernel<64>(float*, float const*, int*, float*, int, int, int, int, int, float)",1
510,"batch_decode_kernels::routed_shared_gate_up(float*, float*, float const*, char const*, unsigned long const*, unsigned long const*, int const*, unsigned short const*, unsigned short const*, int, int, int, int, int)",1
511,"batch_decode_kernels::gate_up_swiglu(float*, float const*, unsigned short const*, unsigned short const*, int, int, int)",1
512,"batch_decode_kernels::routed_shared_down(float*, float const*, float const*, char const*, unsigned long const*, int const*, float const*, unsigned short const*, int, int, int, int, int)",1
513,"batch_decode_kernels::gemv(float*, float const*, unsigned short const*, int, int, int, int)",1
514,"batch_decode_kernels::rmsnorm(float*, float const*, unsigned short const*, int, int, float)",1
515,"batch_decode_kernels::gemv(float*, float const*, unsigned short const*, int, int, int, int)",1
516,"batch_decode_kernels::argmax(float const*, int, int*, int)",1
517,__amd_rocclr_fillBufferAligned,1
518,__amd_rocclr_fillBufferAligned,1
519,"batch_decode_kernels::embedding(float*, unsigned short const*, int const*, int*, int, int, int, int)",1
520,"batch_decode_kernels::rmsnorm(float*, float const*, unsigned short const*, int, int, float)",1
521,"batch_decode_kernels::mfma_gemm(float*, float const*, unsigned short const*, int, int, int, int)",1
522,"batch_decode_kernels::mfma_gemm(float*, float const*, unsigned short const*, int, int, int, int)",1
523,"batch_decode_kernels::kv_norm_rope(unsigned short*, float const*, unsigned short const*, int, int, int, int, int, int, float const*, int, float)",1
524,"batch_decode_kernels::mfma_head_gemm(float*, float const*, unsigned short const*, int, int, int, int, int, int, unsigned long)",1
525,"batch_decode_kernels::q_rope(float*, float const*, int, int, int, int, int, int, float const*, int)",1
526,"batch_decode_kernels::attention_score(float*, float const*, float const*, unsigned short const*, int, int, int, int, int, int, int, float)",1
527,"void attention_kernels::softmax_rows_kernel<256>(float*, int, int, int, int)",1
528,"batch_decode_kernels::latent_context(float*, float const*, unsigned short const*, int, int, int, int, int, int)",1
529,"batch_decode_kernels::mfma_head_gemm(float*, float const*, unsigned short const*, int, int, int, int, int, int, unsigned long)",1
530,"batch_decode_kernels::mfma_gemm(float*, float const*, unsigned short const*, int, int, int, int)",1
531,"batch_decode_kernels::rmsnorm(float*, float const*, unsigned short const*, int, int, float)",1
532,"batch_decode_kernels::mfma_gate_up_swiglu(float*, float const*, unsigned short const*, unsigned short const*, int, int, int)",1
533,"batch_decode_kernels::mfma_gemm(float*, float const*, unsigned short const*, int, int, int, int)",1
534,"batch_decode_kernels::rmsnorm(float*, float const*, unsigned short const*, int, int, float)",1
535,"batch_decode_kernels::mfma_gemm(float*, float const*, unsigned short const*, int, int, int, int)",1
536,"batch_decode_kernels::mfma_gemm(float*, float const*, unsigned short const*, int, int, int, int)",1
537,"batch_decode_kernels::kv_norm_rope(unsigned short*, float const*, unsigned short const*, int, int, int, int, int, int, float const*, int, float)",1
538,"batch_decode_kernels::mfma_head_gemm(float*, float const*, unsigned short const*, int, int, int, int, int, int, unsigned long)",1
539,"batch_decode_kernels::q_rope(float*, float const*, int, int, int, int, int, int, float const*, int)",1
540,"batch_decode_kernels::attention_score(float*, float const*, float const*, unsigned short const*, int, int, int, int, int, int, int, float)",1
541,"void attention_kernels::softmax_rows_kernel<256>(float*, int, int, int, int)",1
542,"batch_decode_kernels::latent_context(float*, float const*, unsigned short const*, int, int, int, int, int, int)",1
543,"batch_decode_kernels::mfma_head_gemm(float*, float const*, unsigned short const*, int, int, int, int, int, int, unsigned long)",1
544,"batch_decode_kernels::mfma_gemm(float*, float const*, unsigned short const*, int, int, int, int)",1
545,"batch_decode_kernels::rmsnorm(float*, float const*, unsigned short const*, int, int, float)",1
546,"batch_decode_kernels::mfma_gemm(float*, float const*, unsigned short const*, int, int, int, int)",1
547,"void moe_kernels::router_topk_wave64_kernel<64>(float*, float const*, int*, float*, int, int, int, int, int, float)",1
548,"batch_decode_kernels::align_routes(int const*, int, int, int, int*, int*, int*)",1
549,"void batch_decode_kernels::grouped_expert_gate_up<16, 1>(float const*, char const*, unsigned long const*, unsigned long const*, int const*, int const*, float*, unsigned short*, int, int, int, int, int)",1
550,"batch_decode_kernels::mfma_gate_up_swiglu(float*, float const*, unsigned short const*, unsigned short const*, int, int, int)",1
551,"void batch_decode_kernels::grouped_expert_down<16, 1>(float const*, unsigned short const*, char const*, unsigned long const*, int const*, int const*, float*, int, int, int, int)",1
552,"batch_decode_kernels::reduce_routes_add(float*, float const*, float const*, int, int, int)",1
553,"batch_decode_kernels::mfma_gemm(float*, float const*, unsigned short const*, int, int, int, int)",1
554,"batch_decode_kernels::rmsnorm(float*, float const*, unsigned short const*, int, int, float)",1
555,"batch_decode_kernels::mfma_gemm(float*, float const*, unsigned short const*, int, int, int, int)",1
556,"batch_decode_kernels::mfma_gemm(float*, float const*, unsigned short const*, int, int, int, int)",1
557,"batch_decode_kernels::kv_norm_rope(unsigned short*, float const*, unsigned short const*, int, int, int, int, int, int, float const*, int, float)",1
558,"batch_decode_kernels::mfma_head_gemm(float*, float const*, unsigned short const*, int, int, int, int, int, int, unsigned long)",1
559,"batch_decode_kernels::q_rope(float*, float const*, int, int, int, int, int, int, float const*, int)",1
560,"batch_decode_kernels::attention_score(float*, float const*, float const*, unsigned short const*, int, int, int, int, int, int, int, float)",1
561,"void attention_kernels::softmax_rows_kernel<256>(float*, int, int, int, int)",1
562,"batch_decode_kernels::latent_context(float*, float const*, unsigned short const*, int, int, int, int, int, int)",1
563,"batch_decode_kernels::mfma_head_gemm(float*, float const*, unsigned short const*, int, int, int, int, int, int, unsigned long)",1
564,"batch_decode_kernels::mfma_gemm(float*, float const*, unsigned short const*, int, int, int, int)",1
565,"batch_decode_kernels::rmsnorm(float*, float const*, unsigned short const*, int, int, float)",1
566,"batch_decode_kernels::mfma_gemm(float*, float const*, unsigned short const*, int, int, int, int)",1
567,"void moe_kernels::router_topk_wave64_kernel<64>(float*, float const*, int*, float*, int, int, int, int, int, float)",1
568,"batch_decode_kernels::align_routes(int const*, int, int, int, int*, int*, int*)",1
569,"void batch_decode_kernels::grouped_expert_gate_up<16, 1>(float const*, char const*, unsigned long const*, unsigned long const*, int const*, int const*, float*, unsigned short*, int, int, int, int, int)",1
570,"batch_decode_kernels::mfma_gate_up_swiglu(float*, float const*, unsigned short const*, unsigned short const*, int, int, int)",1
571,"void batch_decode_kernels::grouped_expert_down<16, 1>(float const*, unsigned short const*, char const*, unsigned long const*, int const*, int const*, float*, int, int, int, int)",1
572,"batch_decode_kernels::reduce_routes_add(float*, float const*, float const*, int, int, int)",1
573,"batch_decode_kernels::mfma_gemm(float*, float const*, unsigned short const*, int, int, int, int)",1
574,"batch_decode_kernels::rmsnorm(float*, float const*, unsigned short const*, int, int, float)",1
575,"batch_decode_kernels::mfma_gemm(float*, float const*, unsigned short const*, int, int, int, int)",1
576,"batch_decode_kernels::mfma_gemm(float*, float const*, unsigned short const*, int, int, int, int)",1
577,"batch_decode_kernels::kv_norm_rope(unsigned short*, float const*, unsigned short const*, int, int, int, int, int, int, float const*, int, float)",1
578,"batch_decode_kernels::mfma_head_gemm(float*, float const*, unsigned short const*, int, int, int, int, int, int, unsigned long)",1
579,"batch_decode_kernels::q_rope(float*, float const*, int, int, int, int, int, int, float const*, int)",1
580,"batch_decode_kernels::attention_score(float*, float const*, float const*, unsigned short const*, int, int, int, int, int, int, int, float)",1
581,"void attention_kernels::softmax_rows_kernel<256>(float*, int, int, int, int)",1
582,"batch_decode_kernels::latent_context(float*, float const*, unsigned short const*, int, int, int, int, int, int)",1
583,"batch_decode_kernels::mfma_head_gemm(float*, float const*, unsigned short const*, int, int, int, int, int, int, unsigned long)",1
584,"batch_decode_kernels::mfma_gemm(float*, float const*, unsigned short const*, int, int, int, int)",1
585,"batch_decode_kernels::rmsnorm(float*, float const*, unsigned short const*, int, int, float)",1
586,"batch_decode_kernels::mfma_gemm(float*, float const*, unsigned short const*, int, int, int, int)",1
587,"void moe_kernels::router_topk_wave64_kernel<64>(float*, float const*, int*, float*, int, int, int, int, int, float)",1
588,"batch_decode_kernels::align_routes(int const*, int, int, int, int*, int*, int*)",1
589,"void batch_decode_kernels::grouped_expert_gate_up<16, 1>(float const*, char const*, unsigned long const*, unsigned long const*, int const*, int const*, float*, unsigned short*, int, int, int, int, int)",1
590,"batch_decode_kernels::mfma_gate_up_swiglu(float*, float const*, unsigned short const*, unsigned short const*, int, int, int)",1
591,"void batch_decode_kernels::grouped_expert_down<16, 1>(float const*, unsigned short const*, char const*, unsigned long const*, int const*, int const*, float*, int, int, int, int)",1
592,"batch_decode_kernels::reduce_routes_add(float*, float const*, float const*, int, int, int)",1
593,"batch_decode_kernels::mfma_gemm(float*, float const*, unsigned short const*, int, int, int, int)",1
594,"batch_decode_kernels::rmsnorm(float*, float const*, unsigned short const*, int, int, float)",1
595,"batch_decode_kernels::mfma_gemm(float*, float const*, unsigned short const*, int, int, int, int)",1
596,"batch_decode_kernels::mfma_gemm(float*, float const*, unsigned short const*, int, int, int, int)",1
597,"batch_decode_kernels::kv_norm_rope(unsigned short*, float const*, unsigned short const*, int, int, int, int, int, int, float const*, int, float)",1
598,"batch_decode_kernels::mfma_head_gemm(float*, float const*, unsigned short const*, int, int, int, int, int, int, unsigned long)",1
599,"batch_decode_kernels::q_rope(float*, float const*, int, int, int, int, int, int, float const*, int)",1
600,"batch_decode_kernels::attention_score(float*, float const*, float const*, unsigned short const*, int, int, int, int, int, int, int, float)",1
601,"void attention_kernels::softmax_rows_kernel<256>(float*, int, int, int, int)",1
602,"batch_decode_kernels::latent_context(float*, float const*, unsigned short const*, int, int, int, int, int, int)",1
603,"batch_decode_kernels::mfma_head_gemm(float*, float const*, unsigned short const*, int, int, int, int, int, int, unsigned long)",1
604,"batch_decode_kernels::mfma_gemm(float*, float const*, unsigned short const*, int, int, int, int)",1
605,"batch_decode_kernels::rmsnorm(float*, float const*, unsigned short const*, int, int, float)",1
606,"batch_decode_kernels::mfma_gemm(float*, float const*, unsigned short const*, int, int, int, int)",1
607,"void moe_kernels::router_topk_wave64_kernel<64>(float*, float const*, int*, float*, int, int, int, int, int, float)",1
608,"batch_decode_kernels::align_routes(int const*, int, int, int, int*, int*, int*)",1
609,"void batch_decode_kernels::grouped_expert_gate_up<16, 1>(float const*, char const*, unsigned long const*, unsigned long const*, int const*, int const*, float*, unsigned short*, int, int, int, int, int)",1
610,"batch_decode_kernels::mfma_gate_up_swiglu(float*, float const*, unsigned short const*, unsigned short const*, int, int, int)",1
611,"void batch_decode_kernels::grouped_expert_down<16, 1>(float const*, unsigned short const*, char const*, unsigned long const*, int const*, int const*, float*, int, int, int, int)",1
612,"batch_decode_kernels::reduce_routes_add(float*, float const*, float const*, int, int, int)",1
613,"batch_decode_kernels::mfma_gemm(float*, float const*, unsigned short const*, int, int, int, int)",1
614,"batch_decode_kernels::rmsnorm(float*, float const*, unsigned short const*, int, int, float)",1
615,"batch_decode_kernels::mfma_gemm(float*, float const*, unsigned short const*, int, int, int, int)",1
616,"batch_decode_kernels::mfma_gemm(float*, float const*, unsigned short const*, int, int, int, int)",1
617,"batch_decode_kernels::kv_norm_rope(unsigned short*, float const*, unsigned short const*, int, int, int, int, int, int, float const*, int, float)",1
618,"batch_decode_kernels::mfma_head_gemm(float*, float const*, unsigned short const*, int, int, int, int, int, int, unsigned long)",1
619,"batch_decode_kernels::q_rope(float*, float const*, int, int, int, int, int, int, float const*, int)",1
620,"batch_decode_kernels::attention_score(float*, float const*, float const*, unsigned short const*, int, int, int, int, int, int, int, float)",1
621,"void attention_kernels::softmax_rows_kernel<256>(float*, int, int, int, int)",1
622,"batch_decode_kernels::latent_context(float*, float const*, unsigned short const*, int, int, int, int, int, int)",1
623,"batch_decode_kernels::mfma_head_gemm(float*, float const*, unsigned short const*, int, int, int, int, int, int, unsigned long)",1
624,"batch_decode_kernels::mfma_gemm(float*, float const*, unsigned short const*, int, int, int, int)",1
625,"batch_decode_kernels::rmsnorm(float*, float const*, unsigned short const*, int, int, float)",1
626,"batch_decode_kernels::mfma_gemm(float*, float const*, unsigned short const*, int, int, int, int)",1
627,"void moe_kernels::router_topk_wave64_kernel<64>(float*, float const*, int*, float*, int, int, int, int, int, float)",1
628,"batch_decode_kernels::align_routes(int const*, int, int, int, int*, int*, int*)",1
629,"void batch_decode_kernels::grouped_expert_gate_up<16, 1>(float const*, char const*, unsigned long const*, unsigned long const*, int const*, int const*, float*, unsigned short*, int, int, int, int, int)",1
630,"batch_decode_kernels::mfma_gate_up_swiglu(float*, float const*, unsigned short const*, unsigned short const*, int, int, int)",1
631,"void batch_decode_kernels::grouped_expert_down<16, 1>(float const*, unsigned short const*, char const*, unsigned long const*, int const*, int const*, float*, int, int, int, int)",1
632,"batch_decode_kernels::reduce_routes_add(float*, float const*, float const*, int, int, int)",1
633,"batch_decode_kernels::mfma_gemm(float*, float const*, unsigned short const*, int, int, int, int)",1
634,"batch_decode_kernels::rmsnorm(float*, float const*, unsigned short const*, int, int, float)",1
635,"batch_decode_kernels::mfma_gemm(float*, float const*, unsigned short const*, int, int, int, int)",1
636,"batch_decode_kernels::mfma_gemm(float*, float const*, unsigned short const*, int, int, int, int)",1
637,"batch_decode_kernels::kv_norm_rope(unsigned short*, float const*, unsigned short const*, int, int, int, int, int, int, float const*, int, float)",1
638,"batch_decode_kernels::mfma_head_gemm(float*, float const*, unsigned short const*, int, int, int, int, int, int, unsigned long)",1
639,"batch_decode_kernels::q_rope(float*, float const*, int, int, int, int, int, int, float const*, int)",1
640,"batch_decode_kernels::attention_score(float*, float const*, float const*, unsigned short const*, int, int, int, int, int, int, int, float)",1
641,"void attention_kernels::softmax_rows_kernel<256>(float*, int, int, int, int)",1
642,"batch_decode_kernels::latent_context(float*, float const*, unsigned short const*, int, int, int, int, int, int)",1
643,"batch_decode_kernels::mfma_head_gemm(float*, float const*, unsigned short const*, int, int, int, int, int, int, unsigned long)",1
644,"batch_decode_kernels::mfma_gemm(float*, float const*, unsigned short const*, int, int, int, int)",1
645,"batch_decode_kernels::rmsnorm(float*, float const*, unsigned short const*, int, int, float)",1
646,"batch_decode_kernels::mfma_gemm(float*, float const*, unsigned short const*, int, int, int, int)",1
647,"void moe_kernels::router_topk_wave64_kernel<64>(float*, float const*, int*, float*, int, int, int, int, int, float)",1
648,"batch_decode_kernels::align_routes(int const*, int, int, int, int*, int*, int*)",1
649,"void batch_decode_kernels::grouped_expert_gate_up<16, 1>(float const*, char const*, unsigned long const*, unsigned long const*, int const*, int const*, float*, unsigned short*, int, int, int, int, int)",1
650,"batch_decode_kernels::mfma_gate_up_swiglu(float*, float const*, unsigned short const*, unsigned short const*, int, int, int)",1
651,"void batch_decode_kernels::grouped_expert_down<16, 1>(float const*, unsigned short const*, char const*, unsigned long const*, int const*, int const*, float*, int, int, int, int)",1
652,"batch_decode_kernels::reduce_routes_add(float*, float const*, float const*, int, int, int)",1
653,"batch_decode_kernels::mfma_gemm(float*, float const*, unsigned short const*, int, int, int, int)",1
654,"batch_decode_kernels::rmsnorm(float*, float const*, unsigned short const*, int, int, float)",1
655,"batch_decode_kernels::mfma_gemm(float*, float const*, unsigned short const*, int, int, int, int)",1
656,"batch_decode_kernels::mfma_gemm(float*, float const*, unsigned short const*, int, int, int, int)",1
657,"batch_decode_kernels::kv_norm_rope(unsigned short*, float const*, unsigned short const*, int, int, int, int, int, int, float const*, int, float)",1
658,"batch_decode_kernels::mfma_head_gemm(float*, float const*, unsigned short const*, int, int, int, int, int, int, unsigned long)",1
659,"batch_decode_kernels::q_rope(float*, float const*, int, int, int, int, int, int, float const*, int)",1
660,"batch_decode_kernels::attention_score(float*, float const*, float const*, unsigned short const*, int, int, int, int, int, int, int, float)",1
661,"void attention_kernels::softmax_rows_kernel<256>(float*, int, int, int, int)",1
662,"batch_decode_kernels::latent_context(float*, float const*, unsigned short const*, int, int, int, int, int, int)",1
663,"batch_decode_kernels::mfma_head_gemm(float*, float const*, unsigned short const*, int, int, int, int, int, int, unsigned long)",1
664,"batch_decode_kernels::mfma_gemm(float*, float const*, unsigned short const*, int, int, int, int)",1
665,"batch_decode_kernels::rmsnorm(float*, float const*, unsigned short const*, int, int, float)",1
666,"batch_decode_kernels::mfma_gemm(float*, float const*, unsigned short const*, int, int, int, int)",1
667,"void moe_kernels::router_topk_wave64_kernel<64>(float*, float const*, int*, float*, int, int, int, int, int, float)",1
668,"batch_decode_kernels::align_routes(int const*, int, int, int, int*, int*, int*)",1
669,"void batch_decode_kernels::grouped_expert_gate_up<16, 1>(float const*, char const*, unsigned long const*, unsigned long const*, int const*, int const*, float*, unsigned short*, int, int, int, int, int)",1
670,"batch_decode_kernels::mfma_gate_up_swiglu(float*, float const*, unsigned short const*, unsigned short const*, int, int, int)",1
671,"void batch_decode_kernels::grouped_expert_down<16, 1>(float const*, unsigned short const*, char const*, unsigned long const*, int const*, int const*, float*, int, int, int, int)",1
672,"batch_decode_kernels::reduce_routes_add(float*, float const*, float const*, int, int, int)",1
673,"batch_decode_kernels::mfma_gemm(float*, float const*, unsigned short const*, int, int, int, int)",1
674,"batch_decode_kernels::rmsnorm(float*, float const*, unsigned short const*, int, int, float)",1
675,"batch_decode_kernels::mfma_gemm(float*, float const*, unsigned short const*, int, int, int, int)",1
676,"batch_decode_kernels::mfma_gemm(float*, float const*, unsigned short const*, int, int, int, int)",1
677,"batch_decode_kernels::kv_norm_rope(unsigned short*, float const*, unsigned short const*, int, int, int, int, int, int, float const*, int, float)",1
678,"batch_decode_kernels::mfma_head_gemm(float*, float const*, unsigned short const*, int, int, int, int, int, int, unsigned long)",1
679,"batch_decode_kernels::q_rope(float*, float const*, int, int, int, int, int, int, float const*, int)",1
680,"batch_decode_kernels::attention_score(float*, float const*, float const*, unsigned short const*, int, int, int, int, int, int, int, float)",1
681,"void attention_kernels::softmax_rows_kernel<256>(float*, int, int, int, int)",1
682,"batch_decode_kernels::latent_context(float*, float const*, unsigned short const*, int, int, int, int, int, int)",1
683,"batch_decode_kernels::mfma_head_gemm(float*, float const*, unsigned short const*, int, int, int, int, int, int, unsigned long)",1
684,"batch_decode_kernels::mfma_gemm(float*, float const*, unsigned short const*, int, int, int, int)",1
685,"batch_decode_kernels::rmsnorm(float*, float const*, unsigned short const*, int, int, float)",1
686,"batch_decode_kernels::mfma_gemm(float*, float const*, unsigned short const*, int, int, int, int)",1
687,"void moe_kernels::router_topk_wave64_kernel<64>(float*, float const*, int*, float*, int, int, int, int, int, float)",1
688,"batch_decode_kernels::align_routes(int const*, int, int, int, int*, int*, int*)",1
689,"void batch_decode_kernels::grouped_expert_gate_up<16, 1>(float const*, char const*, unsigned long const*, unsigned long const*, int const*, int const*, float*, unsigned short*, int, int, int, int, int)",1
690,"batch_decode_kernels::mfma_gate_up_swiglu(float*, float const*, unsigned short const*, unsigned short const*, int, int, int)",1
691,"void batch_decode_kernels::grouped_expert_down<16, 1>(float const*, unsigned short const*, char const*, unsigned long const*, int const*, int const*, float*, int, int, int, int)",1
692,"batch_decode_kernels::reduce_routes_add(float*, float const*, float const*, int, int, int)",1
693,"batch_decode_kernels::mfma_gemm(float*, float const*, unsigned short const*, int, int, int, int)",1
694,"batch_decode_kernels::rmsnorm(float*, float const*, unsigned short const*, int, int, float)",1
695,"batch_decode_kernels::mfma_gemm(float*, float const*, unsigned short const*, int, int, int, int)",1
696,"batch_decode_kernels::mfma_gemm(float*, float const*, unsigned short const*, int, int, int, int)",1
697,"batch_decode_kernels::kv_norm_rope(unsigned short*, float const*, unsigned short const*, int, int, int, int, int, int, float const*, int, float)",1
698,"batch_decode_kernels::mfma_head_gemm(float*, float const*, unsigned short const*, int, int, int, int, int, int, unsigned long)",1
699,"batch_decode_kernels::q_rope(float*, float const*, int, int, int, int, int, int, float const*, int)",1
700,"batch_decode_kernels::attention_score(float*, float const*, float const*, unsigned short const*, int, int, int, int, int, int, int, float)",1
701,"void attention_kernels::softmax_rows_kernel<256>(float*, int, int, int, int)",1
702,"batch_decode_kernels::latent_context(float*, float const*, unsigned short const*, int, int, int, int, int, int)",1
703,"batch_decode_kernels::mfma_head_gemm(float*, float const*, unsigned short const*, int, int, int, int, int, int, unsigned long)",1
704,"batch_decode_kernels::mfma_gemm(float*, float const*, unsigned short const*, int, int, int, int)",1
705,"batch_decode_kernels::rmsnorm(float*, float const*, unsigned short const*, int, int, float)",1
706,"batch_decode_kernels::mfma_gemm(float*, float const*, unsigned short const*, int, int, int, int)",1
707,"void moe_kernels::router_topk_wave64_kernel<64>(float*, float const*, int*, float*, int, int, int, int, int, float)",1
708,"batch_decode_kernels::align_routes(int const*, int, int, int, int*, int*, int*)",1
709,"void batch_decode_kernels::grouped_expert_gate_up<16, 1>(float const*, char const*, unsigned long const*, unsigned long const*, int const*, int const*, float*, unsigned short*, int, int, int, int, int)",1
710,"batch_decode_kernels::mfma_gate_up_swiglu(float*, float const*, unsigned short const*, unsigned short const*, int, int, int)",1
711,"void batch_decode_kernels::grouped_expert_down<16, 1>(float const*, unsigned short const*, char const*, unsigned long const*, int const*, int const*, float*, int, int, int, int)",1
712,"batch_decode_kernels::reduce_routes_add(float*, float const*, float const*, int, int, int)",1
713,"batch_decode_kernels::mfma_gemm(float*, float const*, unsigned short const*, int, int, int, int)",1
714,"batch_decode_kernels::rmsnorm(float*, float const*, unsigned short const*, int, int, float)",1
715,"batch_decode_kernels::mfma_gemm(float*, float const*, unsigned short const*, int, int, int, int)",1
716,"batch_decode_kernels::mfma_gemm(float*, float const*, unsigned short const*, int, int, int, int)",1
717,"batch_decode_kernels::kv_norm_rope(unsigned short*, float const*, unsigned short const*, int, int, int, int, int, int, float const*, int, float)",1
718,"batch_decode_kernels::mfma_head_gemm(float*, float const*, unsigned short const*, int, int, int, int, int, int, unsigned long)",1
719,"batch_decode_kernels::q_rope(float*, float const*, int, int, int, int, int, int, float const*, int)",1
720,"batch_decode_kernels::attention_score(float*, float const*, float const*, unsigned short const*, int, int, int, int, int, int, int, float)",1
721,"void attention_kernels::softmax_rows_kernel<256>(float*, int, int, int, int)",1
722,"batch_decode_kernels::latent_context(float*, float const*, unsigned short const*, int, int, int, int, int, int)",1
723,"batch_decode_kernels::mfma_head_gemm(float*, float const*, unsigned short const*, int, int, int, int, int, int, unsigned long)",1
724,"batch_decode_kernels::mfma_gemm(float*, float const*, unsigned short const*, int, int, int, int)",1
725,"batch_decode_kernels::rmsnorm(float*, float const*, unsigned short const*, int, int, float)",1
726,"batch_decode_kernels::mfma_gemm(float*, float const*, unsigned short const*, int, int, int, int)",1
727,"void moe_kernels::router_topk_wave64_kernel<64>(float*, float const*, int*, float*, int, int, int, int, int, float)",1
728,"batch_decode_kernels::align_routes(int const*, int, int, int, int*, int*, int*)",1
729,"void batch_decode_kernels::grouped_expert_gate_up<16, 1>(float const*, char const*, unsigned long const*, unsigned long const*, int const*, int const*, float*, unsigned short*, int, int, int, int, int)",1
730,"batch_decode_kernels::mfma_gate_up_swiglu(float*, float const*, unsigned short const*, unsigned short const*, int, int, int)",1
731,"void batch_decode_kernels::grouped_expert_down<16, 1>(float const*, unsigned short const*, char const*, unsigned long const*, int const*, int const*, float*, int, int, int, int)",1
732,"batch_decode_kernels::reduce_routes_add(float*, float const*, float const*, int, int, int)",1
733,"batch_decode_kernels::mfma_gemm(float*, float const*, unsigned short const*, int, int, int, int)",1
734,"batch_decode_kernels::rmsnorm(float*, float const*, unsigned short const*, int, int, float)",1
735,"batch_decode_kernels::mfma_gemm(float*, float const*, unsigned short const*, int, int, int, int)",1
736,"batch_decode_kernels::mfma_gemm(float*, float const*, unsigned short const*, int, int, int, int)",1
737,"batch_decode_kernels::kv_norm_rope(unsigned short*, float const*, unsigned short const*, int, int, int, int, int, int, float const*, int, float)",1
738,"batch_decode_kernels::mfma_head_gemm(float*, float const*, unsigned short const*, int, int, int, int, int, int, unsigned long)",1
739,"batch_decode_kernels::q_rope(float*, float const*, int, int, int, int, int, int, float const*, int)",1
740,"batch_decode_kernels::attention_score(float*, float const*, float const*, unsigned short const*, int, int, int, int, int, int, int, float)",1
741,"void attention_kernels::softmax_rows_kernel<256>(float*, int, int, int, int)",1
742,"batch_decode_kernels::latent_context(float*, float const*, unsigned short const*, int, int, int, int, int, int)",1
743,"batch_decode_kernels::mfma_head_gemm(float*, float const*, unsigned short const*, int, int, int, int, int, int, unsigned long)",1
744,"batch_decode_kernels::mfma_gemm(float*, float const*, unsigned short const*, int, int, int, int)",1
745,"batch_decode_kernels::rmsnorm(float*, float const*, unsigned short const*, int, int, float)",1
746,"batch_decode_kernels::mfma_gemm(float*, float const*, unsigned short const*, int, int, int, int)",1
747,"void moe_kernels::router_topk_wave64_kernel<64>(float*, float const*, int*, float*, int, int, int, int, int, float)",1
748,"batch_decode_kernels::align_routes(int const*, int, int, int, int*, int*, int*)",1
749,"void batch_decode_kernels::grouped_expert_gate_up<16, 1>(float const*, char const*, unsigned long const*, unsigned long const*, int const*, int const*, float*, unsigned short*, int, int, int, int, int)",1
750,"batch_decode_kernels::mfma_gate_up_swiglu(float*, float const*, unsigned short const*, unsigned short const*, int, int, int)",1
751,"void batch_decode_kernels::grouped_expert_down<16, 1>(float const*, unsigned short const*, char const*, unsigned long const*, int const*, int const*, float*, int, int, int, int)",1
752,"batch_decode_kernels::reduce_routes_add(float*, float const*, float const*, int, int, int)",1
753,"batch_decode_kernels::mfma_gemm(float*, float const*, unsigned short const*, int, int, int, int)",1
754,"batch_decode_kernels::rmsnorm(float*, float const*, unsigned short const*, int, int, float)",1
755,"batch_decode_kernels::mfma_gemm(float*, float const*, unsigned short const*, int, int, int, int)",1
756,"batch_decode_kernels::mfma_gemm(float*, float const*, unsigned short const*, int, int, int, int)",1
757,"batch_decode_kernels::kv_norm_rope(unsigned short*, float const*, unsigned short const*, int, int, int, int, int, int, float const*, int, float)",1
758,"batch_decode_kernels::mfma_head_gemm(float*, float const*, unsigned short const*, int, int, int, int, int, int, unsigned long)",1
759,"batch_decode_kernels::q_rope(float*, float const*, int, int, int, int, int, int, float const*, int)",1
760,"batch_decode_kernels::attention_score(float*, float const*, float const*, unsigned short const*, int, int, int, int, int, int, int, float)",1
761,"void attention_kernels::softmax_rows_kernel<256>(float*, int, int, int, int)",1
762,"batch_decode_kernels::latent_context(float*, float const*, unsigned short const*, int, int, int, int, int, int)",1
763,"batch_decode_kernels::mfma_head_gemm(float*, float const*, unsigned short const*, int, int, int, int, int, int, unsigned long)",1
764,"batch_decode_kernels::mfma_gemm(float*, float const*, unsigned short const*, int, int, int, int)",1
765,"batch_decode_kernels::rmsnorm(float*, float const*, unsigned short const*, int, int, float)",1
766,"batch_decode_kernels::mfma_gemm(float*, float const*, unsigned short const*, int, int, int, int)",1
767,"void moe_kernels::router_topk_wave64_kernel<64>(float*, float const*, int*, float*, int, int, int, int, int, float)",1
768,"batch_decode_kernels::align_routes(int const*, int, int, int, int*, int*, int*)",1
769,"void batch_decode_kernels::grouped_expert_gate_up<16, 1>(float const*, char const*, unsigned long const*, unsigned long const*, int const*, int const*, float*, unsigned short*, int, int, int, int, int)",1
770,"batch_decode_kernels::mfma_gate_up_swiglu(float*, float const*, unsigned short const*, unsigned short const*, int, int, int)",1
771,"void batch_decode_kernels::grouped_expert_down<16, 1>(float const*, unsigned short const*, char const*, unsigned long const*, int const*, int const*, float*, int, int, int, int)",1
772,"batch_decode_kernels::reduce_routes_add(float*, float const*, float const*, int, int, int)",1
773,"batch_decode_kernels::mfma_gemm(float*, float const*, unsigned short const*, int, int, int, int)",1
774,"batch_decode_kernels::rmsnorm(float*, float const*, unsigned short const*, int, int, float)",1
775,"batch_decode_kernels::mfma_gemm(float*, float const*, unsigned short const*, int, int, int, int)",1
776,"batch_decode_kernels::mfma_gemm(float*, float const*, unsigned short const*, int, int, int, int)",1
777,"batch_decode_kernels::kv_norm_rope(unsigned short*, float const*, unsigned short const*, int, int, int, int, int, int, float const*, int, float)",1
778,"batch_decode_kernels::mfma_head_gemm(float*, float const*, unsigned short const*, int, int, int, int, int, int, unsigned long)",1
779,"batch_decode_kernels::q_rope(float*, float const*, int, int, int, int, int, int, float const*, int)",1
780,"batch_decode_kernels::attention_score(float*, float const*, float const*, unsigned short const*, int, int, int, int, int, int, int, float)",1
781,"void attention_kernels::softmax_rows_kernel<256>(float*, int, int, int, int)",1
782,"batch_decode_kernels::latent_context(float*, float const*, unsigned short const*, int, int, int, int, int, int)",1
783,"batch_decode_kernels::mfma_head_gemm(float*, float const*, unsigned short const*, int, int, int, int, int, int, unsigned long)",1
784,"batch_decode_kernels::mfma_gemm(float*, float const*, unsigned short const*, int, int, int, int)",1
785,"batch_decode_kernels::rmsnorm(float*, float const*, unsigned short const*, int, int, float)",1
786,"batch_decode_kernels::mfma_gemm(float*, float const*, unsigned short const*, int, int, int, int)",1
787,"void moe_kernels::router_topk_wave64_kernel<64>(float*, float const*, int*, float*, int, int, int, int, int, float)",1
788,"batch_decode_kernels::align_routes(int const*, int, int, int, int*, int*, int*)",1
789,"void batch_decode_kernels::grouped_expert_gate_up<16, 1>(float const*, char const*, unsigned long const*, unsigned long const*, int const*, int const*, float*, unsigned short*, int, int, int, int, int)",1
790,"batch_decode_kernels::mfma_gate_up_swiglu(float*, float const*, unsigned short const*, unsigned short const*, int, int, int)",1
791,"void batch_decode_kernels::grouped_expert_down<16, 1>(float const*, unsigned short const*, char const*, unsigned long const*, int const*, int const*, float*, int, int, int, int)",1
792,"batch_decode_kernels::reduce_routes_add(float*, float const*, float const*, int, int, int)",1
793,"batch_decode_kernels::mfma_gemm(float*, float const*, unsigned short const*, int, int, int, int)",1
794,"batch_decode_kernels::rmsnorm(float*, float const*, unsigned short const*, int, int, float)",1
795,"batch_decode_kernels::mfma_gemm(float*, float const*, unsigned short const*, int, int, int, int)",1
796,"batch_decode_kernels::mfma_gemm(float*, float const*, unsigned short const*, int, int, int, int)",1
797,"batch_decode_kernels::kv_norm_rope(unsigned short*, float const*, unsigned short const*, int, int, int, int, int, int, float const*, int, float)",1
798,"batch_decode_kernels::mfma_head_gemm(float*, float const*, unsigned short const*, int, int, int, int, int, int, unsigned long)",1
799,"batch_decode_kernels::q_rope(float*, float const*, int, int, int, int, int, int, float const*, int)",1
800,"batch_decode_kernels::attention_score(float*, float const*, float const*, unsigned short const*, int, int, int, int, int, int, int, float)",1
801,"void attention_kernels::softmax_rows_kernel<256>(float*, int, int, int, int)",1
802,"batch_decode_kernels::latent_context(float*, float const*, unsigned short const*, int, int, int, int, int, int)",1
803,"batch_decode_kernels::mfma_head_gemm(float*, float const*, unsigned short const*, int, int, int, int, int, int, unsigned long)",1
804,"batch_decode_kernels::mfma_gemm(float*, float const*, unsigned short const*, int, int, int, int)",1
805,"batch_decode_kernels::rmsnorm(float*, float const*, unsigned short const*, int, int, float)",1
806,"batch_decode_kernels::mfma_gemm(float*, float const*, unsigned short const*, int, int, int, int)",1
807,"void moe_kernels::router_topk_wave64_kernel<64>(float*, float const*, int*, float*, int, int, int, int, int, float)",1
808,"batch_decode_kernels::align_routes(int const*, int, int, int, int*, int*, int*)",1
809,"void batch_decode_kernels::grouped_expert_gate_up<16, 1>(float const*, char const*, unsigned long const*, unsigned long const*, int const*, int const*, float*, unsigned short*, int, int, int, int, int)",1
810,"batch_decode_kernels::mfma_gate_up_swiglu(float*, float const*, unsigned short const*, unsigned short const*, int, int, int)",1
811,"void batch_decode_kernels::grouped_expert_down<16, 1>(float const*, unsigned short const*, char const*, unsigned long const*, int const*, int const*, float*, int, int, int, int)",1
812,"batch_decode_kernels::reduce_routes_add(float*, float const*, float const*, int, int, int)",1
813,"batch_decode_kernels::mfma_gemm(float*, float const*, unsigned short const*, int, int, int, int)",1
814,"batch_decode_kernels::rmsnorm(float*, float const*, unsigned short const*, int, int, float)",1
815,"batch_decode_kernels::mfma_gemm(float*, float const*, unsigned short const*, int, int, int, int)",1
816,"batch_decode_kernels::mfma_gemm(float*, float const*, unsigned short const*, int, int, int, int)",1
817,"batch_decode_kernels::kv_norm_rope(unsigned short*, float const*, unsigned short const*, int, int, int, int, int, int, float const*, int, float)",1
818,"batch_decode_kernels::mfma_head_gemm(float*, float const*, unsigned short const*, int, int, int, int, int, int, unsigned long)",1
819,"batch_decode_kernels::q_rope(float*, float const*, int, int, int, int, int, int, float const*, int)",1
820,"batch_decode_kernels::attention_score(float*, float const*, float const*, unsigned short const*, int, int, int, int, int, int, int, float)",1
821,"void attention_kernels::softmax_rows_kernel<256>(float*, int, int, int, int)",1
822,"batch_decode_kernels::latent_context(float*, float const*, unsigned short const*, int, int, int, int, int, int)",1
823,"batch_decode_kernels::mfma_head_gemm(float*, float const*, unsigned short const*, int, int, int, int, int, int, unsigned long)",1
824,"batch_decode_kernels::mfma_gemm(float*, float const*, unsigned short const*, int, int, int, int)",1
825,"batch_decode_kernels::rmsnorm(float*, float const*, unsigned short const*, int, int, float)",1
826,"batch_decode_kernels::mfma_gemm(float*, float const*, unsigned short const*, int, int, int, int)",1
827,"void moe_kernels::router_topk_wave64_kernel<64>(float*, float const*, int*, float*, int, int, int, int, int, float)",1
828,"batch_decode_kernels::align_routes(int const*, int, int, int, int*, int*, int*)",1
829,"void batch_decode_kernels::grouped_expert_gate_up<16, 1>(float const*, char const*, unsigned long const*, unsigned long const*, int const*, int const*, float*, unsigned short*, int, int, int, int, int)",1
830,"batch_decode_kernels::mfma_gate_up_swiglu(float*, float const*, unsigned short const*, unsigned short const*, int, int, int)",1
831,"void batch_decode_kernels::grouped_expert_down<16, 1>(float const*, unsigned short const*, char const*, unsigned long const*, int const*, int const*, float*, int, int, int, int)",1
832,"batch_decode_kernels::reduce_routes_add(float*, float const*, float const*, int, int, int)",1
833,"batch_decode_kernels::mfma_gemm(float*, float const*, unsigned short const*, int, int, int, int)",1
834,"batch_decode_kernels::rmsnorm(float*, float const*, unsigned short const*, int, int, float)",1
835,"batch_decode_kernels::mfma_gemm(float*, float const*, unsigned short const*, int, int, int, int)",1
836,"batch_decode_kernels::mfma_gemm(float*, float const*, unsigned short const*, int, int, int, int)",1
837,"batch_decode_kernels::kv_norm_rope(unsigned short*, float const*, unsigned short const*, int, int, int, int, int, int, float const*, int, float)",1
838,"batch_decode_kernels::mfma_head_gemm(float*, float const*, unsigned short const*, int, int, int, int, int, int, unsigned long)",1
839,"batch_decode_kernels::q_rope(float*, float const*, int, int, int, int, int, int, float const*, int)",1
840,"batch_decode_kernels::attention_score(float*, float const*, float const*, unsigned short const*, int, int, int, int, int, int, int, float)",1
841,"void attention_kernels::softmax_rows_kernel<256>(float*, int, int, int, int)",1
842,"batch_decode_kernels::latent_context(float*, float const*, unsigned short const*, int, int, int, int, int, int)",1
843,"batch_decode_kernels::mfma_head_gemm(float*, float const*, unsigned short const*, int, int, int, int, int, int, unsigned long)",1
844,"batch_decode_kernels::mfma_gemm(float*, float const*, unsigned short const*, int, int, int, int)",1
845,"batch_decode_kernels::rmsnorm(float*, float const*, unsigned short const*, int, int, float)",1
846,"batch_decode_kernels::mfma_gemm(float*, float const*, unsigned short const*, int, int, int, int)",1
847,"void moe_kernels::router_topk_wave64_kernel<64>(float*, float const*, int*, float*, int, int, int, int, int, float)",1
848,"batch_decode_kernels::align_routes(int const*, int, int, int, int*, int*, int*)",1
849,"void batch_decode_kernels::grouped_expert_gate_up<16, 1>(float const*, char const*, unsigned long const*, unsigned long const*, int const*, int const*, float*, unsigned short*, int, int, int, int, int)",1
850,"batch_decode_kernels::mfma_gate_up_swiglu(float*, float const*, unsigned short const*, unsigned short const*, int, int, int)",1
851,"void batch_decode_kernels::grouped_expert_down<16, 1>(float const*, unsigned short const*, char const*, unsigned long const*, int const*, int const*, float*, int, int, int, int)",1
852,"batch_decode_kernels::reduce_routes_add(float*, float const*, float const*, int, int, int)",1
853,"batch_decode_kernels::mfma_gemm(float*, float const*, unsigned short const*, int, int, int, int)",1
854,"batch_decode_kernels::rmsnorm(float*, float const*, unsigned short const*, int, int, float)",1
855,"batch_decode_kernels::mfma_gemm(float*, float const*, unsigned short const*, int, int, int, int)",1
856,"batch_decode_kernels::mfma_gemm(float*, float const*, unsigned short const*, int, int, int, int)",1
857,"batch_decode_kernels::kv_norm_rope(unsigned short*, float const*, unsigned short const*, int, int, int, int, int, int, float const*, int, float)",1
858,"batch_decode_kernels::mfma_head_gemm(float*, float const*, unsigned short const*, int, int, int, int, int, int, unsigned long)",1
859,"batch_decode_kernels::q_rope(float*, float const*, int, int, int, int, int, int, float const*, int)",1
860,"batch_decode_kernels::attention_score(float*, float const*, float const*, unsigned short const*, int, int, int, int, int, int, int, float)",1
861,"void attention_kernels::softmax_rows_kernel<256>(float*, int, int, int, int)",1
862,"batch_decode_kernels::latent_context(float*, float const*, unsigned short const*, int, int, int, int, int, int)",1
863,"batch_decode_kernels::mfma_head_gemm(float*, float const*, unsigned short const*, int, int, int, int, int, int, unsigned long)",1
864,"batch_decode_kernels::mfma_gemm(float*, float const*, unsigned short const*, int, int, int, int)",1
865,"batch_decode_kernels::rmsnorm(float*, float const*, unsigned short const*, int, int, float)",1
866,"batch_decode_kernels::mfma_gemm(float*, float const*, unsigned short const*, int, int, int, int)",1
867,"void moe_kernels::router_topk_wave64_kernel<64>(float*, float const*, int*, float*, int, int, int, int, int, float)",1
868,"batch_decode_kernels::align_routes(int const*, int, int, int, int*, int*, int*)",1
869,"void batch_decode_kernels::grouped_expert_gate_up<16, 1>(float const*, char const*, unsigned long const*, unsigned long const*, int const*, int const*, float*, unsigned short*, int, int, int, int, int)",1
870,"batch_decode_kernels::mfma_gate_up_swiglu(float*, float const*, unsigned short const*, unsigned short const*, int, int, int)",1
871,"void batch_decode_kernels::grouped_expert_down<16, 1>(float const*, unsigned short const*, char const*, unsigned long const*, int const*, int const*, float*, int, int, int, int)",1
872,"batch_decode_kernels::reduce_routes_add(float*, float const*, float const*, int, int, int)",1
873,"batch_decode_kernels::mfma_gemm(float*, float const*, unsigned short const*, int, int, int, int)",1
874,"batch_decode_kernels::rmsnorm(float*, float const*, unsigned short const*, int, int, float)",1
875,"batch_decode_kernels::mfma_gemm(float*, float const*, unsigned short const*, int, int, int, int)",1
876,"batch_decode_kernels::mfma_gemm(float*, float const*, unsigned short const*, int, int, int, int)",1
877,"batch_decode_kernels::kv_norm_rope(unsigned short*, float const*, unsigned short const*, int, int, int, int, int, int, float const*, int, float)",1
878,"batch_decode_kernels::mfma_head_gemm(float*, float const*, unsigned short const*, int, int, int, int, int, int, unsigned long)",1
879,"batch_decode_kernels::q_rope(float*, float const*, int, int, int, int, int, int, float const*, int)",1
880,"batch_decode_kernels::attention_score(float*, float const*, float const*, unsigned short const*, int, int, int, int, int, int, int, float)",1
881,"void attention_kernels::softmax_rows_kernel<256>(float*, int, int, int, int)",1
882,"batch_decode_kernels::latent_context(float*, float const*, unsigned short const*, int, int, int, int, int, int)",1
883,"batch_decode_kernels::mfma_head_gemm(float*, float const*, unsigned short const*, int, int, int, int, int, int, unsigned long)",1
884,"batch_decode_kernels::mfma_gemm(float*, float const*, unsigned short const*, int, int, int, int)",1
885,"batch_decode_kernels::rmsnorm(float*, float const*, unsigned short const*, int, int, float)",1
886,"batch_decode_kernels::mfma_gemm(float*, float const*, unsigned short const*, int, int, int, int)",1
887,"void moe_kernels::router_topk_wave64_kernel<64>(float*, float const*, int*, float*, int, int, int, int, int, float)",1
888,"batch_decode_kernels::align_routes(int const*, int, int, int, int*, int*, int*)",1
889,"void batch_decode_kernels::grouped_expert_gate_up<16, 1>(float const*, char const*, unsigned long const*, unsigned long const*, int const*, int const*, float*, unsigned short*, int, int, int, int, int)",1
890,"batch_decode_kernels::mfma_gate_up_swiglu(float*, float const*, unsigned short const*, unsigned short const*, int, int, int)",1
891,"void batch_decode_kernels::grouped_expert_down<16, 1>(float const*, unsigned short const*, char const*, unsigned long const*, int const*, int const*, float*, int, int, int, int)",1
892,"batch_decode_kernels::reduce_routes_add(float*, float const*, float const*, int, int, int)",1
893,"batch_decode_kernels::mfma_gemm(float*, float const*, unsigned short const*, int, int, int, int)",1
894,"batch_decode_kernels::rmsnorm(float*, float const*, unsigned short const*, int, int, float)",1
895,"batch_decode_kernels::mfma_gemm(float*, float const*, unsigned short const*, int, int, int, int)",1
896,"batch_decode_kernels::mfma_gemm(float*, float const*, unsigned short const*, int, int, int, int)",1
897,"batch_decode_kernels::kv_norm_rope(unsigned short*, float const*, unsigned short const*, int, int, int, int, int, int, float const*, int, float)",1
898,"batch_decode_kernels::mfma_head_gemm(float*, float const*, unsigned short const*, int, int, int, int, int, int, unsigned long)",1
899,"batch_decode_kernels::q_rope(float*, float const*, int, int, int, int, int, int, float const*, int)",1
900,"batch_decode_kernels::attention_score(float*, float const*, float const*, unsigned short const*, int, int, int, int, int, int, int, float)",1
901,"void attention_kernels::softmax_rows_kernel<256>(float*, int, int, int, int)",1
902,"batch_decode_kernels::latent_context(float*, float const*, unsigned short const*, int, int, int, int, int, int)",1
903,"batch_decode_kernels::mfma_head_gemm(float*, float const*, unsigned short const*, int, int, int, int, int, int, unsigned long)",1
904,"batch_decode_kernels::mfma_gemm(float*, float const*, unsigned short const*, int, int, int, int)",1
905,"batch_decode_kernels::rmsnorm(float*, float const*, unsigned short const*, int, int, float)",1
906,"batch_decode_kernels::mfma_gemm(float*, float const*, unsigned short const*, int, int, int, int)",1
907,"void moe_kernels::router_topk_wave64_kernel<64>(float*, float const*, int*, float*, int, int, int, int, int, float)",1
908,"batch_decode_kernels::align_routes(int const*, int, int, int, int*, int*, int*)",1
909,"void batch_decode_kernels::grouped_expert_gate_up<16, 1>(float const*, char const*, unsigned long const*, unsigned long const*, int const*, int const*, float*, unsigned short*, int, int, int, int, int)",1
910,"batch_decode_kernels::mfma_gate_up_swiglu(float*, float const*, unsigned short const*, unsigned short const*, int, int, int)",1
911,"void batch_decode_kernels::grouped_expert_down<16, 1>(float const*, unsigned short const*, char const*, unsigned long const*, int const*, int const*, float*, int, int, int, int)",1
912,"batch_decode_kernels::reduce_routes_add(float*, float const*, float const*, int, int, int)",1
913,"batch_decode_kernels::mfma_gemm(float*, float const*, unsigned short const*, int, int, int, int)",1
914,"batch_decode_kernels::rmsnorm(float*, float const*, unsigned short const*, int, int, float)",1
915,"batch_decode_kernels::mfma_gemm(float*, float const*, unsigned short const*, int, int, int, int)",1
916,"batch_decode_kernels::mfma_gemm(float*, float const*, unsigned short const*, int, int, int, int)",1
917,"batch_decode_kernels::kv_norm_rope(unsigned short*, float const*, unsigned short const*, int, int, int, int, int, int, float const*, int, float)",1
918,"batch_decode_kernels::mfma_head_gemm(float*, float const*, unsigned short const*, int, int, int, int, int, int, unsigned long)",1
919,"batch_decode_kernels::q_rope(float*, float const*, int, int, int, int, int, int, float const*, int)",1
920,"batch_decode_kernels::attention_score(float*, float const*, float const*, unsigned short const*, int, int, int, int, int, int, int, float)",1
921,"void attention_kernels::softmax_rows_kernel<256>(float*, int, int, int, int)",1
922,"batch_decode_kernels::latent_context(float*, float const*, unsigned short const*, int, int, int, int, int, int)",1
923,"batch_decode_kernels::mfma_head_gemm(float*, float const*, unsigned short const*, int, int, int, int, int, int, unsigned long)",1
924,"batch_decode_kernels::mfma_gemm(float*, float const*, unsigned short const*, int, int, int, int)",1
925,"batch_decode_kernels::rmsnorm(float*, float const*, unsigned short const*, int, int, float)",1
926,"batch_decode_kernels::mfma_gemm(float*, float const*, unsigned short const*, int, int, int, int)",1
927,"void moe_kernels::router_topk_wave64_kernel<64>(float*, float const*, int*, float*, int, int, int, int, int, float)",1
928,"batch_decode_kernels::align_routes(int const*, int, int, int, int*, int*, int*)",1
929,"void batch_decode_kernels::grouped_expert_gate_up<16, 1>(float const*, char const*, unsigned long const*, unsigned long const*, int const*, int const*, float*, unsigned short*, int, int, int, int, int)",1
930,"batch_decode_kernels::mfma_gate_up_swiglu(float*, float const*, unsigned short const*, unsigned short const*, int, int, int)",1
931,"void batch_decode_kernels::grouped_expert_down<16, 1>(float const*, unsigned short const*, char const*, unsigned long const*, int const*, int const*, float*, int, int, int, int)",1
932,"batch_decode_kernels::reduce_routes_add(float*, float const*, float const*, int, int, int)",1
933,"batch_decode_kernels::mfma_gemm(float*, float const*, unsigned short const*, int, int, int, int)",1
934,"batch_decode_kernels::rmsnorm(float*, float const*, unsigned short const*, int, int, float)",1
935,"batch_decode_kernels::mfma_gemm(float*, float const*, unsigned short const*, int, int, int, int)",1
936,"batch_decode_kernels::mfma_gemm(float*, float const*, unsigned short const*, int, int, int, int)",1
937,"batch_decode_kernels::kv_norm_rope(unsigned short*, float const*, unsigned short const*, int, int, int, int, int, int, float const*, int, float)",1
938,"batch_decode_kernels::mfma_head_gemm(float*, float const*, unsigned short const*, int, int, int, int, int, int, unsigned long)",1
939,"batch_decode_kernels::q_rope(float*, float const*, int, int, int, int, int, int, float const*, int)",1
940,"batch_decode_kernels::attention_score(float*, float const*, float const*, unsigned short const*, int, int, int, int, int, int, int, float)",1
941,"void attention_kernels::softmax_rows_kernel<256>(float*, int, int, int, int)",1
942,"batch_decode_kernels::latent_context(float*, float const*, unsigned short const*, int, int, int, int, int, int)",1
943,"batch_decode_kernels::mfma_head_gemm(float*, float const*, unsigned short const*, int, int, int, int, int, int, unsigned long)",1
944,"batch_decode_kernels::mfma_gemm(float*, float const*, unsigned short const*, int, int, int, int)",1
945,"batch_decode_kernels::rmsnorm(float*, float const*, unsigned short const*, int, int, float)",1
946,"batch_decode_kernels::mfma_gemm(float*, float const*, unsigned short const*, int, int, int, int)",1
947,"void moe_kernels::router_topk_wave64_kernel<64>(float*, float const*, int*, float*, int, int, int, int, int, float)",1
948,"batch_decode_kernels::align_routes(int const*, int, int, int, int*, int*, int*)",1
949,"void batch_decode_kernels::grouped_expert_gate_up<16, 1>(float const*, char const*, unsigned long const*, unsigned long const*, int const*, int const*, float*, unsigned short*, int, int, int, int, int)",1
950,"batch_decode_kernels::mfma_gate_up_swiglu(float*, float const*, unsigned short const*, unsigned short const*, int, int, int)",1
951,"void batch_decode_kernels::grouped_expert_down<16, 1>(float const*, unsigned short const*, char const*, unsigned long const*, int const*, int const*, float*, int, int, int, int)",1
952,"batch_decode_kernels::reduce_routes_add(float*, float const*, float const*, int, int, int)",1
953,"batch_decode_kernels::mfma_gemm(float*, float const*, unsigned short const*, int, int, int, int)",1
954,"batch_decode_kernels::rmsnorm(float*, float const*, unsigned short const*, int, int, float)",1
955,"batch_decode_kernels::mfma_gemm(float*, float const*, unsigned short const*, int, int, int, int)",1
956,"batch_decode_kernels::mfma_gemm(float*, float const*, unsigned short const*, int, int, int, int)",1
957,"batch_decode_kernels::kv_norm_rope(unsigned short*, float const*, unsigned short const*, int, int, int, int, int, int, float const*, int, float)",1
958,"batch_decode_kernels::mfma_head_gemm(float*, float const*, unsigned short const*, int, int, int, int, int, int, unsigned long)",1
959,"batch_decode_kernels::q_rope(float*, float const*, int, int, int, int, int, int, float const*, int)",1
960,"batch_decode_kernels::attention_score(float*, float const*, float const*, unsigned short const*, int, int, int, int, int, int, int, float)",1
961,"void attention_kernels::softmax_rows_kernel<256>(float*, int, int, int, int)",1
962,"batch_decode_kernels::latent_context(float*, float const*, unsigned short const*, int, int, int, int, int, int)",1
963,"batch_decode_kernels::mfma_head_gemm(float*, float const*, unsigned short const*, int, int, int, int, int, int, unsigned long)",1
964,"batch_decode_kernels::mfma_gemm(float*, float const*, unsigned short const*, int, int, int, int)",1
965,"batch_decode_kernels::rmsnorm(float*, float const*, unsigned short const*, int, int, float)",1
966,"batch_decode_kernels::mfma_gemm(float*, float const*, unsigned short const*, int, int, int, int)",1
967,"void moe_kernels::router_topk_wave64_kernel<64>(float*, float const*, int*, float*, int, int, int, int, int, float)",1
968,"batch_decode_kernels::align_routes(int const*, int, int, int, int*, int*, int*)",1
969,"void batch_decode_kernels::grouped_expert_gate_up<16, 1>(float const*, char const*, unsigned long const*, unsigned long const*, int const*, int const*, float*, unsigned short*, int, int, int, int, int)",1
970,"batch_decode_kernels::mfma_gate_up_swiglu(float*, float const*, unsigned short const*, unsigned short const*, int, int, int)",1
971,"void batch_decode_kernels::grouped_expert_down<16, 1>(float const*, unsigned short const*, char const*, unsigned long const*, int const*, int const*, float*, int, int, int, int)",1
972,"batch_decode_kernels::reduce_routes_add(float*, float const*, float const*, int, int, int)",1
973,"batch_decode_kernels::mfma_gemm(float*, float const*, unsigned short const*, int, int, int, int)",1
974,"batch_decode_kernels::rmsnorm(float*, float const*, unsigned short const*, int, int, float)",1
975,"batch_decode_kernels::mfma_gemm(float*, float const*, unsigned short const*, int, int, int, int)",1
976,"batch_decode_kernels::mfma_gemm(float*, float const*, unsigned short const*, int, int, int, int)",1
977,"batch_decode_kernels::kv_norm_rope(unsigned short*, float const*, unsigned short const*, int, int, int, int, int, int, float const*, int, float)",1
978,"batch_decode_kernels::mfma_head_gemm(float*, float const*, unsigned short const*, int, int, int, int, int, int, unsigned long)",1
979,"batch_decode_kernels::q_rope(float*, float const*, int, int, int, int, int, int, float const*, int)",1
980,"batch_decode_kernels::attention_score(float*, float const*, float const*, unsigned short const*, int, int, int, int, int, int, int, float)",1
981,"void attention_kernels::softmax_rows_kernel<256>(float*, int, int, int, int)",1
982,"batch_decode_kernels::latent_context(float*, float const*, unsigned short const*, int, int, int, int, int, int)",1
983,"batch_decode_kernels::mfma_head_gemm(float*, float const*, unsigned short const*, int, int, int, int, int, int, unsigned long)",1
984,"batch_decode_kernels::mfma_gemm(float*, float const*, unsigned short const*, int, int, int, int)",1
985,"batch_decode_kernels::rmsnorm(float*, float const*, unsigned short const*, int, int, float)",1
986,"batch_decode_kernels::mfma_gemm(float*, float const*, unsigned short const*, int, int, int, int)",1
987,"void moe_kernels::router_topk_wave64_kernel<64>(float*, float const*, int*, float*, int, int, int, int, int, float)",1
988,"batch_decode_kernels::align_routes(int const*, int, int, int, int*, int*, int*)",1
989,"void batch_decode_kernels::grouped_expert_gate_up<16, 1>(float const*, char const*, unsigned long const*, unsigned long const*, int const*, int const*, float*, unsigned short*, int, int, int, int, int)",1
990,"batch_decode_kernels::mfma_gate_up_swiglu(float*, float const*, unsigned short const*, unsigned short const*, int, int, int)",1
991,"void batch_decode_kernels::grouped_expert_down<16, 1>(float const*, unsigned short const*, char const*, unsigned long const*, int const*, int const*, float*, int, int, int, int)",1
992,"batch_decode_kernels::reduce_routes_add(float*, float const*, float const*, int, int, int)",1
993,"batch_decode_kernels::mfma_gemm(float*, float const*, unsigned short const*, int, int, int, int)",1
994,"batch_decode_kernels::rmsnorm(float*, float const*, unsigned short const*, int, int, float)",1
995,"batch_decode_kernels::mfma_gemm(float*, float const*, unsigned short const*, int, int, int, int)",1
996,"batch_decode_kernels::mfma_gemm(float*, float const*, unsigned short const*, int, int, int, int)",1
997,"batch_decode_kernels::kv_norm_rope(unsigned short*, float const*, unsigned short const*, int, int, int, int, int, int, float const*, int, float)",1
998,"batch_decode_kernels::mfma_head_gemm(float*, float const*, unsigned short const*, int, int, int, int, int, int, unsigned long)",1
999,"batch_decode_kernels::q_rope(float*, float const*, int, int, int, int, int, int, float const*, int)",1
1000,"batch_decode_kernels::attention_score(float*, float const*, float const*, unsigned short const*, int, int, int, int, int, int, int, float)",1
1001,"void attention_kernels::softmax_rows_kernel<256>(float*, int, int, int, int)",1
1002,"batch_decode_kernels::latent_context(float*, float const*, unsigned short const*, int, int, int, int, int, int)",1
1003,"batch_decode_kernels::mfma_head_gemm(float*, float const*, unsigned short const*, int, int, int, int, int, int, unsigned long)",1
1004,"batch_decode_kernels::mfma_gemm(float*, float const*, unsigned short const*, int, int, int, int)",1
1005,"batch_decode_kernels::rmsnorm(float*, float const*, unsigned short const*, int, int, float)",1
1006,"batch_decode_kernels::mfma_gemm(float*, float const*, unsigned short const*, int, int, int, int)",1
1007,"void moe_kernels::router_topk_wave64_kernel<64>(float*, float const*, int*, float*, int, int, int, int, int, float)",1
1008,"batch_decode_kernels::align_routes(int const*, int, int, int, int*, int*, int*)",1
1009,"void batch_decode_kernels::grouped_expert_gate_up<16, 1>(float const*, char const*, unsigned long const*, unsigned long const*, int const*, int const*, float*, unsigned short*, int, int, int, int, int)",1
1010,"batch_decode_kernels::mfma_gate_up_swiglu(float*, float const*, unsigned short const*, unsigned short const*, int, int, int)",1
1011,"void batch_decode_kernels::grouped_expert_down<16, 1>(float const*, unsigned short const*, char const*, unsigned long const*, int const*, int const*, float*, int, int, int, int)",1
1012,"batch_decode_kernels::reduce_routes_add(float*, float const*, float const*, int, int, int)",1
1013,"batch_decode_kernels::mfma_gemm(float*, float const*, unsigned short const*, int, int, int, int)",1
1014,"batch_decode_kernels::rmsnorm(float*, float const*, unsigned short const*, int, int, float)",1
1015,"batch_decode_kernels::mfma_gemm(float*, float const*, unsigned short const*, int, int, int, int)",1
1016,"batch_decode_kernels::mfma_gemm(float*, float const*, unsigned short const*, int, int, int, int)",1
1017,"batch_decode_kernels::kv_norm_rope(unsigned short*, float const*, unsigned short const*, int, int, int, int, int, int, float const*, int, float)",1
1018,"batch_decode_kernels::mfma_head_gemm(float*, float const*, unsigned short const*, int, int, int, int, int, int, unsigned long)",1
1019,"batch_decode_kernels::q_rope(float*, float const*, int, int, int, int, int, int, float const*, int)",1
1020,"batch_decode_kernels::attention_score(float*, float const*, float const*, unsigned short const*, int, int, int, int, int, int, int, float)",1
1021,"void attention_kernels::softmax_rows_kernel<256>(float*, int, int, int, int)",1
1022,"batch_decode_kernels::latent_context(float*, float const*, unsigned short const*, int, int, int, int, int, int)",1
1023,"batch_decode_kernels::mfma_head_gemm(float*, float const*, unsigned short const*, int, int, int, int, int, int, unsigned long)",1
1024,"batch_decode_kernels::mfma_gemm(float*, float const*, unsigned short const*, int, int, int, int)",1
1025,"batch_decode_kernels::rmsnorm(float*, float const*, unsigned short const*, int, int, float)",1
1026,"batch_decode_kernels::mfma_gemm(float*, float const*, unsigned short const*, int, int, int, int)",1
1027,"void moe_kernels::router_topk_wave64_kernel<64>(float*, float const*, int*, float*, int, int, int, int, int, float)",1
1028,"batch_decode_kernels::align_routes(int const*, int, int, int, int*, int*, int*)",1
1029,"void batch_decode_kernels::grouped_expert_gate_up<16, 1>(float const*, char const*, unsigned long const*, unsigned long const*, int const*, int const*, float*, unsigned short*, int, int, int, int, int)",1
1030,"batch_decode_kernels::mfma_gate_up_swiglu(float*, float const*, unsigned short const*, unsigned short const*, int, int, int)",1
1031,"void batch_decode_kernels::grouped_expert_down<16, 1>(float const*, unsigned short const*, char const*, unsigned long const*, int const*, int const*, float*, int, int, int, int)",1
1032,"batch_decode_kernels::reduce_routes_add(float*, float const*, float const*, int, int, int)",1
1033,"batch_decode_kernels::mfma_gemm(float*, float const*, unsigned short const*, int, int, int, int)",1
1034,"batch_decode_kernels::rmsnorm(float*, float const*, unsigned short const*, int, int, float)",1
1035,"batch_decode_kernels::mfma_gemm(float*, float const*, unsigned short const*, int, int, int, int)",1
1036,"batch_decode_kernels::mfma_gemm(float*, float const*, unsigned short const*, int, int, int, int)",1
1037,"batch_decode_kernels::kv_norm_rope(unsigned short*, float const*, unsigned short const*, int, int, int, int, int, int, float const*, int, float)",1
1038,"batch_decode_kernels::mfma_head_gemm(float*, float const*, unsigned short const*, int, int, int, int, int, int, unsigned long)",1
1039,"batch_decode_kernels::q_rope(float*, float const*, int, int, int, int, int, int, float const*, int)",1
1040,"batch_decode_kernels::attention_score(float*, float const*, float const*, unsigned short const*, int, int, int, int, int, int, int, float)",1
1041,"void attention_kernels::softmax_rows_kernel<256>(float*, int, int, int, int)",1
1042,"batch_decode_kernels::latent_context(float*, float const*, unsigned short const*, int, int, int, int, int, int)",1
1043,"batch_decode_kernels::mfma_head_gemm(float*, float const*, unsigned short const*, int, int, int, int, int, int, unsigned long)",1
1044,"batch_decode_kernels::mfma_gemm(float*, float const*, unsigned short const*, int, int, int, int)",1
1045,"batch_decode_kernels::rmsnorm(float*, float const*, unsigned short const*, int, int, float)",1
1046,"batch_decode_kernels::mfma_gemm(float*, float const*, unsigned short const*, int, int, int, int)",1
1047,"void moe_kernels::router_topk_wave64_kernel<64>(float*, float const*, int*, float*, int, int, int, int, int, float)",1
1048,"batch_decode_kernels::align_routes(int const*, int, int, int, int*, int*, int*)",1
1049,"void batch_decode_kernels::grouped_expert_gate_up<16, 1>(float const*, char const*, unsigned long const*, unsigned long const*, int const*, int const*, float*, unsigned short*, int, int, int, int, int)",1
1050,"batch_decode_kernels::mfma_gate_up_swiglu(float*, float const*, unsigned short const*, unsigned short const*, int, int, int)",1
1051,"void batch_decode_kernels::grouped_expert_down<16, 1>(float const*, unsigned short const*, char const*, unsigned long const*, int const*, int const*, float*, int, int, int, int)",1
1052,"batch_decode_kernels::reduce_routes_add(float*, float const*, float const*, int, int, int)",1
1053,"batch_decode_kernels::mfma_gemm(float*, float const*, unsigned short const*, int, int, int, int)",1
1054,"batch_decode_kernels::rmsnorm(float*, float const*, unsigned short const*, int, int, float)",1
1055,"batch_decode_kernels::mfma_gemm(float*, float const*, unsigned short const*, int, int, int, int)",1
1056,"batch_decode_kernels::argmax(float const*, int, int*, int)",1
1057,__amd_rocclr_copyBuffer,1
1058,"batch_decode_kernels::embedding(float*, unsigned short const*, int const*, int*, int, int, int, int)",1
1059,"batch_decode_kernels::rmsnorm(float*, float const*, unsigned short const*, int, int, float)",1
1060,"batch_decode_kernels::mfma_gemm(float*, float const*, unsigned short const*, int, int, int, int)",1
1061,"batch_decode_kernels::mfma_gemm(float*, float const*, unsigned short const*, int, int, int, int)",1
1062,"batch_decode_kernels::prefill_kv_norm_rope(unsigned short*, float const*, unsigned short const*, int, int, int, int, int, int, float const*, int, float)",1
1063,"batch_decode_kernels::mfma_head_gemm(float*, float const*, unsigned short const*, int, int, int, int, int, int, unsigned long)",1
1064,"batch_decode_kernels::prefill_q_rope(float*, float const*, int, int, int, int, int, float const*, int)",1
1065,"void batch_decode_kernels::flash_prefill<8>(float*, float const*, float const*, unsigned short const*, int, int, int, int, int, int, int, float)",1
1066,"batch_decode_kernels::mfma_head_gemm(float*, float const*, unsigned short const*, int, int, int, int, int, int, unsigned long)",1
1067,"batch_decode_kernels::mfma_gemm(float*, float const*, unsigned short const*, int, int, int, int)",1
1068,"batch_decode_kernels::rmsnorm(float*, float const*, unsigned short const*, int, int, float)",1
1069,"batch_decode_kernels::mfma_gate_up_swiglu(float*, float const*, unsigned short const*, unsigned short const*, int, int, int)",1
1070,"batch_decode_kernels::mfma_gemm(float*, float const*, unsigned short const*, int, int, int, int)",1
1071,"batch_decode_kernels::rmsnorm(float*, float const*, unsigned short const*, int, int, float)",1
1072,"batch_decode_kernels::mfma_gemm(float*, float const*, unsigned short const*, int, int, int, int)",1
1073,"batch_decode_kernels::mfma_gemm(float*, float const*, unsigned short const*, int, int, int, int)",1
1074,"batch_decode_kernels::prefill_kv_norm_rope(unsigned short*, float const*, unsigned short const*, int, int, int, int, int, int, float const*, int, float)",1
1075,"batch_decode_kernels::mfma_head_gemm(float*, float const*, unsigned short const*, int, int, int, int, int, int, unsigned long)",1
1076,"batch_decode_kernels::prefill_q_rope(float*, float const*, int, int, int, int, int, float const*, int)",1
1077,"void batch_decode_kernels::flash_prefill<8>(float*, float const*, float const*, unsigned short const*, int, int, int, int, int, int, int, float)",1
1078,"batch_decode_kernels::mfma_head_gemm(float*, float const*, unsigned short const*, int, int, int, int, int, int, unsigned long)",1
1079,"batch_decode_kernels::mfma_gemm(float*, float const*, unsigned short const*, int, int, int, int)",1
1080,"batch_decode_kernels::rmsnorm(float*, float const*, unsigned short const*, int, int, float)",1
1081,"batch_decode_kernels::mfma_gemm(float*, float const*, unsigned short const*, int, int, int, int)",1
1082,"void moe_kernels::router_topk_wave64_kernel<64>(float*, float const*, int*, float*, int, int, int, int, int, float)",1
1083,"batch_decode_kernels::align_routes(int const*, int, int, int, int*, int*, int*)",1
1084,"void batch_decode_kernels::grouped_expert_gate_up<16, 1>(float const*, char const*, unsigned long const*, unsigned long const*, int const*, int const*, float*, unsigned short*, int, int, int, int, int)",1
1085,"batch_decode_kernels::mfma_gate_up_swiglu(float*, float const*, unsigned short const*, unsigned short const*, int, int, int)",1
1086,"void batch_decode_kernels::grouped_expert_down<16, 1>(float const*, unsigned short const*, char const*, unsigned long const*, int const*, int const*, float*, int, int, int, int)",1
1087,"batch_decode_kernels::reduce_routes_add(float*, float const*, float const*, int, int, int)",1
1088,"batch_decode_kernels::mfma_gemm(float*, float const*, unsigned short const*, int, int, int, int)",1
1089,"batch_decode_kernels::rmsnorm(float*, float const*, unsigned short const*, int, int, float)",1
1090,"batch_decode_kernels::mfma_gemm(float*, float const*, unsigned short const*, int, int, int, int)",1
1091,"batch_decode_kernels::mfma_gemm(float*, float const*, unsigned short const*, int, int, int, int)",1
1092,"batch_decode_kernels::prefill_kv_norm_rope(unsigned short*, float const*, unsigned short const*, int, int, int, int, int, int, float const*, int, float)",1
1093,"batch_decode_kernels::mfma_head_gemm(float*, float const*, unsigned short const*, int, int, int, int, int, int, unsigned long)",1
1094,"batch_decode_kernels::prefill_q_rope(float*, float const*, int, int, int, int, int, float const*, int)",1
1095,"void batch_decode_kernels::flash_prefill<8>(float*, float const*, float const*, unsigned short const*, int, int, int, int, int, int, int, float)",1
1096,"batch_decode_kernels::mfma_head_gemm(float*, float const*, unsigned short const*, int, int, int, int, int, int, unsigned long)",1
1097,"batch_decode_kernels::mfma_gemm(float*, float const*, unsigned short const*, int, int, int, int)",1
1098,"batch_decode_kernels::rmsnorm(float*, float const*, unsigned short const*, int, int, float)",1
1099,"batch_decode_kernels::mfma_gemm(float*, float const*, unsigned short const*, int, int, int, int)",1
1100,"void moe_kernels::router_topk_wave64_kernel<64>(float*, float const*, int*, float*, int, int, int, int, int, float)",1
1101,"batch_decode_kernels::align_routes(int const*, int, int, int, int*, int*, int*)",1
1102,"void batch_decode_kernels::grouped_expert_gate_up<16, 1>(float const*, char const*, unsigned long const*, unsigned long const*, int const*, int const*, float*, unsigned short*, int, int, int, int, int)",1
1103,"batch_decode_kernels::mfma_gate_up_swiglu(float*, float const*, unsigned short const*, unsigned short const*, int, int, int)",1
1104,"void batch_decode_kernels::grouped_expert_down<16, 1>(float const*, unsigned short const*, char const*, unsigned long const*, int const*, int const*, float*, int, int, int, int)",1
1105,"batch_decode_kernels::reduce_routes_add(float*, float const*, float const*, int, int, int)",1
1106,"batch_decode_kernels::mfma_gemm(float*, float const*, unsigned short const*, int, int, int, int)",1
1107,"batch_decode_kernels::rmsnorm(float*, float const*, unsigned short const*, int, int, float)",1
1108,"batch_decode_kernels::mfma_gemm(float*, float const*, unsigned short const*, int, int, int, int)",1
1109,"batch_decode_kernels::mfma_gemm(float*, float const*, unsigned short const*, int, int, int, int)",1
1110,"batch_decode_kernels::prefill_kv_norm_rope(unsigned short*, float const*, unsigned short const*, int, int, int, int, int, int, float const*, int, float)",1
1111,"batch_decode_kernels::mfma_head_gemm(float*, float const*, unsigned short const*, int, int, int, int, int, int, unsigned long)",1
1112,"batch_decode_kernels::prefill_q_rope(float*, float const*, int, int, int, int, int, float const*, int)",1
1113,"void batch_decode_kernels::flash_prefill<8>(float*, float const*, float const*, unsigned short const*, int, int, int, int, int, int, int, float)",1
1114,"batch_decode_kernels::mfma_head_gemm(float*, float const*, unsigned short const*, int, int, int, int, int, int, unsigned long)",1
1115,"batch_decode_kernels::mfma_gemm(float*, float const*, unsigned short const*, int, int, int, int)",1
1116,"batch_decode_kernels::rmsnorm(float*, float const*, unsigned short const*, int, int, float)",1
1117,"batch_decode_kernels::mfma_gemm(float*, float const*, unsigned short const*, int, int, int, int)",1
1118,"void moe_kernels::router_topk_wave64_kernel<64>(float*, float const*, int*, float*, int, int, int, int, int, float)",1
1119,"batch_decode_kernels::align_routes(int const*, int, int, int, int*, int*, int*)",1
1120,"void batch_decode_kernels::grouped_expert_gate_up<16, 1>(float const*, char const*, unsigned long const*, unsigned long const*, int const*, int const*, float*, unsigned short*, int, int, int, int, int)",1
1121,"batch_decode_kernels::mfma_gate_up_swiglu(float*, float const*, unsigned short const*, unsigned short const*, int, int, int)",1
1122,"void batch_decode_kernels::grouped_expert_down<16, 1>(float const*, unsigned short const*, char const*, unsigned long const*, int const*, int const*, float*, int, int, int, int)",1
1123,"batch_decode_kernels::reduce_routes_add(float*, float const*, float const*, int, int, int)",1
1124,"batch_decode_kernels::mfma_gemm(float*, float const*, unsigned short const*, int, int, int, int)",1
1125,"batch_decode_kernels::rmsnorm(float*, float const*, unsigned short const*, int, int, float)",1
1126,"batch_decode_kernels::mfma_gemm(float*, float const*, unsigned short const*, int, int, int, int)",1
1127,"batch_decode_kernels::mfma_gemm(float*, float const*, unsigned short const*, int, int, int, int)",1
1128,"batch_decode_kernels::prefill_kv_norm_rope(unsigned short*, float const*, unsigned short const*, int, int, int, int, int, int, float const*, int, float)",1
1129,"batch_decode_kernels::mfma_head_gemm(float*, float const*, unsigned short const*, int, int, int, int, int, int, unsigned long)",1
1130,"batch_decode_kernels::prefill_q_rope(float*, float const*, int, int, int, int, int, float const*, int)",1
1131,"void batch_decode_kernels::flash_prefill<8>(float*, float const*, float const*, unsigned short const*, int, int, int, int, int, int, int, float)",1
1132,"batch_decode_kernels::mfma_head_gemm(float*, float const*, unsigned short const*, int, int, int, int, int, int, unsigned long)",1
1133,"batch_decode_kernels::mfma_gemm(float*, float const*, unsigned short const*, int, int, int, int)",1
1134,"batch_decode_kernels::rmsnorm(float*, float const*, unsigned short const*, int, int, float)",1
1135,"batch_decode_kernels::mfma_gemm(float*, float const*, unsigned short const*, int, int, int, int)",1
1136,"void moe_kernels::router_topk_wave64_kernel<64>(float*, float const*, int*, float*, int, int, int, int, int, float)",1
1137,"batch_decode_kernels::align_routes(int const*, int, int, int, int*, int*, int*)",1
1138,"void batch_decode_kernels::grouped_expert_gate_up<16, 1>(float const*, char const*, unsigned long const*, unsigned long const*, int const*, int const*, float*, unsigned short*, int, int, int, int, int)",1
1139,"batch_decode_kernels::mfma_gate_up_swiglu(float*, float const*, unsigned short const*, unsigned short const*, int, int, int)",1
1140,"void batch_decode_kernels::grouped_expert_down<16, 1>(float const*, unsigned short const*, char const*, unsigned long const*, int const*, int const*, float*, int, int, int, int)",1
1141,"batch_decode_kernels::reduce_routes_add(float*, float const*, float const*, int, int, int)",1
1142,"batch_decode_kernels::mfma_gemm(float*, float const*, unsigned short const*, int, int, int, int)",1
1143,"batch_decode_kernels::rmsnorm(float*, float const*, unsigned short const*, int, int, float)",1
1144,"batch_decode_kernels::mfma_gemm(float*, float const*, unsigned short const*, int, int, int, int)",1
1145,"batch_decode_kernels::mfma_gemm(float*, float const*, unsigned short const*, int, int, int, int)",1
1146,"batch_decode_kernels::prefill_kv_norm_rope(unsigned short*, float const*, unsigned short const*, int, int, int, int, int, int, float const*, int, float)",1
1147,"batch_decode_kernels::mfma_head_gemm(float*, float const*, unsigned short const*, int, int, int, int, int, int, unsigned long)",1
1148,"batch_decode_kernels::prefill_q_rope(float*, float const*, int, int, int, int, int, float const*, int)",1
1149,"void batch_decode_kernels::flash_prefill<8>(float*, float const*, float const*, unsigned short const*, int, int, int, int, int, int, int, float)",1
1150,"batch_decode_kernels::mfma_head_gemm(float*, float const*, unsigned short const*, int, int, int, int, int, int, unsigned long)",1
1151,"batch_decode_kernels::mfma_gemm(float*, float const*, unsigned short const*, int, int, int, int)",1
1152,"batch_decode_kernels::rmsnorm(float*, float const*, unsigned short const*, int, int, float)",1
1153,"batch_decode_kernels::mfma_gemm(float*, float const*, unsigned short const*, int, int, int, int)",1
1154,"void moe_kernels::router_topk_wave64_kernel<64>(float*, float const*, int*, float*, int, int, int, int, int, float)",1
1155,"batch_decode_kernels::align_routes(int const*, int, int, int, int*, int*, int*)",1
1156,"void batch_decode_kernels::grouped_expert_gate_up<16, 1>(float const*, char const*, unsigned long const*, unsigned long const*, int const*, int const*, float*, unsigned short*, int, int, int, int, int)",1
1157,"batch_decode_kernels::mfma_gate_up_swiglu(float*, float const*, unsigned short const*, unsigned short const*, int, int, int)",1
1158,"void batch_decode_kernels::grouped_expert_down<16, 1>(float const*, unsigned short const*, char const*, unsigned long const*, int const*, int const*, float*, int, int, int, int)",1
1159,"batch_decode_kernels::reduce_routes_add(float*, float const*, float const*, int, int, int)",1
1160,"batch_decode_kernels::mfma_gemm(float*, float const*, unsigned short const*, int, int, int, int)",1
1161,"batch_decode_kernels::rmsnorm(float*, float const*, unsigned short const*, int, int, float)",1
1162,"batch_decode_kernels::mfma_gemm(float*, float const*, unsigned short const*, int, int, int, int)",1
1163,"batch_decode_kernels::mfma_gemm(float*, float const*, unsigned short const*, int, int, int, int)",1
1164,"batch_decode_kernels::prefill_kv_norm_rope(unsigned short*, float const*, unsigned short const*, int, int, int, int, int, int, float const*, int, float)",1
1165,"batch_decode_kernels::mfma_head_gemm(float*, float const*, unsigned short const*, int, int, int, int, int, int, unsigned long)",1
1166,"batch_decode_kernels::prefill_q_rope(float*, float const*, int, int, int, int, int, float const*, int)",1
1167,"void batch_decode_kernels::flash_prefill<8>(float*, float const*, float const*, unsigned short const*, int, int, int, int, int, int, int, float)",1
1168,"batch_decode_kernels::mfma_head_gemm(float*, float const*, unsigned short const*, int, int, int, int, int, int, unsigned long)",1
1169,"batch_decode_kernels::mfma_gemm(float*, float const*, unsigned short const*, int, int, int, int)",1
1170,"batch_decode_kernels::rmsnorm(float*, float const*, unsigned short const*, int, int, float)",1
1171,"batch_decode_kernels::mfma_gemm(float*, float const*, unsigned short const*, int, int, int, int)",1
1172,"void moe_kernels::router_topk_wave64_kernel<64>(float*, float const*, int*, float*, int, int, int, int, int, float)",1
1173,"batch_decode_kernels::align_routes(int const*, int, int, int, int*, int*, int*)",1
1174,"void batch_decode_kernels::grouped_expert_gate_up<16, 1>(float const*, char const*, unsigned long const*, unsigned long const*, int const*, int const*, float*, unsigned short*, int, int, int, int, int)",1
1175,"batch_decode_kernels::mfma_gate_up_swiglu(float*, float const*, unsigned short const*, unsigned short const*, int, int, int)",1
1176,"void batch_decode_kernels::grouped_expert_down<16, 1>(float const*, unsigned short const*, char const*, unsigned long const*, int const*, int const*, float*, int, int, int, int)",1
1177,"batch_decode_kernels::reduce_routes_add(float*, float const*, float const*, int, int, int)",1
1178,"batch_decode_kernels::mfma_gemm(float*, float const*, unsigned short const*, int, int, int, int)",1
1179,"batch_decode_kernels::rmsnorm(float*, float const*, unsigned short const*, int, int, float)",1
1180,"batch_decode_kernels::mfma_gemm(float*, float const*, unsigned short const*, int, int, int, int)",1
1181,"batch_decode_kernels::mfma_gemm(float*, float const*, unsigned short const*, int, int, int, int)",1
1182,"batch_decode_kernels::prefill_kv_norm_rope(unsigned short*, float const*, unsigned short const*, int, int, int, int, int, int, float const*, int, float)",1
1183,"batch_decode_kernels::mfma_head_gemm(float*, float const*, unsigned short const*, int, int, int, int, int, int, unsigned long)",1
1184,"batch_decode_kernels::prefill_q_rope(float*, float const*, int, int, int, int, int, float const*, int)",1
1185,"void batch_decode_kernels::flash_prefill<8>(float*, float const*, float const*, unsigned short const*, int, int, int, int, int, int, int, float)",1
1186,"batch_decode_kernels::mfma_head_gemm(float*, float const*, unsigned short const*, int, int, int, int, int, int, unsigned long)",1
1187,"batch_decode_kernels::mfma_gemm(float*, float const*, unsigned short const*, int, int, int, int)",1
1188,"batch_decode_kernels::rmsnorm(float*, float const*, unsigned short const*, int, int, float)",1
1189,"batch_decode_kernels::mfma_gemm(float*, float const*, unsigned short const*, int, int, int, int)",1
1190,"void moe_kernels::router_topk_wave64_kernel<64>(float*, float const*, int*, float*, int, int, int, int, int, float)",1
1191,"batch_decode_kernels::align_routes(int const*, int, int, int, int*, int*, int*)",1
1192,"void batch_decode_kernels::grouped_expert_gate_up<16, 1>(float const*, char const*, unsigned long const*, unsigned long const*, int const*, int const*, float*, unsigned short*, int, int, int, int, int)",1
1193,"batch_decode_kernels::mfma_gate_up_swiglu(float*, float const*, unsigned short const*, unsigned short const*, int, int, int)",1
1194,"void batch_decode_kernels::grouped_expert_down<16, 1>(float const*, unsigned short const*, char const*, unsigned long const*, int const*, int const*, float*, int, int, int, int)",1
1195,"batch_decode_kernels::reduce_routes_add(float*, float const*, float const*, int, int, int)",1
1196,"batch_decode_kernels::mfma_gemm(float*, float const*, unsigned short const*, int, int, int, int)",1
1197,"batch_decode_kernels::rmsnorm(float*, float const*, unsigned short const*, int, int, float)",1
1198,"batch_decode_kernels::mfma_gemm(float*, float const*, unsigned short const*, int, int, int, int)",1
1199,"batch_decode_kernels::mfma_gemm(float*, float const*, unsigned short const*, int, int, int, int)",1
1200,"batch_decode_kernels::prefill_kv_norm_rope(unsigned short*, float const*, unsigned short const*, int, int, int, int, int, int, float const*, int, float)",1
1201,"batch_decode_kernels::mfma_head_gemm(float*, float const*, unsigned short const*, int, int, int, int, int, int, unsigned long)",1
1202,"batch_decode_kernels::prefill_q_rope(float*, float const*, int, int, int, int, int, float const*, int)",1
1203,"void batch_decode_kernels::flash_prefill<8>(float*, float const*, float const*, unsigned short const*, int, int, int, int, int, int, int, float)",1
1204,"batch_decode_kernels::mfma_head_gemm(float*, float const*, unsigned short const*, int, int, int, int, int, int, unsigned long)",1
1205,"batch_decode_kernels::mfma_gemm(float*, float const*, unsigned short const*, int, int, int, int)",1
1206,"batch_decode_kernels::rmsnorm(float*, float const*, unsigned short const*, int, int, float)",1
1207,"batch_decode_kernels::mfma_gemm(float*, float const*, unsigned short const*, int, int, int, int)",1
1208,"void moe_kernels::router_topk_wave64_kernel<64>(float*, float const*, int*, float*, int, int, int, int, int, float)",1
1209,"batch_decode_kernels::align_routes(int const*, int, int, int, int*, int*, int*)",1
1210,"void batch_decode_kernels::grouped_expert_gate_up<16, 1>(float const*, char const*, unsigned long const*, unsigned long const*, int const*, int const*, float*, unsigned short*, int, int, int, int, int)",1
1211,"batch_decode_kernels::mfma_gate_up_swiglu(float*, float const*, unsigned short const*, unsigned short const*, int, int, int)",1
1212,"void batch_decode_kernels::grouped_expert_down<16, 1>(float const*, unsigned short const*, char const*, unsigned long const*, int const*, int const*, float*, int, int, int, int)",1
1213,"batch_decode_kernels::reduce_routes_add(float*, float const*, float const*, int, int, int)",1
1214,"batch_decode_kernels::mfma_gemm(float*, float const*, unsigned short const*, int, int, int, int)",1
1215,"batch_decode_kernels::rmsnorm(float*, float const*, unsigned short const*, int, int, float)",1
1216,"batch_decode_kernels::mfma_gemm(float*, float const*, unsigned short const*, int, int, int, int)",1
1217,"batch_decode_kernels::mfma_gemm(float*, float const*, unsigned short const*, int, int, int, int)",1
1218,"batch_decode_kernels::prefill_kv_norm_rope(unsigned short*, float const*, unsigned short const*, int, int, int, int, int, int, float const*, int, float)",1
1219,"batch_decode_kernels::mfma_head_gemm(float*, float const*, unsigned short const*, int, int, int, int, int, int, unsigned long)",1
1220,"batch_decode_kernels::prefill_q_rope(float*, float const*, int, int, int, int, int, float const*, int)",1
1221,"void batch_decode_kernels::flash_prefill<8>(float*, float const*, float const*, unsigned short const*, int, int, int, int, int, int, int, float)",1
1222,"batch_decode_kernels::mfma_head_gemm(float*, float const*, unsigned short const*, int, int, int, int, int, int, unsigned long)",1
1223,"batch_decode_kernels::mfma_gemm(float*, float const*, unsigned short const*, int, int, int, int)",1
1224,"batch_decode_kernels::rmsnorm(float*, float const*, unsigned short const*, int, int, float)",1
1225,"batch_decode_kernels::mfma_gemm(float*, float const*, unsigned short const*, int, int, int, int)",1
1226,"void moe_kernels::router_topk_wave64_kernel<64>(float*, float const*, int*, float*, int, int, int, int, int, float)",1
1227,"batch_decode_kernels::align_routes(int const*, int, int, int, int*, int*, int*)",1
1228,"void batch_decode_kernels::grouped_expert_gate_up<16, 1>(float const*, char const*, unsigned long const*, unsigned long const*, int const*, int const*, float*, unsigned short*, int, int, int, int, int)",1
1229,"batch_decode_kernels::mfma_gate_up_swiglu(float*, float const*, unsigned short const*, unsigned short const*, int, int, int)",1
1230,"void batch_decode_kernels::grouped_expert_down<16, 1>(float const*, unsigned short const*, char const*, unsigned long const*, int const*, int const*, float*, int, int, int, int)",1
1231,"batch_decode_kernels::reduce_routes_add(float*, float const*, float const*, int, int, int)",1
1232,"batch_decode_kernels::mfma_gemm(float*, float const*, unsigned short const*, int, int, int, int)",1
1233,"batch_decode_kernels::rmsnorm(float*, float const*, unsigned short const*, int, int, float)",1
1234,"batch_decode_kernels::mfma_gemm(float*, float const*, unsigned short const*, int, int, int, int)",1
1235,"batch_decode_kernels::mfma_gemm(float*, float const*, unsigned short const*, int, int, int, int)",1
1236,"batch_decode_kernels::prefill_kv_norm_rope(unsigned short*, float const*, unsigned short const*, int, int, int, int, int, int, float const*, int, float)",1
1237,"batch_decode_kernels::mfma_head_gemm(float*, float const*, unsigned short const*, int, int, int, int, int, int, unsigned long)",1
1238,"batch_decode_kernels::prefill_q_rope(float*, float const*, int, int, int, int, int, float const*, int)",1
1239,"void batch_decode_kernels::flash_prefill<8>(float*, float const*, float const*, unsigned short const*, int, int, int, int, int, int, int, float)",1
1240,"batch_decode_kernels::mfma_head_gemm(float*, float const*, unsigned short const*, int, int, int, int, int, int, unsigned long)",1
1241,"batch_decode_kernels::mfma_gemm(float*, float const*, unsigned short const*, int, int, int, int)",1
1242,"batch_decode_kernels::rmsnorm(float*, float const*, unsigned short const*, int, int, float)",1
1243,"batch_decode_kernels::mfma_gemm(float*, float const*, unsigned short const*, int, int, int, int)",1
1244,"void moe_kernels::router_topk_wave64_kernel<64>(float*, float const*, int*, float*, int, int, int, int, int, float)",1
1245,"batch_decode_kernels::align_routes(int const*, int, int, int, int*, int*, int*)",1
1246,"void batch_decode_kernels::grouped_expert_gate_up<16, 1>(float const*, char const*, unsigned long const*, unsigned long const*, int const*, int const*, float*, unsigned short*, int, int, int, int, int)",1
1247,"batch_decode_kernels::mfma_gate_up_swiglu(float*, float const*, unsigned short const*, unsigned short const*, int, int, int)",1
1248,"void batch_decode_kernels::grouped_expert_down<16, 1>(float const*, unsigned short const*, char const*, unsigned long const*, int const*, int const*, float*, int, int, int, int)",1
1249,"batch_decode_kernels::reduce_routes_add(float*, float const*, float const*, int, int, int)",1
1250,"batch_decode_kernels::mfma_gemm(float*, float const*, unsigned short const*, int, int, int, int)",1
1251,"batch_decode_kernels::rmsnorm(float*, float const*, unsigned short const*, int, int, float)",1
1252,"batch_decode_kernels::mfma_gemm(float*, float const*, unsigned short const*, int, int, int, int)",1
1253,"batch_decode_kernels::mfma_gemm(float*, float const*, unsigned short const*, int, int, int, int)",1
1254,"batch_decode_kernels::prefill_kv_norm_rope(unsigned short*, float const*, unsigned short const*, int, int, int, int, int, int, float const*, int, float)",1
1255,"batch_decode_kernels::mfma_head_gemm(float*, float const*, unsigned short const*, int, int, int, int, int, int, unsigned long)",1
1256,"batch_decode_kernels::prefill_q_rope(float*, float const*, int, int, int, int, int, float const*, int)",1
1257,"void batch_decode_kernels::flash_prefill<8>(float*, float const*, float const*, unsigned short const*, int, int, int, int, int, int, int, float)",1
1258,"batch_decode_kernels::mfma_head_gemm(float*, float const*, unsigned short const*, int, int, int, int, int, int, unsigned long)",1
1259,"batch_decode_kernels::mfma_gemm(float*, float const*, unsigned short const*, int, int, int, int)",1
1260,"batch_decode_kernels::rmsnorm(float*, float const*, unsigned short const*, int, int, float)",1
1261,"batch_decode_kernels::mfma_gemm(float*, float const*, unsigned short const*, int, int, int, int)",1
1262,"void moe_kernels::router_topk_wave64_kernel<64>(float*, float const*, int*, float*, int, int, int, int, int, float)",1
1263,"batch_decode_kernels::align_routes(int const*, int, int, int, int*, int*, int*)",1
1264,"void batch_decode_kernels::grouped_expert_gate_up<16, 1>(float const*, char const*, unsigned long const*, unsigned long const*, int const*, int const*, float*, unsigned short*, int, int, int, int, int)",1
1265,"batch_decode_kernels::mfma_gate_up_swiglu(float*, float const*, unsigned short const*, unsigned short const*, int, int, int)",1
1266,"void batch_decode_kernels::grouped_expert_down<16, 1>(float const*, unsigned short const*, char const*, unsigned long const*, int const*, int const*, float*, int, int, int, int)",1
1267,"batch_decode_kernels::reduce_routes_add(float*, float const*, float const*, int, int, int)",1
1268,"batch_decode_kernels::mfma_gemm(float*, float const*, unsigned short const*, int, int, int, int)",1
1269,"batch_decode_kernels::rmsnorm(float*, float const*, unsigned short const*, int, int, float)",1
1270,"batch_decode_kernels::mfma_gemm(float*, float const*, unsigned short const*, int, int, int, int)",1
1271,"batch_decode_kernels::mfma_gemm(float*, float const*, unsigned short const*, int, int, int, int)",1
1272,"batch_decode_kernels::prefill_kv_norm_rope(unsigned short*, float const*, unsigned short const*, int, int, int, int, int, int, float const*, int, float)",1
1273,"batch_decode_kernels::mfma_head_gemm(float*, float const*, unsigned short const*, int, int, int, int, int, int, unsigned long)",1
1274,"batch_decode_kernels::prefill_q_rope(float*, float const*, int, int, int, int, int, float const*, int)",1
1275,"void batch_decode_kernels::flash_prefill<8>(float*, float const*, float const*, unsigned short const*, int, int, int, int, int, int, int, float)",1
1276,"batch_decode_kernels::mfma_head_gemm(float*, float const*, unsigned short const*, int, int, int, int, int, int, unsigned long)",1
1277,"batch_decode_kernels::mfma_gemm(float*, float const*, unsigned short const*, int, int, int, int)",1
1278,"batch_decode_kernels::rmsnorm(float*, float const*, unsigned short const*, int, int, float)",1
1279,"batch_decode_kernels::mfma_gemm(float*, float const*, unsigned short const*, int, int, int, int)",1
1280,"void moe_kernels::router_topk_wave64_kernel<64>(float*, float const*, int*, float*, int, int, int, int, int, float)",1
1281,"batch_decode_kernels::align_routes(int const*, int, int, int, int*, int*, int*)",1
1282,"void batch_decode_kernels::grouped_expert_gate_up<16, 1>(float const*, char const*, unsigned long const*, unsigned long const*, int const*, int const*, float*, unsigned short*, int, int, int, int, int)",1
1283,"batch_decode_kernels::mfma_gate_up_swiglu(float*, float const*, unsigned short const*, unsigned short const*, int, int, int)",1
1284,"void batch_decode_kernels::grouped_expert_down<16, 1>(float const*, unsigned short const*, char const*, unsigned long const*, int const*, int const*, float*, int, int, int, int)",1
1285,"batch_decode_kernels::reduce_routes_add(float*, float const*, float const*, int, int, int)",1
1286,"batch_decode_kernels::mfma_gemm(float*, float const*, unsigned short const*, int, int, int, int)",1
1287,"batch_decode_kernels::rmsnorm(float*, float const*, unsigned short const*, int, int, float)",1
1288,"batch_decode_kernels::mfma_gemm(float*, float const*, unsigned short const*, int, int, int, int)",1
1289,"batch_decode_kernels::mfma_gemm(float*, float const*, unsigned short const*, int, int, int, int)",1
1290,"batch_decode_kernels::prefill_kv_norm_rope(unsigned short*, float const*, unsigned short const*, int, int, int, int, int, int, float const*, int, float)",1
1291,"batch_decode_kernels::mfma_head_gemm(float*, float const*, unsigned short const*, int, int, int, int, int, int, unsigned long)",1
1292,"batch_decode_kernels::prefill_q_rope(float*, float const*, int, int, int, int, int, float const*, int)",1
1293,"void batch_decode_kernels::flash_prefill<8>(float*, float const*, float const*, unsigned short const*, int, int, int, int, int, int, int, float)",1
1294,"batch_decode_kernels::mfma_head_gemm(float*, float const*, unsigned short const*, int, int, int, int, int, int, unsigned long)",1
1295,"batch_decode_kernels::mfma_gemm(float*, float const*, unsigned short const*, int, int, int, int)",1
1296,"batch_decode_kernels::rmsnorm(float*, float const*, unsigned short const*, int, int, float)",1
1297,"batch_decode_kernels::mfma_gemm(float*, float const*, unsigned short const*, int, int, int, int)",1
1298,"void moe_kernels::router_topk_wave64_kernel<64>(float*, float const*, int*, float*, int, int, int, int, int, float)",1
1299,"batch_decode_kernels::align_routes(int const*, int, int, int, int*, int*, int*)",1
1300,"void batch_decode_kernels::grouped_expert_gate_up<16, 1>(float const*, char const*, unsigned long const*, unsigned long const*, int const*, int const*, float*, unsigned short*, int, int, int, int, int)",1
1301,"batch_decode_kernels::mfma_gate_up_swiglu(float*, float const*, unsigned short const*, unsigned short const*, int, int, int)",1
1302,"void batch_decode_kernels::grouped_expert_down<16, 1>(float const*, unsigned short const*, char const*, unsigned long const*, int const*, int const*, float*, int, int, int, int)",1
1303,"batch_decode_kernels::reduce_routes_add(float*, float const*, float const*, int, int, int)",1
1304,"batch_decode_kernels::mfma_gemm(float*, float const*, unsigned short const*, int, int, int, int)",1
1305,"batch_decode_kernels::rmsnorm(float*, float const*, unsigned short const*, int, int, float)",1
1306,"batch_decode_kernels::mfma_gemm(float*, float const*, unsigned short const*, int, int, int, int)",1
1307,"batch_decode_kernels::mfma_gemm(float*, float const*, unsigned short const*, int, int, int, int)",1
1308,"batch_decode_kernels::prefill_kv_norm_rope(unsigned short*, float const*, unsigned short const*, int, int, int, int, int, int, float const*, int, float)",1
1309,"batch_decode_kernels::mfma_head_gemm(float*, float const*, unsigned short const*, int, int, int, int, int, int, unsigned long)",1
1310,"batch_decode_kernels::prefill_q_rope(float*, float const*, int, int, int, int, int, float const*, int)",1
1311,"void batch_decode_kernels::flash_prefill<8>(float*, float const*, float const*, unsigned short const*, int, int, int, int, int, int, int, float)",1
1312,"batch_decode_kernels::mfma_head_gemm(float*, float const*, unsigned short const*, int, int, int, int, int, int, unsigned long)",1
1313,"batch_decode_kernels::mfma_gemm(float*, float const*, unsigned short const*, int, int, int, int)",1
1314,"batch_decode_kernels::rmsnorm(float*, float const*, unsigned short const*, int, int, float)",1
1315,"batch_decode_kernels::mfma_gemm(float*, float const*, unsigned short const*, int, int, int, int)",1
1316,"void moe_kernels::router_topk_wave64_kernel<64>(float*, float const*, int*, float*, int, int, int, int, int, float)",1
1317,"batch_decode_kernels::align_routes(int const*, int, int, int, int*, int*, int*)",1
1318,"void batch_decode_kernels::grouped_expert_gate_up<16, 1>(float const*, char const*, unsigned long const*, unsigned long const*, int const*, int const*, float*, unsigned short*, int, int, int, int, int)",1
1319,"batch_decode_kernels::mfma_gate_up_swiglu(float*, float const*, unsigned short const*, unsigned short const*, int, int, int)",1
1320,"void batch_decode_kernels::grouped_expert_down<16, 1>(float const*, unsigned short const*, char const*, unsigned long const*, int const*, int const*, float*, int, int, int, int)",1
1321,"batch_decode_kernels::reduce_routes_add(float*, float const*, float const*, int, int, int)",1
1322,"batch_decode_kernels::mfma_gemm(float*, float const*, unsigned short const*, int, int, int, int)",1
1323,"batch_decode_kernels::rmsnorm(float*, float const*, unsigned short const*, int, int, float)",1
1324,"batch_decode_kernels::mfma_gemm(float*, float const*, unsigned short const*, int, int, int, int)",1
1325,"batch_decode_kernels::mfma_gemm(float*, float const*, unsigned short const*, int, int, int, int)",1
1326,"batch_decode_kernels::prefill_kv_norm_rope(unsigned short*, float const*, unsigned short const*, int, int, int, int, int, int, float const*, int, float)",1
1327,"batch_decode_kernels::mfma_head_gemm(float*, float const*, unsigned short const*, int, int, int, int, int, int, unsigned long)",1
1328,"batch_decode_kernels::prefill_q_rope(float*, float const*, int, int, int, int, int, float const*, int)",1
1329,"void batch_decode_kernels::flash_prefill<8>(float*, float const*, float const*, unsigned short const*, int, int, int, int, int, int, int, float)",1
1330,"batch_decode_kernels::mfma_head_gemm(float*, float const*, unsigned short const*, int, int, int, int, int, int, unsigned long)",1
1331,"batch_decode_kernels::mfma_gemm(float*, float const*, unsigned short const*, int, int, int, int)",1
1332,"batch_decode_kernels::rmsnorm(float*, float const*, unsigned short const*, int, int, float)",1
1333,"batch_decode_kernels::mfma_gemm(float*, float const*, unsigned short const*, int, int, int, int)",1
1334,"void moe_kernels::router_topk_wave64_kernel<64>(float*, float const*, int*, float*, int, int, int, int, int, float)",1
1335,"batch_decode_kernels::align_routes(int const*, int, int, int, int*, int*, int*)",1
1336,"void batch_decode_kernels::grouped_expert_gate_up<16, 1>(float const*, char const*, unsigned long const*, unsigned long const*, int const*, int const*, float*, unsigned short*, int, int, int, int, int)",1
1337,"batch_decode_kernels::mfma_gate_up_swiglu(float*, float const*, unsigned short const*, unsigned short const*, int, int, int)",1
1338,"void batch_decode_kernels::grouped_expert_down<16, 1>(float const*, unsigned short const*, char const*, unsigned long const*, int const*, int const*, float*, int, int, int, int)",1
1339,"batch_decode_kernels::reduce_routes_add(float*, float const*, float const*, int, int, int)",1
1340,"batch_decode_kernels::mfma_gemm(float*, float const*, unsigned short const*, int, int, int, int)",1
1341,"batch_decode_kernels::rmsnorm(float*, float const*, unsigned short const*, int, int, float)",1
1342,"batch_decode_kernels::mfma_gemm(float*, float const*, unsigned short const*, int, int, int, int)",1
1343,"batch_decode_kernels::mfma_gemm(float*, float const*, unsigned short const*, int, int, int, int)",1
1344,"batch_decode_kernels::prefill_kv_norm_rope(unsigned short*, float const*, unsigned short const*, int, int, int, int, int, int, float const*, int, float)",1
1345,"batch_decode_kernels::mfma_head_gemm(float*, float const*, unsigned short const*, int, int, int, int, int, int, unsigned long)",1
1346,"batch_decode_kernels::prefill_q_rope(float*, float const*, int, int, int, int, int, float const*, int)",1
1347,"void batch_decode_kernels::flash_prefill<8>(float*, float const*, float const*, unsigned short const*, int, int, int, int, int, int, int, float)",1
1348,"batch_decode_kernels::mfma_head_gemm(float*, float const*, unsigned short const*, int, int, int, int, int, int, unsigned long)",1
1349,"batch_decode_kernels::mfma_gemm(float*, float const*, unsigned short const*, int, int, int, int)",1
1350,"batch_decode_kernels::rmsnorm(float*, float const*, unsigned short const*, int, int, float)",1
1351,"batch_decode_kernels::mfma_gemm(float*, float const*, unsigned short const*, int, int, int, int)",1
1352,"void moe_kernels::router_topk_wave64_kernel<64>(float*, float const*, int*, float*, int, int, int, int, int, float)",1
1353,"batch_decode_kernels::align_routes(int const*, int, int, int, int*, int*, int*)",1
1354,"void batch_decode_kernels::grouped_expert_gate_up<16, 1>(float const*, char const*, unsigned long const*, unsigned long const*, int const*, int const*, float*, unsigned short*, int, int, int, int, int)",1
1355,"batch_decode_kernels::mfma_gate_up_swiglu(float*, float const*, unsigned short const*, unsigned short const*, int, int, int)",1
1356,"void batch_decode_kernels::grouped_expert_down<16, 1>(float const*, unsigned short const*, char const*, unsigned long const*, int const*, int const*, float*, int, int, int, int)",1
1357,"batch_decode_kernels::reduce_routes_add(float*, float const*, float const*, int, int, int)",1
1358,"batch_decode_kernels::mfma_gemm(float*, float const*, unsigned short const*, int, int, int, int)",1
1359,"batch_decode_kernels::rmsnorm(float*, float const*, unsigned short const*, int, int, float)",1
1360,"batch_decode_kernels::mfma_gemm(float*, float const*, unsigned short const*, int, int, int, int)",1
1361,"batch_decode_kernels::mfma_gemm(float*, float const*, unsigned short const*, int, int, int, int)",1
1362,"batch_decode_kernels::prefill_kv_norm_rope(unsigned short*, float const*, unsigned short const*, int, int, int, int, int, int, float const*, int, float)",1
1363,"batch_decode_kernels::mfma_head_gemm(float*, float const*, unsigned short const*, int, int, int, int, int, int, unsigned long)",1
1364,"batch_decode_kernels::prefill_q_rope(float*, float const*, int, int, int, int, int, float const*, int)",1
1365,"void batch_decode_kernels::flash_prefill<8>(float*, float const*, float const*, unsigned short const*, int, int, int, int, int, int, int, float)",1
1366,"batch_decode_kernels::mfma_head_gemm(float*, float const*, unsigned short const*, int, int, int, int, int, int, unsigned long)",1
1367,"batch_decode_kernels::mfma_gemm(float*, float const*, unsigned short const*, int, int, int, int)",1
1368,"batch_decode_kernels::rmsnorm(float*, float const*, unsigned short const*, int, int, float)",1
1369,"batch_decode_kernels::mfma_gemm(float*, float const*, unsigned short const*, int, int, int, int)",1
1370,"void moe_kernels::router_topk_wave64_kernel<64>(float*, float const*, int*, float*, int, int, int, int, int, float)",1
1371,"batch_decode_kernels::align_routes(int const*, int, int, int, int*, int*, int*)",1
1372,"void batch_decode_kernels::grouped_expert_gate_up<16, 1>(float const*, char const*, unsigned long const*, unsigned long const*, int const*, int const*, float*, unsigned short*, int, int, int, int, int)",1
1373,"batch_decode_kernels::mfma_gate_up_swiglu(float*, float const*, unsigned short const*, unsigned short const*, int, int, int)",1
1374,"void batch_decode_kernels::grouped_expert_down<16, 1>(float const*, unsigned short const*, char const*, unsigned long const*, int const*, int const*, float*, int, int, int, int)",1
1375,"batch_decode_kernels::reduce_routes_add(float*, float const*, float const*, int, int, int)",1
1376,"batch_decode_kernels::mfma_gemm(float*, float const*, unsigned short const*, int, int, int, int)",1
1377,"batch_decode_kernels::rmsnorm(float*, float const*, unsigned short const*, int, int, float)",1
1378,"batch_decode_kernels::mfma_gemm(float*, float const*, unsigned short const*, int, int, int, int)",1
1379,"batch_decode_kernels::mfma_gemm(float*, float const*, unsigned short const*, int, int, int, int)",1
1380,"batch_decode_kernels::prefill_kv_norm_rope(unsigned short*, float const*, unsigned short const*, int, int, int, int, int, int, float const*, int, float)",1
1381,"batch_decode_kernels::mfma_head_gemm(float*, float const*, unsigned short const*, int, int, int, int, int, int, unsigned long)",1
1382,"batch_decode_kernels::prefill_q_rope(float*, float const*, int, int, int, int, int, float const*, int)",1
1383,"void batch_decode_kernels::flash_prefill<8>(float*, float const*, float const*, unsigned short const*, int, int, int, int, int, int, int, float)",1
1384,"batch_decode_kernels::mfma_head_gemm(float*, float const*, unsigned short const*, int, int, int, int, int, int, unsigned long)",1
1385,"batch_decode_kernels::mfma_gemm(float*, float const*, unsigned short const*, int, int, int, int)",1
1386,"batch_decode_kernels::rmsnorm(float*, float const*, unsigned short const*, int, int, float)",1
1387,"batch_decode_kernels::mfma_gemm(float*, float const*, unsigned short const*, int, int, int, int)",1
1388,"void moe_kernels::router_topk_wave64_kernel<64>(float*, float const*, int*, float*, int, int, int, int, int, float)",1
1389,"batch_decode_kernels::align_routes(int const*, int, int, int, int*, int*, int*)",1
1390,"void batch_decode_kernels::grouped_expert_gate_up<16, 1>(float const*, char const*, unsigned long const*, unsigned long const*, int const*, int const*, float*, unsigned short*, int, int, int, int, int)",1
1391,"batch_decode_kernels::mfma_gate_up_swiglu(float*, float const*, unsigned short const*, unsigned short const*, int, int, int)",1
1392,"void batch_decode_kernels::grouped_expert_down<16, 1>(float const*, unsigned short const*, char const*, unsigned long const*, int const*, int const*, float*, int, int, int, int)",1
1393,"batch_decode_kernels::reduce_routes_add(float*, float const*, float const*, int, int, int)",1
1394,"batch_decode_kernels::mfma_gemm(float*, float const*, unsigned short const*, int, int, int, int)",1
1395,"batch_decode_kernels::rmsnorm(float*, float const*, unsigned short const*, int, int, float)",1
1396,"batch_decode_kernels::mfma_gemm(float*, float const*, unsigned short const*, int, int, int, int)",1
1397,"batch_decode_kernels::mfma_gemm(float*, float const*, unsigned short const*, int, int, int, int)",1
1398,"batch_decode_kernels::prefill_kv_norm_rope(unsigned short*, float const*, unsigned short const*, int, int, int, int, int, int, float const*, int, float)",1
1399,"batch_decode_kernels::mfma_head_gemm(float*, float const*, unsigned short const*, int, int, int, int, int, int, unsigned long)",1
1400,"batch_decode_kernels::prefill_q_rope(float*, float const*, int, int, int, int, int, float const*, int)",1
1401,"void batch_decode_kernels::flash_prefill<8>(float*, float const*, float const*, unsigned short const*, int, int, int, int, int, int, int, float)",1
1402,"batch_decode_kernels::mfma_head_gemm(float*, float const*, unsigned short const*, int, int, int, int, int, int, unsigned long)",1
1403,"batch_decode_kernels::mfma_gemm(float*, float const*, unsigned short const*, int, int, int, int)",1
1404,"batch_decode_kernels::rmsnorm(float*, float const*, unsigned short const*, int, int, float)",1
1405,"batch_decode_kernels::mfma_gemm(float*, float const*, unsigned short const*, int, int, int, int)",1
1406,"void moe_kernels::router_topk_wave64_kernel<64>(float*, float const*, int*, float*, int, int, int, int, int, float)",1
1407,"batch_decode_kernels::align_routes(int const*, int, int, int, int*, int*, int*)",1
1408,"void batch_decode_kernels::grouped_expert_gate_up<16, 1>(float const*, char const*, unsigned long const*, unsigned long const*, int const*, int const*, float*, unsigned short*, int, int, int, int, int)",1
1409,"batch_decode_kernels::mfma_gate_up_swiglu(float*, float const*, unsigned short const*, unsigned short const*, int, int, int)",1
1410,"void batch_decode_kernels::grouped_expert_down<16, 1>(float const*, unsigned short const*, char const*, unsigned long const*, int const*, int const*, float*, int, int, int, int)",1
1411,"batch_decode_kernels::reduce_routes_add(float*, float const*, float const*, int, int, int)",1
1412,"batch_decode_kernels::mfma_gemm(float*, float const*, unsigned short const*, int, int, int, int)",1
1413,"batch_decode_kernels::rmsnorm(float*, float const*, unsigned short const*, int, int, float)",1
1414,"batch_decode_kernels::mfma_gemm(float*, float const*, unsigned short const*, int, int, int, int)",1
1415,"batch_decode_kernels::mfma_gemm(float*, float const*, unsigned short const*, int, int, int, int)",1
1416,"batch_decode_kernels::prefill_kv_norm_rope(unsigned short*, float const*, unsigned short const*, int, int, int, int, int, int, float const*, int, float)",1
1417,"batch_decode_kernels::mfma_head_gemm(float*, float const*, unsigned short const*, int, int, int, int, int, int, unsigned long)",1
1418,"batch_decode_kernels::prefill_q_rope(float*, float const*, int, int, int, int, int, float const*, int)",1
1419,"void batch_decode_kernels::flash_prefill<8>(float*, float const*, float const*, unsigned short const*, int, int, int, int, int, int, int, float)",1
1420,"batch_decode_kernels::mfma_head_gemm(float*, float const*, unsigned short const*, int, int, int, int, int, int, unsigned long)",1
1421,"batch_decode_kernels::mfma_gemm(float*, float const*, unsigned short const*, int, int, int, int)",1
1422,"batch_decode_kernels::rmsnorm(float*, float const*, unsigned short const*, int, int, float)",1
1423,"batch_decode_kernels::mfma_gemm(float*, float const*, unsigned short const*, int, int, int, int)",1
1424,"void moe_kernels::router_topk_wave64_kernel<64>(float*, float const*, int*, float*, int, int, int, int, int, float)",1
1425,"batch_decode_kernels::align_routes(int const*, int, int, int, int*, int*, int*)",1
1426,"void batch_decode_kernels::grouped_expert_gate_up<16, 1>(float const*, char const*, unsigned long const*, unsigned long const*, int const*, int const*, float*, unsigned short*, int, int, int, int, int)",1
1427,"batch_decode_kernels::mfma_gate_up_swiglu(float*, float const*, unsigned short const*, unsigned short const*, int, int, int)",1
1428,"void batch_decode_kernels::grouped_expert_down<16, 1>(float const*, unsigned short const*, char const*, unsigned long const*, int const*, int const*, float*, int, int, int, int)",1
1429,"batch_decode_kernels::reduce_routes_add(float*, float const*, float const*, int, int, int)",1
1430,"batch_decode_kernels::mfma_gemm(float*, float const*, unsigned short const*, int, int, int, int)",1
1431,"batch_decode_kernels::rmsnorm(float*, float const*, unsigned short const*, int, int, float)",1
1432,"batch_decode_kernels::mfma_gemm(float*, float const*, unsigned short const*, int, int, int, int)",1
1433,"batch_decode_kernels::mfma_gemm(float*, float const*, unsigned short const*, int, int, int, int)",1
1434,"batch_decode_kernels::prefill_kv_norm_rope(unsigned short*, float const*, unsigned short const*, int, int, int, int, int, int, float const*, int, float)",1
1435,"batch_decode_kernels::mfma_head_gemm(float*, float const*, unsigned short const*, int, int, int, int, int, int, unsigned long)",1
1436,"batch_decode_kernels::prefill_q_rope(float*, float const*, int, int, int, int, int, float const*, int)",1
1437,"void batch_decode_kernels::flash_prefill<8>(float*, float const*, float const*, unsigned short const*, int, int, int, int, int, int, int, float)",1
1438,"batch_decode_kernels::mfma_head_gemm(float*, float const*, unsigned short const*, int, int, int, int, int, int, unsigned long)",1
1439,"batch_decode_kernels::mfma_gemm(float*, float const*, unsigned short const*, int, int, int, int)",1
1440,"batch_decode_kernels::rmsnorm(float*, float const*, unsigned short const*, int, int, float)",1
1441,"batch_decode_kernels::mfma_gemm(float*, float const*, unsigned short const*, int, int, int, int)",1
1442,"void moe_kernels::router_topk_wave64_kernel<64>(float*, float const*, int*, float*, int, int, int, int, int, float)",1
1443,"batch_decode_kernels::align_routes(int const*, int, int, int, int*, int*, int*)",1
1444,"void batch_decode_kernels::grouped_expert_gate_up<16, 1>(float const*, char const*, unsigned long const*, unsigned long const*, int const*, int const*, float*, unsigned short*, int, int, int, int, int)",1
1445,"batch_decode_kernels::mfma_gate_up_swiglu(float*, float const*, unsigned short const*, unsigned short const*, int, int, int)",1
1446,"void batch_decode_kernels::grouped_expert_down<16, 1>(float const*, unsigned short const*, char const*, unsigned long const*, int const*, int const*, float*, int, int, int, int)",1
1447,"batch_decode_kernels::reduce_routes_add(float*, float const*, float const*, int, int, int)",1
1448,"batch_decode_kernels::mfma_gemm(float*, float const*, unsigned short const*, int, int, int, int)",1
1449,"batch_decode_kernels::rmsnorm(float*, float const*, unsigned short const*, int, int, float)",1
1450,"batch_decode_kernels::mfma_gemm(float*, float const*, unsigned short const*, int, int, int, int)",1
1451,"batch_decode_kernels::mfma_gemm(float*, float const*, unsigned short const*, int, int, int, int)",1
1452,"batch_decode_kernels::prefill_kv_norm_rope(unsigned short*, float const*, unsigned short const*, int, int, int, int, int, int, float const*, int, float)",1
1453,"batch_decode_kernels::mfma_head_gemm(float*, float const*, unsigned short const*, int, int, int, int, int, int, unsigned long)",1
1454,"batch_decode_kernels::prefill_q_rope(float*, float const*, int, int, int, int, int, float const*, int)",1
1455,"void batch_decode_kernels::flash_prefill<8>(float*, float const*, float const*, unsigned short const*, int, int, int, int, int, int, int, float)",1
1456,"batch_decode_kernels::mfma_head_gemm(float*, float const*, unsigned short const*, int, int, int, int, int, int, unsigned long)",1
1457,"batch_decode_kernels::mfma_gemm(float*, float const*, unsigned short const*, int, int, int, int)",1
1458,"batch_decode_kernels::rmsnorm(float*, float const*, unsigned short const*, int, int, float)",1
1459,"batch_decode_kernels::mfma_gemm(float*, float const*, unsigned short const*, int, int, int, int)",1
1460,"void moe_kernels::router_topk_wave64_kernel<64>(float*, float const*, int*, float*, int, int, int, int, int, float)",1
1461,"batch_decode_kernels::align_routes(int const*, int, int, int, int*, int*, int*)",1
1462,"void batch_decode_kernels::grouped_expert_gate_up<16, 1>(float const*, char const*, unsigned long const*, unsigned long const*, int const*, int const*, float*, unsigned short*, int, int, int, int, int)",1
1463,"batch_decode_kernels::mfma_gate_up_swiglu(float*, float const*, unsigned short const*, unsigned short const*, int, int, int)",1
1464,"void batch_decode_kernels::grouped_expert_down<16, 1>(float const*, unsigned short const*, char const*, unsigned long const*, int const*, int const*, float*, int, int, int, int)",1
1465,"batch_decode_kernels::reduce_routes_add(float*, float const*, float const*, int, int, int)",1
1466,"batch_decode_kernels::mfma_gemm(float*, float const*, unsigned short const*, int, int, int, int)",1
1467,"batch_decode_kernels::rmsnorm(float*, float const*, unsigned short const*, int, int, float)",1
1468,"batch_decode_kernels::mfma_gemm(float*, float const*, unsigned short const*, int, int, int, int)",1
1469,"batch_decode_kernels::mfma_gemm(float*, float const*, unsigned short const*, int, int, int, int)",1
1470,"batch_decode_kernels::prefill_kv_norm_rope(unsigned short*, float const*, unsigned short const*, int, int, int, int, int, int, float const*, int, float)",1
1471,"batch_decode_kernels::mfma_head_gemm(float*, float const*, unsigned short const*, int, int, int, int, int, int, unsigned long)",1
1472,"batch_decode_kernels::prefill_q_rope(float*, float const*, int, int, int, int, int, float const*, int)",1
1473,"void batch_decode_kernels::flash_prefill<8>(float*, float const*, float const*, unsigned short const*, int, int, int, int, int, int, int, float)",1
1474,"batch_decode_kernels::mfma_head_gemm(float*, float const*, unsigned short const*, int, int, int, int, int, int, unsigned long)",1
1475,"batch_decode_kernels::mfma_gemm(float*, float const*, unsigned short const*, int, int, int, int)",1
1476,"batch_decode_kernels::rmsnorm(float*, float const*, unsigned short const*, int, int, float)",1
1477,"batch_decode_kernels::mfma_gemm(float*, float const*, unsigned short const*, int, int, int, int)",1
1478,"void moe_kernels::router_topk_wave64_kernel<64>(float*, float const*, int*, float*, int, int, int, int, int, float)",1
1479,"batch_decode_kernels::align_routes(int const*, int, int, int, int*, int*, int*)",1
1480,"void batch_decode_kernels::grouped_expert_gate_up<16, 1>(float const*, char const*, unsigned long const*, unsigned long const*, int const*, int const*, float*, unsigned short*, int, int, int, int, int)",1
1481,"batch_decode_kernels::mfma_gate_up_swiglu(float*, float const*, unsigned short const*, unsigned short const*, int, int, int)",1
1482,"void batch_decode_kernels::grouped_expert_down<16, 1>(float const*, unsigned short const*, char const*, unsigned long const*, int const*, int const*, float*, int, int, int, int)",1
1483,"batch_decode_kernels::reduce_routes_add(float*, float const*, float const*, int, int, int)",1
1484,"batch_decode_kernels::mfma_gemm(float*, float const*, unsigned short const*, int, int, int, int)",1
1485,"batch_decode_kernels::rmsnorm(float*, float const*, unsigned short const*, int, int, float)",1
1486,"batch_decode_kernels::mfma_gemm(float*, float const*, unsigned short const*, int, int, int, int)",1
1487,"batch_decode_kernels::mfma_gemm(float*, float const*, unsigned short const*, int, int, int, int)",1
1488,"batch_decode_kernels::prefill_kv_norm_rope(unsigned short*, float const*, unsigned short const*, int, int, int, int, int, int, float const*, int, float)",1
1489,"batch_decode_kernels::mfma_head_gemm(float*, float const*, unsigned short const*, int, int, int, int, int, int, unsigned long)",1
1490,"batch_decode_kernels::prefill_q_rope(float*, float const*, int, int, int, int, int, float const*, int)",1
1491,"void batch_decode_kernels::flash_prefill<8>(float*, float const*, float const*, unsigned short const*, int, int, int, int, int, int, int, float)",1
1492,"batch_decode_kernels::mfma_head_gemm(float*, float const*, unsigned short const*, int, int, int, int, int, int, unsigned long)",1
1493,"batch_decode_kernels::mfma_gemm(float*, float const*, unsigned short const*, int, int, int, int)",1
1494,"batch_decode_kernels::rmsnorm(float*, float const*, unsigned short const*, int, int, float)",1
1495,"batch_decode_kernels::mfma_gemm(float*, float const*, unsigned short const*, int, int, int, int)",1
1496,"void moe_kernels::router_topk_wave64_kernel<64>(float*, float const*, int*, float*, int, int, int, int, int, float)",1
1497,"batch_decode_kernels::align_routes(int const*, int, int, int, int*, int*, int*)",1
1498,"void batch_decode_kernels::grouped_expert_gate_up<16, 1>(float const*, char const*, unsigned long const*, unsigned long const*, int const*, int const*, float*, unsigned short*, int, int, int, int, int)",1
1499,"batch_decode_kernels::mfma_gate_up_swiglu(float*, float const*, unsigned short const*, unsigned short const*, int, int, int)",1
1500,"void batch_decode_kernels::grouped_expert_down<16, 1>(float const*, unsigned short const*, char const*, unsigned long const*, int const*, int const*, float*, int, int, int, int)",1
1501,"batch_decode_kernels::reduce_routes_add(float*, float const*, float const*, int, int, int)",1
1502,"batch_decode_kernels::mfma_gemm(float*, float const*, unsigned short const*, int, int, int, int)",1
1503,"batch_decode_kernels::rmsnorm(float*, float const*, unsigned short const*, int, int, float)",1
1504,"batch_decode_kernels::mfma_gemm(float*, float const*, unsigned short const*, int, int, int, int)",1
1505,"batch_decode_kernels::mfma_gemm(float*, float const*, unsigned short const*, int, int, int, int)",1
1506,"batch_decode_kernels::prefill_kv_norm_rope(unsigned short*, float const*, unsigned short const*, int, int, int, int, int, int, float const*, int, float)",1
1507,"batch_decode_kernels::mfma_head_gemm(float*, float const*, unsigned short const*, int, int, int, int, int, int, unsigned long)",1
1508,"batch_decode_kernels::prefill_q_rope(float*, float const*, int, int, int, int, int, float const*, int)",1
1509,"void batch_decode_kernels::flash_prefill<8>(float*, float const*, float const*, unsigned short const*, int, int, int, int, int, int, int, float)",1
1510,"batch_decode_kernels::mfma_head_gemm(float*, float const*, unsigned short const*, int, int, int, int, int, int, unsigned long)",1
1511,"batch_decode_kernels::mfma_gemm(float*, float const*, unsigned short const*, int, int, int, int)",1
1512,"batch_decode_kernels::rmsnorm(float*, float const*, unsigned short const*, int, int, float)",1
1513,"batch_decode_kernels::mfma_gemm(float*, float const*, unsigned short const*, int, int, int, int)",1
1514,"void moe_kernels::router_topk_wave64_kernel<64>(float*, float const*, int*, float*, int, int, int, int, int, float)",1
1515,"batch_decode_kernels::align_routes(int const*, int, int, int, int*, int*, int*)",1
1516,"void batch_decode_kernels::grouped_expert_gate_up<16, 1>(float const*, char const*, unsigned long const*, unsigned long const*, int const*, int const*, float*, unsigned short*, int, int, int, int, int)",1
1517,"batch_decode_kernels::mfma_gate_up_swiglu(float*, float const*, unsigned short const*, unsigned short const*, int, int, int)",1
1518,"void batch_decode_kernels::grouped_expert_down<16, 1>(float const*, unsigned short const*, char const*, unsigned long const*, int const*, int const*, float*, int, int, int, int)",1
1519,"batch_decode_kernels::reduce_routes_add(float*, float const*, float const*, int, int, int)",1
1520,"batch_decode_kernels::mfma_gemm(float*, float const*, unsigned short const*, int, int, int, int)",1
1521,"batch_decode_kernels::rmsnorm(float*, float const*, unsigned short const*, int, int, float)",1
1522,"batch_decode_kernels::mfma_gemm(float*, float const*, unsigned short const*, int, int, int, int)",1
1523,"batch_decode_kernels::mfma_gemm(float*, float const*, unsigned short const*, int, int, int, int)",1
1524,"batch_decode_kernels::prefill_kv_norm_rope(unsigned short*, float const*, unsigned short const*, int, int, int, int, int, int, float const*, int, float)",1
1525,"batch_decode_kernels::mfma_head_gemm(float*, float const*, unsigned short const*, int, int, int, int, int, int, unsigned long)",1
1526,"batch_decode_kernels::prefill_q_rope(float*, float const*, int, int, int, int, int, float const*, int)",1
1527,"void batch_decode_kernels::flash_prefill<8>(float*, float const*, float const*, unsigned short const*, int, int, int, int, int, int, int, float)",1
1528,"batch_decode_kernels::mfma_head_gemm(float*, float const*, unsigned short const*, int, int, int, int, int, int, unsigned long)",1
1529,"batch_decode_kernels::mfma_gemm(float*, float const*, unsigned short const*, int, int, int, int)",1
1530,"batch_decode_kernels::rmsnorm(float*, float const*, unsigned short const*, int, int, float)",1
1531,"batch_decode_kernels::mfma_gemm(float*, float const*, unsigned short const*, int, int, int, int)",1
1532,"void moe_kernels::router_topk_wave64_kernel<64>(float*, float const*, int*, float*, int, int, int, int, int, float)",1
1533,"batch_decode_kernels::align_routes(int const*, int, int, int, int*, int*, int*)",1
1534,"void batch_decode_kernels::grouped_expert_gate_up<16, 1>(float const*, char const*, unsigned long const*, unsigned long const*, int const*, int const*, float*, unsigned short*, int, int, int, int, int)",1
1535,"batch_decode_kernels::mfma_gate_up_swiglu(float*, float const*, unsigned short const*, unsigned short const*, int, int, int)",1
1536,"void batch_decode_kernels::grouped_expert_down<16, 1>(float const*, unsigned short const*, char const*, unsigned long const*, int const*, int const*, float*, int, int, int, int)",1
1537,"batch_decode_kernels::reduce_routes_add(float*, float const*, float const*, int, int, int)",1
1538,"batch_decode_kernels::mfma_gemm(float*, float const*, unsigned short const*, int, int, int, int)",1
1539,"batch_decode_kernels::gather_last_hidden(float*, float const*, int, int, int)",1
1540,"batch_decode_kernels::rmsnorm(float*, float const*, unsigned short const*, int, int, float)",1
1541,"batch_decode_kernels::mfma_gemm(float*, float const*, unsigned short const*, int, int, int, int)",1
1542,"batch_decode_kernels::argmax(float const*, int, int*, int)",1
1543,"batch_decode_kernels::embedding(float*, unsigned short const*, int const*, int*, int, int, int, int)",1
1544,"batch_decode_kernels::rmsnorm(float*, float const*, unsigned short const*, int, int, float)",1
1545,"batch_decode_kernels::mfma_gemm(float*, float const*, unsigned short const*, int, int, int, int)",1
1546,"batch_decode_kernels::mfma_gemm(float*, float const*, unsigned short const*, int, int, int, int)",1
1547,"batch_decode_kernels::kv_norm_rope(unsigned short*, float const*, unsigned short const*, int, int, int, int, int, int, float const*, int, float)",1
1548,"batch_decode_kernels::mfma_head_gemm(float*, float const*, unsigned short const*, int, int, int, int, int, int, unsigned long)",1
1549,"batch_decode_kernels::q_rope(float*, float const*, int, int, int, int, int, int, float const*, int)",1
1550,"batch_decode_kernels::attention_score(float*, float const*, float const*, unsigned short const*, int, int, int, int, int, int, int, float)",1
1551,"void attention_kernels::softmax_rows_kernel<256>(float*, int, int, int, int)",1
1552,"batch_decode_kernels::latent_context(float*, float const*, unsigned short const*, int, int, int, int, int, int)",1
1553,"batch_decode_kernels::mfma_head_gemm(float*, float const*, unsigned short const*, int, int, int, int, int, int, unsigned long)",1
1554,"batch_decode_kernels::mfma_gemm(float*, float const*, unsigned short const*, int, int, int, int)",1
1555,"batch_decode_kernels::rmsnorm(float*, float const*, unsigned short const*, int, int, float)",1
1556,"batch_decode_kernels::mfma_gate_up_swiglu(float*, float const*, unsigned short const*, unsigned short const*, int, int, int)",1
1557,"batch_decode_kernels::mfma_gemm(float*, float const*, unsigned short const*, int, int, int, int)",1
1558,"batch_decode_kernels::rmsnorm(float*, float const*, unsigned short const*, int, int, float)",1
1559,"batch_decode_kernels::mfma_gemm(float*, float const*, unsigned short const*, int, int, int, int)",1
1560,"batch_decode_kernels::mfma_gemm(float*, float const*, unsigned short const*, int, int, int, int)",1
1561,"batch_decode_kernels::kv_norm_rope(unsigned short*, float const*, unsigned short const*, int, int, int, int, int, int, float const*, int, float)",1
1562,"batch_decode_kernels::mfma_head_gemm(float*, float const*, unsigned short const*, int, int, int, int, int, int, unsigned long)",1
1563,"batch_decode_kernels::q_rope(float*, float const*, int, int, int, int, int, int, float const*, int)",1
1564,"batch_decode_kernels::attention_score(float*, float const*, float const*, unsigned short const*, int, int, int, int, int, int, int, float)",1
1565,"void attention_kernels::softmax_rows_kernel<256>(float*, int, int, int, int)",1
1566,"batch_decode_kernels::latent_context(float*, float const*, unsigned short const*, int, int, int, int, int, int)",1
1567,"batch_decode_kernels::mfma_head_gemm(float*, float const*, unsigned short const*, int, int, int, int, int, int, unsigned long)",1
1568,"batch_decode_kernels::mfma_gemm(float*, float const*, unsigned short const*, int, int, int, int)",1
1569,"batch_decode_kernels::rmsnorm(float*, float const*, unsigned short const*, int, int, float)",1
1570,"batch_decode_kernels::mfma_gemm(float*, float const*, unsigned short const*, int, int, int, int)",1
1571,"void moe_kernels::router_topk_wave64_kernel<64>(float*, float const*, int*, float*, int, int, int, int, int, float)",1
1572,"batch_decode_kernels::align_routes(int const*, int, int, int, int*, int*, int*)",1
1573,"void batch_decode_kernels::grouped_expert_gate_up<16, 1>(float const*, char const*, unsigned long const*, unsigned long const*, int const*, int const*, float*, unsigned short*, int, int, int, int, int)",1
1574,"batch_decode_kernels::mfma_gate_up_swiglu(float*, float const*, unsigned short const*, unsigned short const*, int, int, int)",1
1575,"void batch_decode_kernels::grouped_expert_down<16, 1>(float const*, unsigned short const*, char const*, unsigned long const*, int const*, int const*, float*, int, int, int, int)",1
1576,"batch_decode_kernels::reduce_routes_add(float*, float const*, float const*, int, int, int)",1
1577,"batch_decode_kernels::mfma_gemm(float*, float const*, unsigned short const*, int, int, int, int)",1
1578,"batch_decode_kernels::rmsnorm(float*, float const*, unsigned short const*, int, int, float)",1
1579,"batch_decode_kernels::mfma_gemm(float*, float const*, unsigned short const*, int, int, int, int)",1
1580,"batch_decode_kernels::mfma_gemm(float*, float const*, unsigned short const*, int, int, int, int)",1
1581,"batch_decode_kernels::kv_norm_rope(unsigned short*, float const*, unsigned short const*, int, int, int, int, int, int, float const*, int, float)",1
1582,"batch_decode_kernels::mfma_head_gemm(float*, float const*, unsigned short const*, int, int, int, int, int, int, unsigned long)",1
1583,"batch_decode_kernels::q_rope(float*, float const*, int, int, int, int, int, int, float const*, int)",1
1584,"batch_decode_kernels::attention_score(float*, float const*, float const*, unsigned short const*, int, int, int, int, int, int, int, float)",1
1585,"void attention_kernels::softmax_rows_kernel<256>(float*, int, int, int, int)",1
1586,"batch_decode_kernels::latent_context(float*, float const*, unsigned short const*, int, int, int, int, int, int)",1
1587,"batch_decode_kernels::mfma_head_gemm(float*, float const*, unsigned short const*, int, int, int, int, int, int, unsigned long)",1
1588,"batch_decode_kernels::mfma_gemm(float*, float const*, unsigned short const*, int, int, int, int)",1
1589,"batch_decode_kernels::rmsnorm(float*, float const*, unsigned short const*, int, int, float)",1
1590,"batch_decode_kernels::mfma_gemm(float*, float const*, unsigned short const*, int, int, int, int)",1
1591,"void moe_kernels::router_topk_wave64_kernel<64>(float*, float const*, int*, float*, int, int, int, int, int, float)",1
1592,"batch_decode_kernels::align_routes(int const*, int, int, int, int*, int*, int*)",1
1593,"void batch_decode_kernels::grouped_expert_gate_up<16, 1>(float const*, char const*, unsigned long const*, unsigned long const*, int const*, int const*, float*, unsigned short*, int, int, int, int, int)",1
1594,"batch_decode_kernels::mfma_gate_up_swiglu(float*, float const*, unsigned short const*, unsigned short const*, int, int, int)",1
1595,"void batch_decode_kernels::grouped_expert_down<16, 1>(float const*, unsigned short const*, char const*, unsigned long const*, int const*, int const*, float*, int, int, int, int)",1
1596,"batch_decode_kernels::reduce_routes_add(float*, float const*, float const*, int, int, int)",1
1597,"batch_decode_kernels::mfma_gemm(float*, float const*, unsigned short const*, int, int, int, int)",1
1598,"batch_decode_kernels::rmsnorm(float*, float const*, unsigned short const*, int, int, float)",1
1599,"batch_decode_kernels::mfma_gemm(float*, float const*, unsigned short const*, int, int, int, int)",1
1600,"batch_decode_kernels::mfma_gemm(float*, float const*, unsigned short const*, int, int, int, int)",1
1601,"batch_decode_kernels::kv_norm_rope(unsigned short*, float const*, unsigned short const*, int, int, int, int, int, int, float const*, int, float)",1
1602,"batch_decode_kernels::mfma_head_gemm(float*, float const*, unsigned short const*, int, int, int, int, int, int, unsigned long)",1
1603,"batch_decode_kernels::q_rope(float*, float const*, int, int, int, int, int, int, float const*, int)",1
1604,"batch_decode_kernels::attention_score(float*, float const*, float const*, unsigned short const*, int, int, int, int, int, int, int, float)",1
1605,"void attention_kernels::softmax_rows_kernel<256>(float*, int, int, int, int)",1
1606,"batch_decode_kernels::latent_context(float*, float const*, unsigned short const*, int, int, int, int, int, int)",1
1607,"batch_decode_kernels::mfma_head_gemm(float*, float const*, unsigned short const*, int, int, int, int, int, int, unsigned long)",1
1608,"batch_decode_kernels::mfma_gemm(float*, float const*, unsigned short const*, int, int, int, int)",1
1609,"batch_decode_kernels::rmsnorm(float*, float const*, unsigned short const*, int, int, float)",1
1610,"batch_decode_kernels::mfma_gemm(float*, float const*, unsigned short const*, int, int, int, int)",1
1611,"void moe_kernels::router_topk_wave64_kernel<64>(float*, float const*, int*, float*, int, int, int, int, int, float)",1
1612,"batch_decode_kernels::align_routes(int const*, int, int, int, int*, int*, int*)",1
1613,"void batch_decode_kernels::grouped_expert_gate_up<16, 1>(float const*, char const*, unsigned long const*, unsigned long const*, int const*, int const*, float*, unsigned short*, int, int, int, int, int)",1
1614,"batch_decode_kernels::mfma_gate_up_swiglu(float*, float const*, unsigned short const*, unsigned short const*, int, int, int)",1
1615,"void batch_decode_kernels::grouped_expert_down<16, 1>(float const*, unsigned short const*, char const*, unsigned long const*, int const*, int const*, float*, int, int, int, int)",1
1616,"batch_decode_kernels::reduce_routes_add(float*, float const*, float const*, int, int, int)",1
1617,"batch_decode_kernels::mfma_gemm(float*, float const*, unsigned short const*, int, int, int, int)",1
1618,"batch_decode_kernels::rmsnorm(float*, float const*, unsigned short const*, int, int, float)",1
1619,"batch_decode_kernels::mfma_gemm(float*, float const*, unsigned short const*, int, int, int, int)",1
1620,"batch_decode_kernels::mfma_gemm(float*, float const*, unsigned short const*, int, int, int, int)",1
1621,"batch_decode_kernels::kv_norm_rope(unsigned short*, float const*, unsigned short const*, int, int, int, int, int, int, float const*, int, float)",1
1622,"batch_decode_kernels::mfma_head_gemm(float*, float const*, unsigned short const*, int, int, int, int, int, int, unsigned long)",1
1623,"batch_decode_kernels::q_rope(float*, float const*, int, int, int, int, int, int, float const*, int)",1
1624,"batch_decode_kernels::attention_score(float*, float const*, float const*, unsigned short const*, int, int, int, int, int, int, int, float)",1
1625,"void attention_kernels::softmax_rows_kernel<256>(float*, int, int, int, int)",1
1626,"batch_decode_kernels::latent_context(float*, float const*, unsigned short const*, int, int, int, int, int, int)",1
1627,"batch_decode_kernels::mfma_head_gemm(float*, float const*, unsigned short const*, int, int, int, int, int, int, unsigned long)",1
1628,"batch_decode_kernels::mfma_gemm(float*, float const*, unsigned short const*, int, int, int, int)",1
1629,"batch_decode_kernels::rmsnorm(float*, float const*, unsigned short const*, int, int, float)",1
1630,"batch_decode_kernels::mfma_gemm(float*, float const*, unsigned short const*, int, int, int, int)",1
1631,"void moe_kernels::router_topk_wave64_kernel<64>(float*, float const*, int*, float*, int, int, int, int, int, float)",1
1632,"batch_decode_kernels::align_routes(int const*, int, int, int, int*, int*, int*)",1
1633,"void batch_decode_kernels::grouped_expert_gate_up<16, 1>(float const*, char const*, unsigned long const*, unsigned long const*, int const*, int const*, float*, unsigned short*, int, int, int, int, int)",1
1634,"batch_decode_kernels::mfma_gate_up_swiglu(float*, float const*, unsigned short const*, unsigned short const*, int, int, int)",1
1635,"void batch_decode_kernels::grouped_expert_down<16, 1>(float const*, unsigned short const*, char const*, unsigned long const*, int const*, int const*, float*, int, int, int, int)",1
1636,"batch_decode_kernels::reduce_routes_add(float*, float const*, float const*, int, int, int)",1
1637,"batch_decode_kernels::mfma_gemm(float*, float const*, unsigned short const*, int, int, int, int)",1
1638,"batch_decode_kernels::rmsnorm(float*, float const*, unsigned short const*, int, int, float)",1
1639,"batch_decode_kernels::mfma_gemm(float*, float const*, unsigned short const*, int, int, int, int)",1
1640,"batch_decode_kernels::mfma_gemm(float*, float const*, unsigned short const*, int, int, int, int)",1
1641,"batch_decode_kernels::kv_norm_rope(unsigned short*, float const*, unsigned short const*, int, int, int, int, int, int, float const*, int, float)",1
1642,"batch_decode_kernels::mfma_head_gemm(float*, float const*, unsigned short const*, int, int, int, int, int, int, unsigned long)",1
1643,"batch_decode_kernels::q_rope(float*, float const*, int, int, int, int, int, int, float const*, int)",1
1644,"batch_decode_kernels::attention_score(float*, float const*, float const*, unsigned short const*, int, int, int, int, int, int, int, float)",1
1645,"void attention_kernels::softmax_rows_kernel<256>(float*, int, int, int, int)",1
1646,"batch_decode_kernels::latent_context(float*, float const*, unsigned short const*, int, int, int, int, int, int)",1
1647,"batch_decode_kernels::mfma_head_gemm(float*, float const*, unsigned short const*, int, int, int, int, int, int, unsigned long)",1
1648,"batch_decode_kernels::mfma_gemm(float*, float const*, unsigned short const*, int, int, int, int)",1
1649,"batch_decode_kernels::rmsnorm(float*, float const*, unsigned short const*, int, int, float)",1
1650,"batch_decode_kernels::mfma_gemm(float*, float const*, unsigned short const*, int, int, int, int)",1
1651,"void moe_kernels::router_topk_wave64_kernel<64>(float*, float const*, int*, float*, int, int, int, int, int, float)",1
1652,"batch_decode_kernels::align_routes(int const*, int, int, int, int*, int*, int*)",1
1653,"void batch_decode_kernels::grouped_expert_gate_up<16, 1>(float const*, char const*, unsigned long const*, unsigned long const*, int const*, int const*, float*, unsigned short*, int, int, int, int, int)",1
1654,"batch_decode_kernels::mfma_gate_up_swiglu(float*, float const*, unsigned short const*, unsigned short const*, int, int, int)",1
1655,"void batch_decode_kernels::grouped_expert_down<16, 1>(float const*, unsigned short const*, char const*, unsigned long const*, int const*, int const*, float*, int, int, int, int)",1
1656,"batch_decode_kernels::reduce_routes_add(float*, float const*, float const*, int, int, int)",1
1657,"batch_decode_kernels::mfma_gemm(float*, float const*, unsigned short const*, int, int, int, int)",1
1658,"batch_decode_kernels::rmsnorm(float*, float const*, unsigned short const*, int, int, float)",1
1659,"batch_decode_kernels::mfma_gemm(float*, float const*, unsigned short const*, int, int, int, int)",1
1660,"batch_decode_kernels::mfma_gemm(float*, float const*, unsigned short const*, int, int, int, int)",1
1661,"batch_decode_kernels::kv_norm_rope(unsigned short*, float const*, unsigned short const*, int, int, int, int, int, int, float const*, int, float)",1
1662,"batch_decode_kernels::mfma_head_gemm(float*, float const*, unsigned short const*, int, int, int, int, int, int, unsigned long)",1
1663,"batch_decode_kernels::q_rope(float*, float const*, int, int, int, int, int, int, float const*, int)",1
1664,"batch_decode_kernels::attention_score(float*, float const*, float const*, unsigned short const*, int, int, int, int, int, int, int, float)",1
1665,"void attention_kernels::softmax_rows_kernel<256>(float*, int, int, int, int)",1
1666,"batch_decode_kernels::latent_context(float*, float const*, unsigned short const*, int, int, int, int, int, int)",1
1667,"batch_decode_kernels::mfma_head_gemm(float*, float const*, unsigned short const*, int, int, int, int, int, int, unsigned long)",1
1668,"batch_decode_kernels::mfma_gemm(float*, float const*, unsigned short const*, int, int, int, int)",1
1669,"batch_decode_kernels::rmsnorm(float*, float const*, unsigned short const*, int, int, float)",1
1670,"batch_decode_kernels::mfma_gemm(float*, float const*, unsigned short const*, int, int, int, int)",1
1671,"void moe_kernels::router_topk_wave64_kernel<64>(float*, float const*, int*, float*, int, int, int, int, int, float)",1
1672,"batch_decode_kernels::align_routes(int const*, int, int, int, int*, int*, int*)",1
1673,"void batch_decode_kernels::grouped_expert_gate_up<16, 1>(float const*, char const*, unsigned long const*, unsigned long const*, int const*, int const*, float*, unsigned short*, int, int, int, int, int)",1
1674,"batch_decode_kernels::mfma_gate_up_swiglu(float*, float const*, unsigned short const*, unsigned short const*, int, int, int)",1
1675,"void batch_decode_kernels::grouped_expert_down<16, 1>(float const*, unsigned short const*, char const*, unsigned long const*, int const*, int const*, float*, int, int, int, int)",1
1676,"batch_decode_kernels::reduce_routes_add(float*, float const*, float const*, int, int, int)",1
1677,"batch_decode_kernels::mfma_gemm(float*, float const*, unsigned short const*, int, int, int, int)",1
1678,"batch_decode_kernels::rmsnorm(float*, float const*, unsigned short const*, int, int, float)",1
1679,"batch_decode_kernels::mfma_gemm(float*, float const*, unsigned short const*, int, int, int, int)",1
1680,"batch_decode_kernels::mfma_gemm(float*, float const*, unsigned short const*, int, int, int, int)",1
1681,"batch_decode_kernels::kv_norm_rope(unsigned short*, float const*, unsigned short const*, int, int, int, int, int, int, float const*, int, float)",1
1682,"batch_decode_kernels::mfma_head_gemm(float*, float const*, unsigned short const*, int, int, int, int, int, int, unsigned long)",1
1683,"batch_decode_kernels::q_rope(float*, float const*, int, int, int, int, int, int, float const*, int)",1
1684,"batch_decode_kernels::attention_score(float*, float const*, float const*, unsigned short const*, int, int, int, int, int, int, int, float)",1
1685,"void attention_kernels::softmax_rows_kernel<256>(float*, int, int, int, int)",1
1686,"batch_decode_kernels::latent_context(float*, float const*, unsigned short const*, int, int, int, int, int, int)",1
1687,"batch_decode_kernels::mfma_head_gemm(float*, float const*, unsigned short const*, int, int, int, int, int, int, unsigned long)",1
1688,"batch_decode_kernels::mfma_gemm(float*, float const*, unsigned short const*, int, int, int, int)",1
1689,"batch_decode_kernels::rmsnorm(float*, float const*, unsigned short const*, int, int, float)",1
1690,"batch_decode_kernels::mfma_gemm(float*, float const*, unsigned short const*, int, int, int, int)",1
1691,"void moe_kernels::router_topk_wave64_kernel<64>(float*, float const*, int*, float*, int, int, int, int, int, float)",1
1692,"batch_decode_kernels::align_routes(int const*, int, int, int, int*, int*, int*)",1
1693,"void batch_decode_kernels::grouped_expert_gate_up<16, 1>(float const*, char const*, unsigned long const*, unsigned long const*, int const*, int const*, float*, unsigned short*, int, int, int, int, int)",1
1694,"batch_decode_kernels::mfma_gate_up_swiglu(float*, float const*, unsigned short const*, unsigned short const*, int, int, int)",1
1695,"void batch_decode_kernels::grouped_expert_down<16, 1>(float const*, unsigned short const*, char const*, unsigned long const*, int const*, int const*, float*, int, int, int, int)",1
1696,"batch_decode_kernels::reduce_routes_add(float*, float const*, float const*, int, int, int)",1
1697,"batch_decode_kernels::mfma_gemm(float*, float const*, unsigned short const*, int, int, int, int)",1
1698,"batch_decode_kernels::rmsnorm(float*, float const*, unsigned short const*, int, int, float)",1
1699,"batch_decode_kernels::mfma_gemm(float*, float const*, unsigned short const*, int, int, int, int)",1
1700,"batch_decode_kernels::mfma_gemm(float*, float const*, unsigned short const*, int, int, int, int)",1
1701,"batch_decode_kernels::kv_norm_rope(unsigned short*, float const*, unsigned short const*, int, int, int, int, int, int, float const*, int, float)",1
1702,"batch_decode_kernels::mfma_head_gemm(float*, float const*, unsigned short const*, int, int, int, int, int, int, unsigned long)",1
1703,"batch_decode_kernels::q_rope(float*, float const*, int, int, int, int, int, int, float const*, int)",1
1704,"batch_decode_kernels::attention_score(float*, float const*, float const*, unsigned short const*, int, int, int, int, int, int, int, float)",1
1705,"void attention_kernels::softmax_rows_kernel<256>(float*, int, int, int, int)",1
1706,"batch_decode_kernels::latent_context(float*, float const*, unsigned short const*, int, int, int, int, int, int)",1
1707,"batch_decode_kernels::mfma_head_gemm(float*, float const*, unsigned short const*, int, int, int, int, int, int, unsigned long)",1
1708,"batch_decode_kernels::mfma_gemm(float*, float const*, unsigned short const*, int, int, int, int)",1
1709,"batch_decode_kernels::rmsnorm(float*, float const*, unsigned short const*, int, int, float)",1
1710,"batch_decode_kernels::mfma_gemm(float*, float const*, unsigned short const*, int, int, int, int)",1
1711,"void moe_kernels::router_topk_wave64_kernel<64>(float*, float const*, int*, float*, int, int, int, int, int, float)",1
1712,"batch_decode_kernels::align_routes(int const*, int, int, int, int*, int*, int*)",1
1713,"void batch_decode_kernels::grouped_expert_gate_up<16, 1>(float const*, char const*, unsigned long const*, unsigned long const*, int const*, int const*, float*, unsigned short*, int, int, int, int, int)",1
1714,"batch_decode_kernels::mfma_gate_up_swiglu(float*, float const*, unsigned short const*, unsigned short const*, int, int, int)",1
1715,"void batch_decode_kernels::grouped_expert_down<16, 1>(float const*, unsigned short const*, char const*, unsigned long const*, int const*, int const*, float*, int, int, int, int)",1
1716,"batch_decode_kernels::reduce_routes_add(float*, float const*, float const*, int, int, int)",1
1717,"batch_decode_kernels::mfma_gemm(float*, float const*, unsigned short const*, int, int, int, int)",1
1718,"batch_decode_kernels::rmsnorm(float*, float const*, unsigned short const*, int, int, float)",1
1719,"batch_decode_kernels::mfma_gemm(float*, float const*, unsigned short const*, int, int, int, int)",1
1720,"batch_decode_kernels::mfma_gemm(float*, float const*, unsigned short const*, int, int, int, int)",1
1721,"batch_decode_kernels::kv_norm_rope(unsigned short*, float const*, unsigned short const*, int, int, int, int, int, int, float const*, int, float)",1
1722,"batch_decode_kernels::mfma_head_gemm(float*, float const*, unsigned short const*, int, int, int, int, int, int, unsigned long)",1
1723,"batch_decode_kernels::q_rope(float*, float const*, int, int, int, int, int, int, float const*, int)",1
1724,"batch_decode_kernels::attention_score(float*, float const*, float const*, unsigned short const*, int, int, int, int, int, int, int, float)",1
1725,"void attention_kernels::softmax_rows_kernel<256>(float*, int, int, int, int)",1
1726,"batch_decode_kernels::latent_context(float*, float const*, unsigned short const*, int, int, int, int, int, int)",1
1727,"batch_decode_kernels::mfma_head_gemm(float*, float const*, unsigned short const*, int, int, int, int, int, int, unsigned long)",1
1728,"batch_decode_kernels::mfma_gemm(float*, float const*, unsigned short const*, int, int, int, int)",1
1729,"batch_decode_kernels::rmsnorm(float*, float const*, unsigned short const*, int, int, float)",1
1730,"batch_decode_kernels::mfma_gemm(float*, float const*, unsigned short const*, int, int, int, int)",1
1731,"void moe_kernels::router_topk_wave64_kernel<64>(float*, float const*, int*, float*, int, int, int, int, int, float)",1
1732,"batch_decode_kernels::align_routes(int const*, int, int, int, int*, int*, int*)",1
1733,"void batch_decode_kernels::grouped_expert_gate_up<16, 1>(float const*, char const*, unsigned long const*, unsigned long const*, int const*, int const*, float*, unsigned short*, int, int, int, int, int)",1
1734,"batch_decode_kernels::mfma_gate_up_swiglu(float*, float const*, unsigned short const*, unsigned short const*, int, int, int)",1
1735,"void batch_decode_kernels::grouped_expert_down<16, 1>(float const*, unsigned short const*, char const*, unsigned long const*, int const*, int const*, float*, int, int, int, int)",1
1736,"batch_decode_kernels::reduce_routes_add(float*, float const*, float const*, int, int, int)",1
1737,"batch_decode_kernels::mfma_gemm(float*, float const*, unsigned short const*, int, int, int, int)",1
1738,"batch_decode_kernels::rmsnorm(float*, float const*, unsigned short const*, int, int, float)",1
1739,"batch_decode_kernels::mfma_gemm(float*, float const*, unsigned short const*, int, int, int, int)",1
1740,"batch_decode_kernels::mfma_gemm(float*, float const*, unsigned short const*, int, int, int, int)",1
1741,"batch_decode_kernels::kv_norm_rope(unsigned short*, float const*, unsigned short const*, int, int, int, int, int, int, float const*, int, float)",1
1742,"batch_decode_kernels::mfma_head_gemm(float*, float const*, unsigned short const*, int, int, int, int, int, int, unsigned long)",1
1743,"batch_decode_kernels::q_rope(float*, float const*, int, int, int, int, int, int, float const*, int)",1
1744,"batch_decode_kernels::attention_score(float*, float const*, float const*, unsigned short const*, int, int, int, int, int, int, int, float)",1
1745,"void attention_kernels::softmax_rows_kernel<256>(float*, int, int, int, int)",1
1746,"batch_decode_kernels::latent_context(float*, float const*, unsigned short const*, int, int, int, int, int, int)",1
1747,"batch_decode_kernels::mfma_head_gemm(float*, float const*, unsigned short const*, int, int, int, int, int, int, unsigned long)",1
1748,"batch_decode_kernels::mfma_gemm(float*, float const*, unsigned short const*, int, int, int, int)",1
1749,"batch_decode_kernels::rmsnorm(float*, float const*, unsigned short const*, int, int, float)",1
1750,"batch_decode_kernels::mfma_gemm(float*, float const*, unsigned short const*, int, int, int, int)",1
1751,"void moe_kernels::router_topk_wave64_kernel<64>(float*, float const*, int*, float*, int, int, int, int, int, float)",1
1752,"batch_decode_kernels::align_routes(int const*, int, int, int, int*, int*, int*)",1
1753,"void batch_decode_kernels::grouped_expert_gate_up<16, 1>(float const*, char const*, unsigned long const*, unsigned long const*, int const*, int const*, float*, unsigned short*, int, int, int, int, int)",1
1754,"batch_decode_kernels::mfma_gate_up_swiglu(float*, float const*, unsigned short const*, unsigned short const*, int, int, int)",1
1755,"void batch_decode_kernels::grouped_expert_down<16, 1>(float const*, unsigned short const*, char const*, unsigned long const*, int const*, int const*, float*, int, int, int, int)",1
1756,"batch_decode_kernels::reduce_routes_add(float*, float const*, float const*, int, int, int)",1
1757,"batch_decode_kernels::mfma_gemm(float*, float const*, unsigned short const*, int, int, int, int)",1
1758,"batch_decode_kernels::rmsnorm(float*, float const*, unsigned short const*, int, int, float)",1
1759,"batch_decode_kernels::mfma_gemm(float*, float const*, unsigned short const*, int, int, int, int)",1
1760,"batch_decode_kernels::mfma_gemm(float*, float const*, unsigned short const*, int, int, int, int)",1
1761,"batch_decode_kernels::kv_norm_rope(unsigned short*, float const*, unsigned short const*, int, int, int, int, int, int, float const*, int, float)",1
1762,"batch_decode_kernels::mfma_head_gemm(float*, float const*, unsigned short const*, int, int, int, int, int, int, unsigned long)",1
1763,"batch_decode_kernels::q_rope(float*, float const*, int, int, int, int, int, int, float const*, int)",1
1764,"batch_decode_kernels::attention_score(float*, float const*, float const*, unsigned short const*, int, int, int, int, int, int, int, float)",1
1765,"void attention_kernels::softmax_rows_kernel<256>(float*, int, int, int, int)",1
1766,"batch_decode_kernels::latent_context(float*, float const*, unsigned short const*, int, int, int, int, int, int)",1
1767,"batch_decode_kernels::mfma_head_gemm(float*, float const*, unsigned short const*, int, int, int, int, int, int, unsigned long)",1
1768,"batch_decode_kernels::mfma_gemm(float*, float const*, unsigned short const*, int, int, int, int)",1
1769,"batch_decode_kernels::rmsnorm(float*, float const*, unsigned short const*, int, int, float)",1
1770,"batch_decode_kernels::mfma_gemm(float*, float const*, unsigned short const*, int, int, int, int)",1
1771,"void moe_kernels::router_topk_wave64_kernel<64>(float*, float const*, int*, float*, int, int, int, int, int, float)",1
1772,"batch_decode_kernels::align_routes(int const*, int, int, int, int*, int*, int*)",1
1773,"void batch_decode_kernels::grouped_expert_gate_up<16, 1>(float const*, char const*, unsigned long const*, unsigned long const*, int const*, int const*, float*, unsigned short*, int, int, int, int, int)",1
1774,"batch_decode_kernels::mfma_gate_up_swiglu(float*, float const*, unsigned short const*, unsigned short const*, int, int, int)",1
1775,"void batch_decode_kernels::grouped_expert_down<16, 1>(float const*, unsigned short const*, char const*, unsigned long const*, int const*, int const*, float*, int, int, int, int)",1
1776,"batch_decode_kernels::reduce_routes_add(float*, float const*, float const*, int, int, int)",1
1777,"batch_decode_kernels::mfma_gemm(float*, float const*, unsigned short const*, int, int, int, int)",1
1778,"batch_decode_kernels::rmsnorm(float*, float const*, unsigned short const*, int, int, float)",1
1779,"batch_decode_kernels::mfma_gemm(float*, float const*, unsigned short const*, int, int, int, int)",1
1780,"batch_decode_kernels::mfma_gemm(float*, float const*, unsigned short const*, int, int, int, int)",1
1781,"batch_decode_kernels::kv_norm_rope(unsigned short*, float const*, unsigned short const*, int, int, int, int, int, int, float const*, int, float)",1
1782,"batch_decode_kernels::mfma_head_gemm(float*, float const*, unsigned short const*, int, int, int, int, int, int, unsigned long)",1
1783,"batch_decode_kernels::q_rope(float*, float const*, int, int, int, int, int, int, float const*, int)",1
1784,"batch_decode_kernels::attention_score(float*, float const*, float const*, unsigned short const*, int, int, int, int, int, int, int, float)",1
1785,"void attention_kernels::softmax_rows_kernel<256>(float*, int, int, int, int)",1
1786,"batch_decode_kernels::latent_context(float*, float const*, unsigned short const*, int, int, int, int, int, int)",1
1787,"batch_decode_kernels::mfma_head_gemm(float*, float const*, unsigned short const*, int, int, int, int, int, int, unsigned long)",1
1788,"batch_decode_kernels::mfma_gemm(float*, float const*, unsigned short const*, int, int, int, int)",1
1789,"batch_decode_kernels::rmsnorm(float*, float const*, unsigned short const*, int, int, float)",1
1790,"batch_decode_kernels::mfma_gemm(float*, float const*, unsigned short const*, int, int, int, int)",1
1791,"void moe_kernels::router_topk_wave64_kernel<64>(float*, float const*, int*, float*, int, int, int, int, int, float)",1
1792,"batch_decode_kernels::align_routes(int const*, int, int, int, int*, int*, int*)",1
1793,"void batch_decode_kernels::grouped_expert_gate_up<16, 1>(float const*, char const*, unsigned long const*, unsigned long const*, int const*, int const*, float*, unsigned short*, int, int, int, int, int)",1
1794,"batch_decode_kernels::mfma_gate_up_swiglu(float*, float const*, unsigned short const*, unsigned short const*, int, int, int)",1
1795,"void batch_decode_kernels::grouped_expert_down<16, 1>(float const*, unsigned short const*, char const*, unsigned long const*, int const*, int const*, float*, int, int, int, int)",1
1796,"batch_decode_kernels::reduce_routes_add(float*, float const*, float const*, int, int, int)",1
1797,"batch_decode_kernels::mfma_gemm(float*, float const*, unsigned short const*, int, int, int, int)",1
1798,"batch_decode_kernels::rmsnorm(float*, float const*, unsigned short const*, int, int, float)",1
1799,"batch_decode_kernels::mfma_gemm(float*, float const*, unsigned short const*, int, int, int, int)",1
1800,"batch_decode_kernels::mfma_gemm(float*, float const*, unsigned short const*, int, int, int, int)",1
1801,"batch_decode_kernels::kv_norm_rope(unsigned short*, float const*, unsigned short const*, int, int, int, int, int, int, float const*, int, float)",1
1802,"batch_decode_kernels::mfma_head_gemm(float*, float const*, unsigned short const*, int, int, int, int, int, int, unsigned long)",1
1803,"batch_decode_kernels::q_rope(float*, float const*, int, int, int, int, int, int, float const*, int)",1
1804,"batch_decode_kernels::attention_score(float*, float const*, float const*, unsigned short const*, int, int, int, int, int, int, int, float)",1
1805,"void attention_kernels::softmax_rows_kernel<256>(float*, int, int, int, int)",1
1806,"batch_decode_kernels::latent_context(float*, float const*, unsigned short const*, int, int, int, int, int, int)",1
1807,"batch_decode_kernels::mfma_head_gemm(float*, float const*, unsigned short const*, int, int, int, int, int, int, unsigned long)",1
1808,"batch_decode_kernels::mfma_gemm(float*, float const*, unsigned short const*, int, int, int, int)",1
1809,"batch_decode_kernels::rmsnorm(float*, float const*, unsigned short const*, int, int, float)",1
1810,"batch_decode_kernels::mfma_gemm(float*, float const*, unsigned short const*, int, int, int, int)",1
1811,"void moe_kernels::router_topk_wave64_kernel<64>(float*, float const*, int*, float*, int, int, int, int, int, float)",1
1812,"batch_decode_kernels::align_routes(int const*, int, int, int, int*, int*, int*)",1
1813,"void batch_decode_kernels::grouped_expert_gate_up<16, 1>(float const*, char const*, unsigned long const*, unsigned long const*, int const*, int const*, float*, unsigned short*, int, int, int, int, int)",1
1814,"batch_decode_kernels::mfma_gate_up_swiglu(float*, float const*, unsigned short const*, unsigned short const*, int, int, int)",1
1815,"void batch_decode_kernels::grouped_expert_down<16, 1>(float const*, unsigned short const*, char const*, unsigned long const*, int const*, int const*, float*, int, int, int, int)",1
1816,"batch_decode_kernels::reduce_routes_add(float*, float const*, float const*, int, int, int)",1
1817,"batch_decode_kernels::mfma_gemm(float*, float const*, unsigned short const*, int, int, int, int)",1
1818,"batch_decode_kernels::rmsnorm(float*, float const*, unsigned short const*, int, int, float)",1
1819,"batch_decode_kernels::mfma_gemm(float*, float const*, unsigned short const*, int, int, int, int)",1
1820,"batch_decode_kernels::mfma_gemm(float*, float const*, unsigned short const*, int, int, int, int)",1
1821,"batch_decode_kernels::kv_norm_rope(unsigned short*, float const*, unsigned short const*, int, int, int, int, int, int, float const*, int, float)",1
1822,"batch_decode_kernels::mfma_head_gemm(float*, float const*, unsigned short const*, int, int, int, int, int, int, unsigned long)",1
1823,"batch_decode_kernels::q_rope(float*, float const*, int, int, int, int, int, int, float const*, int)",1
1824,"batch_decode_kernels::attention_score(float*, float const*, float const*, unsigned short const*, int, int, int, int, int, int, int, float)",1
1825,"void attention_kernels::softmax_rows_kernel<256>(float*, int, int, int, int)",1
1826,"batch_decode_kernels::latent_context(float*, float const*, unsigned short const*, int, int, int, int, int, int)",1
1827,"batch_decode_kernels::mfma_head_gemm(float*, float const*, unsigned short const*, int, int, int, int, int, int, unsigned long)",1
1828,"batch_decode_kernels::mfma_gemm(float*, float const*, unsigned short const*, int, int, int, int)",1
1829,"batch_decode_kernels::rmsnorm(float*, float const*, unsigned short const*, int, int, float)",1
1830,"batch_decode_kernels::mfma_gemm(float*, float const*, unsigned short const*, int, int, int, int)",1
1831,"void moe_kernels::router_topk_wave64_kernel<64>(float*, float const*, int*, float*, int, int, int, int, int, float)",1
1832,"batch_decode_kernels::align_routes(int const*, int, int, int, int*, int*, int*)",1
1833,"void batch_decode_kernels::grouped_expert_gate_up<16, 1>(float const*, char const*, unsigned long const*, unsigned long const*, int const*, int const*, float*, unsigned short*, int, int, int, int, int)",1
1834,"batch_decode_kernels::mfma_gate_up_swiglu(float*, float const*, unsigned short const*, unsigned short const*, int, int, int)",1
1835,"void batch_decode_kernels::grouped_expert_down<16, 1>(float const*, unsigned short const*, char const*, unsigned long const*, int const*, int const*, float*, int, int, int, int)",1
1836,"batch_decode_kernels::reduce_routes_add(float*, float const*, float const*, int, int, int)",1
1837,"batch_decode_kernels::mfma_gemm(float*, float const*, unsigned short const*, int, int, int, int)",1
1838,"batch_decode_kernels::rmsnorm(float*, float const*, unsigned short const*, int, int, float)",1
1839,"batch_decode_kernels::mfma_gemm(float*, float const*, unsigned short const*, int, int, int, int)",1
1840,"batch_decode_kernels::mfma_gemm(float*, float const*, unsigned short const*, int, int, int, int)",1
1841,"batch_decode_kernels::kv_norm_rope(unsigned short*, float const*, unsigned short const*, int, int, int, int, int, int, float const*, int, float)",1
1842,"batch_decode_kernels::mfma_head_gemm(float*, float const*, unsigned short const*, int, int, int, int, int, int, unsigned long)",1
1843,"batch_decode_kernels::q_rope(float*, float const*, int, int, int, int, int, int, float const*, int)",1
1844,"batch_decode_kernels::attention_score(float*, float const*, float const*, unsigned short const*, int, int, int, int, int, int, int, float)",1
1845,"void attention_kernels::softmax_rows_kernel<256>(float*, int, int, int, int)",1
1846,"batch_decode_kernels::latent_context(float*, float const*, unsigned short const*, int, int, int, int, int, int)",1
1847,"batch_decode_kernels::mfma_head_gemm(float*, float const*, unsigned short const*, int, int, int, int, int, int, unsigned long)",1
1848,"batch_decode_kernels::mfma_gemm(float*, float const*, unsigned short const*, int, int, int, int)",1
1849,"batch_decode_kernels::rmsnorm(float*, float const*, unsigned short const*, int, int, float)",1
1850,"batch_decode_kernels::mfma_gemm(float*, float const*, unsigned short const*, int, int, int, int)",1
1851,"void moe_kernels::router_topk_wave64_kernel<64>(float*, float const*, int*, float*, int, int, int, int, int, float)",1
1852,"batch_decode_kernels::align_routes(int const*, int, int, int, int*, int*, int*)",1
1853,"void batch_decode_kernels::grouped_expert_gate_up<16, 1>(float const*, char const*, unsigned long const*, unsigned long const*, int const*, int const*, float*, unsigned short*, int, int, int, int, int)",1
1854,"batch_decode_kernels::mfma_gate_up_swiglu(float*, float const*, unsigned short const*, unsigned short const*, int, int, int)",1
1855,"void batch_decode_kernels::grouped_expert_down<16, 1>(float const*, unsigned short const*, char const*, unsigned long const*, int const*, int const*, float*, int, int, int, int)",1
1856,"batch_decode_kernels::reduce_routes_add(float*, float const*, float const*, int, int, int)",1
1857,"batch_decode_kernels::mfma_gemm(float*, float const*, unsigned short const*, int, int, int, int)",1
1858,"batch_decode_kernels::rmsnorm(float*, float const*, unsigned short const*, int, int, float)",1
1859,"batch_decode_kernels::mfma_gemm(float*, float const*, unsigned short const*, int, int, int, int)",1
1860,"batch_decode_kernels::mfma_gemm(float*, float const*, unsigned short const*, int, int, int, int)",1
1861,"batch_decode_kernels::kv_norm_rope(unsigned short*, float const*, unsigned short const*, int, int, int, int, int, int, float const*, int, float)",1
1862,"batch_decode_kernels::mfma_head_gemm(float*, float const*, unsigned short const*, int, int, int, int, int, int, unsigned long)",1
1863,"batch_decode_kernels::q_rope(float*, float const*, int, int, int, int, int, int, float const*, int)",1
1864,"batch_decode_kernels::attention_score(float*, float const*, float const*, unsigned short const*, int, int, int, int, int, int, int, float)",1
1865,"void attention_kernels::softmax_rows_kernel<256>(float*, int, int, int, int)",1
1866,"batch_decode_kernels::latent_context(float*, float const*, unsigned short const*, int, int, int, int, int, int)",1
1867,"batch_decode_kernels::mfma_head_gemm(float*, float const*, unsigned short const*, int, int, int, int, int, int, unsigned long)",1
1868,"batch_decode_kernels::mfma_gemm(float*, float const*, unsigned short const*, int, int, int, int)",1
1869,"batch_decode_kernels::rmsnorm(float*, float const*, unsigned short const*, int, int, float)",1
1870,"batch_decode_kernels::mfma_gemm(float*, float const*, unsigned short const*, int, int, int, int)",1
1871,"void moe_kernels::router_topk_wave64_kernel<64>(float*, float const*, int*, float*, int, int, int, int, int, float)",1
1872,"batch_decode_kernels::align_routes(int const*, int, int, int, int*, int*, int*)",1
1873,"void batch_decode_kernels::grouped_expert_gate_up<16, 1>(float const*, char const*, unsigned long const*, unsigned long const*, int const*, int const*, float*, unsigned short*, int, int, int, int, int)",1
1874,"batch_decode_kernels::mfma_gate_up_swiglu(float*, float const*, unsigned short const*, unsigned short const*, int, int, int)",1
1875,"void batch_decode_kernels::grouped_expert_down<16, 1>(float const*, unsigned short const*, char const*, unsigned long const*, int const*, int const*, float*, int, int, int, int)",1
1876,"batch_decode_kernels::reduce_routes_add(float*, float const*, float const*, int, int, int)",1
1877,"batch_decode_kernels::mfma_gemm(float*, float const*, unsigned short const*, int, int, int, int)",1
1878,"batch_decode_kernels::rmsnorm(float*, float const*, unsigned short const*, int, int, float)",1
1879,"batch_decode_kernels::mfma_gemm(float*, float const*, unsigned short const*, int, int, int, int)",1
1880,"batch_decode_kernels::mfma_gemm(float*, float const*, unsigned short const*, int, int, int, int)",1
1881,"batch_decode_kernels::kv_norm_rope(unsigned short*, float const*, unsigned short const*, int, int, int, int, int, int, float const*, int, float)",1
1882,"batch_decode_kernels::mfma_head_gemm(float*, float const*, unsigned short const*, int, int, int, int, int, int, unsigned long)",1
1883,"batch_decode_kernels::q_rope(float*, float const*, int, int, int, int, int, int, float const*, int)",1
1884,"batch_decode_kernels::attention_score(float*, float const*, float const*, unsigned short const*, int, int, int, int, int, int, int, float)",1
1885,"void attention_kernels::softmax_rows_kernel<256>(float*, int, int, int, int)",1
1886,"batch_decode_kernels::latent_context(float*, float const*, unsigned short const*, int, int, int, int, int, int)",1
1887,"batch_decode_kernels::mfma_head_gemm(float*, float const*, unsigned short const*, int, int, int, int, int, int, unsigned long)",1
1888,"batch_decode_kernels::mfma_gemm(float*, float const*, unsigned short const*, int, int, int, int)",1
1889,"batch_decode_kernels::rmsnorm(float*, float const*, unsigned short const*, int, int, float)",1
1890,"batch_decode_kernels::mfma_gemm(float*, float const*, unsigned short const*, int, int, int, int)",1
1891,"void moe_kernels::router_topk_wave64_kernel<64>(float*, float const*, int*, float*, int, int, int, int, int, float)",1
1892,"batch_decode_kernels::align_routes(int const*, int, int, int, int*, int*, int*)",1
1893,"void batch_decode_kernels::grouped_expert_gate_up<16, 1>(float const*, char const*, unsigned long const*, unsigned long const*, int const*, int const*, float*, unsigned short*, int, int, int, int, int)",1
1894,"batch_decode_kernels::mfma_gate_up_swiglu(float*, float const*, unsigned short const*, unsigned short const*, int, int, int)",1
1895,"void batch_decode_kernels::grouped_expert_down<16, 1>(float const*, unsigned short const*, char const*, unsigned long const*, int const*, int const*, float*, int, int, int, int)",1
1896,"batch_decode_kernels::reduce_routes_add(float*, float const*, float const*, int, int, int)",1
1897,"batch_decode_kernels::mfma_gemm(float*, float const*, unsigned short const*, int, int, int, int)",1
1898,"batch_decode_kernels::rmsnorm(float*, float const*, unsigned short const*, int, int, float)",1
1899,"batch_decode_kernels::mfma_gemm(float*, float const*, unsigned short const*, int, int, int, int)",1
1900,"batch_decode_kernels::mfma_gemm(float*, float const*, unsigned short const*, int, int, int, int)",1
1901,"batch_decode_kernels::kv_norm_rope(unsigned short*, float const*, unsigned short const*, int, int, int, int, int, int, float const*, int, float)",1
1902,"batch_decode_kernels::mfma_head_gemm(float*, float const*, unsigned short const*, int, int, int, int, int, int, unsigned long)",1
1903,"batch_decode_kernels::q_rope(float*, float const*, int, int, int, int, int, int, float const*, int)",1
1904,"batch_decode_kernels::attention_score(float*, float const*, float const*, unsigned short const*, int, int, int, int, int, int, int, float)",1
1905,"void attention_kernels::softmax_rows_kernel<256>(float*, int, int, int, int)",1
1906,"batch_decode_kernels::latent_context(float*, float const*, unsigned short const*, int, int, int, int, int, int)",1
1907,"batch_decode_kernels::mfma_head_gemm(float*, float const*, unsigned short const*, int, int, int, int, int, int, unsigned long)",1
1908,"batch_decode_kernels::mfma_gemm(float*, float const*, unsigned short const*, int, int, int, int)",1
1909,"batch_decode_kernels::rmsnorm(float*, float const*, unsigned short const*, int, int, float)",1
1910,"batch_decode_kernels::mfma_gemm(float*, float const*, unsigned short const*, int, int, int, int)",1
1911,"void moe_kernels::router_topk_wave64_kernel<64>(float*, float const*, int*, float*, int, int, int, int, int, float)",1
1912,"batch_decode_kernels::align_routes(int const*, int, int, int, int*, int*, int*)",1
1913,"void batch_decode_kernels::grouped_expert_gate_up<16, 1>(float const*, char const*, unsigned long const*, unsigned long const*, int const*, int const*, float*, unsigned short*, int, int, int, int, int)",1
1914,"batch_decode_kernels::mfma_gate_up_swiglu(float*, float const*, unsigned short const*, unsigned short const*, int, int, int)",1
1915,"void batch_decode_kernels::grouped_expert_down<16, 1>(float const*, unsigned short const*, char const*, unsigned long const*, int const*, int const*, float*, int, int, int, int)",1
1916,"batch_decode_kernels::reduce_routes_add(float*, float const*, float const*, int, int, int)",1
1917,"batch_decode_kernels::mfma_gemm(float*, float const*, unsigned short const*, int, int, int, int)",1
1918,"batch_decode_kernels::rmsnorm(float*, float const*, unsigned short const*, int, int, float)",1
1919,"batch_decode_kernels::mfma_gemm(float*, float const*, unsigned short const*, int, int, int, int)",1
1920,"batch_decode_kernels::mfma_gemm(float*, float const*, unsigned short const*, int, int, int, int)",1
1921,"batch_decode_kernels::kv_norm_rope(unsigned short*, float const*, unsigned short const*, int, int, int, int, int, int, float const*, int, float)",1
1922,"batch_decode_kernels::mfma_head_gemm(float*, float const*, unsigned short const*, int, int, int, int, int, int, unsigned long)",1
1923,"batch_decode_kernels::q_rope(float*, float const*, int, int, int, int, int, int, float const*, int)",1
1924,"batch_decode_kernels::attention_score(float*, float const*, float const*, unsigned short const*, int, int, int, int, int, int, int, float)",1
1925,"void attention_kernels::softmax_rows_kernel<256>(float*, int, int, int, int)",1
1926,"batch_decode_kernels::latent_context(float*, float const*, unsigned short const*, int, int, int, int, int, int)",1
1927,"batch_decode_kernels::mfma_head_gemm(float*, float const*, unsigned short const*, int, int, int, int, int, int, unsigned long)",1
1928,"batch_decode_kernels::mfma_gemm(float*, float const*, unsigned short const*, int, int, int, int)",1
1929,"batch_decode_kernels::rmsnorm(float*, float const*, unsigned short const*, int, int, float)",1
1930,"batch_decode_kernels::mfma_gemm(float*, float const*, unsigned short const*, int, int, int, int)",1
1931,"void moe_kernels::router_topk_wave64_kernel<64>(float*, float const*, int*, float*, int, int, int, int, int, float)",1
1932,"batch_decode_kernels::align_routes(int const*, int, int, int, int*, int*, int*)",1
1933,"void batch_decode_kernels::grouped_expert_gate_up<16, 1>(float const*, char const*, unsigned long const*, unsigned long const*, int const*, int const*, float*, unsigned short*, int, int, int, int, int)",1
1934,"batch_decode_kernels::mfma_gate_up_swiglu(float*, float const*, unsigned short const*, unsigned short const*, int, int, int)",1
1935,"void batch_decode_kernels::grouped_expert_down<16, 1>(float const*, unsigned short const*, char const*, unsigned long const*, int const*, int const*, float*, int, int, int, int)",1
1936,"batch_decode_kernels::reduce_routes_add(float*, float const*, float const*, int, int, int)",1
1937,"batch_decode_kernels::mfma_gemm(float*, float const*, unsigned short const*, int, int, int, int)",1
1938,"batch_decode_kernels::rmsnorm(float*, float const*, unsigned short const*, int, int, float)",1
1939,"batch_decode_kernels::mfma_gemm(float*, float const*, unsigned short const*, int, int, int, int)",1
1940,"batch_decode_kernels::mfma_gemm(float*, float const*, unsigned short const*, int, int, int, int)",1
1941,"batch_decode_kernels::kv_norm_rope(unsigned short*, float const*, unsigned short const*, int, int, int, int, int, int, float const*, int, float)",1
1942,"batch_decode_kernels::mfma_head_gemm(float*, float const*, unsigned short const*, int, int, int, int, int, int, unsigned long)",1
1943,"batch_decode_kernels::q_rope(float*, float const*, int, int, int, int, int, int, float const*, int)",1
1944,"batch_decode_kernels::attention_score(float*, float const*, float const*, unsigned short const*, int, int, int, int, int, int, int, float)",1
1945,"void attention_kernels::softmax_rows_kernel<256>(float*, int, int, int, int)",1
1946,"batch_decode_kernels::latent_context(float*, float const*, unsigned short const*, int, int, int, int, int, int)",1
1947,"batch_decode_kernels::mfma_head_gemm(float*, float const*, unsigned short const*, int, int, int, int, int, int, unsigned long)",1
1948,"batch_decode_kernels::mfma_gemm(float*, float const*, unsigned short const*, int, int, int, int)",1
1949,"batch_decode_kernels::rmsnorm(float*, float const*, unsigned short const*, int, int, float)",1
1950,"batch_decode_kernels::mfma_gemm(float*, float const*, unsigned short const*, int, int, int, int)",1
1951,"void moe_kernels::router_topk_wave64_kernel<64>(float*, float const*, int*, float*, int, int, int, int, int, float)",1
1952,"batch_decode_kernels::align_routes(int const*, int, int, int, int*, int*, int*)",1
1953,"void batch_decode_kernels::grouped_expert_gate_up<16, 1>(float const*, char const*, unsigned long const*, unsigned long const*, int const*, int const*, float*, unsigned short*, int, int, int, int, int)",1
1954,"batch_decode_kernels::mfma_gate_up_swiglu(float*, float const*, unsigned short const*, unsigned short const*, int, int, int)",1
1955,"void batch_decode_kernels::grouped_expert_down<16, 1>(float const*, unsigned short const*, char const*, unsigned long const*, int const*, int const*, float*, int, int, int, int)",1
1956,"batch_decode_kernels::reduce_routes_add(float*, float const*, float const*, int, int, int)",1
1957,"batch_decode_kernels::mfma_gemm(float*, float const*, unsigned short const*, int, int, int, int)",1
1958,"batch_decode_kernels::rmsnorm(float*, float const*, unsigned short const*, int, int, float)",1
1959,"batch_decode_kernels::mfma_gemm(float*, float const*, unsigned short const*, int, int, int, int)",1
1960,"batch_decode_kernels::mfma_gemm(float*, float const*, unsigned short const*, int, int, int, int)",1
1961,"batch_decode_kernels::kv_norm_rope(unsigned short*, float const*, unsigned short const*, int, int, int, int, int, int, float const*, int, float)",1
1962,"batch_decode_kernels::mfma_head_gemm(float*, float const*, unsigned short const*, int, int, int, int, int, int, unsigned long)",1
1963,"batch_decode_kernels::q_rope(float*, float const*, int, int, int, int, int, int, float const*, int)",1
1964,"batch_decode_kernels::attention_score(float*, float const*, float const*, unsigned short const*, int, int, int, int, int, int, int, float)",1
1965,"void attention_kernels::softmax_rows_kernel<256>(float*, int, int, int, int)",1
1966,"batch_decode_kernels::latent_context(float*, float const*, unsigned short const*, int, int, int, int, int, int)",1
1967,"batch_decode_kernels::mfma_head_gemm(float*, float const*, unsigned short const*, int, int, int, int, int, int, unsigned long)",1
1968,"batch_decode_kernels::mfma_gemm(float*, float const*, unsigned short const*, int, int, int, int)",1
1969,"batch_decode_kernels::rmsnorm(float*, float const*, unsigned short const*, int, int, float)",1
1970,"batch_decode_kernels::mfma_gemm(float*, float const*, unsigned short const*, int, int, int, int)",1
1971,"void moe_kernels::router_topk_wave64_kernel<64>(float*, float const*, int*, float*, int, int, int, int, int, float)",1
1972,"batch_decode_kernels::align_routes(int const*, int, int, int, int*, int*, int*)",1
1973,"void batch_decode_kernels::grouped_expert_gate_up<16, 1>(float const*, char const*, unsigned long const*, unsigned long const*, int const*, int const*, float*, unsigned short*, int, int, int, int, int)",1
1974,"batch_decode_kernels::mfma_gate_up_swiglu(float*, float const*, unsigned short const*, unsigned short const*, int, int, int)",1
1975,"void batch_decode_kernels::grouped_expert_down<16, 1>(float const*, unsigned short const*, char const*, unsigned long const*, int const*, int const*, float*, int, int, int, int)",1
1976,"batch_decode_kernels::reduce_routes_add(float*, float const*, float const*, int, int, int)",1
1977,"batch_decode_kernels::mfma_gemm(float*, float const*, unsigned short const*, int, int, int, int)",1
1978,"batch_decode_kernels::rmsnorm(float*, float const*, unsigned short const*, int, int, float)",1
1979,"batch_decode_kernels::mfma_gemm(float*, float const*, unsigned short const*, int, int, int, int)",1
1980,"batch_decode_kernels::mfma_gemm(float*, float const*, unsigned short const*, int, int, int, int)",1
1981,"batch_decode_kernels::kv_norm_rope(unsigned short*, float const*, unsigned short const*, int, int, int, int, int, int, float const*, int, float)",1
1982,"batch_decode_kernels::mfma_head_gemm(float*, float const*, unsigned short const*, int, int, int, int, int, int, unsigned long)",1
1983,"batch_decode_kernels::q_rope(float*, float const*, int, int, int, int, int, int, float const*, int)",1
1984,"batch_decode_kernels::attention_score(float*, float const*, float const*, unsigned short const*, int, int, int, int, int, int, int, float)",1
1985,"void attention_kernels::softmax_rows_kernel<256>(float*, int, int, int, int)",1
1986,"batch_decode_kernels::latent_context(float*, float const*, unsigned short const*, int, int, int, int, int, int)",1
1987,"batch_decode_kernels::mfma_head_gemm(float*, float const*, unsigned short const*, int, int, int, int, int, int, unsigned long)",1
1988,"batch_decode_kernels::mfma_gemm(float*, float const*, unsigned short const*, int, int, int, int)",1
1989,"batch_decode_kernels::rmsnorm(float*, float const*, unsigned short const*, int, int, float)",1
1990,"batch_decode_kernels::mfma_gemm(float*, float const*, unsigned short const*, int, int, int, int)",1
1991,"void moe_kernels::router_topk_wave64_kernel<64>(float*, float const*, int*, float*, int, int, int, int, int, float)",1
1992,"batch_decode_kernels::align_routes(int const*, int, int, int, int*, int*, int*)",1
1993,"void batch_decode_kernels::grouped_expert_gate_up<16, 1>(float const*, char const*, unsigned long const*, unsigned long const*, int const*, int const*, float*, unsigned short*, int, int, int, int, int)",1
1994,"batch_decode_kernels::mfma_gate_up_swiglu(float*, float const*, unsigned short const*, unsigned short const*, int, int, int)",1
1995,"void batch_decode_kernels::grouped_expert_down<16, 1>(float const*, unsigned short const*, char const*, unsigned long const*, int const*, int const*, float*, int, int, int, int)",1
1996,"batch_decode_kernels::reduce_routes_add(float*, float const*, float const*, int, int, int)",1
1997,"batch_decode_kernels::mfma_gemm(float*, float const*, unsigned short const*, int, int, int, int)",1
1998,"batch_decode_kernels::rmsnorm(float*, float const*, unsigned short const*, int, int, float)",1
1999,"batch_decode_kernels::mfma_gemm(float*, float const*, unsigned short const*, int, int, int, int)",1
2000,"batch_decode_kernels::mfma_gemm(float*, float const*, unsigned short const*, int, int, int, int)",1
2001,"batch_decode_kernels::kv_norm_rope(unsigned short*, float const*, unsigned short const*, int, int, int, int, int, int, float const*, int, float)",1
2002,"batch_decode_kernels::mfma_head_gemm(float*, float const*, unsigned short const*, int, int, int, int, int, int, unsigned long)",1
2003,"batch_decode_kernels::q_rope(float*, float const*, int, int, int, int, int, int, float const*, int)",1
2004,"batch_decode_kernels::attention_score(float*, float const*, float const*, unsigned short const*, int, int, int, int, int, int, int, float)",1
2005,"void attention_kernels::softmax_rows_kernel<256>(float*, int, int, int, int)",1
2006,"batch_decode_kernels::latent_context(float*, float const*, unsigned short const*, int, int, int, int, int, int)",1
2007,"batch_decode_kernels::mfma_head_gemm(float*, float const*, unsigned short const*, int, int, int, int, int, int, unsigned long)",1
2008,"batch_decode_kernels::mfma_gemm(float*, float const*, unsigned short const*, int, int, int, int)",1
2009,"batch_decode_kernels::rmsnorm(float*, float const*, unsigned short const*, int, int, float)",1
2010,"batch_decode_kernels::mfma_gemm(float*, float const*, unsigned short const*, int, int, int, int)",1
2011,"void moe_kernels::router_topk_wave64_kernel<64>(float*, float const*, int*, float*, int, int, int, int, int, float)",1
2012,"batch_decode_kernels::align_routes(int const*, int, int, int, int*, int*, int*)",1
2013,"void batch_decode_kernels::grouped_expert_gate_up<16, 1>(float const*, char const*, unsigned long const*, unsigned long const*, int const*, int const*, float*, unsigned short*, int, int, int, int, int)",1
2014,"batch_decode_kernels::mfma_gate_up_swiglu(float*, float const*, unsigned short const*, unsigned short const*, int, int, int)",1
2015,"void batch_decode_kernels::grouped_expert_down<16, 1>(float const*, unsigned short const*, char const*, unsigned long const*, int const*, int const*, float*, int, int, int, int)",1
2016,"batch_decode_kernels::reduce_routes_add(float*, float const*, float const*, int, int, int)",1
2017,"batch_decode_kernels::mfma_gemm(float*, float const*, unsigned short const*, int, int, int, int)",1
2018,"batch_decode_kernels::rmsnorm(float*, float const*, unsigned short const*, int, int, float)",1
2019,"batch_decode_kernels::mfma_gemm(float*, float const*, unsigned short const*, int, int, int, int)",1
2020,"batch_decode_kernels::mfma_gemm(float*, float const*, unsigned short const*, int, int, int, int)",1
2021,"batch_decode_kernels::kv_norm_rope(unsigned short*, float const*, unsigned short const*, int, int, int, int, int, int, float const*, int, float)",1
2022,"batch_decode_kernels::mfma_head_gemm(float*, float const*, unsigned short const*, int, int, int, int, int, int, unsigned long)",1
2023,"batch_decode_kernels::q_rope(float*, float const*, int, int, int, int, int, int, float const*, int)",1
2024,"batch_decode_kernels::attention_score(float*, float const*, float const*, unsigned short const*, int, int, int, int, int, int, int, float)",1
2025,"void attention_kernels::softmax_rows_kernel<256>(float*, int, int, int, int)",1
2026,"batch_decode_kernels::latent_context(float*, float const*, unsigned short const*, int, int, int, int, int, int)",1
2027,"batch_decode_kernels::mfma_head_gemm(float*, float const*, unsigned short const*, int, int, int, int, int, int, unsigned long)",1
2028,"batch_decode_kernels::mfma_gemm(float*, float const*, unsigned short const*, int, int, int, int)",1
2029,"batch_decode_kernels::rmsnorm(float*, float const*, unsigned short const*, int, int, float)",1
2030,"batch_decode_kernels::mfma_gemm(float*, float const*, unsigned short const*, int, int, int, int)",1
2031,"void moe_kernels::router_topk_wave64_kernel<64>(float*, float const*, int*, float*, int, int, int, int, int, float)",1
2032,"batch_decode_kernels::align_routes(int const*, int, int, int, int*, int*, int*)",1
2033,"void batch_decode_kernels::grouped_expert_gate_up<16, 1>(float const*, char const*, unsigned long const*, unsigned long const*, int const*, int const*, float*, unsigned short*, int, int, int, int, int)",1
2034,"batch_decode_kernels::mfma_gate_up_swiglu(float*, float const*, unsigned short const*, unsigned short const*, int, int, int)",1
2035,"void batch_decode_kernels::grouped_expert_down<16, 1>(float const*, unsigned short const*, char const*, unsigned long const*, int const*, int const*, float*, int, int, int, int)",1
2036,"batch_decode_kernels::reduce_routes_add(float*, float const*, float const*, int, int, int)",1
2037,"batch_decode_kernels::mfma_gemm(float*, float const*, unsigned short const*, int, int, int, int)",1
2038,"batch_decode_kernels::rmsnorm(float*, float const*, unsigned short const*, int, int, float)",1
2039,"batch_decode_kernels::mfma_gemm(float*, float const*, unsigned short const*, int, int, int, int)",1
2040,"batch_decode_kernels::mfma_gemm(float*, float const*, unsigned short const*, int, int, int, int)",1
2041,"batch_decode_kernels::kv_norm_rope(unsigned short*, float const*, unsigned short const*, int, int, int, int, int, int, float const*, int, float)",1
2042,"batch_decode_kernels::mfma_head_gemm(float*, float const*, unsigned short const*, int, int, int, int, int, int, unsigned long)",1
2043,"batch_decode_kernels::q_rope(float*, float const*, int, int, int, int, int, int, float const*, int)",1
2044,"batch_decode_kernels::attention_score(float*, float const*, float const*, unsigned short const*, int, int, int, int, int, int, int, float)",1
2045,"void attention_kernels::softmax_rows_kernel<256>(float*, int, int, int, int)",1
2046,"batch_decode_kernels::latent_context(float*, float const*, unsigned short const*, int, int, int, int, int, int)",1
2047,"batch_decode_kernels::mfma_head_gemm(float*, float const*, unsigned short const*, int, int, int, int, int, int, unsigned long)",1
2048,"batch_decode_kernels::mfma_gemm(float*, float const*, unsigned short const*, int, int, int, int)",1
2049,"batch_decode_kernels::rmsnorm(float*, float const*, unsigned short const*, int, int, float)",1
2050,"batch_decode_kernels::mfma_gemm(float*, float const*, unsigned short const*, int, int, int, int)",1
2051,"void moe_kernels::router_topk_wave64_kernel<64>(float*, float const*, int*, float*, int, int, int, int, int, float)",1
2052,"batch_decode_kernels::align_routes(int const*, int, int, int, int*, int*, int*)",1
2053,"void batch_decode_kernels::grouped_expert_gate_up<16, 1>(float const*, char const*, unsigned long const*, unsigned long const*, int const*, int const*, float*, unsigned short*, int, int, int, int, int)",1
2054,"batch_decode_kernels::mfma_gate_up_swiglu(float*, float const*, unsigned short const*, unsigned short const*, int, int, int)",1
2055,"void batch_decode_kernels::grouped_expert_down<16, 1>(float const*, unsigned short const*, char const*, unsigned long const*, int const*, int const*, float*, int, int, int, int)",1
2056,"batch_decode_kernels::reduce_routes_add(float*, float const*, float const*, int, int, int)",1
2057,"batch_decode_kernels::mfma_gemm(float*, float const*, unsigned short const*, int, int, int, int)",1
2058,"batch_decode_kernels::rmsnorm(float*, float const*, unsigned short const*, int, int, float)",1
2059,"batch_decode_kernels::mfma_gemm(float*, float const*, unsigned short const*, int, int, int, int)",1
2060,"batch_decode_kernels::mfma_gemm(float*, float const*, unsigned short const*, int, int, int, int)",1
2061,"batch_decode_kernels::kv_norm_rope(unsigned short*, float const*, unsigned short const*, int, int, int, int, int, int, float const*, int, float)",1
2062,"batch_decode_kernels::mfma_head_gemm(float*, float const*, unsigned short const*, int, int, int, int, int, int, unsigned long)",1
2063,"batch_decode_kernels::q_rope(float*, float const*, int, int, int, int, int, int, float const*, int)",1
2064,"batch_decode_kernels::attention_score(float*, float const*, float const*, unsigned short const*, int, int, int, int, int, int, int, float)",1
2065,"void attention_kernels::softmax_rows_kernel<256>(float*, int, int, int, int)",1
2066,"batch_decode_kernels::latent_context(float*, float const*, unsigned short const*, int, int, int, int, int, int)",1
2067,"batch_decode_kernels::mfma_head_gemm(float*, float const*, unsigned short const*, int, int, int, int, int, int, unsigned long)",1
2068,"batch_decode_kernels::mfma_gemm(float*, float const*, unsigned short const*, int, int, int, int)",1
2069,"batch_decode_kernels::rmsnorm(float*, float const*, unsigned short const*, int, int, float)",1
2070,"batch_decode_kernels::mfma_gemm(float*, float const*, unsigned short const*, int, int, int, int)",1
2071,"void moe_kernels::router_topk_wave64_kernel<64>(float*, float const*, int*, float*, int, int, int, int, int, float)",1
2072,"batch_decode_kernels::align_routes(int const*, int, int, int, int*, int*, int*)",1
2073,"void batch_decode_kernels::grouped_expert_gate_up<16, 1>(float const*, char const*, unsigned long const*, unsigned long const*, int const*, int const*, float*, unsigned short*, int, int, int, int, int)",1
2074,"batch_decode_kernels::mfma_gate_up_swiglu(float*, float const*, unsigned short const*, unsigned short const*, int, int, int)",1
2075,"void batch_decode_kernels::grouped_expert_down<16, 1>(float const*, unsigned short const*, char const*, unsigned long const*, int const*, int const*, float*, int, int, int, int)",1
2076,"batch_decode_kernels::reduce_routes_add(float*, float const*, float const*, int, int, int)",1
2077,"batch_decode_kernels::mfma_gemm(float*, float const*, unsigned short const*, int, int, int, int)",1
2078,"batch_decode_kernels::rmsnorm(float*, float const*, unsigned short const*, int, int, float)",1
2079,"batch_decode_kernels::mfma_gemm(float*, float const*, unsigned short const*, int, int, int, int)",1
2080,"batch_decode_kernels::argmax(float const*, int, int*, int)",1
2081,"batch_decode_kernels::embedding(float*, unsigned short const*, int const*, int*, int, int, int, int)",1
2082,"batch_decode_kernels::rmsnorm(float*, float const*, unsigned short const*, int, int, float)",1
2083,"batch_decode_kernels::mfma_gemm(float*, float const*, unsigned short const*, int, int, int, int)",1
2084,"batch_decode_kernels::mfma_gemm(float*, float const*, unsigned short const*, int, int, int, int)",1
2085,"batch_decode_kernels::kv_norm_rope(unsigned short*, float const*, unsigned short const*, int, int, int, int, int, int, float const*, int, float)",1
2086,"batch_decode_kernels::mfma_head_gemm(float*, float const*, unsigned short const*, int, int, int, int, int, int, unsigned long)",1
2087,"batch_decode_kernels::q_rope(float*, float const*, int, int, int, int, int, int, float const*, int)",1
2088,"batch_decode_kernels::attention_score(float*, float const*, float const*, unsigned short const*, int, int, int, int, int, int, int, float)",1
2089,"void attention_kernels::softmax_rows_kernel<256>(float*, int, int, int, int)",1
2090,"batch_decode_kernels::latent_context(float*, float const*, unsigned short const*, int, int, int, int, int, int)",1
2091,"batch_decode_kernels::mfma_head_gemm(float*, float const*, unsigned short const*, int, int, int, int, int, int, unsigned long)",1
2092,"batch_decode_kernels::mfma_gemm(float*, float const*, unsigned short const*, int, int, int, int)",1
2093,"batch_decode_kernels::rmsnorm(float*, float const*, unsigned short const*, int, int, float)",1
2094,"batch_decode_kernels::mfma_gate_up_swiglu(float*, float const*, unsigned short const*, unsigned short const*, int, int, int)",1
2095,"batch_decode_kernels::mfma_gemm(float*, float const*, unsigned short const*, int, int, int, int)",1
2096,"batch_decode_kernels::rmsnorm(float*, float const*, unsigned short const*, int, int, float)",1
2097,"batch_decode_kernels::mfma_gemm(float*, float const*, unsigned short const*, int, int, int, int)",1
2098,"batch_decode_kernels::mfma_gemm(float*, float const*, unsigned short const*, int, int, int, int)",1
2099,"batch_decode_kernels::kv_norm_rope(unsigned short*, float const*, unsigned short const*, int, int, int, int, int, int, float const*, int, float)",1
2100,"batch_decode_kernels::mfma_head_gemm(float*, float const*, unsigned short const*, int, int, int, int, int, int, unsigned long)",1
2101,"batch_decode_kernels::q_rope(float*, float const*, int, int, int, int, int, int, float const*, int)",1
2102,"batch_decode_kernels::attention_score(float*, float const*, float const*, unsigned short const*, int, int, int, int, int, int, int, float)",1
2103,"void attention_kernels::softmax_rows_kernel<256>(float*, int, int, int, int)",1
2104,"batch_decode_kernels::latent_context(float*, float const*, unsigned short const*, int, int, int, int, int, int)",1
2105,"batch_decode_kernels::mfma_head_gemm(float*, float const*, unsigned short const*, int, int, int, int, int, int, unsigned long)",1
2106,"batch_decode_kernels::mfma_gemm(float*, float const*, unsigned short const*, int, int, int, int)",1
2107,"batch_decode_kernels::rmsnorm(float*, float const*, unsigned short const*, int, int, float)",1
2108,"batch_decode_kernels::mfma_gemm(float*, float const*, unsigned short const*, int, int, int, int)",1
2109,"void moe_kernels::router_topk_wave64_kernel<64>(float*, float const*, int*, float*, int, int, int, int, int, float)",1
2110,"batch_decode_kernels::align_routes(int const*, int, int, int, int*, int*, int*)",1
2111,"void batch_decode_kernels::grouped_expert_gate_up<16, 1>(float const*, char const*, unsigned long const*, unsigned long const*, int const*, int const*, float*, unsigned short*, int, int, int, int, int)",1
2112,"batch_decode_kernels::mfma_gate_up_swiglu(float*, float const*, unsigned short const*, unsigned short const*, int, int, int)",1
2113,"void batch_decode_kernels::grouped_expert_down<16, 1>(float const*, unsigned short const*, char const*, unsigned long const*, int const*, int const*, float*, int, int, int, int)",1
2114,"batch_decode_kernels::reduce_routes_add(float*, float const*, float const*, int, int, int)",1
2115,"batch_decode_kernels::mfma_gemm(float*, float const*, unsigned short const*, int, int, int, int)",1
2116,"batch_decode_kernels::rmsnorm(float*, float const*, unsigned short const*, int, int, float)",1
2117,"batch_decode_kernels::mfma_gemm(float*, float const*, unsigned short const*, int, int, int, int)",1
2118,"batch_decode_kernels::mfma_gemm(float*, float const*, unsigned short const*, int, int, int, int)",1
2119,"batch_decode_kernels::kv_norm_rope(unsigned short*, float const*, unsigned short const*, int, int, int, int, int, int, float const*, int, float)",1
2120,"batch_decode_kernels::mfma_head_gemm(float*, float const*, unsigned short const*, int, int, int, int, int, int, unsigned long)",1
2121,"batch_decode_kernels::q_rope(float*, float const*, int, int, int, int, int, int, float const*, int)",1
2122,"batch_decode_kernels::attention_score(float*, float const*, float const*, unsigned short const*, int, int, int, int, int, int, int, float)",1
2123,"void attention_kernels::softmax_rows_kernel<256>(float*, int, int, int, int)",1
2124,"batch_decode_kernels::latent_context(float*, float const*, unsigned short const*, int, int, int, int, int, int)",1
2125,"batch_decode_kernels::mfma_head_gemm(float*, float const*, unsigned short const*, int, int, int, int, int, int, unsigned long)",1
2126,"batch_decode_kernels::mfma_gemm(float*, float const*, unsigned short const*, int, int, int, int)",1
2127,"batch_decode_kernels::rmsnorm(float*, float const*, unsigned short const*, int, int, float)",1
2128,"batch_decode_kernels::mfma_gemm(float*, float const*, unsigned short const*, int, int, int, int)",1
2129,"void moe_kernels::router_topk_wave64_kernel<64>(float*, float const*, int*, float*, int, int, int, int, int, float)",1
2130,"batch_decode_kernels::align_routes(int const*, int, int, int, int*, int*, int*)",1
2131,"void batch_decode_kernels::grouped_expert_gate_up<16, 1>(float const*, char const*, unsigned long const*, unsigned long const*, int const*, int const*, float*, unsigned short*, int, int, int, int, int)",1
2132,"batch_decode_kernels::mfma_gate_up_swiglu(float*, float const*, unsigned short const*, unsigned short const*, int, int, int)",1
2133,"void batch_decode_kernels::grouped_expert_down<16, 1>(float const*, unsigned short const*, char const*, unsigned long const*, int const*, int const*, float*, int, int, int, int)",1
2134,"batch_decode_kernels::reduce_routes_add(float*, float const*, float const*, int, int, int)",1
2135,"batch_decode_kernels::mfma_gemm(float*, float const*, unsigned short const*, int, int, int, int)",1
2136,"batch_decode_kernels::rmsnorm(float*, float const*, unsigned short const*, int, int, float)",1
2137,"batch_decode_kernels::mfma_gemm(float*, float const*, unsigned short const*, int, int, int, int)",1
2138,"batch_decode_kernels::mfma_gemm(float*, float const*, unsigned short const*, int, int, int, int)",1
2139,"batch_decode_kernels::kv_norm_rope(unsigned short*, float const*, unsigned short const*, int, int, int, int, int, int, float const*, int, float)",1
2140,"batch_decode_kernels::mfma_head_gemm(float*, float const*, unsigned short const*, int, int, int, int, int, int, unsigned long)",1
2141,"batch_decode_kernels::q_rope(float*, float const*, int, int, int, int, int, int, float const*, int)",1
2142,"batch_decode_kernels::attention_score(float*, float const*, float const*, unsigned short const*, int, int, int, int, int, int, int, float)",1
2143,"void attention_kernels::softmax_rows_kernel<256>(float*, int, int, int, int)",1
2144,"batch_decode_kernels::latent_context(float*, float const*, unsigned short const*, int, int, int, int, int, int)",1
2145,"batch_decode_kernels::mfma_head_gemm(float*, float const*, unsigned short const*, int, int, int, int, int, int, unsigned long)",1
2146,"batch_decode_kernels::mfma_gemm(float*, float const*, unsigned short const*, int, int, int, int)",1
2147,"batch_decode_kernels::rmsnorm(float*, float const*, unsigned short const*, int, int, float)",1
2148,"batch_decode_kernels::mfma_gemm(float*, float const*, unsigned short const*, int, int, int, int)",1
2149,"void moe_kernels::router_topk_wave64_kernel<64>(float*, float const*, int*, float*, int, int, int, int, int, float)",1
2150,"batch_decode_kernels::align_routes(int const*, int, int, int, int*, int*, int*)",1
2151,"void batch_decode_kernels::grouped_expert_gate_up<16, 1>(float const*, char const*, unsigned long const*, unsigned long const*, int const*, int const*, float*, unsigned short*, int, int, int, int, int)",1
2152,"batch_decode_kernels::mfma_gate_up_swiglu(float*, float const*, unsigned short const*, unsigned short const*, int, int, int)",1
2153,"void batch_decode_kernels::grouped_expert_down<16, 1>(float const*, unsigned short const*, char const*, unsigned long const*, int const*, int const*, float*, int, int, int, int)",1
2154,"batch_decode_kernels::reduce_routes_add(float*, float const*, float const*, int, int, int)",1
2155,"batch_decode_kernels::mfma_gemm(float*, float const*, unsigned short const*, int, int, int, int)",1
2156,"batch_decode_kernels::rmsnorm(float*, float const*, unsigned short const*, int, int, float)",1
2157,"batch_decode_kernels::mfma_gemm(float*, float const*, unsigned short const*, int, int, int, int)",1
2158,"batch_decode_kernels::mfma_gemm(float*, float const*, unsigned short const*, int, int, int, int)",1
2159,"batch_decode_kernels::kv_norm_rope(unsigned short*, float const*, unsigned short const*, int, int, int, int, int, int, float const*, int, float)",1
2160,"batch_decode_kernels::mfma_head_gemm(float*, float const*, unsigned short const*, int, int, int, int, int, int, unsigned long)",1
2161,"batch_decode_kernels::q_rope(float*, float const*, int, int, int, int, int, int, float const*, int)",1
2162,"batch_decode_kernels::attention_score(float*, float const*, float const*, unsigned short const*, int, int, int, int, int, int, int, float)",1
2163,"void attention_kernels::softmax_rows_kernel<256>(float*, int, int, int, int)",1
2164,"batch_decode_kernels::latent_context(float*, float const*, unsigned short const*, int, int, int, int, int, int)",1
2165,"batch_decode_kernels::mfma_head_gemm(float*, float const*, unsigned short const*, int, int, int, int, int, int, unsigned long)",1
2166,"batch_decode_kernels::mfma_gemm(float*, float const*, unsigned short const*, int, int, int, int)",1
2167,"batch_decode_kernels::rmsnorm(float*, float const*, unsigned short const*, int, int, float)",1
2168,"batch_decode_kernels::mfma_gemm(float*, float const*, unsigned short const*, int, int, int, int)",1
2169,"void moe_kernels::router_topk_wave64_kernel<64>(float*, float const*, int*, float*, int, int, int, int, int, float)",1
2170,"batch_decode_kernels::align_routes(int const*, int, int, int, int*, int*, int*)",1
2171,"void batch_decode_kernels::grouped_expert_gate_up<16, 1>(float const*, char const*, unsigned long const*, unsigned long const*, int const*, int const*, float*, unsigned short*, int, int, int, int, int)",1
2172,"batch_decode_kernels::mfma_gate_up_swiglu(float*, float const*, unsigned short const*, unsigned short const*, int, int, int)",1
2173,"void batch_decode_kernels::grouped_expert_down<16, 1>(float const*, unsigned short const*, char const*, unsigned long const*, int const*, int const*, float*, int, int, int, int)",1
2174,"batch_decode_kernels::reduce_routes_add(float*, float const*, float const*, int, int, int)",1
2175,"batch_decode_kernels::mfma_gemm(float*, float const*, unsigned short const*, int, int, int, int)",1
2176,"batch_decode_kernels::rmsnorm(float*, float const*, unsigned short const*, int, int, float)",1
2177,"batch_decode_kernels::mfma_gemm(float*, float const*, unsigned short const*, int, int, int, int)",1
2178,"batch_decode_kernels::mfma_gemm(float*, float const*, unsigned short const*, int, int, int, int)",1
2179,"batch_decode_kernels::kv_norm_rope(unsigned short*, float const*, unsigned short const*, int, int, int, int, int, int, float const*, int, float)",1
2180,"batch_decode_kernels::mfma_head_gemm(float*, float const*, unsigned short const*, int, int, int, int, int, int, unsigned long)",1
2181,"batch_decode_kernels::q_rope(float*, float const*, int, int, int, int, int, int, float const*, int)",1
2182,"batch_decode_kernels::attention_score(float*, float const*, float const*, unsigned short const*, int, int, int, int, int, int, int, float)",1
2183,"void attention_kernels::softmax_rows_kernel<256>(float*, int, int, int, int)",1
2184,"batch_decode_kernels::latent_context(float*, float const*, unsigned short const*, int, int, int, int, int, int)",1
2185,"batch_decode_kernels::mfma_head_gemm(float*, float const*, unsigned short const*, int, int, int, int, int, int, unsigned long)",1
2186,"batch_decode_kernels::mfma_gemm(float*, float const*, unsigned short const*, int, int, int, int)",1
2187,"batch_decode_kernels::rmsnorm(float*, float const*, unsigned short const*, int, int, float)",1
2188,"batch_decode_kernels::mfma_gemm(float*, float const*, unsigned short const*, int, int, int, int)",1
2189,"void moe_kernels::router_topk_wave64_kernel<64>(float*, float const*, int*, float*, int, int, int, int, int, float)",1
2190,"batch_decode_kernels::align_routes(int const*, int, int, int, int*, int*, int*)",1
2191,"void batch_decode_kernels::grouped_expert_gate_up<16, 1>(float const*, char const*, unsigned long const*, unsigned long const*, int const*, int const*, float*, unsigned short*, int, int, int, int, int)",1
2192,"batch_decode_kernels::mfma_gate_up_swiglu(float*, float const*, unsigned short const*, unsigned short const*, int, int, int)",1
2193,"void batch_decode_kernels::grouped_expert_down<16, 1>(float const*, unsigned short const*, char const*, unsigned long const*, int const*, int const*, float*, int, int, int, int)",1
2194,"batch_decode_kernels::reduce_routes_add(float*, float const*, float const*, int, int, int)",1
2195,"batch_decode_kernels::mfma_gemm(float*, float const*, unsigned short const*, int, int, int, int)",1
2196,"batch_decode_kernels::rmsnorm(float*, float const*, unsigned short const*, int, int, float)",1
2197,"batch_decode_kernels::mfma_gemm(float*, float const*, unsigned short const*, int, int, int, int)",1
2198,"batch_decode_kernels::mfma_gemm(float*, float const*, unsigned short const*, int, int, int, int)",1
2199,"batch_decode_kernels::kv_norm_rope(unsigned short*, float const*, unsigned short const*, int, int, int, int, int, int, float const*, int, float)",1
2200,"batch_decode_kernels::mfma_head_gemm(float*, float const*, unsigned short const*, int, int, int, int, int, int, unsigned long)",1
2201,"batch_decode_kernels::q_rope(float*, float const*, int, int, int, int, int, int, float const*, int)",1
2202,"batch_decode_kernels::attention_score(float*, float const*, float const*, unsigned short const*, int, int, int, int, int, int, int, float)",1
2203,"void attention_kernels::softmax_rows_kernel<256>(float*, int, int, int, int)",1
2204,"batch_decode_kernels::latent_context(float*, float const*, unsigned short const*, int, int, int, int, int, int)",1
2205,"batch_decode_kernels::mfma_head_gemm(float*, float const*, unsigned short const*, int, int, int, int, int, int, unsigned long)",1
2206,"batch_decode_kernels::mfma_gemm(float*, float const*, unsigned short const*, int, int, int, int)",1
2207,"batch_decode_kernels::rmsnorm(float*, float const*, unsigned short const*, int, int, float)",1
2208,"batch_decode_kernels::mfma_gemm(float*, float const*, unsigned short const*, int, int, int, int)",1
2209,"void moe_kernels::router_topk_wave64_kernel<64>(float*, float const*, int*, float*, int, int, int, int, int, float)",1
2210,"batch_decode_kernels::align_routes(int const*, int, int, int, int*, int*, int*)",1
2211,"void batch_decode_kernels::grouped_expert_gate_up<16, 1>(float const*, char const*, unsigned long const*, unsigned long const*, int const*, int const*, float*, unsigned short*, int, int, int, int, int)",1
2212,"batch_decode_kernels::mfma_gate_up_swiglu(float*, float const*, unsigned short const*, unsigned short const*, int, int, int)",1
2213,"void batch_decode_kernels::grouped_expert_down<16, 1>(float const*, unsigned short const*, char const*, unsigned long const*, int const*, int const*, float*, int, int, int, int)",1
2214,"batch_decode_kernels::reduce_routes_add(float*, float const*, float const*, int, int, int)",1
2215,"batch_decode_kernels::mfma_gemm(float*, float const*, unsigned short const*, int, int, int, int)",1
2216,"batch_decode_kernels::rmsnorm(float*, float const*, unsigned short const*, int, int, float)",1
2217,"batch_decode_kernels::mfma_gemm(float*, float const*, unsigned short const*, int, int, int, int)",1
2218,"batch_decode_kernels::mfma_gemm(float*, float const*, unsigned short const*, int, int, int, int)",1
2219,"batch_decode_kernels::kv_norm_rope(unsigned short*, float const*, unsigned short const*, int, int, int, int, int, int, float const*, int, float)",1
2220,"batch_decode_kernels::mfma_head_gemm(float*, float const*, unsigned short const*, int, int, int, int, int, int, unsigned long)",1
2221,"batch_decode_kernels::q_rope(float*, float const*, int, int, int, int, int, int, float const*, int)",1
2222,"batch_decode_kernels::attention_score(float*, float const*, float const*, unsigned short const*, int, int, int, int, int, int, int, float)",1
2223,"void attention_kernels::softmax_rows_kernel<256>(float*, int, int, int, int)",1
2224,"batch_decode_kernels::latent_context(float*, float const*, unsigned short const*, int, int, int, int, int, int)",1
2225,"batch_decode_kernels::mfma_head_gemm(float*, float const*, unsigned short const*, int, int, int, int, int, int, unsigned long)",1
2226,"batch_decode_kernels::mfma_gemm(float*, float const*, unsigned short const*, int, int, int, int)",1
2227,"batch_decode_kernels::rmsnorm(float*, float const*, unsigned short const*, int, int, float)",1
2228,"batch_decode_kernels::mfma_gemm(float*, float const*, unsigned short const*, int, int, int, int)",1
2229,"void moe_kernels::router_topk_wave64_kernel<64>(float*, float const*, int*, float*, int, int, int, int, int, float)",1
2230,"batch_decode_kernels::align_routes(int const*, int, int, int, int*, int*, int*)",1
2231,"void batch_decode_kernels::grouped_expert_gate_up<16, 1>(float const*, char const*, unsigned long const*, unsigned long const*, int const*, int const*, float*, unsigned short*, int, int, int, int, int)",1
2232,"batch_decode_kernels::mfma_gate_up_swiglu(float*, float const*, unsigned short const*, unsigned short const*, int, int, int)",1
2233,"void batch_decode_kernels::grouped_expert_down<16, 1>(float const*, unsigned short const*, char const*, unsigned long const*, int const*, int const*, float*, int, int, int, int)",1
2234,"batch_decode_kernels::reduce_routes_add(float*, float const*, float const*, int, int, int)",1
2235,"batch_decode_kernels::mfma_gemm(float*, float const*, unsigned short const*, int, int, int, int)",1
2236,"batch_decode_kernels::rmsnorm(float*, float const*, unsigned short const*, int, int, float)",1
2237,"batch_decode_kernels::mfma_gemm(float*, float const*, unsigned short const*, int, int, int, int)",1
2238,"batch_decode_kernels::mfma_gemm(float*, float const*, unsigned short const*, int, int, int, int)",1
2239,"batch_decode_kernels::kv_norm_rope(unsigned short*, float const*, unsigned short const*, int, int, int, int, int, int, float const*, int, float)",1
2240,"batch_decode_kernels::mfma_head_gemm(float*, float const*, unsigned short const*, int, int, int, int, int, int, unsigned long)",1
2241,"batch_decode_kernels::q_rope(float*, float const*, int, int, int, int, int, int, float const*, int)",1
2242,"batch_decode_kernels::attention_score(float*, float const*, float const*, unsigned short const*, int, int, int, int, int, int, int, float)",1
2243,"void attention_kernels::softmax_rows_kernel<256>(float*, int, int, int, int)",1
2244,"batch_decode_kernels::latent_context(float*, float const*, unsigned short const*, int, int, int, int, int, int)",1
2245,"batch_decode_kernels::mfma_head_gemm(float*, float const*, unsigned short const*, int, int, int, int, int, int, unsigned long)",1
2246,"batch_decode_kernels::mfma_gemm(float*, float const*, unsigned short const*, int, int, int, int)",1
2247,"batch_decode_kernels::rmsnorm(float*, float const*, unsigned short const*, int, int, float)",1
2248,"batch_decode_kernels::mfma_gemm(float*, float const*, unsigned short const*, int, int, int, int)",1
2249,"void moe_kernels::router_topk_wave64_kernel<64>(float*, float const*, int*, float*, int, int, int, int, int, float)",1
2250,"batch_decode_kernels::align_routes(int const*, int, int, int, int*, int*, int*)",1
2251,"void batch_decode_kernels::grouped_expert_gate_up<16, 1>(float const*, char const*, unsigned long const*, unsigned long const*, int const*, int const*, float*, unsigned short*, int, int, int, int, int)",1
2252,"batch_decode_kernels::mfma_gate_up_swiglu(float*, float const*, unsigned short const*, unsigned short const*, int, int, int)",1
2253,"void batch_decode_kernels::grouped_expert_down<16, 1>(float const*, unsigned short const*, char const*, unsigned long const*, int const*, int const*, float*, int, int, int, int)",1
2254,"batch_decode_kernels::reduce_routes_add(float*, float const*, float const*, int, int, int)",1
2255,"batch_decode_kernels::mfma_gemm(float*, float const*, unsigned short const*, int, int, int, int)",1
2256,"batch_decode_kernels::rmsnorm(float*, float const*, unsigned short const*, int, int, float)",1
2257,"batch_decode_kernels::mfma_gemm(float*, float const*, unsigned short const*, int, int, int, int)",1
2258,"batch_decode_kernels::mfma_gemm(float*, float const*, unsigned short const*, int, int, int, int)",1
2259,"batch_decode_kernels::kv_norm_rope(unsigned short*, float const*, unsigned short const*, int, int, int, int, int, int, float const*, int, float)",1
2260,"batch_decode_kernels::mfma_head_gemm(float*, float const*, unsigned short const*, int, int, int, int, int, int, unsigned long)",1
2261,"batch_decode_kernels::q_rope(float*, float const*, int, int, int, int, int, int, float const*, int)",1
2262,"batch_decode_kernels::attention_score(float*, float const*, float const*, unsigned short const*, int, int, int, int, int, int, int, float)",1
2263,"void attention_kernels::softmax_rows_kernel<256>(float*, int, int, int, int)",1
2264,"batch_decode_kernels::latent_context(float*, float const*, unsigned short const*, int, int, int, int, int, int)",1
2265,"batch_decode_kernels::mfma_head_gemm(float*, float const*, unsigned short const*, int, int, int, int, int, int, unsigned long)",1
2266,"batch_decode_kernels::mfma_gemm(float*, float const*, unsigned short const*, int, int, int, int)",1
2267,"batch_decode_kernels::rmsnorm(float*, float const*, unsigned short const*, int, int, float)",1
2268,"batch_decode_kernels::mfma_gemm(float*, float const*, unsigned short const*, int, int, int, int)",1
2269,"void moe_kernels::router_topk_wave64_kernel<64>(float*, float const*, int*, float*, int, int, int, int, int, float)",1
2270,"batch_decode_kernels::align_routes(int const*, int, int, int, int*, int*, int*)",1
2271,"void batch_decode_kernels::grouped_expert_gate_up<16, 1>(float const*, char const*, unsigned long const*, unsigned long const*, int const*, int const*, float*, unsigned short*, int, int, int, int, int)",1
2272,"batch_decode_kernels::mfma_gate_up_swiglu(float*, float const*, unsigned short const*, unsigned short const*, int, int, int)",1
2273,"void batch_decode_kernels::grouped_expert_down<16, 1>(float const*, unsigned short const*, char const*, unsigned long const*, int const*, int const*, float*, int, int, int, int)",1
2274,"batch_decode_kernels::reduce_routes_add(float*, float const*, float const*, int, int, int)",1
2275,"batch_decode_kernels::mfma_gemm(float*, float const*, unsigned short const*, int, int, int, int)",1
2276,"batch_decode_kernels::rmsnorm(float*, float const*, unsigned short const*, int, int, float)",1
2277,"batch_decode_kernels::mfma_gemm(float*, float const*, unsigned short const*, int, int, int, int)",1
2278,"batch_decode_kernels::mfma_gemm(float*, float const*, unsigned short const*, int, int, int, int)",1
2279,"batch_decode_kernels::kv_norm_rope(unsigned short*, float const*, unsigned short const*, int, int, int, int, int, int, float const*, int, float)",1
2280,"batch_decode_kernels::mfma_head_gemm(float*, float const*, unsigned short const*, int, int, int, int, int, int, unsigned long)",1
2281,"batch_decode_kernels::q_rope(float*, float const*, int, int, int, int, int, int, float const*, int)",1
2282,"batch_decode_kernels::attention_score(float*, float const*, float const*, unsigned short const*, int, int, int, int, int, int, int, float)",1
2283,"void attention_kernels::softmax_rows_kernel<256>(float*, int, int, int, int)",1
2284,"batch_decode_kernels::latent_context(float*, float const*, unsigned short const*, int, int, int, int, int, int)",1
2285,"batch_decode_kernels::mfma_head_gemm(float*, float const*, unsigned short const*, int, int, int, int, int, int, unsigned long)",1
2286,"batch_decode_kernels::mfma_gemm(float*, float const*, unsigned short const*, int, int, int, int)",1
2287,"batch_decode_kernels::rmsnorm(float*, float const*, unsigned short const*, int, int, float)",1
2288,"batch_decode_kernels::mfma_gemm(float*, float const*, unsigned short const*, int, int, int, int)",1
2289,"void moe_kernels::router_topk_wave64_kernel<64>(float*, float const*, int*, float*, int, int, int, int, int, float)",1
2290,"batch_decode_kernels::align_routes(int const*, int, int, int, int*, int*, int*)",1
2291,"void batch_decode_kernels::grouped_expert_gate_up<16, 1>(float const*, char const*, unsigned long const*, unsigned long const*, int const*, int const*, float*, unsigned short*, int, int, int, int, int)",1
2292,"batch_decode_kernels::mfma_gate_up_swiglu(float*, float const*, unsigned short const*, unsigned short const*, int, int, int)",1
2293,"void batch_decode_kernels::grouped_expert_down<16, 1>(float const*, unsigned short const*, char const*, unsigned long const*, int const*, int const*, float*, int, int, int, int)",1
2294,"batch_decode_kernels::reduce_routes_add(float*, float const*, float const*, int, int, int)",1
2295,"batch_decode_kernels::mfma_gemm(float*, float const*, unsigned short const*, int, int, int, int)",1
2296,"batch_decode_kernels::rmsnorm(float*, float const*, unsigned short const*, int, int, float)",1
2297,"batch_decode_kernels::mfma_gemm(float*, float const*, unsigned short const*, int, int, int, int)",1
2298,"batch_decode_kernels::mfma_gemm(float*, float const*, unsigned short const*, int, int, int, int)",1
2299,"batch_decode_kernels::kv_norm_rope(unsigned short*, float const*, unsigned short const*, int, int, int, int, int, int, float const*, int, float)",1
2300,"batch_decode_kernels::mfma_head_gemm(float*, float const*, unsigned short const*, int, int, int, int, int, int, unsigned long)",1
2301,"batch_decode_kernels::q_rope(float*, float const*, int, int, int, int, int, int, float const*, int)",1
2302,"batch_decode_kernels::attention_score(float*, float const*, float const*, unsigned short const*, int, int, int, int, int, int, int, float)",1
2303,"void attention_kernels::softmax_rows_kernel<256>(float*, int, int, int, int)",1
2304,"batch_decode_kernels::latent_context(float*, float const*, unsigned short const*, int, int, int, int, int, int)",1
2305,"batch_decode_kernels::mfma_head_gemm(float*, float const*, unsigned short const*, int, int, int, int, int, int, unsigned long)",1
2306,"batch_decode_kernels::mfma_gemm(float*, float const*, unsigned short const*, int, int, int, int)",1
2307,"batch_decode_kernels::rmsnorm(float*, float const*, unsigned short const*, int, int, float)",1
2308,"batch_decode_kernels::mfma_gemm(float*, float const*, unsigned short const*, int, int, int, int)",1
2309,"void moe_kernels::router_topk_wave64_kernel<64>(float*, float const*, int*, float*, int, int, int, int, int, float)",1
2310,"batch_decode_kernels::align_routes(int const*, int, int, int, int*, int*, int*)",1
2311,"void batch_decode_kernels::grouped_expert_gate_up<16, 1>(float const*, char const*, unsigned long const*, unsigned long const*, int const*, int const*, float*, unsigned short*, int, int, int, int, int)",1
2312,"batch_decode_kernels::mfma_gate_up_swiglu(float*, float const*, unsigned short const*, unsigned short const*, int, int, int)",1
2313,"void batch_decode_kernels::grouped_expert_down<16, 1>(float const*, unsigned short const*, char const*, unsigned long const*, int const*, int const*, float*, int, int, int, int)",1
2314,"batch_decode_kernels::reduce_routes_add(float*, float const*, float const*, int, int, int)",1
2315,"batch_decode_kernels::mfma_gemm(float*, float const*, unsigned short const*, int, int, int, int)",1
2316,"batch_decode_kernels::rmsnorm(float*, float const*, unsigned short const*, int, int, float)",1
2317,"batch_decode_kernels::mfma_gemm(float*, float const*, unsigned short const*, int, int, int, int)",1
2318,"batch_decode_kernels::mfma_gemm(float*, float const*, unsigned short const*, int, int, int, int)",1
2319,"batch_decode_kernels::kv_norm_rope(unsigned short*, float const*, unsigned short const*, int, int, int, int, int, int, float const*, int, float)",1
2320,"batch_decode_kernels::mfma_head_gemm(float*, float const*, unsigned short const*, int, int, int, int, int, int, unsigned long)",1
2321,"batch_decode_kernels::q_rope(float*, float const*, int, int, int, int, int, int, float const*, int)",1
2322,"batch_decode_kernels::attention_score(float*, float const*, float const*, unsigned short const*, int, int, int, int, int, int, int, float)",1
2323,"void attention_kernels::softmax_rows_kernel<256>(float*, int, int, int, int)",1
2324,"batch_decode_kernels::latent_context(float*, float const*, unsigned short const*, int, int, int, int, int, int)",1
2325,"batch_decode_kernels::mfma_head_gemm(float*, float const*, unsigned short const*, int, int, int, int, int, int, unsigned long)",1
2326,"batch_decode_kernels::mfma_gemm(float*, float const*, unsigned short const*, int, int, int, int)",1
2327,"batch_decode_kernels::rmsnorm(float*, float const*, unsigned short const*, int, int, float)",1
2328,"batch_decode_kernels::mfma_gemm(float*, float const*, unsigned short const*, int, int, int, int)",1
2329,"void moe_kernels::router_topk_wave64_kernel<64>(float*, float const*, int*, float*, int, int, int, int, int, float)",1
2330,"batch_decode_kernels::align_routes(int const*, int, int, int, int*, int*, int*)",1
2331,"void batch_decode_kernels::grouped_expert_gate_up<16, 1>(float const*, char const*, unsigned long const*, unsigned long const*, int const*, int const*, float*, unsigned short*, int, int, int, int, int)",1
2332,"batch_decode_kernels::mfma_gate_up_swiglu(float*, float const*, unsigned short const*, unsigned short const*, int, int, int)",1
2333,"void batch_decode_kernels::grouped_expert_down<16, 1>(float const*, unsigned short const*, char const*, unsigned long const*, int const*, int const*, float*, int, int, int, int)",1
2334,"batch_decode_kernels::reduce_routes_add(float*, float const*, float const*, int, int, int)",1
2335,"batch_decode_kernels::mfma_gemm(float*, float const*, unsigned short const*, int, int, int, int)",1
2336,"batch_decode_kernels::rmsnorm(float*, float const*, unsigned short const*, int, int, float)",1
2337,"batch_decode_kernels::mfma_gemm(float*, float const*, unsigned short const*, int, int, int, int)",1
2338,"batch_decode_kernels::mfma_gemm(float*, float const*, unsigned short const*, int, int, int, int)",1
2339,"batch_decode_kernels::kv_norm_rope(unsigned short*, float const*, unsigned short const*, int, int, int, int, int, int, float const*, int, float)",1
2340,"batch_decode_kernels::mfma_head_gemm(float*, float const*, unsigned short const*, int, int, int, int, int, int, unsigned long)",1
2341,"batch_decode_kernels::q_rope(float*, float const*, int, int, int, int, int, int, float const*, int)",1
2342,"batch_decode_kernels::attention_score(float*, float const*, float const*, unsigned short const*, int, int, int, int, int, int, int, float)",1
2343,"void attention_kernels::softmax_rows_kernel<256>(float*, int, int, int, int)",1
2344,"batch_decode_kernels::latent_context(float*, float const*, unsigned short const*, int, int, int, int, int, int)",1
2345,"batch_decode_kernels::mfma_head_gemm(float*, float const*, unsigned short const*, int, int, int, int, int, int, unsigned long)",1
2346,"batch_decode_kernels::mfma_gemm(float*, float const*, unsigned short const*, int, int, int, int)",1
2347,"batch_decode_kernels::rmsnorm(float*, float const*, unsigned short const*, int, int, float)",1
2348,"batch_decode_kernels::mfma_gemm(float*, float const*, unsigned short const*, int, int, int, int)",1
2349,"void moe_kernels::router_topk_wave64_kernel<64>(float*, float const*, int*, float*, int, int, int, int, int, float)",1
2350,"batch_decode_kernels::align_routes(int const*, int, int, int, int*, int*, int*)",1
2351,"void batch_decode_kernels::grouped_expert_gate_up<16, 1>(float const*, char const*, unsigned long const*, unsigned long const*, int const*, int const*, float*, unsigned short*, int, int, int, int, int)",1
2352,"batch_decode_kernels::mfma_gate_up_swiglu(float*, float const*, unsigned short const*, unsigned short const*, int, int, int)",1
2353,"void batch_decode_kernels::grouped_expert_down<16, 1>(float const*, unsigned short const*, char const*, unsigned long const*, int const*, int const*, float*, int, int, int, int)",1
2354,"batch_decode_kernels::reduce_routes_add(float*, float const*, float const*, int, int, int)",1
2355,"batch_decode_kernels::mfma_gemm(float*, float const*, unsigned short const*, int, int, int, int)",1
2356,"batch_decode_kernels::rmsnorm(float*, float const*, unsigned short const*, int, int, float)",1
2357,"batch_decode_kernels::mfma_gemm(float*, float const*, unsigned short const*, int, int, int, int)",1
2358,"batch_decode_kernels::mfma_gemm(float*, float const*, unsigned short const*, int, int, int, int)",1
2359,"batch_decode_kernels::kv_norm_rope(unsigned short*, float const*, unsigned short const*, int, int, int, int, int, int, float const*, int, float)",1
2360,"batch_decode_kernels::mfma_head_gemm(float*, float const*, unsigned short const*, int, int, int, int, int, int, unsigned long)",1
2361,"batch_decode_kernels::q_rope(float*, float const*, int, int, int, int, int, int, float const*, int)",1
2362,"batch_decode_kernels::attention_score(float*, float const*, float const*, unsigned short const*, int, int, int, int, int, int, int, float)",1
2363,"void attention_kernels::softmax_rows_kernel<256>(float*, int, int, int, int)",1
2364,"batch_decode_kernels::latent_context(float*, float const*, unsigned short const*, int, int, int, int, int, int)",1
2365,"batch_decode_kernels::mfma_head_gemm(float*, float const*, unsigned short const*, int, int, int, int, int, int, unsigned long)",1
2366,"batch_decode_kernels::mfma_gemm(float*, float const*, unsigned short const*, int, int, int, int)",1
2367,"batch_decode_kernels::rmsnorm(float*, float const*, unsigned short const*, int, int, float)",1
2368,"batch_decode_kernels::mfma_gemm(float*, float const*, unsigned short const*, int, int, int, int)",1
2369,"void moe_kernels::router_topk_wave64_kernel<64>(float*, float const*, int*, float*, int, int, int, int, int, float)",1
2370,"batch_decode_kernels::align_routes(int const*, int, int, int, int*, int*, int*)",1
2371,"void batch_decode_kernels::grouped_expert_gate_up<16, 1>(float const*, char const*, unsigned long const*, unsigned long const*, int const*, int const*, float*, unsigned short*, int, int, int, int, int)",1
2372,"batch_decode_kernels::mfma_gate_up_swiglu(float*, float const*, unsigned short const*, unsigned short const*, int, int, int)",1
2373,"void batch_decode_kernels::grouped_expert_down<16, 1>(float const*, unsigned short const*, char const*, unsigned long const*, int const*, int const*, float*, int, int, int, int)",1
2374,"batch_decode_kernels::reduce_routes_add(float*, float const*, float const*, int, int, int)",1
2375,"batch_decode_kernels::mfma_gemm(float*, float const*, unsigned short const*, int, int, int, int)",1
2376,"batch_decode_kernels::rmsnorm(float*, float const*, unsigned short const*, int, int, float)",1
2377,"batch_decode_kernels::mfma_gemm(float*, float const*, unsigned short const*, int, int, int, int)",1
2378,"batch_decode_kernels::mfma_gemm(float*, float const*, unsigned short const*, int, int, int, int)",1
2379,"batch_decode_kernels::kv_norm_rope(unsigned short*, float const*, unsigned short const*, int, int, int, int, int, int, float const*, int, float)",1
2380,"batch_decode_kernels::mfma_head_gemm(float*, float const*, unsigned short const*, int, int, int, int, int, int, unsigned long)",1
2381,"batch_decode_kernels::q_rope(float*, float const*, int, int, int, int, int, int, float const*, int)",1
2382,"batch_decode_kernels::attention_score(float*, float const*, float const*, unsigned short const*, int, int, int, int, int, int, int, float)",1
2383,"void attention_kernels::softmax_rows_kernel<256>(float*, int, int, int, int)",1
2384,"batch_decode_kernels::latent_context(float*, float const*, unsigned short const*, int, int, int, int, int, int)",1
2385,"batch_decode_kernels::mfma_head_gemm(float*, float const*, unsigned short const*, int, int, int, int, int, int, unsigned long)",1
2386,"batch_decode_kernels::mfma_gemm(float*, float const*, unsigned short const*, int, int, int, int)",1
2387,"batch_decode_kernels::rmsnorm(float*, float const*, unsigned short const*, int, int, float)",1
2388,"batch_decode_kernels::mfma_gemm(float*, float const*, unsigned short const*, int, int, int, int)",1
2389,"void moe_kernels::router_topk_wave64_kernel<64>(float*, float const*, int*, float*, int, int, int, int, int, float)",1
2390,"batch_decode_kernels::align_routes(int const*, int, int, int, int*, int*, int*)",1
2391,"void batch_decode_kernels::grouped_expert_gate_up<16, 1>(float const*, char const*, unsigned long const*, unsigned long const*, int const*, int const*, float*, unsigned short*, int, int, int, int, int)",1
2392,"batch_decode_kernels::mfma_gate_up_swiglu(float*, float const*, unsigned short const*, unsigned short const*, int, int, int)",1
2393,"void batch_decode_kernels::grouped_expert_down<16, 1>(float const*, unsigned short const*, char const*, unsigned long const*, int const*, int const*, float*, int, int, int, int)",1
2394,"batch_decode_kernels::reduce_routes_add(float*, float const*, float const*, int, int, int)",1
2395,"batch_decode_kernels::mfma_gemm(float*, float const*, unsigned short const*, int, int, int, int)",1
2396,"batch_decode_kernels::rmsnorm(float*, float const*, unsigned short const*, int, int, float)",1
2397,"batch_decode_kernels::mfma_gemm(float*, float const*, unsigned short const*, int, int, int, int)",1
2398,"batch_decode_kernels::mfma_gemm(float*, float const*, unsigned short const*, int, int, int, int)",1
2399,"batch_decode_kernels::kv_norm_rope(unsigned short*, float const*, unsigned short const*, int, int, int, int, int, int, float const*, int, float)",1
2400,"batch_decode_kernels::mfma_head_gemm(float*, float const*, unsigned short const*, int, int, int, int, int, int, unsigned long)",1
2401,"batch_decode_kernels::q_rope(float*, float const*, int, int, int, int, int, int, float const*, int)",1
2402,"batch_decode_kernels::attention_score(float*, float const*, float const*, unsigned short const*, int, int, int, int, int, int, int, float)",1
2403,"void attention_kernels::softmax_rows_kernel<256>(float*, int, int, int, int)",1
2404,"batch_decode_kernels::latent_context(float*, float const*, unsigned short const*, int, int, int, int, int, int)",1
2405,"batch_decode_kernels::mfma_head_gemm(float*, float const*, unsigned short const*, int, int, int, int, int, int, unsigned long)",1
2406,"batch_decode_kernels::mfma_gemm(float*, float const*, unsigned short const*, int, int, int, int)",1
2407,"batch_decode_kernels::rmsnorm(float*, float const*, unsigned short const*, int, int, float)",1
2408,"batch_decode_kernels::mfma_gemm(float*, float const*, unsigned short const*, int, int, int, int)",1
2409,"void moe_kernels::router_topk_wave64_kernel<64>(float*, float const*, int*, float*, int, int, int, int, int, float)",1
2410,"batch_decode_kernels::align_routes(int const*, int, int, int, int*, int*, int*)",1
2411,"void batch_decode_kernels::grouped_expert_gate_up<16, 1>(float const*, char const*, unsigned long const*, unsigned long const*, int const*, int const*, float*, unsigned short*, int, int, int, int, int)",1
2412,"batch_decode_kernels::mfma_gate_up_swiglu(float*, float const*, unsigned short const*, unsigned short const*, int, int, int)",1
2413,"void batch_decode_kernels::grouped_expert_down<16, 1>(float const*, unsigned short const*, char const*, unsigned long const*, int const*, int const*, float*, int, int, int, int)",1
2414,"batch_decode_kernels::reduce_routes_add(float*, float const*, float const*, int, int, int)",1
2415,"batch_decode_kernels::mfma_gemm(float*, float const*, unsigned short const*, int, int, int, int)",1
2416,"batch_decode_kernels::rmsnorm(float*, float const*, unsigned short const*, int, int, float)",1
2417,"batch_decode_kernels::mfma_gemm(float*, float const*, unsigned short const*, int, int, int, int)",1
2418,"batch_decode_kernels::mfma_gemm(float*, float const*, unsigned short const*, int, int, int, int)",1
2419,"batch_decode_kernels::kv_norm_rope(unsigned short*, float const*, unsigned short const*, int, int, int, int, int, int, float const*, int, float)",1
2420,"batch_decode_kernels::mfma_head_gemm(float*, float const*, unsigned short const*, int, int, int, int, int, int, unsigned long)",1
2421,"batch_decode_kernels::q_rope(float*, float const*, int, int, int, int, int, int, float const*, int)",1
2422,"batch_decode_kernels::attention_score(float*, float const*, float const*, unsigned short const*, int, int, int, int, int, int, int, float)",1
2423,"void attention_kernels::softmax_rows_kernel<256>(float*, int, int, int, int)",1
2424,"batch_decode_kernels::latent_context(float*, float const*, unsigned short const*, int, int, int, int, int, int)",1
2425,"batch_decode_kernels::mfma_head_gemm(float*, float const*, unsigned short const*, int, int, int, int, int, int, unsigned long)",1
2426,"batch_decode_kernels::mfma_gemm(float*, float const*, unsigned short const*, int, int, int, int)",1
2427,"batch_decode_kernels::rmsnorm(float*, float const*, unsigned short const*, int, int, float)",1
2428,"batch_decode_kernels::mfma_gemm(float*, float const*, unsigned short const*, int, int, int, int)",1
2429,"void moe_kernels::router_topk_wave64_kernel<64>(float*, float const*, int*, float*, int, int, int, int, int, float)",1
2430,"batch_decode_kernels::align_routes(int const*, int, int, int, int*, int*, int*)",1
2431,"void batch_decode_kernels::grouped_expert_gate_up<16, 1>(float const*, char const*, unsigned long const*, unsigned long const*, int const*, int const*, float*, unsigned short*, int, int, int, int, int)",1
2432,"batch_decode_kernels::mfma_gate_up_swiglu(float*, float const*, unsigned short const*, unsigned short const*, int, int, int)",1
2433,"void batch_decode_kernels::grouped_expert_down<16, 1>(float const*, unsigned short const*, char const*, unsigned long const*, int const*, int const*, float*, int, int, int, int)",1
2434,"batch_decode_kernels::reduce_routes_add(float*, float const*, float const*, int, int, int)",1
2435,"batch_decode_kernels::mfma_gemm(float*, float const*, unsigned short const*, int, int, int, int)",1
2436,"batch_decode_kernels::rmsnorm(float*, float const*, unsigned short const*, int, int, float)",1
2437,"batch_decode_kernels::mfma_gemm(float*, float const*, unsigned short const*, int, int, int, int)",1
2438,"batch_decode_kernels::mfma_gemm(float*, float const*, unsigned short const*, int, int, int, int)",1
2439,"batch_decode_kernels::kv_norm_rope(unsigned short*, float const*, unsigned short const*, int, int, int, int, int, int, float const*, int, float)",1
2440,"batch_decode_kernels::mfma_head_gemm(float*, float const*, unsigned short const*, int, int, int, int, int, int, unsigned long)",1
2441,"batch_decode_kernels::q_rope(float*, float const*, int, int, int, int, int, int, float const*, int)",1
2442,"batch_decode_kernels::attention_score(float*, float const*, float const*, unsigned short const*, int, int, int, int, int, int, int, float)",1
2443,"void attention_kernels::softmax_rows_kernel<256>(float*, int, int, int, int)",1
2444,"batch_decode_kernels::latent_context(float*, float const*, unsigned short const*, int, int, int, int, int, int)",1
2445,"batch_decode_kernels::mfma_head_gemm(float*, float const*, unsigned short const*, int, int, int, int, int, int, unsigned long)",1
2446,"batch_decode_kernels::mfma_gemm(float*, float const*, unsigned short const*, int, int, int, int)",1
2447,"batch_decode_kernels::rmsnorm(float*, float const*, unsigned short const*, int, int, float)",1
2448,"batch_decode_kernels::mfma_gemm(float*, float const*, unsigned short const*, int, int, int, int)",1
2449,"void moe_kernels::router_topk_wave64_kernel<64>(float*, float const*, int*, float*, int, int, int, int, int, float)",1
2450,"batch_decode_kernels::align_routes(int const*, int, int, int, int*, int*, int*)",1
2451,"void batch_decode_kernels::grouped_expert_gate_up<16, 1>(float const*, char const*, unsigned long const*, unsigned long const*, int const*, int const*, float*, unsigned short*, int, int, int, int, int)",1
2452,"batch_decode_kernels::mfma_gate_up_swiglu(float*, float const*, unsigned short const*, unsigned short const*, int, int, int)",1
2453,"void batch_decode_kernels::grouped_expert_down<16, 1>(float const*, unsigned short const*, char const*, unsigned long const*, int const*, int const*, float*, int, int, int, int)",1
2454,"batch_decode_kernels::reduce_routes_add(float*, float const*, float const*, int, int, int)",1
2455,"batch_decode_kernels::mfma_gemm(float*, float const*, unsigned short const*, int, int, int, int)",1
2456,"batch_decode_kernels::rmsnorm(float*, float const*, unsigned short const*, int, int, float)",1
2457,"batch_decode_kernels::mfma_gemm(float*, float const*, unsigned short const*, int, int, int, int)",1
2458,"batch_decode_kernels::mfma_gemm(float*, float const*, unsigned short const*, int, int, int, int)",1
2459,"batch_decode_kernels::kv_norm_rope(unsigned short*, float const*, unsigned short const*, int, int, int, int, int, int, float const*, int, float)",1
2460,"batch_decode_kernels::mfma_head_gemm(float*, float const*, unsigned short const*, int, int, int, int, int, int, unsigned long)",1
2461,"batch_decode_kernels::q_rope(float*, float const*, int, int, int, int, int, int, float const*, int)",1
2462,"batch_decode_kernels::attention_score(float*, float const*, float const*, unsigned short const*, int, int, int, int, int, int, int, float)",1
2463,"void attention_kernels::softmax_rows_kernel<256>(float*, int, int, int, int)",1
2464,"batch_decode_kernels::latent_context(float*, float const*, unsigned short const*, int, int, int, int, int, int)",1
2465,"batch_decode_kernels::mfma_head_gemm(float*, float const*, unsigned short const*, int, int, int, int, int, int, unsigned long)",1
2466,"batch_decode_kernels::mfma_gemm(float*, float const*, unsigned short const*, int, int, int, int)",1
2467,"batch_decode_kernels::rmsnorm(float*, float const*, unsigned short const*, int, int, float)",1
2468,"batch_decode_kernels::mfma_gemm(float*, float const*, unsigned short const*, int, int, int, int)",1
2469,"void moe_kernels::router_topk_wave64_kernel<64>(float*, float const*, int*, float*, int, int, int, int, int, float)",1
2470,"batch_decode_kernels::align_routes(int const*, int, int, int, int*, int*, int*)",1
2471,"void batch_decode_kernels::grouped_expert_gate_up<16, 1>(float const*, char const*, unsigned long const*, unsigned long const*, int const*, int const*, float*, unsigned short*, int, int, int, int, int)",1
2472,"batch_decode_kernels::mfma_gate_up_swiglu(float*, float const*, unsigned short const*, unsigned short const*, int, int, int)",1
2473,"void batch_decode_kernels::grouped_expert_down<16, 1>(float const*, unsigned short const*, char const*, unsigned long const*, int const*, int const*, float*, int, int, int, int)",1
2474,"batch_decode_kernels::reduce_routes_add(float*, float const*, float const*, int, int, int)",1
2475,"batch_decode_kernels::mfma_gemm(float*, float const*, unsigned short const*, int, int, int, int)",1
2476,"batch_decode_kernels::rmsnorm(float*, float const*, unsigned short const*, int, int, float)",1
2477,"batch_decode_kernels::mfma_gemm(float*, float const*, unsigned short const*, int, int, int, int)",1
2478,"batch_decode_kernels::mfma_gemm(float*, float const*, unsigned short const*, int, int, int, int)",1
2479,"batch_decode_kernels::kv_norm_rope(unsigned short*, float const*, unsigned short const*, int, int, int, int, int, int, float const*, int, float)",1
2480,"batch_decode_kernels::mfma_head_gemm(float*, float const*, unsigned short const*, int, int, int, int, int, int, unsigned long)",1
2481,"batch_decode_kernels::q_rope(float*, float const*, int, int, int, int, int, int, float const*, int)",1
2482,"batch_decode_kernels::attention_score(float*, float const*, float const*, unsigned short const*, int, int, int, int, int, int, int, float)",1
2483,"void attention_kernels::softmax_rows_kernel<256>(float*, int, int, int, int)",1
2484,"batch_decode_kernels::latent_context(float*, float const*, unsigned short const*, int, int, int, int, int, int)",1
2485,"batch_decode_kernels::mfma_head_gemm(float*, float const*, unsigned short const*, int, int, int, int, int, int, unsigned long)",1
2486,"batch_decode_kernels::mfma_gemm(float*, float const*, unsigned short const*, int, int, int, int)",1
2487,"batch_decode_kernels::rmsnorm(float*, float const*, unsigned short const*, int, int, float)",1
2488,"batch_decode_kernels::mfma_gemm(float*, float const*, unsigned short const*, int, int, int, int)",1
2489,"void moe_kernels::router_topk_wave64_kernel<64>(float*, float const*, int*, float*, int, int, int, int, int, float)",1
2490,"batch_decode_kernels::align_routes(int const*, int, int, int, int*, int*, int*)",1
2491,"void batch_decode_kernels::grouped_expert_gate_up<16, 1>(float const*, char const*, unsigned long const*, unsigned long const*, int const*, int const*, float*, unsigned short*, int, int, int, int, int)",1
2492,"batch_decode_kernels::mfma_gate_up_swiglu(float*, float const*, unsigned short const*, unsigned short const*, int, int, int)",1
2493,"void batch_decode_kernels::grouped_expert_down<16, 1>(float const*, unsigned short const*, char const*, unsigned long const*, int const*, int const*, float*, int, int, int, int)",1
2494,"batch_decode_kernels::reduce_routes_add(float*, float const*, float const*, int, int, int)",1
2495,"batch_decode_kernels::mfma_gemm(float*, float const*, unsigned short const*, int, int, int, int)",1
2496,"batch_decode_kernels::rmsnorm(float*, float const*, unsigned short const*, int, int, float)",1
2497,"batch_decode_kernels::mfma_gemm(float*, float const*, unsigned short const*, int, int, int, int)",1
2498,"batch_decode_kernels::mfma_gemm(float*, float const*, unsigned short const*, int, int, int, int)",1
2499,"batch_decode_kernels::kv_norm_rope(unsigned short*, float const*, unsigned short const*, int, int, int, int, int, int, float const*, int, float)",1
2500,"batch_decode_kernels::mfma_head_gemm(float*, float const*, unsigned short const*, int, int, int, int, int, int, unsigned long)",1
2501,"batch_decode_kernels::q_rope(float*, float const*, int, int, int, int, int, int, float const*, int)",1
2502,"batch_decode_kernels::attention_score(float*, float const*, float const*, unsigned short const*, int, int, int, int, int, int, int, float)",1
2503,"void attention_kernels::softmax_rows_kernel<256>(float*, int, int, int, int)",1
2504,"batch_decode_kernels::latent_context(float*, float const*, unsigned short const*, int, int, int, int, int, int)",1
2505,"batch_decode_kernels::mfma_head_gemm(float*, float const*, unsigned short const*, int, int, int, int, int, int, unsigned long)",1
2506,"batch_decode_kernels::mfma_gemm(float*, float const*, unsigned short const*, int, int, int, int)",1
2507,"batch_decode_kernels::rmsnorm(float*, float const*, unsigned short const*, int, int, float)",1
2508,"batch_decode_kernels::mfma_gemm(float*, float const*, unsigned short const*, int, int, int, int)",1
2509,"void moe_kernels::router_topk_wave64_kernel<64>(float*, float const*, int*, float*, int, int, int, int, int, float)",1
2510,"batch_decode_kernels::align_routes(int const*, int, int, int, int*, int*, int*)",1
2511,"void batch_decode_kernels::grouped_expert_gate_up<16, 1>(float const*, char const*, unsigned long const*, unsigned long const*, int const*, int const*, float*, unsigned short*, int, int, int, int, int)",1
2512,"batch_decode_kernels::mfma_gate_up_swiglu(float*, float const*, unsigned short const*, unsigned short const*, int, int, int)",1
2513,"void batch_decode_kernels::grouped_expert_down<16, 1>(float const*, unsigned short const*, char const*, unsigned long const*, int const*, int const*, float*, int, int, int, int)",1
2514,"batch_decode_kernels::reduce_routes_add(float*, float const*, float const*, int, int, int)",1
2515,"batch_decode_kernels::mfma_gemm(float*, float const*, unsigned short const*, int, int, int, int)",1
2516,"batch_decode_kernels::rmsnorm(float*, float const*, unsigned short const*, int, int, float)",1
2517,"batch_decode_kernels::mfma_gemm(float*, float const*, unsigned short const*, int, int, int, int)",1
2518,"batch_decode_kernels::mfma_gemm(float*, float const*, unsigned short const*, int, int, int, int)",1
2519,"batch_decode_kernels::kv_norm_rope(unsigned short*, float const*, unsigned short const*, int, int, int, int, int, int, float const*, int, float)",1
2520,"batch_decode_kernels::mfma_head_gemm(float*, float const*, unsigned short const*, int, int, int, int, int, int, unsigned long)",1
2521,"batch_decode_kernels::q_rope(float*, float const*, int, int, int, int, int, int, float const*, int)",1
2522,"batch_decode_kernels::attention_score(float*, float const*, float const*, unsigned short const*, int, int, int, int, int, int, int, float)",1
2523,"void attention_kernels::softmax_rows_kernel<256>(float*, int, int, int, int)",1
2524,"batch_decode_kernels::latent_context(float*, float const*, unsigned short const*, int, int, int, int, int, int)",1
2525,"batch_decode_kernels::mfma_head_gemm(float*, float const*, unsigned short const*, int, int, int, int, int, int, unsigned long)",1
2526,"batch_decode_kernels::mfma_gemm(float*, float const*, unsigned short const*, int, int, int, int)",1
2527,"batch_decode_kernels::rmsnorm(float*, float const*, unsigned short const*, int, int, float)",1
2528,"batch_decode_kernels::mfma_gemm(float*, float const*, unsigned short const*, int, int, int, int)",1
2529,"void moe_kernels::router_topk_wave64_kernel<64>(float*, float const*, int*, float*, int, int, int, int, int, float)",1
2530,"batch_decode_kernels::align_routes(int const*, int, int, int, int*, int*, int*)",1
2531,"void batch_decode_kernels::grouped_expert_gate_up<16, 1>(float const*, char const*, unsigned long const*, unsigned long const*, int const*, int const*, float*, unsigned short*, int, int, int, int, int)",1
2532,"batch_decode_kernels::mfma_gate_up_swiglu(float*, float const*, unsigned short const*, unsigned short const*, int, int, int)",1
2533,"void batch_decode_kernels::grouped_expert_down<16, 1>(float const*, unsigned short const*, char const*, unsigned long const*, int const*, int const*, float*, int, int, int, int)",1
2534,"batch_decode_kernels::reduce_routes_add(float*, float const*, float const*, int, int, int)",1
2535,"batch_decode_kernels::mfma_gemm(float*, float const*, unsigned short const*, int, int, int, int)",1
2536,"batch_decode_kernels::rmsnorm(float*, float const*, unsigned short const*, int, int, float)",1
2537,"batch_decode_kernels::mfma_gemm(float*, float const*, unsigned short const*, int, int, int, int)",1
2538,"batch_decode_kernels::mfma_gemm(float*, float const*, unsigned short const*, int, int, int, int)",1
2539,"batch_decode_kernels::kv_norm_rope(unsigned short*, float const*, unsigned short const*, int, int, int, int, int, int, float const*, int, float)",1
2540,"batch_decode_kernels::mfma_head_gemm(float*, float const*, unsigned short const*, int, int, int, int, int, int, unsigned long)",1
2541,"batch_decode_kernels::q_rope(float*, float const*, int, int, int, int, int, int, float const*, int)",1
2542,"batch_decode_kernels::attention_score(float*, float const*, float const*, unsigned short const*, int, int, int, int, int, int, int, float)",1
2543,"void attention_kernels::softmax_rows_kernel<256>(float*, int, int, int, int)",1
2544,"batch_decode_kernels::latent_context(float*, float const*, unsigned short const*, int, int, int, int, int, int)",1
2545,"batch_decode_kernels::mfma_head_gemm(float*, float const*, unsigned short const*, int, int, int, int, int, int, unsigned long)",1
2546,"batch_decode_kernels::mfma_gemm(float*, float const*, unsigned short const*, int, int, int, int)",1
2547,"batch_decode_kernels::rmsnorm(float*, float const*, unsigned short const*, int, int, float)",1
2548,"batch_decode_kernels::mfma_gemm(float*, float const*, unsigned short const*, int, int, int, int)",1
2549,"void moe_kernels::router_topk_wave64_kernel<64>(float*, float const*, int*, float*, int, int, int, int, int, float)",1
2550,"batch_decode_kernels::align_routes(int const*, int, int, int, int*, int*, int*)",1
2551,"void batch_decode_kernels::grouped_expert_gate_up<16, 1>(float const*, char const*, unsigned long const*, unsigned long const*, int const*, int const*, float*, unsigned short*, int, int, int, int, int)",1
2552,"batch_decode_kernels::mfma_gate_up_swiglu(float*, float const*, unsigned short const*, unsigned short const*, int, int, int)",1
2553,"void batch_decode_kernels::grouped_expert_down<16, 1>(float const*, unsigned short const*, char const*, unsigned long const*, int const*, int const*, float*, int, int, int, int)",1
2554,"batch_decode_kernels::reduce_routes_add(float*, float const*, float const*, int, int, int)",1
2555,"batch_decode_kernels::mfma_gemm(float*, float const*, unsigned short const*, int, int, int, int)",1
2556,"batch_decode_kernels::rmsnorm(float*, float const*, unsigned short const*, int, int, float)",1
2557,"batch_decode_kernels::mfma_gemm(float*, float const*, unsigned short const*, int, int, int, int)",1
2558,"batch_decode_kernels::mfma_gemm(float*, float const*, unsigned short const*, int, int, int, int)",1
2559,"batch_decode_kernels::kv_norm_rope(unsigned short*, float const*, unsigned short const*, int, int, int, int, int, int, float const*, int, float)",1
2560,"batch_decode_kernels::mfma_head_gemm(float*, float const*, unsigned short const*, int, int, int, int, int, int, unsigned long)",1
2561,"batch_decode_kernels::q_rope(float*, float const*, int, int, int, int, int, int, float const*, int)",1
2562,"batch_decode_kernels::attention_score(float*, float const*, float const*, unsigned short const*, int, int, int, int, int, int, int, float)",1
2563,"void attention_kernels::softmax_rows_kernel<256>(float*, int, int, int, int)",1
2564,"batch_decode_kernels::latent_context(float*, float const*, unsigned short const*, int, int, int, int, int, int)",1
2565,"batch_decode_kernels::mfma_head_gemm(float*, float const*, unsigned short const*, int, int, int, int, int, int, unsigned long)",1
2566,"batch_decode_kernels::mfma_gemm(float*, float const*, unsigned short const*, int, int, int, int)",1
2567,"batch_decode_kernels::rmsnorm(float*, float const*, unsigned short const*, int, int, float)",1
2568,"batch_decode_kernels::mfma_gemm(float*, float const*, unsigned short const*, int, int, int, int)",1
2569,"void moe_kernels::router_topk_wave64_kernel<64>(float*, float const*, int*, float*, int, int, int, int, int, float)",1
2570,"batch_decode_kernels::align_routes(int const*, int, int, int, int*, int*, int*)",1
2571,"void batch_decode_kernels::grouped_expert_gate_up<16, 1>(float const*, char const*, unsigned long const*, unsigned long const*, int const*, int const*, float*, unsigned short*, int, int, int, int, int)",1
2572,"batch_decode_kernels::mfma_gate_up_swiglu(float*, float const*, unsigned short const*, unsigned short const*, int, int, int)",1
2573,"void batch_decode_kernels::grouped_expert_down<16, 1>(float const*, unsigned short const*, char const*, unsigned long const*, int const*, int const*, float*, int, int, int, int)",1
2574,"batch_decode_kernels::reduce_routes_add(float*, float const*, float const*, int, int, int)",1
2575,"batch_decode_kernels::mfma_gemm(float*, float const*, unsigned short const*, int, int, int, int)",1
2576,"batch_decode_kernels::rmsnorm(float*, float const*, unsigned short const*, int, int, float)",1
2577,"batch_decode_kernels::mfma_gemm(float*, float const*, unsigned short const*, int, int, int, int)",1
2578,"batch_decode_kernels::mfma_gemm(float*, float const*, unsigned short const*, int, int, int, int)",1
2579,"batch_decode_kernels::kv_norm_rope(unsigned short*, float const*, unsigned short const*, int, int, int, int, int, int, float const*, int, float)",1
2580,"batch_decode_kernels::mfma_head_gemm(float*, float const*, unsigned short const*, int, int, int, int, int, int, unsigned long)",1
2581,"batch_decode_kernels::q_rope(float*, float const*, int, int, int, int, int, int, float const*, int)",1
2582,"batch_decode_kernels::attention_score(float*, float const*, float const*, unsigned short const*, int, int, int, int, int, int, int, float)",1
2583,"void attention_kernels::softmax_rows_kernel<256>(float*, int, int, int, int)",1
2584,"batch_decode_kernels::latent_context(float*, float const*, unsigned short const*, int, int, int, int, int, int)",1
2585,"batch_decode_kernels::mfma_head_gemm(float*, float const*, unsigned short const*, int, int, int, int, int, int, unsigned long)",1
2586,"batch_decode_kernels::mfma_gemm(float*, float const*, unsigned short const*, int, int, int, int)",1
2587,"batch_decode_kernels::rmsnorm(float*, float const*, unsigned short const*, int, int, float)",1
2588,"batch_decode_kernels::mfma_gemm(float*, float const*, unsigned short const*, int, int, int, int)",1
2589,"void moe_kernels::router_topk_wave64_kernel<64>(float*, float const*, int*, float*, int, int, int, int, int, float)",1
2590,"batch_decode_kernels::align_routes(int const*, int, int, int, int*, int*, int*)",1
2591,"void batch_decode_kernels::grouped_expert_gate_up<16, 1>(float const*, char const*, unsigned long const*, unsigned long const*, int const*, int const*, float*, unsigned short*, int, int, int, int, int)",1
2592,"batch_decode_kernels::mfma_gate_up_swiglu(float*, float const*, unsigned short const*, unsigned short const*, int, int, int)",1
2593,"void batch_decode_kernels::grouped_expert_down<16, 1>(float const*, unsigned short const*, char const*, unsigned long const*, int const*, int const*, float*, int, int, int, int)",1
2594,"batch_decode_kernels::reduce_routes_add(float*, float const*, float const*, int, int, int)",1
2595,"batch_decode_kernels::mfma_gemm(float*, float const*, unsigned short const*, int, int, int, int)",1
2596,"batch_decode_kernels::rmsnorm(float*, float const*, unsigned short const*, int, int, float)",1
2597,"batch_decode_kernels::mfma_gemm(float*, float const*, unsigned short const*, int, int, int, int)",1
2598,"batch_decode_kernels::mfma_gemm(float*, float const*, unsigned short const*, int, int, int, int)",1
2599,"batch_decode_kernels::kv_norm_rope(unsigned short*, float const*, unsigned short const*, int, int, int, int, int, int, float const*, int, float)",1
2600,"batch_decode_kernels::mfma_head_gemm(float*, float const*, unsigned short const*, int, int, int, int, int, int, unsigned long)",1
2601,"batch_decode_kernels::q_rope(float*, float const*, int, int, int, int, int, int, float const*, int)",1
2602,"batch_decode_kernels::attention_score(float*, float const*, float const*, unsigned short const*, int, int, int, int, int, int, int, float)",1
2603,"void attention_kernels::softmax_rows_kernel<256>(float*, int, int, int, int)",1
2604,"batch_decode_kernels::latent_context(float*, float const*, unsigned short const*, int, int, int, int, int, int)",1
2605,"batch_decode_kernels::mfma_head_gemm(float*, float const*, unsigned short const*, int, int, int, int, int, int, unsigned long)",1
2606,"batch_decode_kernels::mfma_gemm(float*, float const*, unsigned short const*, int, int, int, int)",1
2607,"batch_decode_kernels::rmsnorm(float*, float const*, unsigned short const*, int, int, float)",1
2608,"batch_decode_kernels::mfma_gemm(float*, float const*, unsigned short const*, int, int, int, int)",1
2609,"void moe_kernels::router_topk_wave64_kernel<64>(float*, float const*, int*, float*, int, int, int, int, int, float)",1
2610,"batch_decode_kernels::align_routes(int const*, int, int, int, int*, int*, int*)",1
2611,"void batch_decode_kernels::grouped_expert_gate_up<16, 1>(float const*, char const*, unsigned long const*, unsigned long const*, int const*, int const*, float*, unsigned short*, int, int, int, int, int)",1
2612,"batch_decode_kernels::mfma_gate_up_swiglu(float*, float const*, unsigned short const*, unsigned short const*, int, int, int)",1
2613,"void batch_decode_kernels::grouped_expert_down<16, 1>(float const*, unsigned short const*, char const*, unsigned long const*, int const*, int const*, float*, int, int, int, int)",1
2614,"batch_decode_kernels::reduce_routes_add(float*, float const*, float const*, int, int, int)",1
2615,"batch_decode_kernels::mfma_gemm(float*, float const*, unsigned short const*, int, int, int, int)",1
2616,"batch_decode_kernels::rmsnorm(float*, float const*, unsigned short const*, int, int, float)",1
2617,"batch_decode_kernels::mfma_gemm(float*, float const*, unsigned short const*, int, int, int, int)",1
2618,"batch_decode_kernels::argmax(float const*, int, int*, int)",1
2619,__amd_rocclr_copyBuffer,1
2620,__amd_rocclr_copyBuffer,1
2621,__amd_rocclr_copyBuffer,1
2622,__amd_rocclr_copyBuffer,1
2623,__amd_rocclr_copyBuffer,1
