Dispatch_ID,GPU_ID,Grid_Size,Workgroup_Size,LDS_Per_Workgroup,Scratch_Per_Workitem,Arch_VGPR,Accum_VGPR,SGPR,Wave_Size,Kernel_Name,Correlation_ID,Kernel_ID,GRBM_GUI_ACTIVE,SQ_LDS_BANK_CONFLICT,SQ_LDS_IDX_ACTIVE,SQ_WAVES,TCC_BUSY_sum,TCP_GATE_EN1_sum,TCP_GATE_EN2_sum,Start_Timestamp,End_Timestamp
0,1,512,512,0,0,20,4,32,64,__amd_rocclr_copyBuffer,1,6,21434.0,0.0,0.0,8.0,69742.0,392655.0,2825.0,4912614949932824.0,4912614949937624.0
1,1,512,512,0,0,20,4,32,64,__amd_rocclr_copyBuffer,2,6,19306.0,0.0,0.0,8.0,37410.0,379863.0,2572.0,4912615087747567.0,4912615087751887.0
2,1,512,512,0,0,20,4,32,64,__amd_rocclr_copyBuffer,3,6,22171.0,0.0,0.0,8.0,72989.0,406019.0,3918.0,4912615107246689.0,4912615107252129.0
3,1,512,512,0,0,20,4,32,64,__amd_rocclr_copyBuffer,4,6,18419.0,0.0,0.0,8.0,56663.0,386259.0,2988.0,4912615107402849.0,4912615107407169.0
4,1,512,512,0,0,20,4,32,64,__amd_rocclr_copyBuffer,5,6,18053.0,0.0,0.0,8.0,33649.0,383607.0,2718.0,4912615107564290.0,4912615107568290.0
5,1,512,512,0,0,20,4,32,64,__amd_rocclr_copyBuffer,6,6,20878.0,0.0,0.0,8.0,76109.0,400455.0,4212.0,4912615181210138.0,4912615181215258.0
6,1,512,512,0,0,20,4,32,64,__amd_rocclr_copyBuffer,7,6,18711.0,0.0,0.0,8.0,57874.0,387442.0,3022.0,4912615181379738.0,4912615181384058.0
7,1,512,512,0,0,20,4,32,64,__amd_rocclr_copyBuffer,8,6,17896.0,0.0,0.0,8.0,33058.0,381904.0,2694.0,4912615181531258.0,4912615181535418.0
8,1,512,512,0,0,20,4,32,64,__amd_rocclr_copyBuffer,9,6,20699.0,0.0,0.0,8.0,73310.0,400481.0,4042.0,4912615951724978.0,4912615951730258.0
9,1,512,512,0,0,20,4,32,64,__amd_rocclr_copyBuffer,10,6,18284.0,0.0,0.0,8.0,56746.0,384075.0,2825.0,4912615951886578.0,4912615951890898.0
10,1,512,512,0,0,20,4,32,64,__amd_rocclr_copyBuffer,11,6,18674.0,0.0,0.0,8.0,35663.0,386610.0,2724.0,4912615952033618.0,4912615952037778.0
11,1,512,512,0,0,20,4,32,64,__amd_rocclr_copyBuffer,12,6,20546.0,0.0,0.0,8.0,76326.0,399636.0,3990.0,4912616625225404.0,4912616625230684.0
12,1,512,512,0,0,20,4,32,64,__amd_rocclr_copyBuffer,13,6,18486.0,0.0,0.0,8.0,57065.0,383451.0,2807.0,4912616625387964.0,4912616625392124.0
13,1,512,512,0,0,20,4,32,64,__amd_rocclr_copyBuffer,14,6,18431.0,0.0,0.0,8.0,34326.0,380422.0,2614.0,4912616625540124.0,4912616625544124.0
14,1,512,512,0,0,20,4,32,64,__amd_rocclr_copyBuffer,15,6,20935.0,0.0,0.0,8.0,73722.0,399779.0,3756.0,4912617327283890.0,4912617327289010.0
15,1,512,512,0,0,20,4,32,64,__amd_rocclr_copyBuffer,16,6,18694.0,0.0,0.0,8.0,59305.0,384725.0,2919.0,4912617327456530.0,4912617327460850.0
16,1,512,512,0,0,20,4,32,64,__amd_rocclr_copyBuffer,17,6,18163.0,0.0,0.0,8.0,32325.0,384283.0,2670.0,4912617327610770.0,4912617327614930.0
17,1,512,512,0,0,20,4,32,64,__amd_rocclr_copyBuffer,18,6,20593.0,0.0,0.0,8.0,74273.0,398167.0,3887.0,4912617931154518.0,4912617931159478.0
18,1,512,512,0,0,20,4,32,64,__amd_rocclr_copyBuffer,19,6,19124.0,0.0,0.0,8.0,55103.0,390913.0,2932.0,4912617931325558.0,4912617931330038.0
19,1,512,512,0,0,20,4,32,64,__amd_rocclr_copyBuffer,20,6,17962.0,0.0,0.0,8.0,31651.0,381397.0,2780.0,4912617931482838.0,4912617931486838.0
20,1,512,512,0,0,20,4,32,64,__amd_rocclr_copyBuffer,21,6,20950.0,0.0,0.0,8.0,74071.0,398557.0,3991.0,4912618541746537.0,4912618541751657.0
21,1,512,512,0,0,20,4,32,64,__amd_rocclr_copyBuffer,22,6,18183.0,0.0,0.0,8.0,54774.0,381020.0,2775.0,4912618541911177.0,4912618541915177.0
22,1,512,512,0,0,20,4,32,64,__amd_rocclr_copyBuffer,23,6,18122.0,0.0,0.0,8.0,33217.0,385128.0,3008.0,4912618542068777.0,4912618542073097.0
23,1,512,512,0,0,20,4,32,64,__amd_rocclr_copyBuffer,24,6,22279.0,0.0,0.0,8.0,74082.0,398531.0,3903.0,4912619173768746.0,4912619173773866.0
24,1,512,512,0,0,20,4,32,64,__amd_rocclr_copyBuffer,25,6,18746.0,0.0,0.0,8.0,55285.0,386480.0,2903.0,4912619173932906.0,4912619173937066.0
25,1,512,512,0,0,20,4,32,64,__amd_rocclr_copyBuffer,26,6,18750.0,0.0,0.0,8.0,33107.0,384673.0,3101.0,4912619174089226.0,4912619174093386.0
26,1,512,512,0,0,20,4,32,64,__amd_rocclr_copyBuffer,27,6,21561.0,0.0,0.0,8.0,74705.0,407189.0,4204.0,4912619817230732.0,4912619817236332.0
27,1,512,512,0,0,20,4,32,64,__amd_rocclr_copyBuffer,28,6,18445.0,0.0,0.0,8.0,54601.0,385193.0,2804.0,4912619817400972.0,4912619817405132.0
28,1,512,512,0,0,20,4,32,64,__amd_rocclr_copyBuffer,29,6,18133.0,0.0,0.0,8.0,32043.0,383555.0,2778.0,4912619817550092.0,4912619817554092.0
29,1,512,512,0,0,20,4,32,64,__amd_rocclr_copyBuffer,30,6,20991.0,0.0,0.0,8.0,71052.0,399493.0,4070.0,4912620415290498.0,4912620415295618.0
30,1,512,512,0,0,20,4,32,64,__amd_rocclr_copyBuffer,31,6,18264.0,0.0,0.0,8.0,56981.0,383412.0,2892.0,4912620415459618.0,4912620415463618.0
31,1,512,512,0,0,20,4,32,64,__amd_rocclr_copyBuffer,32,6,17979.0,0.0,0.0,8.0,30810.0,380877.0,2706.0,4912620415611938.0,4912620415616098.0
32,1,512,512,0,0,20,4,32,64,__amd_rocclr_copyBuffer,33,6,20406.0,0.0,0.0,8.0,71754.0,394436.0,3878.0,4912621018064087.0,4912621018069047.0
33,1,512,512,0,0,20,4,32,64,__amd_rocclr_copyBuffer,34,6,18133.0,0.0,0.0,8.0,56819.0,385219.0,2861.0,4912621018222007.0,4912621018226167.0
34,1,512,512,0,0,20,4,32,64,__amd_rocclr_copyBuffer,35,6,18181.0,0.0,0.0,8.0,30789.0,385102.0,2712.0,4912621018371607.0,4912621018375767.0
35,1,512,512,0,0,20,4,32,64,__amd_rocclr_copyBuffer,36,6,21003.0,0.0,0.0,8.0,72404.0,393812.0,3756.0,4912621596331538.0,4912621596336498.0
36,1,512,512,0,0,20,4,32,64,__amd_rocclr_copyBuffer,37,6,18491.0,0.0,0.0,8.0,55623.0,384049.0,2911.0,4912621596496018.0,4912621596500178.0
37,1,512,512,0,0,20,4,32,64,__amd_rocclr_copyBuffer,38,6,18026.0,0.0,0.0,8.0,31963.0,381085.0,2646.0,4912621596644498.0,4912621596648498.0
38,1,512,512,0,0,20,4,32,64,__amd_rocclr_copyBuffer,39,6,20560.0,0.0,0.0,8.0,73613.0,392772.0,3826.0,4912622157970068.0,4912622157975028.0
39,1,512,512,0,0,20,4,32,64,__amd_rocclr_copyBuffer,40,6,18618.0,0.0,0.0,8.0,55428.0,386688.0,2979.0,4912622158134388.0,4912622158138708.0
40,1,512,512,0,0,20,4,32,64,__amd_rocclr_copyBuffer,41,6,18414.0,0.0,0.0,8.0,31832.0,386636.0,2602.0,4912622158282868.0,4912622158287188.0
41,1,512,512,0,0,20,4,32,64,__amd_rocclr_copyBuffer,42,6,20823.0,0.0,0.0,8.0,72183.0,398024.0,3949.0,4912622740123015.0,4912622740128135.0
42,1,512,512,0,0,20,4,32,64,__amd_rocclr_copyBuffer,43,6,18265.0,0.0,0.0,8.0,55595.0,383087.0,2920.0,4912622740290055.0,4912622740294215.0
43,1,512,512,0,0,20,4,32,64,__amd_rocclr_copyBuffer,44,6,17713.0,0.0,0.0,8.0,30695.0,376769.0,2608.0,4912622740439335.0,4912622740443175.0
44,1,512,512,0,0,20,4,32,64,__amd_rocclr_copyBuffer,45,6,20584.0,0.0,0.0,8.0,72652.0,396815.0,3847.0,4912623284667766.0,4912623284672726.0
45,1,512,512,0,0,20,4,32,64,__amd_rocclr_copyBuffer,46,6,18385.0,0.0,0.0,8.0,56157.0,378719.0,2819.0,4912623284844886.0,4912623284848726.0
46,1,512,512,0,0,20,4,32,64,__amd_rocclr_copyBuffer,47,6,18274.0,0.0,0.0,8.0,29758.0,383802.0,2668.0,4912623284991286.0,4912623284995446.0
47,1,512,512,0,0,20,4,32,64,__amd_rocclr_copyBuffer,48,6,20304.0,0.0,0.0,8.0,70197.0,393864.0,3829.0,4912623872212563.0,4912623872217523.0
48,1,512,512,0,0,20,4,32,64,__amd_rocclr_copyBuffer,49,6,18497.0,0.0,0.0,8.0,57617.0,383685.0,2879.0,4912623872379763.0,4912623872383923.0
49,1,512,512,0,0,20,4,32,64,__amd_rocclr_copyBuffer,50,6,17559.0,0.0,0.0,8.0,31477.0,377510.0,2641.0,4912623872535443.0,4912623872539283.0
50,1,512,512,0,0,20,4,32,64,__amd_rocclr_copyBuffer,51,6,19999.0,0.0,0.0,8.0,68268.0,393110.0,3728.0,4912624445682259.0,4912624445687219.0
51,1,512,512,0,0,20,4,32,64,__amd_rocclr_copyBuffer,52,6,18011.0,0.0,0.0,8.0,55477.0,381371.0,2748.0,4912624445842259.0,4912624445846259.0
52,1,512,512,0,0,20,4,32,64,__amd_rocclr_copyBuffer,53,6,18482.0,0.0,0.0,8.0,29506.0,387559.0,2750.0,4912624445994579.0,4912624445998899.0
53,1,512,512,0,0,20,4,32,64,__amd_rocclr_copyBuffer,54,6,20482.0,0.0,0.0,8.0,76104.0,396308.0,3871.0,4912625009815419.0,4912625009820539.0
54,1,512,512,0,0,20,4,32,64,__amd_rocclr_copyBuffer,55,6,18858.0,0.0,0.0,8.0,54479.0,389795.0,2808.0,4912625009975579.0,4912625009980059.0
55,1,512,512,0,0,20,4,32,64,__amd_rocclr_copyBuffer,56,6,18300.0,0.0,0.0,8.0,31113.0,383633.0,2674.0,4912625010127259.0,4912625010131419.0
56,1,512,512,0,0,20,4,32,64,__amd_rocclr_copyBuffer,57,6,20428.0,0.0,0.0,8.0,71047.0,398128.0,3931.0,4912625573468089.0,4912625573473209.0
57,1,512,512,0,0,20,4,32,64,__amd_rocclr_copyBuffer,58,6,18252.0,0.0,0.0,8.0,54872.0,382970.0,2842.0,4912625573637049.0,4912625573641209.0
58,1,512,512,0,0,20,4,32,64,__amd_rocclr_copyBuffer,59,6,17571.0,0.0,0.0,8.0,30867.0,376405.0,2632.0,4912625573788729.0,4912625573792569.0
59,1,512,512,0,0,20,4,32,64,__amd_rocclr_copyBuffer,60,6,20265.0,0.0,0.0,8.0,70545.0,393318.0,3876.0,4912626135435541.0,4912626135440501.0
60,1,512,512,0,0,20,4,32,64,__amd_rocclr_copyBuffer,61,6,18481.0,0.0,0.0,8.0,54458.0,383035.0,2829.0,4912626135600181.0,4912626135604181.0
61,1,512,512,0,0,20,4,32,64,__amd_rocclr_copyBuffer,62,6,17797.0,0.0,0.0,8.0,31437.0,379083.0,2662.0,4912626135748341.0,4912626135752341.0
62,1,512,512,0,0,20,4,32,64,__amd_rocclr_copyBuffer,63,6,20507.0,0.0,0.0,8.0,70883.0,394488.0,3684.0,4912626697322963.0,4912626697327923.0
63,1,512,512,0,0,20,4,32,64,__amd_rocclr_copyBuffer,64,6,19601.0,0.0,0.0,8.0,56251.0,392473.0,2853.0,4912626697483923.0,4912626697488563.0
64,1,512,512,0,0,20,4,32,64,__amd_rocclr_copyBuffer,65,6,17944.0,0.0,0.0,8.0,31563.0,380916.0,2710.0,4912626697639123.0,4912626697643123.0
65,1,512,512,0,0,20,4,32,64,__amd_rocclr_copyBuffer,66,6,20742.0,0.0,0.0,8.0,72511.0,397777.0,3853.0,4912627266240001.0,4912627266245121.0
66,1,512,512,0,0,20,4,32,64,__amd_rocclr_copyBuffer,67,6,19253.0,0.0,0.0,8.0,56859.0,391225.0,2912.0,4912627266408321.0,4912627266412801.0
67,1,512,512,0,0,20,4,32,64,__amd_rocclr_copyBuffer,68,6,18148.0,0.0,0.0,8.0,31769.0,381956.0,2708.0,4912627266569441.0,4912627266573601.0
68,1,512,512,0,0,20,4,32,64,__amd_rocclr_copyBuffer,69,6,21298.0,0.0,0.0,8.0,74611.0,402015.0,4069.0,4912627835184597.0,4912627835189877.0
69,1,512,512,0,0,20,4,32,64,__amd_rocclr_copyBuffer,70,6,18277.0,0.0,0.0,8.0,56423.0,384777.0,2958.0,4912627835347797.0,4912627835351957.0
70,1,512,512,0,0,20,4,32,64,__amd_rocclr_copyBuffer,71,6,17894.0,0.0,0.0,8.0,31247.0,380006.0,2694.0,4912627835497557.0,4912627835501557.0
71,1,512,512,0,0,20,4,32,64,__amd_rocclr_copyBuffer,72,6,20586.0,0.0,0.0,8.0,69795.0,396568.0,3833.0,4912628397625370.0,4912628397630330.0
72,1,512,512,0,0,20,4,32,64,__amd_rocclr_copyBuffer,73,6,18307.0,0.0,0.0,8.0,56339.0,383620.0,2822.0,4912628397793850.0,4912628397798010.0
73,1,512,512,0,0,20,4,32,64,__amd_rocclr_copyBuffer,74,6,17623.0,0.0,0.0,8.0,31206.0,381839.0,2661.0,4912628397942330.0,4912628397946330.0
74,1,512,512,0,0,20,4,32,64,__amd_rocclr_copyBuffer,75,6,20840.0,0.0,0.0,8.0,73559.0,398219.0,3858.0,4912628959559260.0,4912628959564380.0
75,1,512,512,0,0,20,4,32,64,__amd_rocclr_copyBuffer,76,6,18307.0,0.0,0.0,8.0,55497.0,383932.0,2918.0,4912628959724220.0,4912628959728380.0
76,1,512,512,0,0,20,4,32,64,__amd_rocclr_copyBuffer,77,6,18191.0,0.0,0.0,8.0,31738.0,378004.0,2554.0,4912628959877020.0,4912628959881020.0
77,1,512,512,0,0,20,4,32,64,__amd_rocclr_copyBuffer,78,6,20821.0,0.0,0.0,8.0,71474.0,395879.0,3831.0,4912629523763760.0,4912629523768880.0
78,1,512,512,0,0,20,4,32,64,__amd_rocclr_copyBuffer,79,6,18639.0,0.0,0.0,8.0,55640.0,388261.0,2859.0,4912629523926160.0,4912629523930640.0
79,1,512,512,0,0,20,4,32,64,__amd_rocclr_copyBuffer,80,6,17984.0,0.0,0.0,8.0,31159.0,379928.0,2585.0,4912629524164881.0,4912629524168881.0
80,1,512,512,0,0,20,4,32,64,__amd_rocclr_copyBuffer,81,6,20708.0,0.0,0.0,8.0,70564.0,396685.0,3807.0,4912630090832263.0,4912630090837223.0
81,1,512,512,0,0,20,4,32,64,__amd_rocclr_copyBuffer,82,6,18007.0,0.0,0.0,8.0,57130.0,379161.0,2801.0,4912630090996423.0,4912630091000263.0
82,1,512,512,0,0,20,4,32,64,__amd_rocclr_copyBuffer,83,6,18045.0,0.0,0.0,8.0,29574.0,382788.0,2632.0,4912630091144263.0,4912630091148263.0
83,1,256,256,0,0,12,4,32,64,__amd_rocclr_fillBufferAligned,84,3,21279.0,0.0,0.0,4.0,38503.0,406877.0,1468.0,4912630643353749.0,4912630643359189.0
84,1,256,256,0,0,12,4,32,64,__amd_rocclr_fillBufferAligned,85,3,19737.0,0.0,0.0,4.0,26043.0,401001.0,2594.0,4912630643515509.0,4912630643520469.0
85,1,2048,256,0,0,8,0,32,64,"batch_decode_kernels::embedding(float*, unsigned short const*, int const*, int*, int, int, int, int)",86,34,20185.0,0.0,0.0,32.0,58312.0,965305.0,25715.0,4912630645592478.0,4912630645597278.0
86,1,256,256,1024,0,12,4,32,64,"batch_decode_kernels::rmsnorm(float*, float const*, unsigned short const*, int, int, float)",87,36,34643.0,0.0,70.0,4.0,62507.0,596027.0,16709.0,4912630645746239.0,4912630645760159.0
87,1,233472,256,0,0,16,0,32,64,"batch_decode_kernels::dual_gemv(float*, unsigned short const*, int, float*, unsigned short const*, int, float const*, int, int)",88,37,73089.0,0.0,175104.0,3648.0,1689256.0,6588143.0,4805697.0,4912630645914240.0,4912630645952800.0
88,1,256,256,1024,0,24,0,32,64,"batch_decode_kernels::kv_norm_rope(unsigned short*, float const*, unsigned short const*, int, int, int, int, int, int, float const*, int, float)",89,33,31042.0,0.0,70.0,4.0,48061.0,548122.0,7797.0,4912630646104641.0,4912630646116321.0
89,1,524288,256,0,0,36,4,32,64,"batch_decode_kernels::q_absorb_rope(float*, float*, float const*, unsigned short const*, int, int, int, int, int, int, int, float const*, int)",90,41,35909.0,0.0,393216.0,8192.0,472275.0,2699479.0,1545867.0,4912630646266721.0,4912630646282081.0
90,1,1024,256,0,0,16,0,32,64,"batch_decode_kernels::attention_score(float*, float const*, float const*, unsigned short const*, int, int, int, int, int, int, int, float)",91,43,28224.0,0.0,768.0,16.0,73489.0,1138205.0,35320.0,4912630646439522.0,4912630646449602.0
91,1,4096,256,1024,0,20,4,48,64,"void attention_kernels::softmax_rows_kernel<256>(float*, int, int, int, int)",92,52,25095.0,0.0,2048.0,64.0,60429.0,1567205.0,42500.0,4912630646811044.0,4912630646818884.0
92,1,524288,256,0,0,16,0,32,64,"batch_decode_kernels::latent_context(float*, float const*, unsigned short const*, int, int, int, int, int, int)",93,26,28049.0,0.0,196608.0,8192.0,123967.0,1949197.0,783117.0,4912630646969124.0,4912630646979365.0
93,1,131072,256,0,0,20,4,32,64,"batch_decode_kernels::value_up(float*, float const*, unsigned short const*, int, int, int, int, unsigned long)",94,30,30310.0,0.0,98304.0,2048.0,356970.0,2164867.0,1188423.0,4912630647129285.0,4912630647141125.0
94,1,131072,256,0,0,16,0,32,64,"batch_decode_kernels::gemv(float*, float const*, unsigned short const*, int, int, int, int)",95,38,47503.0,0.0,98304.0,2048.0,946054.0,3941642.0,3077907.0,4912630647296966.0,4912630647319366.0
95,1,256,256,1024,0,12,4,32,64,"batch_decode_kernels::rmsnorm(float*, float const*, unsigned short const*, int, int, float)",96,36,32620.0,0.0,70.0,4.0,63070.0,569013.0,14773.0,4912630647471847.0,4912630647484487.0
96,1,700416,256,0,0,24,0,32,64,"batch_decode_kernels::gate_up_swiglu(float*, float const*, unsigned short const*, unsigned short const*, int, int, int)",97,23,191538.0,0.0,1050624.0,10944.0,5471319.0,18569710.0,17541542.0,4912630647635687.0,4912630647750888.0
97,1,131072,256,0,0,16,0,32,64,"batch_decode_kernels::gemv(float*, float const*, unsigned short const*, int, int, int, int)",98,38,149751.0,0.0,98304.0,2048.0,4114010.0,14459266.0,13285267.0,4912630647905929.0,4912630647993289.0
98,1,256,256,1024,0,12,4,32,64,"batch_decode_kernels::rmsnorm(float*, float const*, unsigned short const*, int, int, float)",99,36,33205.0,0.0,70.0,4.0,65716.0,579569.0,15330.0,4912630648149130.0,4912630648162250.0
99,1,233472,256,0,0,16,0,32,64,"batch_decode_kernels::dual_gemv(float*, unsigned short const*, int, float*, unsigned short const*, int, float const*, int, int)",100,37,74313.0,0.0,175104.0,3648.0,1737048.0,6673358.0,4980571.0,4912630648315850.0,4912630648355051.0
100,1,256,256,1024,0,24,0,32,64,"batch_decode_kernels::kv_norm_rope(unsigned short*, float const*, unsigned short const*, int, int, int, int, int, int, float const*, int, float)",101,33,28598.0,0.0,70.0,4.0,45806.0,516441.0,7079.0,4912630648507851.0,4912630648518251.0
101,1,524288,256,0,0,36,4,32,64,"batch_decode_kernels::q_absorb_rope(float*, float*, float const*, unsigned short const*, int, int, int, int, int, int, int, float const*, int)",102,41,35779.0,0.0,393216.0,8192.0,471944.0,2753676.0,1543804.0,4912630648670892.0,4912630648686252.0
102,1,1024,256,0,0,16,0,32,64,"batch_decode_kernels::attention_score(float*, float const*, float const*, unsigned short const*, int, int, int, int, int, int, int, float)",103,43,28088.0,0.0,768.0,16.0,80085.0,1128403.0,38818.0,4912630648841773.0,4912630648851693.0
103,1,4096,256,1024,0,20,4,48,64,"void attention_kernels::softmax_rows_kernel<256>(float*, int, int, int, int)",104,52,24907.0,0.0,2048.0,64.0,61720.0,1585860.0,45504.0,4912630649011373.0,4912630649019373.0
104,1,524288,256,0,0,16,0,32,64,"batch_decode_kernels::latent_context(float*, float const*, unsigned short const*, int, int, int, int, int, int)",105,26,27953.0,0.0,196608.0,8192.0,131901.0,1902527.0,794531.0,4912630649191374.0,4912630649201454.0
105,1,131072,256,0,0,20,4,32,64,"batch_decode_kernels::value_up(float*, float const*, unsigned short const*, int, int, int, int, unsigned long)",106,30,31118.0,0.0,98304.0,2048.0,359334.0,2232922.0,1179037.0,4912630649360175.0,4912630649372335.0
106,1,131072,256,0,0,16,0,32,64,"batch_decode_kernels::gemv(float*, float const*, unsigned short const*, int, int, int, int)",107,38,48318.0,0.0,98304.0,2048.0,978176.0,4036191.0,3148475.0,4912630649529296.0,4912630649552336.0
107,1,256,256,1024,0,12,4,32,64,"batch_decode_kernels::rmsnorm(float*, float const*, unsigned short const*, int, int, float)",108,36,34909.0,0.0,70.0,4.0,66674.0,598939.0,16802.0,4912630649711057.0,4912630649724977.0
108,1,4096,256,0,0,16,0,32,64,"batch_decode_kernels::gemv(float*, float const*, unsigned short const*, int, int, int, int)",109,38,45221.0,0.0,3072.0,64.0,249463.0,3712101.0,425159.0,4912630649879697.0,4912630649899697.0
109,1,64,64,0,0,16,0,48,64,"void moe_kernels::router_topk_wave64_kernel<64>(float*, float const*, int*, float*, int, int, int, int, int, float)",110,57,40535.0,0.0,368.0,1.0,45057.0,661885.0,5878.0,4912630650059858.0,4912630650076818.0
110,1,540672,256,0,0,20,4,48,64,"batch_decode_kernels::routed_shared_gate_up(float*, float*, float const*, char const*, unsigned long const*, unsigned long const*, int const*, unsigned short const*, unsigned short const*, int, int, int, int, int)",111,46,157106.0,0.0,405504.0,8448.0,4306387.0,15072866.0,13989876.0,4912630650233139.0,4912630650325939.0
111,1,180224,256,0,0,24,0,32,64,"batch_decode_kernels::gate_up_swiglu(float*, float const*, unsigned short const*, unsigned short const*, int, int, int)",112,23,67684.0,0.0,270336.0,2816.0,1541076.0,6014271.0,5080360.0,4912630650482580.0,4912630650517940.0
112,1,131072,256,0,0,24,0,48,64,"batch_decode_kernels::routed_shared_down(float*, float const*, float const*, char const*, unsigned long const*, int const*, float const*, unsigned short const*, int, int, int, int, int)",113,19,113849.0,0.0,294912.0,2048.0,2950520.0,10810114.0,9587430.0,4912630650676021.0,4912630650740501.0
113,1,131072,256,0,0,16,0,32,64,"batch_decode_kernels::gemv(float*, float const*, unsigned short const*, int, int, int, int)",114,38,56463.0,0.0,98304.0,2048.0,1223201.0,4847092.0,3937013.0,4912630650895542.0,4912630650923702.0
114,1,256,256,1024,0,12,4,32,64,"batch_decode_kernels::rmsnorm(float*, float const*, unsigned short const*, int, int, float)",115,36,32597.0,0.0,70.0,4.0,64112.0,571392.0,14925.0,4912630651076182.0,4912630651088823.0
115,1,233472,256,0,0,16,0,32,64,"batch_decode_kernels::dual_gemv(float*, unsigned short const*, int, float*, unsigned short const*, int, float const*, int, int)",116,37,73509.0,0.0,175104.0,3648.0,1691637.0,6603340.0,4891457.0,4912630651254423.0,4912630651293143.0
116,1,256,256,1024,0,24,0,32,64,"batch_decode_kernels::kv_norm_rope(unsigned short*, float const*, unsigned short const*, int, int, int, int, int, int, float const*, int, float)",117,33,28070.0,0.0,70.0,4.0,45843.0,509109.0,6423.0,4912630651447384.0,4912630651457304.0
117,1,524288,256,0,0,36,4,32,64,"batch_decode_kernels::q_absorb_rope(float*, float*, float const*, unsigned short const*, int, int, int, int, int, int, int, float const*, int)",118,41,36518.0,0.0,393216.0,8192.0,498956.0,2774996.0,1598623.0,4912630651614585.0,4912630651630265.0
118,1,1024,256,0,0,16,0,32,64,"batch_decode_kernels::attention_score(float*, float const*, float const*, unsigned short const*, int, int, int, int, int, int, int, float)",119,43,28629.0,0.0,768.0,16.0,80563.0,1150984.0,40997.0,4912630651786106.0,4912630651796346.0
119,1,4096,256,1024,0,20,4,48,64,"void attention_kernels::softmax_rows_kernel<256>(float*, int, int, int, int)",120,52,24538.0,0.0,2048.0,64.0,60309.0,1575304.0,44250.0,4912630651948986.0,4912630651956826.0
120,1,524288,256,0,0,16,0,32,64,"batch_decode_kernels::latent_context(float*, float const*, unsigned short const*, int, int, int, int, int, int)",121,26,28787.0,0.0,196608.0,8192.0,133358.0,2004746.0,832217.0,4912630652114267.0,4912630652124827.0
121,1,131072,256,0,0,20,4,32,64,"batch_decode_kernels::value_up(float*, float const*, unsigned short const*, int, int, int, int, unsigned long)",122,30,31463.0,0.0,98304.0,2048.0,370527.0,2252916.0,1200503.0,4912630652283868.0,4912630652296188.0
122,1,131072,256,0,0,16,0,32,64,"batch_decode_kernels::gemv(float*, float const*, unsigned short const*, int, int, int, int)",123,38,48338.0,0.0,98304.0,2048.0,963337.0,4007734.0,3098429.0,4912630652455229.0,4912630652478269.0
123,1,256,256,1024,0,12,4,32,64,"batch_decode_kernels::rmsnorm(float*, float const*, unsigned short const*, int, int, float)",124,36,33937.0,0.0,70.0,4.0,67428.0,588747.0,15971.0,4912630652638269.0,4912630652651869.0
124,1,4096,256,0,0,16,0,32,64,"batch_decode_kernels::gemv(float*, float const*, unsigned short const*, int, int, int, int)",125,38,46446.0,0.0,3072.0,64.0,236876.0,3795444.0,436040.0,4912630652808830.0,4912630652829630.0
125,1,64,64,0,0,16,0,48,64,"void moe_kernels::router_topk_wave64_kernel<64>(float*, float const*, int*, float*, int, int, int, int, int, float)",126,57,39734.0,0.0,368.0,1.0,45669.0,661313.0,6410.0,4912630652982751.0,4912630652999551.0
126,1,540672,256,0,0,20,4,48,64,"batch_decode_kernels::routed_shared_gate_up(float*, float*, float const*, char const*, unsigned long const*, unsigned long const*, int const*, unsigned short const*, unsigned short const*, int, int, int, int, int)",127,46,158569.0,0.0,405504.0,8448.0,4326200.0,15211550.0,14118347.0,4912630653159232.0,4912630653252832.0
127,1,180224,256,0,0,24,0,32,64,"batch_decode_kernels::gate_up_swiglu(float*, float const*, unsigned short const*, unsigned short const*, int, int, int)",128,23,67668.0,0.0,270336.0,2816.0,1517885.0,6032302.0,5012880.0,4912630653413633.0,4912630653449313.0
128,1,131072,256,0,0,24,0,48,64,"batch_decode_kernels::routed_shared_down(float*, float const*, float const*, char const*, unsigned long const*, int const*, float const*, unsigned short const*, int, int, int, int, int)",129,19,114334.0,0.0,294912.0,2048.0,2996012.0,10866677.0,9623235.0,4912630653597634.0,4912630653662754.0
129,1,131072,256,0,0,16,0,32,64,"batch_decode_kernels::gemv(float*, float const*, unsigned short const*, int, int, int, int)",130,38,56475.0,0.0,98304.0,2048.0,1224946.0,4815879.0,3941291.0,4912630653827075.0,4912630653855235.0
130,1,256,256,1024,0,12,4,32,64,"batch_decode_kernels::rmsnorm(float*, float const*, unsigned short const*, int, int, float)",131,36,33144.0,0.0,70.0,4.0,64848.0,576592.0,15116.0,4912630654013955.0,4912630654026915.0
131,1,233472,256,0,0,16,0,32,64,"batch_decode_kernels::dual_gemv(float*, unsigned short const*, int, float*, unsigned short const*, int, float const*, int, int)",132,37,73517.0,0.0,175104.0,3648.0,1675117.0,6547154.0,4932689.0,4912630654185476.0,4912630654223716.0
132,1,256,256,1024,0,24,0,32,64,"batch_decode_kernels::kv_norm_rope(unsigned short*, float const*, unsigned short const*, int, int, int, int, int, int, float const*, int, float)",133,33,29486.0,0.0,70.0,4.0,47736.0,519340.0,6531.0,4912630654384517.0,4912630654394757.0
133,1,524288,256,0,0,36,4,32,64,"batch_decode_kernels::q_absorb_rope(float*, float*, float const*, unsigned short const*, int, int, int, int, int, int, int, float const*, int)",134,41,35471.0,0.0,393216.0,8192.0,474487.0,2688650.0,1581521.0,4912630654554918.0,4912630654570118.0
134,1,1024,256,0,0,16,0,32,64,"batch_decode_kernels::attention_score(float*, float const*, float const*, unsigned short const*, int, int, int, int, int, int, int, float)",135,43,28084.0,0.0,768.0,16.0,78980.0,1122579.0,37025.0,4912630654737959.0,4912630654747719.0
135,1,4096,256,1024,0,20,4,48,64,"void attention_kernels::softmax_rows_kernel<256>(float*, int, int, int, int)",136,52,24264.0,0.0,2048.0,64.0,59040.0,1559158.0,44341.0,4912630654908679.0,4912630654916519.0
136,1,524288,256,0,0,16,0,32,64,"batch_decode_kernels::latent_context(float*, float const*, unsigned short const*, int, int, int, int, int, int)",137,26,27603.0,0.0,196608.0,8192.0,127413.0,1899966.0,788906.0,4912630655069800.0,4912630655079880.0
137,1,131072,256,0,0,20,4,32,64,"batch_decode_kernels::value_up(float*, float const*, unsigned short const*, int, int, int, int, unsigned long)",138,30,30608.0,0.0,98304.0,2048.0,365090.0,2210029.0,1184958.0,4912630655234601.0,4912630655246441.0
138,1,131072,256,0,0,16,0,32,64,"batch_decode_kernels::gemv(float*, float const*, unsigned short const*, int, int, int, int)",139,38,49504.0,0.0,98304.0,2048.0,965974.0,4067755.0,3122120.0,4912630655412361.0,4912630655435882.0
139,1,256,256,1024,0,12,4,32,64,"batch_decode_kernels::rmsnorm(float*, float const*, unsigned short const*, int, int, float)",140,36,32108.0,0.0,70.0,4.0,62312.0,565061.0,14274.0,4912630655589162.0,4912630655601642.0
140,1,4096,256,0,0,16,0,32,64,"batch_decode_kernels::gemv(float*, float const*, unsigned short const*, int, int, int, int)",141,38,46602.0,0.0,3072.0,64.0,242380.0,3847743.0,429649.0,4912630655770123.0,4912630655791243.0
141,1,64,64,0,0,16,0,48,64,"void moe_kernels::router_topk_wave64_kernel<64>(float*, float const*, int*, float*, int, int, int, int, int, float)",142,57,39514.0,0.0,368.0,1.0,44988.0,663991.0,6464.0,4912630655958764.0,4912630655975724.0
142,1,540672,256,0,0,20,4,48,64,"batch_decode_kernels::routed_shared_gate_up(float*, float*, float const*, char const*, unsigned long const*, unsigned long const*, int const*, unsigned short const*, unsigned short const*, int, int, int, int, int)",143,46,156342.0,0.0,405504.0,8448.0,4248545.0,14991265.0,13977363.0,4912630656131885.0,4912630656224205.0
143,1,180224,256,0,0,24,0,32,64,"batch_decode_kernels::gate_up_swiglu(float*, float const*, unsigned short const*, unsigned short const*, int, int, int)",144,23,68734.0,0.0,270336.0,2816.0,1561767.0,6125837.0,5157272.0,4912630656386446.0,4912630656422606.0
144,1,131072,256,0,0,24,0,48,64,"batch_decode_kernels::routed_shared_down(float*, float const*, float const*, char const*, unsigned long const*, int const*, float const*, unsigned short const*, int, int, int, int, int)",145,19,114627.0,0.0,294912.0,2048.0,2993063.0,10893795.0,9647141.0,4912630656581167.0,4912630656646287.0
145,1,131072,256,0,0,16,0,32,64,"batch_decode_kernels::gemv(float*, float const*, unsigned short const*, int, int, int, int)",146,38,56308.0,0.0,98304.0,2048.0,1232794.0,4862952.0,3963501.0,4912630656803088.0,4912630656831088.0
146,1,256,256,1024,0,12,4,32,64,"batch_decode_kernels::rmsnorm(float*, float const*, unsigned short const*, int, int, float)",147,36,34111.0,0.0,70.0,4.0,66190.0,587720.0,16018.0,4912630656992048.0,4912630657005648.0
147,1,233472,256,0,0,16,0,32,64,"batch_decode_kernels::dual_gemv(float*, unsigned short const*, int, float*, unsigned short const*, int, float const*, int, int)",148,37,73155.0,0.0,175104.0,3648.0,1677101.0,6610334.0,5027898.0,4912630657165809.0,4912630657204369.0
148,1,256,256,1024,0,24,0,32,64,"batch_decode_kernels::kv_norm_rope(unsigned short*, float const*, unsigned short const*, int, int, int, int, int, int, float const*, int, float)",149,33,30624.0,0.0,70.0,4.0,48198.0,542142.0,6391.0,4912630657359090.0,4912630657370450.0
149,1,524288,256,0,0,36,4,32,64,"batch_decode_kernels::q_absorb_rope(float*, float*, float const*, unsigned short const*, int, int, int, int, int, int, int, float const*, int)",150,41,35872.0,0.0,393216.0,8192.0,488199.0,2758642.0,1614777.0,4912630657527891.0,4912630657543251.0
150,1,1024,256,0,0,16,0,32,64,"batch_decode_kernels::attention_score(float*, float const*, float const*, unsigned short const*, int, int, int, int, int, int, int, float)",151,43,27716.0,0.0,768.0,16.0,81618.0,1121942.0,39501.0,4912630657704052.0,4912630657713972.0
151,1,4096,256,1024,0,20,4,48,64,"void attention_kernels::softmax_rows_kernel<256>(float*, int, int, int, int)",152,52,24428.0,0.0,2048.0,64.0,61239.0,1572652.0,45582.0,4912630657875412.0,4912630657883412.0
152,1,524288,256,0,0,16,0,32,64,"batch_decode_kernels::latent_context(float*, float const*, unsigned short const*, int, int, int, int, int, int)",153,26,27783.0,0.0,196608.0,8192.0,127576.0,1914331.0,784255.0,4912630658060533.0,4912630658070613.0
153,1,131072,256,0,0,20,4,32,64,"batch_decode_kernels::value_up(float*, float const*, unsigned short const*, int, int, int, int, unsigned long)",154,30,30743.0,0.0,98304.0,2048.0,344694.0,2175150.0,1169438.0,4912630658246454.0,4912630658258294.0
154,1,131072,256,0,0,16,0,32,64,"batch_decode_kernels::gemv(float*, float const*, unsigned short const*, int, int, int, int)",155,38,48281.0,0.0,98304.0,2048.0,955403.0,3980018.0,3100109.0,4912630658429495.0,4912630658452215.0
155,1,256,256,1024,0,12,4,32,64,"batch_decode_kernels::rmsnorm(float*, float const*, unsigned short const*, int, int, float)",156,36,34177.0,0.0,70.0,4.0,66859.0,590580.0,16093.0,4912630658618456.0,4912630658632056.0
156,1,4096,256,0,0,16,0,32,64,"batch_decode_kernels::gemv(float*, float const*, unsigned short const*, int, int, int, int)",157,38,44988.0,0.0,3072.0,64.0,239949.0,3676845.0,412222.0,4912630658791576.0,4912630658811576.0
157,1,64,64,0,0,16,0,48,64,"void moe_kernels::router_topk_wave64_kernel<64>(float*, float const*, int*, float*, int, int, int, int, int, float)",158,57,39540.0,0.0,368.0,1.0,45874.0,661495.0,5759.0,4912630658972857.0,4912630658989657.0
158,1,540672,256,0,0,20,4,48,64,"batch_decode_kernels::routed_shared_gate_up(float*, float*, float const*, char const*, unsigned long const*, unsigned long const*, int const*, unsigned short const*, unsigned short const*, int, int, int, int, int)",159,46,154610.0,0.0,405504.0,8448.0,4216702.0,14929177.0,13914330.0,4912630659150778.0,4912630659241978.0
159,1,180224,256,0,0,24,0,32,64,"batch_decode_kernels::gate_up_swiglu(float*, float const*, unsigned short const*, unsigned short const*, int, int, int)",160,23,67449.0,0.0,270336.0,2816.0,1544980.0,5970201.0,5033194.0,4912630659414299.0,4912630659449659.0
160,1,131072,256,0,0,24,0,48,64,"batch_decode_kernels::routed_shared_down(float*, float const*, float const*, char const*, unsigned long const*, int const*, float const*, unsigned short const*, int, int, int, int, int)",161,19,114255.0,0.0,294912.0,2048.0,3004659.0,10909910.0,9674293.0,4912630659615100.0,4912630659680060.0
161,1,131072,256,0,0,16,0,32,64,"batch_decode_kernels::gemv(float*, float const*, unsigned short const*, int, int, int, int)",162,38,55812.0,0.0,98304.0,2048.0,1219674.0,4820897.0,3931338.0,4912630659836541.0,4912630659864381.0
162,1,256,256,1024,0,12,4,32,64,"batch_decode_kernels::rmsnorm(float*, float const*, unsigned short const*, int, int, float)",163,36,32196.0,0.0,70.0,4.0,63960.0,562292.0,14026.0,4912630660041822.0,4912630660054302.0
163,1,233472,256,0,0,16,0,32,64,"batch_decode_kernels::dual_gemv(float*, unsigned short const*, int, float*, unsigned short const*, int, float const*, int, int)",164,37,72641.0,0.0,175104.0,3648.0,1701820.0,6555721.0,5011252.0,4912630660205503.0,4912630660243743.0
164,1,256,256,1024,0,24,0,32,64,"batch_decode_kernels::kv_norm_rope(unsigned short*, float const*, unsigned short const*, int, int, int, int, int, int, float const*, int, float)",165,33,30792.0,0.0,70.0,4.0,47312.0,544118.0,6654.0,4912630660405343.0,4912630660416863.0
165,1,524288,256,0,0,36,4,32,64,"batch_decode_kernels::q_absorb_rope(float*, float*, float const*, unsigned short const*, int, int, int, int, int, int, int, float const*, int)",166,41,35329.0,0.0,393216.0,8192.0,504768.0,2651249.0,1610178.0,4912630660577024.0,4912630660592064.0
166,1,1024,256,0,0,16,0,32,64,"batch_decode_kernels::attention_score(float*, float const*, float const*, unsigned short const*, int, int, int, int, int, int, int, float)",167,43,27672.0,0.0,768.0,16.0,78752.0,1105146.0,35148.0,4912630660765345.0,4912630660774945.0
167,1,4096,256,1024,0,20,4,48,64,"void attention_kernels::softmax_rows_kernel<256>(float*, int, int, int, int)",168,52,24872.0,0.0,2048.0,64.0,60522.0,1588304.0,45180.0,4912630660946786.0,4912630660954786.0
168,1,524288,256,0,0,16,0,32,64,"batch_decode_kernels::latent_context(float*, float const*, unsigned short const*, int, int, int, int, int, int)",169,26,27560.0,0.0,196608.0,8192.0,127115.0,1892335.0,785567.0,4912630661105666.0,4912630661115587.0
169,1,131072,256,0,0,20,4,32,64,"batch_decode_kernels::value_up(float*, float const*, unsigned short const*, int, int, int, int, unsigned long)",170,30,31399.0,0.0,98304.0,2048.0,373368.0,2242243.0,1210473.0,4912630661278307.0,4912630661290467.0
170,1,131072,256,0,0,16,0,32,64,"batch_decode_kernels::gemv(float*, float const*, unsigned short const*, int, int, int, int)",171,38,48841.0,0.0,98304.0,2048.0,980195.0,4052454.0,3150741.0,4912630661455428.0,4912630661478788.0
171,1,256,256,1024,0,12,4,32,64,"batch_decode_kernels::rmsnorm(float*, float const*, unsigned short const*, int, int, float)",172,36,33278.0,0.0,70.0,4.0,64670.0,573472.0,15062.0,4912630661644709.0,4912630661657509.0
172,1,4096,256,0,0,16,0,32,64,"batch_decode_kernels::gemv(float*, float const*, unsigned short const*, int, int, int, int)",173,38,46604.0,0.0,3072.0,64.0,228116.0,3892619.0,436079.0,4912630661824230.0,4912630661845350.0
173,1,64,64,0,0,16,0,48,64,"void moe_kernels::router_topk_wave64_kernel<64>(float*, float const*, int*, float*, int, int, int, int, int, float)",174,57,39336.0,0.0,368.0,1.0,45270.0,655177.0,5739.0,4912630662026150.0,4912630662042631.0
174,1,540672,256,0,0,20,4,48,64,"batch_decode_kernels::routed_shared_gate_up(float*, float*, float const*, char const*, unsigned long const*, unsigned long const*, int const*, unsigned short const*, unsigned short const*, int, int, int, int, int)",175,46,155307.0,0.0,405504.0,8448.0,4197783.0,14952616.0,13947613.0,4912630662210311.0,4912630662301512.0
175,1,180224,256,0,0,24,0,32,64,"batch_decode_kernels::gate_up_swiglu(float*, float const*, unsigned short const*, unsigned short const*, int, int, int)",176,23,67536.0,0.0,270336.0,2816.0,1576195.0,5970110.0,5058715.0,4912630662478312.0,4912630662513513.0
176,1,131072,256,0,0,24,0,48,64,"batch_decode_kernels::routed_shared_down(float*, float const*, float const*, char const*, unsigned long const*, int const*, float const*, unsigned short const*, int, int, int, int, int)",177,19,113739.0,0.0,294912.0,2048.0,2981658.0,10784244.0,9553249.0,4912630662691113.0,4912630662755754.0
177,1,131072,256,0,0,16,0,32,64,"batch_decode_kernels::gemv(float*, float const*, unsigned short const*, int, int, int, int)",178,38,57076.0,0.0,98304.0,2048.0,1245001.0,4926366.0,3997318.0,4912630662923594.0,4912630662952075.0
178,1,256,256,1024,0,12,4,32,64,"batch_decode_kernels::rmsnorm(float*, float const*, unsigned short const*, int, int, float)",179,36,32428.0,0.0,70.0,4.0,63746.0,568623.0,14669.0,4912630663111595.0,4912630663124395.0
179,1,233472,256,0,0,16,0,32,64,"batch_decode_kernels::dual_gemv(float*, unsigned short const*, int, float*, unsigned short const*, int, float const*, int, int)",180,37,74101.0,0.0,175104.0,3648.0,1714215.0,6682198.0,4969177.0,4912630663298156.0,4912630663337036.0
180,1,256,256,1024,0,24,0,32,64,"batch_decode_kernels::kv_norm_rope(unsigned short*, float const*, unsigned short const*, int, int, int, int, int, int, float const*, int, float)",181,33,30561.0,0.0,70.0,4.0,49109.0,538723.0,7249.0,4912630663505517.0,4912630663516877.0
181,1,524288,256,0,0,36,4,32,64,"batch_decode_kernels::q_absorb_rope(float*, float*, float const*, unsigned short const*, int, int, int, int, int, int, int, float const*, int)",182,41,35475.0,0.0,393216.0,8192.0,465659.0,2623286.0,1548313.0,4912630663683438.0,4912630663698478.0
182,1,1024,256,0,0,16,0,32,64,"batch_decode_kernels::attention_score(float*, float const*, float const*, unsigned short const*, int, int, int, int, int, int, int, float)",183,43,28406.0,0.0,768.0,16.0,77057.0,1141572.0,38694.0,4912630663863759.0,4912630663873839.0
183,1,4096,256,1024,0,20,4,48,64,"void attention_kernels::softmax_rows_kernel<256>(float*, int, int, int, int)",184,52,24860.0,0.0,2048.0,64.0,64243.0,1625900.0,48067.0,4912630664034959.0,4912630664043119.0
184,1,524288,256,0,0,16,0,32,64,"batch_decode_kernels::latent_context(float*, float const*, unsigned short const*, int, int, int, int, int, int)",185,26,27473.0,0.0,196608.0,8192.0,125051.0,1889293.0,819450.0,4912630664194160.0,4912630664204080.0
185,1,131072,256,0,0,20,4,32,64,"batch_decode_kernels::value_up(float*, float const*, unsigned short const*, int, int, int, int, unsigned long)",186,30,30591.0,0.0,98304.0,2048.0,365592.0,2176710.0,1193257.0,4912630664383761.0,4912630664395601.0
186,1,131072,256,0,0,16,0,32,64,"batch_decode_kernels::gemv(float*, float const*, unsigned short const*, int, int, int, int)",187,38,48597.0,0.0,98304.0,2048.0,974460.0,4039116.0,3137352.0,4912630664547282.0,4912630664570322.0
187,1,256,256,1024,0,12,4,32,64,"batch_decode_kernels::rmsnorm(float*, float const*, unsigned short const*, int, int, float)",188,36,33894.0,0.0,70.0,4.0,64174.0,587122.0,15931.0,4912630664720562.0,4912630664734002.0
188,1,4096,256,0,0,16,0,32,64,"batch_decode_kernels::gemv(float*, float const*, unsigned short const*, int, int, int, int)",189,38,45935.0,0.0,3072.0,64.0,236702.0,3780390.0,426365.0,4912630664902003.0,4912630664922803.0
189,1,64,64,0,0,16,0,48,64,"void moe_kernels::router_topk_wave64_kernel<64>(float*, float const*, int*, float*, int, int, int, int, int, float)",190,57,39000.0,0.0,368.0,1.0,44873.0,653006.0,6497.0,4912630665082804.0,4912630665099284.0
190,1,540672,256,0,0,20,4,48,64,"batch_decode_kernels::routed_shared_gate_up(float*, float*, float const*, char const*, unsigned long const*, unsigned long const*, int const*, unsigned short const*, unsigned short const*, int, int, int, int, int)",191,46,156769.0,0.0,405504.0,8448.0,4240592.0,14974612.0,13917376.0,4912630665266965.0,4912630665359605.0
191,1,180224,256,0,0,24,0,32,64,"batch_decode_kernels::gate_up_swiglu(float*, float const*, unsigned short const*, unsigned short const*, int, int, int)",192,23,67636.0,0.0,270336.0,2816.0,1517315.0,5933073.0,5010301.0,4912630665518006.0,4912630665553526.0
192,1,131072,256,0,0,24,0,48,64,"batch_decode_kernels::routed_shared_down(float*, float const*, float const*, char const*, unsigned long const*, int const*, float const*, unsigned short const*, int, int, int, int, int)",193,19,114472.0,0.0,294912.0,2048.0,2984808.0,10868549.0,9605789.0,4912630665713047.0,4912630665778007.0
193,1,131072,256,0,0,16,0,32,64,"batch_decode_kernels::gemv(float*, float const*, unsigned short const*, int, int, int, int)",194,38,55718.0,0.0,98304.0,2048.0,1225305.0,4841541.0,3948632.0,4912630665955928.0,4912630665983768.0
194,1,256,256,1024,0,12,4,32,64,"batch_decode_kernels::rmsnorm(float*, float const*, unsigned short const*, int, int, float)",195,36,34386.0,0.0,70.0,4.0,68029.0,591997.0,16352.0,4912630666154809.0,4912630666168569.0
195,1,233472,256,0,0,16,0,32,64,"batch_decode_kernels::dual_gemv(float*, unsigned short const*, int, float*, unsigned short const*, int, float const*, int, int)",196,37,73731.0,0.0,175104.0,3648.0,1703423.0,6656224.0,4998489.0,4912630666347769.0,4912630666386650.0
196,1,256,256,1024,0,24,0,32,64,"batch_decode_kernels::kv_norm_rope(unsigned short*, float const*, unsigned short const*, int, int, int, int, int, int, float const*, int, float)",197,33,29776.0,0.0,70.0,4.0,47943.0,520601.0,6615.0,4912630666558330.0,4912630666568730.0
197,1,524288,256,0,0,36,4,32,64,"batch_decode_kernels::q_absorb_rope(float*, float*, float const*, unsigned short const*, int, int, int, int, int, int, int, float const*, int)",198,41,35991.0,0.0,393216.0,8192.0,487458.0,2697698.0,1580289.0,4912630666742331.0,4912630666757851.0
198,1,1024,256,0,0,16,0,32,64,"batch_decode_kernels::attention_score(float*, float const*, float const*, unsigned short const*, int, int, int, int, int, int, int, float)",199,43,27770.0,0.0,768.0,16.0,74697.0,1110671.0,36882.0,4912630666939292.0,4912630666949052.0
199,1,4096,256,1024,0,20,4,48,64,"void attention_kernels::softmax_rows_kernel<256>(float*, int, int, int, int)",200,52,25094.0,0.0,2048.0,64.0,60674.0,1617788.0,45586.0,4912630667129213.0,4912630667137213.0
200,1,524288,256,0,0,16,0,32,64,"batch_decode_kernels::latent_context(float*, float const*, unsigned short const*, int, int, int, int, int, int)",201,26,28415.0,0.0,196608.0,8192.0,131978.0,1964667.0,821397.0,4912630667307454.0,4912630667317854.0
201,1,131072,256,0,0,20,4,32,64,"batch_decode_kernels::value_up(float*, float const*, unsigned short const*, int, int, int, int, unsigned long)",202,30,30393.0,0.0,98304.0,2048.0,357817.0,2161578.0,1166041.0,4912630667506335.0,4912630667518015.0
202,1,131072,256,0,0,16,0,32,64,"batch_decode_kernels::gemv(float*, float const*, unsigned short const*, int, int, int, int)",203,38,48558.0,0.0,98304.0,2048.0,967984.0,4042119.0,3122565.0,4912630667684735.0,4912630667707775.0
203,1,256,256,1024,0,12,4,32,64,"batch_decode_kernels::rmsnorm(float*, float const*, unsigned short const*, int, int, float)",204,36,32405.0,0.0,70.0,4.0,65370.0,569819.0,14672.0,4912630667863456.0,4912630667875936.0
204,1,4096,256,0,0,16,0,32,64,"batch_decode_kernels::gemv(float*, float const*, unsigned short const*, int, int, int, int)",205,38,46190.0,0.0,3072.0,64.0,236476.0,3839111.0,437735.0,4912630668066337.0,4912630668087297.0
205,1,64,64,0,0,16,0,48,64,"void moe_kernels::router_topk_wave64_kernel<64>(float*, float const*, int*, float*, int, int, int, int, int, float)",206,57,40308.0,0.0,368.0,1.0,45502.0,665798.0,5924.0,4912630668256258.0,4912630668273218.0
206,1,540672,256,0,0,20,4,48,64,"batch_decode_kernels::routed_shared_gate_up(float*, float*, float const*, char const*, unsigned long const*, unsigned long const*, int const*, unsigned short const*, unsigned short const*, int, int, int, int, int)",207,46,155830.0,0.0,405504.0,8448.0,4240008.0,15053314.0,14037582.0,4912630668448419.0,4912630668540419.0
207,1,180224,256,0,0,24,0,32,64,"batch_decode_kernels::gate_up_swiglu(float*, float const*, unsigned short const*, unsigned short const*, int, int, int)",208,23,68279.0,0.0,270336.0,2816.0,1533316.0,6045250.0,5076222.0,4912630668710340.0,4912630668746340.0
208,1,131072,256,0,0,24,0,48,64,"batch_decode_kernels::routed_shared_down(float*, float const*, float const*, char const*, unsigned long const*, int const*, float const*, unsigned short const*, int, int, int, int, int)",209,19,114047.0,0.0,294912.0,2048.0,2952801.0,10865754.0,9663590.0,4912630668929381.0,4912630668994341.0
209,1,131072,256,0,0,16,0,32,64,"batch_decode_kernels::gemv(float*, float const*, unsigned short const*, int, int, int, int)",210,38,57434.0,0.0,98304.0,2048.0,1245774.0,4939080.0,4015532.0,4912630669168902.0,4912630669197542.0
210,1,256,256,1024,0,12,4,32,64,"batch_decode_kernels::rmsnorm(float*, float const*, unsigned short const*, int, int, float)",211,36,34184.0,0.0,70.0,4.0,65575.0,590983.0,16262.0,4912630669353383.0,4912630669366983.0
211,1,233472,256,0,0,16,0,32,64,"batch_decode_kernels::dual_gemv(float*, unsigned short const*, int, float*, unsigned short const*, int, float const*, int, int)",212,37,73882.0,0.0,175104.0,3648.0,1695268.0,6637790.0,4978505.0,4912630669534983.0,4912630669573704.0
212,1,256,256,1024,0,24,0,32,64,"batch_decode_kernels::kv_norm_rope(unsigned short*, float const*, unsigned short const*, int, int, int, int, int, int, float const*, int, float)",213,33,28270.0,0.0,70.0,4.0,45198.0,509759.0,5751.0,4912630669749064.0,4912630669759144.0
213,1,524288,256,0,0,36,4,32,64,"batch_decode_kernels::q_absorb_rope(float*, float*, float const*, unsigned short const*, int, int, int, int, int, int, int, float const*, int)",214,41,35936.0,0.0,393216.0,8192.0,498731.0,2697867.0,1595215.0,4912630669934345.0,4912630669949865.0
214,1,1024,256,0,0,16,0,32,64,"batch_decode_kernels::attention_score(float*, float const*, float const*, unsigned short const*, int, int, int, int, int, int, int, float)",215,43,28085.0,0.0,768.0,16.0,78026.0,1143496.0,38536.0,4912630670138666.0,4912630670148746.0
215,1,4096,256,1024,0,20,4,48,64,"void attention_kernels::softmax_rows_kernel<256>(float*, int, int, int, int)",216,52,24748.0,0.0,2048.0,64.0,59721.0,1587342.0,44665.0,4912630670323947.0,4912630670331787.0
216,1,524288,256,0,0,16,0,32,64,"batch_decode_kernels::latent_context(float*, float const*, unsigned short const*, int, int, int, int, int, int)",217,26,27345.0,0.0,196608.0,8192.0,118737.0,1864749.0,772416.0,4912630670497708.0,4912630670507468.0
217,1,131072,256,0,0,20,4,32,64,"batch_decode_kernels::value_up(float*, float const*, unsigned short const*, int, int, int, int, unsigned long)",218,30,30932.0,0.0,98304.0,2048.0,375117.0,2236107.0,1236639.0,4912630670693228.0,4912630670705069.0
218,1,131072,256,0,0,16,0,32,64,"batch_decode_kernels::gemv(float*, float const*, unsigned short const*, int, int, int, int)",219,38,48548.0,0.0,98304.0,2048.0,974836.0,4042938.0,3137175.0,4912630670893389.0,4912630670916589.0
219,1,256,256,1024,0,12,4,32,64,"batch_decode_kernels::rmsnorm(float*, float const*, unsigned short const*, int, int, float)",220,36,32702.0,0.0,70.0,4.0,64298.0,570053.0,14627.0,4912630671081390.0,4912630671094190.0
220,1,4096,256,0,0,16,0,32,64,"batch_decode_kernels::gemv(float*, float const*, unsigned short const*, int, int, int, int)",221,38,47724.0,0.0,3072.0,64.0,227216.0,3996918.0,453913.0,4912630671274991.0,4912630671296751.0
221,1,64,64,0,0,16,0,48,64,"void moe_kernels::router_topk_wave64_kernel<64>(float*, float const*, int*, float*, int, int, int, int, int, float)",222,57,39406.0,0.0,368.0,1.0,44748.0,656516.0,5801.0,4912630671453072.0,4912630671469872.0
222,1,540672,256,0,0,20,4,48,64,"batch_decode_kernels::routed_shared_gate_up(float*, float*, float const*, char const*, unsigned long const*, unsigned long const*, int const*, unsigned short const*, unsigned short const*, int, int, int, int, int)",223,46,156262.0,0.0,405504.0,8448.0,4236552.0,14975197.0,13958053.0,4912630671647633.0,4912630671739793.0
223,1,180224,256,0,0,24,0,32,64,"batch_decode_kernels::gate_up_swiglu(float*, float const*, unsigned short const*, unsigned short const*, int, int, int)",224,23,67136.0,0.0,270336.0,2816.0,1536008.0,5863874.0,4969024.0,4912630671921714.0,4912630671956594.0
224,1,131072,256,0,0,24,0,48,64,"batch_decode_kernels::routed_shared_down(float*, float const*, float const*, char const*, unsigned long const*, int const*, float const*, unsigned short const*, int, int, int, int, int)",225,19,113779.0,0.0,294912.0,2048.0,2993698.0,10836764.0,9626647.0,4912630672134355.0,4912630672199155.0
225,1,131072,256,0,0,16,0,32,64,"batch_decode_kernels::gemv(float*, float const*, unsigned short const*, int, int, int, int)",226,38,56476.0,0.0,98304.0,2048.0,1228791.0,4852344.0,3957007.0,4912630672361076.0,4912630672389236.0
226,1,256,256,1024,0,12,4,32,64,"batch_decode_kernels::rmsnorm(float*, float const*, unsigned short const*, int, int, float)",227,36,33716.0,0.0,70.0,4.0,66269.0,585393.0,15859.0,4912630672560917.0,4912630672574357.0
227,1,233472,256,0,0,16,0,32,64,"batch_decode_kernels::dual_gemv(float*, unsigned short const*, int, float*, unsigned short const*, int, float const*, int, int)",228,37,73278.0,0.0,175104.0,3648.0,1675170.0,6625115.0,5036316.0,4912630672750198.0,4912630672788918.0
228,1,256,256,1024,0,24,0,32,64,"batch_decode_kernels::kv_norm_rope(unsigned short*, float const*, unsigned short const*, int, int, int, int, int, int, float const*, int, float)",229,33,28646.0,0.0,70.0,4.0,45999.0,515115.0,5885.0,4912630672974999.0,4912630672985239.0
229,1,524288,256,0,0,36,4,32,64,"batch_decode_kernels::q_absorb_rope(float*, float*, float const*, unsigned short const*, int, int, int, int, int, int, int, float const*, int)",230,41,36725.0,0.0,393216.0,8192.0,484673.0,2732733.0,1589309.0,4912630673176119.0,4912630673191959.0
230,1,1024,256,0,0,16,0,32,64,"batch_decode_kernels::attention_score(float*, float const*, float const*, unsigned short const*, int, int, int, int, int, int, int, float)",231,43,28475.0,0.0,768.0,16.0,78880.0,1142599.0,37663.0,4912630673359640.0,4912630673369720.0
231,1,4096,256,1024,0,20,4,48,64,"void attention_kernels::softmax_rows_kernel<256>(float*, int, int, int, int)",232,52,24595.0,0.0,2048.0,64.0,60296.0,1590046.0,44944.0,4912630673544281.0,4912630673552121.0
232,1,524288,256,0,0,16,0,32,64,"batch_decode_kernels::latent_context(float*, float const*, unsigned short const*, int, int, int, int, int, int)",233,26,27700.0,0.0,196608.0,8192.0,124923.0,1916151.0,828031.0,4912630673711642.0,4912630673721722.0
233,1,131072,256,0,0,20,4,32,64,"batch_decode_kernels::value_up(float*, float const*, unsigned short const*, int, int, int, int, unsigned long)",234,30,30797.0,0.0,98304.0,2048.0,381290.0,2229490.0,1191479.0,4912630673877082.0,4912630673889083.0
234,1,131072,256,0,0,16,0,32,64,"batch_decode_kernels::gemv(float*, float const*, unsigned short const*, int, int, int, int)",235,38,48381.0,0.0,98304.0,2048.0,965141.0,4014858.0,3102154.0,4912630674050523.0,4912630674073563.0
235,1,256,256,1024,0,12,4,32,64,"batch_decode_kernels::rmsnorm(float*, float const*, unsigned short const*, int, int, float)",236,36,34184.0,0.0,70.0,4.0,68314.0,592972.0,16495.0,4912630674239324.0,4912630674253084.0
236,1,4096,256,0,0,16,0,32,64,"batch_decode_kernels::gemv(float*, float const*, unsigned short const*, int, int, int, int)",237,38,46061.0,0.0,3072.0,64.0,238152.0,3813904.0,425999.0,4912630674412445.0,4912630674433245.0
237,1,64,64,0,0,16,0,48,64,"void moe_kernels::router_topk_wave64_kernel<64>(float*, float const*, int*, float*, int, int, int, int, int, float)",238,57,38694.0,0.0,368.0,1.0,44287.0,651394.0,5772.0,4912630674625406.0,4912630674641886.0
238,1,540672,256,0,0,20,4,48,64,"batch_decode_kernels::routed_shared_gate_up(float*, float*, float const*, char const*, unsigned long const*, unsigned long const*, int const*, unsigned short const*, unsigned short const*, int, int, int, int, int)",239,46,155568.0,0.0,405504.0,8448.0,4232497.0,14944244.0,13970470.0,4912630674828127.0,4912630674919967.0
239,1,180224,256,0,0,24,0,32,64,"batch_decode_kernels::gate_up_swiglu(float*, float const*, unsigned short const*, unsigned short const*, int, int, int)",240,23,66549.0,0.0,270336.0,2816.0,1508325.0,5908542.0,4950267.0,4912630675077888.0,4912630675112768.0
240,1,131072,256,0,0,24,0,48,64,"batch_decode_kernels::routed_shared_down(float*, float const*, float const*, char const*, unsigned long const*, int const*, float const*, unsigned short const*, int, int, int, int, int)",241,19,114428.0,0.0,294912.0,2048.0,2988335.0,10821593.0,9597156.0,4912630675269569.0,4912630675334369.0
241,1,131072,256,0,0,16,0,32,64,"batch_decode_kernels::gemv(float*, float const*, unsigned short const*, int, int, int, int)",242,38,57174.0,0.0,98304.0,2048.0,1246476.0,4922154.0,4019106.0,4912630675499810.0,4912630675528130.0
242,1,256,256,1024,0,12,4,32,64,"batch_decode_kernels::rmsnorm(float*, float const*, unsigned short const*, int, int, float)",243,36,34062.0,0.0,70.0,4.0,66279.0,578074.0,15030.0,4912630675698690.0,4912630675711651.0
243,1,233472,256,0,0,16,0,32,64,"batch_decode_kernels::dual_gemv(float*, unsigned short const*, int, float*, unsigned short const*, int, float const*, int, int)",244,37,74101.0,0.0,175104.0,3648.0,1739484.0,6663556.0,5035903.0,4912630675894691.0,4912630675933891.0
244,1,256,256,1024,0,24,0,32,64,"batch_decode_kernels::kv_norm_rope(unsigned short*, float const*, unsigned short const*, int, int, int, int, int, int, float const*, int, float)",245,33,28331.0,0.0,70.0,4.0,45385.0,512736.0,6551.0,4912630676107332.0,4912630676117412.0
245,1,524288,256,0,0,36,4,32,64,"batch_decode_kernels::q_absorb_rope(float*, float*, float const*, unsigned short const*, int, int, int, int, int, int, int, float const*, int)",246,41,36700.0,0.0,393216.0,8192.0,492368.0,2776491.0,1640910.0,4912630676279333.0,4912630676295173.0
246,1,1024,256,0,0,16,0,32,64,"batch_decode_kernels::attention_score(float*, float const*, float const*, unsigned short const*, int, int, int, int, int, int, int, float)",247,43,29217.0,0.0,768.0,16.0,85418.0,1147708.0,40653.0,4912630676488934.0,4912630676499174.0
247,1,4096,256,1024,0,20,4,48,64,"void attention_kernels::softmax_rows_kernel<256>(float*, int, int, int, int)",248,52,24862.0,0.0,2048.0,64.0,60400.0,1628357.0,44632.0,4912630676691815.0,4912630676699975.0
248,1,524288,256,0,0,16,0,32,64,"batch_decode_kernels::latent_context(float*, float const*, unsigned short const*, int, int, int, int, int, int)",249,26,27514.0,0.0,196608.0,8192.0,122104.0,1888539.0,833834.0,4912630676847815.0,4912630676857736.0
249,1,131072,256,0,0,20,4,32,64,"batch_decode_kernels::value_up(float*, float const*, unsigned short const*, int, int, int, int, unsigned long)",250,30,33012.0,0.0,98304.0,2048.0,428282.0,2382266.0,1329089.0,4912630677059016.0,4912630677072136.0
250,1,131072,256,0,0,16,0,32,64,"batch_decode_kernels::gemv(float*, float const*, unsigned short const*, int, int, int, int)",251,38,48924.0,0.0,98304.0,2048.0,989854.0,4124721.0,3196323.0,4912630677239817.0,4912630677263177.0
251,1,256,256,1024,0,12,4,32,64,"batch_decode_kernels::rmsnorm(float*, float const*, unsigned short const*, int, int, float)",252,36,33512.0,0.0,70.0,4.0,67598.0,580297.0,15367.0,4912630677419818.0,4912630677433098.0
252,1,4096,256,0,0,16,0,32,64,"batch_decode_kernels::gemv(float*, float const*, unsigned short const*, int, int, int, int)",253,38,45653.0,0.0,3072.0,64.0,246254.0,3670891.0,413244.0,4912630677598219.0,4912630677618699.0
253,1,64,64,0,0,16,0,48,64,"void moe_kernels::router_topk_wave64_kernel<64>(float*, float const*, int*, float*, int, int, int, int, int, float)",254,57,39640.0,0.0,368.0,1.0,45471.0,659753.0,5759.0,4912630677783660.0,4912630677800460.0
254,1,540672,256,0,0,20,4,48,64,"batch_decode_kernels::routed_shared_gate_up(float*, float*, float const*, char const*, unsigned long const*, unsigned long const*, int const*, unsigned short const*, unsigned short const*, int, int, int, int, int)",255,46,154663.0,0.0,405504.0,8448.0,4237471.0,15063220.0,14057763.0,4912630677965260.0,4912630678056621.0
255,1,180224,256,0,0,24,0,32,64,"batch_decode_kernels::gate_up_swiglu(float*, float const*, unsigned short const*, unsigned short const*, int, int, int)",256,23,68040.0,0.0,270336.0,2816.0,1552520.0,6068598.0,5167742.0,4912630678229902.0,4912630678265902.0
256,1,131072,256,0,0,24,0,48,64,"batch_decode_kernels::routed_shared_down(float*, float const*, float const*, char const*, unsigned long const*, int const*, float const*, unsigned short const*, int, int, int, int, int)",257,19,115718.0,0.0,294912.0,2048.0,3026185.0,10955428.0,9694484.0,4912630678438702.0,4912630678504303.0
257,1,131072,256,0,0,16,0,32,64,"batch_decode_kernels::gemv(float*, float const*, unsigned short const*, int, int, int, int)",258,38,57272.0,0.0,98304.0,2048.0,1245063.0,4912521.0,4014928.0,4912630678679024.0,4912630678707504.0
258,1,256,256,1024,0,12,4,32,64,"batch_decode_kernels::rmsnorm(float*, float const*, unsigned short const*, int, int, float)",259,36,32929.0,0.0,70.0,4.0,64853.0,573264.0,14909.0,4912630678892304.0,4912630678905265.0
259,1,233472,256,0,0,16,0,32,64,"batch_decode_kernels::dual_gemv(float*, unsigned short const*, int, float*, unsigned short const*, int, float const*, int, int)",260,37,74067.0,0.0,175104.0,3648.0,1697100.0,6678753.0,5034697.0,4912630679089905.0,4912630679128945.0
260,1,256,256,1024,0,24,0,32,64,"batch_decode_kernels::kv_norm_rope(unsigned short*, float const*, unsigned short const*, int, int, int, int, int, int, float const*, int, float)",261,33,29408.0,0.0,70.0,4.0,46524.0,527816.0,6107.0,4912630679280786.0,4912630679291506.0
261,1,524288,256,0,0,36,4,32,64,"batch_decode_kernels::q_absorb_rope(float*, float*, float const*, unsigned short const*, int, int, int, int, int, int, int, float const*, int)",262,41,36864.0,0.0,393216.0,8192.0,526144.0,2828959.0,1677802.0,4912630679442227.0,4912630679458227.0
262,1,1024,256,0,0,16,0,32,64,"batch_decode_kernels::attention_score(float*, float const*, float const*, unsigned short const*, int, int, int, int, int, int, int, float)",263,43,28914.0,0.0,768.0,16.0,83934.0,1165024.0,41254.0,4912630679635028.0,4912630679645268.0
263,1,4096,256,1024,0,20,4,48,64,"void attention_kernels::softmax_rows_kernel<256>(float*, int, int, int, int)",264,52,25109.0,0.0,2048.0,64.0,61333.0,1602162.0,45780.0,4912630679825749.0,4912630679833909.0
264,1,524288,256,0,0,16,0,32,64,"batch_decode_kernels::latent_context(float*, float const*, unsigned short const*, int, int, int, int, int, int)",265,26,27127.0,0.0,196608.0,8192.0,126142.0,1883441.0,808440.0,4912630679995669.0,4912630680005589.0
265,1,131072,256,0,0,20,4,32,64,"batch_decode_kernels::value_up(float*, float const*, unsigned short const*, int, int, int, int, unsigned long)",266,30,32549.0,0.0,98304.0,2048.0,417345.0,2366328.0,1299675.0,4912630680160470.0,4912630680173430.0
266,1,131072,256,0,0,16,0,32,64,"batch_decode_kernels::gemv(float*, float const*, unsigned short const*, int, int, int, int)",267,38,49979.0,0.0,98304.0,2048.0,981274.0,4070433.0,3167821.0,4912630680354871.0,4912630680378391.0
267,1,256,256,1024,0,12,4,32,64,"batch_decode_kernels::rmsnorm(float*, float const*, unsigned short const*, int, int, float)",268,36,32589.0,0.0,70.0,4.0,65087.0,569767.0,14560.0,4912630680571672.0,4912630680584312.0
268,1,4096,256,0,0,16,0,32,64,"batch_decode_kernels::gemv(float*, float const*, unsigned short const*, int, int, int, int)",269,38,45840.0,0.0,3072.0,64.0,228901.0,3759499.0,417126.0,4912630680741113.0,4912630680761433.0
269,1,64,64,0,0,16,0,48,64,"void moe_kernels::router_topk_wave64_kernel<64>(float*, float const*, int*, float*, int, int, int, int, int, float)",270,57,39297.0,0.0,368.0,1.0,45663.0,657244.0,5710.0,4912630680939353.0,4912630680955993.0
270,1,540672,256,0,0,20,4,48,64,"batch_decode_kernels::routed_shared_gate_up(float*, float*, float const*, char const*, unsigned long const*, unsigned long const*, int const*, unsigned short const*, unsigned short const*, int, int, int, int, int)",271,46,157471.0,0.0,405504.0,8448.0,4240421.0,15240189.0,14108770.0,4912630681114394.0,4912630681207355.0
271,1,180224,256,0,0,24,0,32,64,"batch_decode_kernels::gate_up_swiglu(float*, float const*, unsigned short const*, unsigned short const*, int, int, int)",272,23,68273.0,0.0,270336.0,2816.0,1562424.0,6062865.0,5144027.0,4912630681394555.0,4912630681430556.0
272,1,131072,256,0,0,24,0,48,64,"batch_decode_kernels::routed_shared_down(float*, float const*, float const*, char const*, unsigned long const*, int const*, float const*, unsigned short const*, int, int, int, int, int)",273,19,116003.0,0.0,294912.0,2048.0,3035410.0,11002813.0,9753372.0,4912630681624636.0,4912630681690717.0
273,1,131072,256,0,0,16,0,32,64,"batch_decode_kernels::gemv(float*, float const*, unsigned short const*, int, int, int, int)",274,38,57292.0,0.0,98304.0,2048.0,1236430.0,4894425.0,3964637.0,4912630681859357.0,4912630681887998.0
274,1,256,256,1024,0,12,4,32,64,"batch_decode_kernels::rmsnorm(float*, float const*, unsigned short const*, int, int, float)",275,36,32758.0,0.0,70.0,4.0,65178.0,572713.0,15081.0,4912630682066718.0,4912630682079518.0
275,1,233472,256,0,0,16,0,32,64,"batch_decode_kernels::dual_gemv(float*, unsigned short const*, int, float*, unsigned short const*, int, float const*, int, int)",276,37,74600.0,0.0,175104.0,3648.0,1720798.0,6695211.0,4897336.0,4912630682235519.0,4912630682275039.0
276,1,256,256,1024,0,24,0,32,64,"batch_decode_kernels::kv_norm_rope(unsigned short*, float const*, unsigned short const*, int, int, int, int, int, int, float const*, int, float)",277,33,28334.0,0.0,70.0,4.0,45243.0,514205.0,6444.0,4912630682433440.0,4912630682443680.0
277,1,524288,256,0,0,36,4,32,64,"batch_decode_kernels::q_absorb_rope(float*, float*, float const*, unsigned short const*, int, int, int, int, int, int, int, float const*, int)",278,41,36430.0,0.0,393216.0,8192.0,489663.0,2752363.0,1654848.0,4912630682630721.0,4912630682646561.0
278,1,1024,256,0,0,16,0,32,64,"batch_decode_kernels::attention_score(float*, float const*, float const*, unsigned short const*, int, int, int, int, int, int, int, float)",279,43,29306.0,0.0,768.0,16.0,80204.0,1135644.0,38328.0,4912630682806722.0,4912630682816802.0
279,1,4096,256,1024,0,20,4,48,64,"void attention_kernels::softmax_rows_kernel<256>(float*, int, int, int, int)",280,52,24316.0,0.0,2048.0,64.0,62096.0,1582350.0,46425.0,4912630682976802.0,4912630682984642.0
280,1,524288,256,0,0,16,0,32,64,"batch_decode_kernels::latent_context(float*, float const*, unsigned short const*, int, int, int, int, int, int)",281,26,27434.0,0.0,196608.0,8192.0,125357.0,1900837.0,834172.0,4912630683158403.0,4912630683168483.0
281,1,131072,256,0,0,20,4,32,64,"batch_decode_kernels::value_up(float*, float const*, unsigned short const*, int, int, int, int, unsigned long)",282,30,31835.0,0.0,98304.0,2048.0,371271.0,2212655.0,1214473.0,4912630683356964.0,4912630683368964.0
282,1,131072,256,0,0,16,0,32,64,"batch_decode_kernels::gemv(float*, float const*, unsigned short const*, int, int, int, int)",283,38,48563.0,0.0,98304.0,2048.0,971551.0,4044303.0,3146471.0,4912630683531525.0,4912630683554725.0
283,1,256,256,1024,0,12,4,32,64,"batch_decode_kernels::rmsnorm(float*, float const*, unsigned short const*, int, int, float)",284,36,33735.0,0.0,70.0,4.0,65366.0,570417.0,14677.0,4912630683731846.0,4912630683744646.0
284,1,4096,256,0,0,16,0,32,64,"batch_decode_kernels::gemv(float*, float const*, unsigned short const*, int, int, int, int)",285,38,46756.0,0.0,3072.0,64.0,233341.0,3845572.0,438013.0,4912630683911046.0,4912630683932167.0
285,1,64,64,0,0,16,0,48,64,"void moe_kernels::router_topk_wave64_kernel<64>(float*, float const*, int*, float*, int, int, int, int, int, float)",286,57,37530.0,0.0,368.0,1.0,43472.0,634052.0,6042.0,4912630684130407.0,4912630684146087.0
286,1,540672,256,0,0,20,4,48,64,"batch_decode_kernels::routed_shared_gate_up(float*, float*, float const*, char const*, unsigned long const*, unsigned long const*, int const*, unsigned short const*, unsigned short const*, int, int, int, int, int)",287,46,156099.0,0.0,405504.0,8448.0,4201808.0,14918972.0,13848605.0,4912630684342568.0,4912630684433929.0
287,1,180224,256,0,0,24,0,32,64,"batch_decode_kernels::gate_up_swiglu(float*, float const*, unsigned short const*, unsigned short const*, int, int, int)",288,23,67368.0,0.0,270336.0,2816.0,1583421.0,5985237.0,5069486.0,4912630684583369.0,4912630684618730.0
288,1,131072,256,0,0,24,0,48,64,"batch_decode_kernels::routed_shared_down(float*, float const*, float const*, char const*, unsigned long const*, int const*, float const*, unsigned short const*, int, int, int, int, int)",289,19,114861.0,0.0,294912.0,2048.0,2986608.0,10834775.0,9575087.0,4912630684791370.0,4912630684856171.0
289,1,131072,256,0,0,16,0,32,64,"batch_decode_kernels::gemv(float*, float const*, unsigned short const*, int, int, int, int)",290,38,56432.0,0.0,98304.0,2048.0,1219899.0,4857297.0,3930145.0,4912630685042731.0,4912630685070732.0
290,1,256,256,1024,0,12,4,32,64,"batch_decode_kernels::rmsnorm(float*, float const*, unsigned short const*, int, int, float)",291,36,32069.0,0.0,70.0,4.0,64844.0,561889.0,14013.0,4912630685241932.0,4912630685254092.0
291,1,233472,256,0,0,16,0,32,64,"batch_decode_kernels::dual_gemv(float*, unsigned short const*, int, float*, unsigned short const*, int, float const*, int, int)",292,37,75944.0,0.0,175104.0,3648.0,1699637.0,6783312.0,5150694.0,4912630685424493.0,4912630685464173.0
292,1,256,256,1024,0,24,0,32,64,"batch_decode_kernels::kv_norm_rope(unsigned short*, float const*, unsigned short const*, int, int, int, int, int, int, float const*, int, float)",293,33,30211.0,0.0,70.0,4.0,47091.0,536656.0,8647.0,4912630685645134.0,4912630685656174.0
293,1,524288,256,0,0,36,4,32,64,"batch_decode_kernels::q_absorb_rope(float*, float*, float const*, unsigned short const*, int, int, int, int, int, int, int, float const*, int)",294,41,36211.0,0.0,393216.0,8192.0,468762.0,2647765.0,1525868.0,4912630685821135.0,4912630685836495.0
294,1,1024,256,0,0,16,0,32,64,"batch_decode_kernels::attention_score(float*, float const*, float const*, unsigned short const*, int, int, int, int, int, int, int, float)",295,43,30080.0,0.0,768.0,16.0,81606.0,1175723.0,38628.0,4912630686006736.0,4912630686017136.0
295,1,4096,256,1024,0,20,4,48,64,"void attention_kernels::softmax_rows_kernel<256>(float*, int, int, int, int)",296,52,24185.0,0.0,2048.0,64.0,59799.0,1544156.0,44455.0,4912630686192656.0,4912630686200336.0
296,1,524288,256,0,0,16,0,32,64,"batch_decode_kernels::latent_context(float*, float const*, unsigned short const*, int, int, int, int, int, int)",297,26,27767.0,0.0,196608.0,8192.0,125229.0,1920896.0,887931.0,4912630686381137.0,4912630686391217.0
297,1,131072,256,0,0,20,4,32,64,"batch_decode_kernels::value_up(float*, float const*, unsigned short const*, int, int, int, int, unsigned long)",298,30,32801.0,0.0,98304.0,2048.0,389069.0,2313769.0,1209856.0,4912630686596818.0,4912630686609298.0
298,1,131072,256,0,0,16,0,32,64,"batch_decode_kernels::gemv(float*, float const*, unsigned short const*, int, int, int, int)",299,38,49082.0,0.0,98304.0,2048.0,979761.0,4065688.0,3143102.0,4912630686785779.0,4912630686809139.0
299,1,256,256,1024,0,12,4,32,64,"batch_decode_kernels::rmsnorm(float*, float const*, unsigned short const*, int, int, float)",300,36,32986.0,0.0,70.0,4.0,65104.0,575695.0,14791.0,4912630686975540.0,4912630686988340.0
300,1,4096,256,0,0,16,0,32,64,"batch_decode_kernels::gemv(float*, float const*, unsigned short const*, int, int, int, int)",301,38,47283.0,0.0,3072.0,64.0,238787.0,3803413.0,423209.0,4912630687200501.0,4912630687221141.0
301,1,64,64,0,0,16,0,48,64,"void moe_kernels::router_topk_wave64_kernel<64>(float*, float const*, int*, float*, int, int, int, int, int, float)",302,57,39406.0,0.0,368.0,1.0,44449.0,656217.0,5780.0,4912630687430902.0,4912630687447542.0
302,1,540672,256,0,0,20,4,48,64,"batch_decode_kernels::routed_shared_gate_up(float*, float*, float const*, char const*, unsigned long const*, unsigned long const*, int const*, unsigned short const*, unsigned short const*, int, int, int, int, int)",303,46,158859.0,0.0,405504.0,8448.0,4347969.0,15154818.0,14076670.0,4912630687619543.0,4912630687713303.0
303,1,180224,256,0,0,24,0,32,64,"batch_decode_kernels::gate_up_swiglu(float*, float const*, unsigned short const*, unsigned short const*, int, int, int)",304,23,69005.0,0.0,270336.0,2816.0,1567798.0,6020329.0,5088539.0,4912630687876344.0,4912630687912024.0
304,1,131072,256,0,0,24,0,48,64,"batch_decode_kernels::routed_shared_down(float*, float const*, float const*, char const*, unsigned long const*, int const*, float const*, unsigned short const*, int, int, int, int, int)",305,19,116068.0,0.0,294912.0,2048.0,3006963.0,10923656.0,9651936.0,4912630688102745.0,4912630688168185.0
305,1,131072,256,0,0,16,0,32,64,"batch_decode_kernels::gemv(float*, float const*, unsigned short const*, int, int, int, int)",306,38,57948.0,0.0,98304.0,2048.0,1233240.0,4870245.0,3958845.0,4912630688360986.0,4912630688389466.0
306,1,256,256,1024,0,12,4,32,64,"batch_decode_kernels::rmsnorm(float*, float const*, unsigned short const*, int, int, float)",307,36,32912.0,0.0,70.0,4.0,66386.0,573017.0,14922.0,4912630688555387.0,4912630688568187.0
307,1,233472,256,0,0,16,0,32,64,"batch_decode_kernels::dual_gemv(float*, unsigned short const*, int, float*, unsigned short const*, int, float const*, int, int)",308,37,74855.0,0.0,175104.0,3648.0,1727068.0,6674970.0,4952255.0,4912630688745468.0,4912630688784508.0
308,1,256,256,1024,0,24,0,32,64,"batch_decode_kernels::kv_norm_rope(unsigned short*, float const*, unsigned short const*, int, int, int, int, int, int, float const*, int, float)",309,33,29146.0,0.0,70.0,4.0,45302.0,522915.0,7218.0,4912630688940349.0,4912630688950909.0
309,1,524288,256,0,0,36,4,32,64,"batch_decode_kernels::q_absorb_rope(float*, float*, float const*, unsigned short const*, int, int, int, int, int, int, int, float const*, int)",310,41,35532.0,0.0,393216.0,8192.0,460873.0,2717237.0,1534432.0,4912630689134909.0,4912630689150109.0
310,1,1024,256,0,0,16,0,32,64,"batch_decode_kernels::attention_score(float*, float const*, float const*, unsigned short const*, int, int, int, int, int, int, int, float)",311,43,28973.0,0.0,768.0,16.0,78773.0,1128572.0,35703.0,4912630689330430.0,4912630689340510.0
311,1,4096,256,1024,0,20,4,48,64,"void attention_kernels::softmax_rows_kernel<256>(float*, int, int, int, int)",312,52,24926.0,0.0,2048.0,64.0,61738.0,1571092.0,45471.0,4912630689489471.0,4912630689497311.0
312,1,524288,256,0,0,16,0,32,64,"batch_decode_kernels::latent_context(float*, float const*, unsigned short const*, int, int, int, int, int, int)",313,26,27750.0,0.0,196608.0,8192.0,122945.0,1903216.0,788880.0,4912630689686432.0,4912630689696352.0
313,1,131072,256,0,0,20,4,32,64,"batch_decode_kernels::value_up(float*, float const*, unsigned short const*, int, int, int, int, unsigned long)",314,30,31054.0,0.0,98304.0,2048.0,362727.0,2162813.0,1160540.0,4912630689853153.0,4912630689864833.0
314,1,131072,256,0,0,16,0,32,64,"batch_decode_kernels::gemv(float*, float const*, unsigned short const*, int, int, int, int)",315,38,48588.0,0.0,98304.0,2048.0,972335.0,3988819.0,3106667.0,4912630690056353.0,4912630690079553.0
315,1,256,256,1024,0,12,4,32,64,"batch_decode_kernels::rmsnorm(float*, float const*, unsigned short const*, int, int, float)",316,36,33945.0,0.0,70.0,4.0,66243.0,575617.0,15082.0,4912630690248994.0,4912630690261794.0
316,1,4096,256,0,0,16,0,32,64,"batch_decode_kernels::gemv(float*, float const*, unsigned short const*, int, int, int, int)",317,38,47731.0,0.0,3072.0,64.0,251768.0,3945945.0,439497.0,4912630690449795.0,4912630690471235.0
317,1,64,64,0,0,16,0,48,64,"void moe_kernels::router_topk_wave64_kernel<64>(float*, float const*, int*, float*, int, int, int, int, int, float)",318,57,39408.0,0.0,368.0,1.0,45217.0,657270.0,5878.0,4912630690644996.0,4912630690661636.0
318,1,540672,256,0,0,20,4,48,64,"batch_decode_kernels::routed_shared_gate_up(float*, float*, float const*, char const*, unsigned long const*, unsigned long const*, int const*, unsigned short const*, unsigned short const*, int, int, int, int, int)",319,46,155801.0,0.0,405504.0,8448.0,4194141.0,14805573.0,13809931.0,4912630690847557.0,4912630690938757.0
319,1,180224,256,0,0,24,0,32,64,"batch_decode_kernels::gate_up_swiglu(float*, float const*, unsigned short const*, unsigned short const*, int, int, int)",320,23,67847.0,0.0,270336.0,2816.0,1535503.0,5987140.0,5056042.0,4912630691123718.0,4912630691159398.0
320,1,131072,256,0,0,24,0,48,64,"batch_decode_kernels::routed_shared_down(float*, float const*, float const*, char const*, unsigned long const*, int const*, float const*, unsigned short const*, int, int, int, int, int)",321,19,115315.0,0.0,294912.0,2048.0,3013520.0,10970365.0,9670031.0,4912630691324039.0,4912630691389639.0
321,1,131072,256,0,0,16,0,32,64,"batch_decode_kernels::gemv(float*, float const*, unsigned short const*, int, int, int, int)",322,38,58413.0,0.0,98304.0,2048.0,1238283.0,4901458.0,3968498.0,4912630691605800.0,4912630691634280.0
322,1,256,256,1024,0,12,4,32,64,"batch_decode_kernels::rmsnorm(float*, float const*, unsigned short const*, int, int, float)",323,36,33211.0,0.0,70.0,4.0,65927.0,581285.0,15482.0,4912630691816681.0,4912630691829801.0
323,1,233472,256,0,0,16,0,32,64,"batch_decode_kernels::dual_gemv(float*, unsigned short const*, int, float*, unsigned short const*, int, float const*, int, int)",324,37,73605.0,0.0,175104.0,3648.0,1712475.0,6649282.0,5096506.0,4912630692026442.0,4912630692065162.0
324,1,256,256,1024,0,24,0,32,64,"batch_decode_kernels::kv_norm_rope(unsigned short*, float const*, unsigned short const*, int, int, int, int, int, int, float const*, int, float)",325,33,29702.0,0.0,70.0,4.0,46766.0,517676.0,6837.0,4912630692274123.0,4912630692284363.0
325,1,524288,256,0,0,36,4,32,64,"batch_decode_kernels::q_absorb_rope(float*, float*, float const*, unsigned short const*, int, int, int, int, int, int, int, float const*, int)",326,41,35605.0,0.0,393216.0,8192.0,509504.0,2726506.0,1621250.0,4912630692447564.0,4912630692462764.0
326,1,1024,256,0,0,16,0,32,64,"batch_decode_kernels::attention_score(float*, float const*, float const*, unsigned short const*, int, int, int, int, int, int, int, float)",327,43,28359.0,0.0,768.0,16.0,84648.0,1144965.0,39254.0,4912630692655245.0,4912630692665325.0
327,1,4096,256,1024,0,20,4,48,64,"void attention_kernels::softmax_rows_kernel<256>(float*, int, int, int, int)",328,52,25044.0,0.0,2048.0,64.0,61138.0,1559444.0,45534.0,4912630692831086.0,4912630692838766.0
328,1,524288,256,0,0,16,0,32,64,"batch_decode_kernels::latent_context(float*, float const*, unsigned short const*, int, int, int, int, int, int)",329,26,28575.0,0.0,196608.0,8192.0,124895.0,1907129.0,828701.0,4912630693004206.0,4912630693014286.0
329,1,131072,256,0,0,20,4,32,64,"batch_decode_kernels::value_up(float*, float const*, unsigned short const*, int, int, int, int, unsigned long)",330,30,32341.0,0.0,98304.0,2048.0,375671.0,2225070.0,1175263.0,4912630693185967.0,4912630693198127.0
330,1,131072,256,0,0,16,0,32,64,"batch_decode_kernels::gemv(float*, float const*, unsigned short const*, int, int, int, int)",331,38,48272.0,0.0,98304.0,2048.0,961510.0,4043471.0,3123659.0,4912630693358128.0,4912630693381168.0
331,1,256,256,1024,0,12,4,32,64,"batch_decode_kernels::rmsnorm(float*, float const*, unsigned short const*, int, int, float)",332,36,33182.0,0.0,70.0,4.0,65604.0,578698.0,15378.0,4912630693570609.0,4912630693583889.0
332,1,4096,256,0,0,16,0,32,64,"batch_decode_kernels::gemv(float*, float const*, unsigned short const*, int, int, int, int)",333,38,48169.0,0.0,3072.0,64.0,234931.0,3853255.0,440457.0,4912630693745810.0,4912630693766610.0
333,1,64,64,0,0,16,0,48,64,"void moe_kernels::router_topk_wave64_kernel<64>(float*, float const*, int*, float*, int, int, int, int, int, float)",334,57,38354.0,0.0,368.0,1.0,43609.0,645661.0,5667.0,4912630693923250.0,4912630693939410.0
334,1,540672,256,0,0,20,4,48,64,"batch_decode_kernels::routed_shared_gate_up(float*, float*, float const*, char const*, unsigned long const*, unsigned long const*, int const*, unsigned short const*, unsigned short const*, int, int, int, int, int)",335,46,157356.0,0.0,405504.0,8448.0,4270386.0,15094472.0,14018587.0,4912630694147251.0,4912630694239412.0
335,1,180224,256,0,0,24,0,32,64,"batch_decode_kernels::gate_up_swiglu(float*, float const*, unsigned short const*, unsigned short const*, int, int, int)",336,23,67480.0,0.0,270336.0,2816.0,1542262.0,5947412.0,4984967.0,4912630695129496.0,4912630695164696.0
336,1,131072,256,0,0,24,0,48,64,"batch_decode_kernels::routed_shared_down(float*, float const*, float const*, char const*, unsigned long const*, int const*, float const*, unsigned short const*, int, int, int, int, int)",337,19,113962.0,0.0,294912.0,2048.0,3000714.0,10860229.0,9624115.0,4912630695317016.0,4912630695381817.0
337,1,131072,256,0,0,16,0,32,64,"batch_decode_kernels::gemv(float*, float const*, unsigned short const*, int, int, int, int)",338,38,57738.0,0.0,98304.0,2048.0,1234193.0,4886495.0,3964036.0,4912630695582298.0,4912630695610458.0
338,1,256,256,1024,0,12,4,32,64,"batch_decode_kernels::rmsnorm(float*, float const*, unsigned short const*, int, int, float)",339,36,34923.0,0.0,70.0,4.0,66337.0,600018.0,16219.0,4912630695766138.0,4912630695780218.0
339,1,233472,256,0,0,16,0,32,64,"batch_decode_kernels::dual_gemv(float*, unsigned short const*, int, float*, unsigned short const*, int, float const*, int, int)",340,37,74931.0,0.0,175104.0,3648.0,1634033.0,6607110.0,4906651.0,4912630695949659.0,4912630695988379.0
340,1,256,256,1024,0,24,0,32,64,"batch_decode_kernels::kv_norm_rope(unsigned short*, float const*, unsigned short const*, int, int, int, int, int, int, float const*, int, float)",341,33,29996.0,0.0,70.0,4.0,47585.0,534550.0,6860.0,4912630696143580.0,4912630696154620.0
341,1,524288,256,0,0,36,4,32,64,"batch_decode_kernels::q_absorb_rope(float*, float*, float const*, unsigned short const*, int, int, int, int, int, int, int, float const*, int)",342,41,36247.0,0.0,393216.0,8192.0,477022.0,2696255.0,1527538.0,4912630696321661.0,4912630696337181.0
342,1,1024,256,0,0,16,0,32,64,"batch_decode_kernels::attention_score(float*, float const*, float const*, unsigned short const*, int, int, int, int, int, int, int, float)",343,43,29707.0,0.0,768.0,16.0,76376.0,1125049.0,34467.0,4912630696506942.0,4912630696516862.0
343,1,4096,256,1024,0,20,4,48,64,"void attention_kernels::softmax_rows_kernel<256>(float*, int, int, int, int)",344,52,24019.0,0.0,2048.0,64.0,60614.0,1533119.0,44670.0,4912630696689342.0,4912630696696863.0
344,1,524288,256,0,0,16,0,32,64,"batch_decode_kernels::latent_context(float*, float const*, unsigned short const*, int, int, int, int, int, int)",345,26,27649.0,0.0,196608.0,8192.0,126360.0,1915397.0,787531.0,4912630696876223.0,4912630696886463.0
345,1,131072,256,0,0,20,4,32,64,"batch_decode_kernels::value_up(float*, float const*, unsigned short const*, int, int, int, int, unsigned long)",346,30,31626.0,0.0,98304.0,2048.0,364691.0,2201995.0,1202927.0,4912630697068704.0,4912630697080384.0
346,1,131072,256,0,0,16,0,32,64,"batch_decode_kernels::gemv(float*, float const*, unsigned short const*, int, int, int, int)",347,38,48786.0,0.0,98304.0,2048.0,975327.0,4057381.0,3139809.0,4912630697258945.0,4912630697282145.0
347,1,256,256,1024,0,12,4,32,64,"batch_decode_kernels::rmsnorm(float*, float const*, unsigned short const*, int, int, float)",348,36,33088.0,0.0,70.0,4.0,65244.0,577268.0,15165.0,4912630697481986.0,4912630697494946.0
348,1,4096,256,0,0,16,0,32,64,"batch_decode_kernels::gemv(float*, float const*, unsigned short const*, int, int, int, int)",349,38,47380.0,0.0,3072.0,64.0,247344.0,3818324.0,429406.0,4912630697671747.0,4912630697692547.0
349,1,64,64,0,0,16,0,48,64,"void moe_kernels::router_topk_wave64_kernel<64>(float*, float const*, int*, float*, int, int, int, int, int, float)",350,57,38927.0,0.0,368.0,1.0,45141.0,651511.0,6381.0,4912630697856068.0,4912630697872548.0
350,1,540672,256,0,0,20,4,48,64,"batch_decode_kernels::routed_shared_gate_up(float*, float*, float const*, char const*, unsigned long const*, unsigned long const*, int const*, unsigned short const*, unsigned short const*, int, int, int, int, int)",351,46,157044.0,0.0,405504.0,8448.0,4278232.0,15021750.0,13937302.0,4912630698051748.0,4912630698144389.0
351,1,180224,256,0,0,24,0,32,64,"batch_decode_kernels::gate_up_swiglu(float*, float const*, unsigned short const*, unsigned short const*, int, int, int)",352,23,68783.0,0.0,270336.0,2816.0,1540108.0,5985489.0,5037755.0,4912630698312710.0,4912630698348230.0
352,1,131072,256,0,0,24,0,48,64,"batch_decode_kernels::routed_shared_down(float*, float const*, float const*, char const*, unsigned long const*, int const*, float const*, unsigned short const*, int, int, int, int, int)",353,19,113903.0,0.0,294912.0,2048.0,2975622.0,10774949.0,9564744.0,4912630698502630.0,4912630698567431.0
353,1,131072,256,0,0,16,0,32,64,"batch_decode_kernels::gemv(float*, float const*, unsigned short const*, int, int, int, int)",354,38,56846.0,0.0,98304.0,2048.0,1241019.0,4911104.0,3989066.0,4912630698728711.0,4912630698757192.0
354,1,256,256,1024,0,12,4,32,64,"batch_decode_kernels::rmsnorm(float*, float const*, unsigned short const*, int, int, float)",355,36,34084.0,0.0,70.0,4.0,65797.0,568896.0,14622.0,4912630698928232.0,4912630698940872.0
355,1,233472,256,0,0,16,0,32,64,"batch_decode_kernels::dual_gemv(float*, unsigned short const*, int, float*, unsigned short const*, int, float const*, int, int)",356,37,74116.0,0.0,175104.0,3648.0,1678874.0,6631940.0,4910136.0,4912630699164073.0,4912630699203114.0
356,1,256,256,1024,0,24,0,32,64,"batch_decode_kernels::kv_norm_rope(unsigned short*, float const*, unsigned short const*, int, int, int, int, int, int, float const*, int, float)",357,33,29963.0,0.0,70.0,4.0,48275.0,534472.0,6811.0,4912630699357674.0,4912630699368714.0
357,1,524288,256,0,0,36,4,32,64,"batch_decode_kernels::q_absorb_rope(float*, float*, float const*, unsigned short const*, int, int, int, int, int, int, int, float const*, int)",358,41,37176.0,0.0,393216.0,8192.0,476050.0,2727767.0,1595938.0,4912630699557195.0,4912630699572875.0
358,1,1024,256,0,0,16,0,32,64,"batch_decode_kernels::attention_score(float*, float const*, float const*, unsigned short const*, int, int, int, int, int, int, int, float)",359,43,29049.0,0.0,768.0,16.0,81728.0,1192012.0,41029.0,4912630699750156.0,4912630699760716.0
359,1,4096,256,1024,0,20,4,48,64,"void attention_kernels::softmax_rows_kernel<256>(float*, int, int, int, int)",360,52,25148.0,0.0,2048.0,64.0,61030.0,1563058.0,44298.0,4912630699945677.0,4912630699953357.0
360,1,524288,256,0,0,16,0,32,64,"batch_decode_kernels::latent_context(float*, float const*, unsigned short const*, int, int, int, int, int, int)",361,26,27484.0,0.0,196608.0,8192.0,126396.0,1872874.0,783745.0,4912630700102477.0,4912630700112397.0
361,1,131072,256,0,0,20,4,32,64,"batch_decode_kernels::value_up(float*, float const*, unsigned short const*, int, int, int, int, unsigned long)",362,30,30708.0,0.0,98304.0,2048.0,358112.0,2207377.0,1205196.0,4912630700300878.0,4912630700312718.0
362,1,131072,256,0,0,16,0,32,64,"batch_decode_kernels::gemv(float*, float const*, unsigned short const*, int, int, int, int)",363,38,49017.0,0.0,98304.0,2048.0,959212.0,3972426.0,3091460.0,4912630700495759.0,4912630700518479.0
363,1,256,256,1024,0,12,4,32,64,"batch_decode_kernels::rmsnorm(float*, float const*, unsigned short const*, int, int, float)",364,36,32007.0,0.0,70.0,4.0,63334.0,560914.0,13933.0,4912630700694160.0,4912630700706480.0
364,1,4096,256,0,0,16,0,32,64,"batch_decode_kernels::gemv(float*, float const*, unsigned short const*, int, int, int, int)",365,38,47091.0,0.0,3072.0,64.0,238960.0,3945854.0,436312.0,4912630700884721.0,4912630700906001.0
365,1,64,64,0,0,16,0,48,64,"void moe_kernels::router_topk_wave64_kernel<64>(float*, float const*, int*, float*, int, int, int, int, int, float)",366,57,41922.0,0.0,368.0,1.0,47969.0,661378.0,5707.0,4912630701076242.0,4912630701093202.0
366,1,540672,256,0,0,20,4,48,64,"batch_decode_kernels::routed_shared_gate_up(float*, float*, float const*, char const*, unsigned long const*, unsigned long const*, int const*, unsigned short const*, unsigned short const*, int, int, int, int, int)",367,46,158094.0,0.0,405504.0,8448.0,4308232.0,15161838.0,14080685.0,4912630701265843.0,4912630701359283.0
367,1,180224,256,0,0,24,0,32,64,"batch_decode_kernels::gate_up_swiglu(float*, float const*, unsigned short const*, unsigned short const*, int, int, int)",368,23,67462.0,0.0,270336.0,2816.0,1556243.0,5989350.0,5081760.0,4912630701509844.0,4912630701545364.0
368,1,131072,256,0,0,24,0,48,64,"batch_decode_kernels::routed_shared_down(float*, float const*, float const*, char const*, unsigned long const*, int const*, float const*, unsigned short const*, int, int, int, int, int)",369,19,115390.0,0.0,294912.0,2048.0,2996880.0,10834333.0,9617838.0,4912630701747605.0,4912630701812565.0
369,1,131072,256,0,0,16,0,32,64,"batch_decode_kernels::gemv(float*, float const*, unsigned short const*, int, int, int, int)",370,38,56306.0,0.0,98304.0,2048.0,1227351.0,4831583.0,3962507.0,4912630701990326.0,4912630702018326.0
370,1,256,256,1024,0,12,4,32,64,"batch_decode_kernels::rmsnorm(float*, float const*, unsigned short const*, int, int, float)",371,36,34957.0,0.0,70.0,4.0,67025.0,588994.0,16119.0,4912630702198487.0,4912630702212087.0
371,1,233472,256,0,0,16,0,32,64,"batch_decode_kernels::dual_gemv(float*, unsigned short const*, int, float*, unsigned short const*, int, float const*, int, int)",372,37,73309.0,0.0,175104.0,3648.0,1685782.0,6608462.0,4930576.0,4912630702396888.0,4912630702435608.0
372,1,256,256,1024,0,24,0,32,64,"batch_decode_kernels::kv_norm_rope(unsigned short*, float const*, unsigned short const*, int, int, int, int, int, int, float const*, int, float)",373,33,29329.0,0.0,70.0,4.0,44508.0,528232.0,5945.0,4912630702603128.0,4912630702614008.0
373,1,524288,256,0,0,36,4,32,64,"batch_decode_kernels::q_absorb_rope(float*, float*, float const*, unsigned short const*, int, int, int, int, int, int, int, float const*, int)",374,41,35846.0,0.0,393216.0,8192.0,476575.0,2723438.0,1532534.0,4912630702802329.0,4912630702817689.0
374,1,1024,256,0,0,16,0,32,64,"batch_decode_kernels::attention_score(float*, float const*, float const*, unsigned short const*, int, int, int, int, int, int, int, float)",375,43,29864.0,0.0,768.0,16.0,78345.0,1166545.0,36640.0,4912630703005690.0,4912630703016090.0
375,1,4096,256,1024,0,20,4,48,64,"void attention_kernels::softmax_rows_kernel<256>(float*, int, int, int, int)",376,52,24605.0,0.0,2048.0,64.0,60396.0,1584547.0,44960.0,4912630703168091.0,4912630703175931.0
376,1,524288,256,0,0,16,0,32,64,"batch_decode_kernels::latent_context(float*, float const*, unsigned short const*, int, int, int, int, int, int)",377,26,27703.0,0.0,196608.0,8192.0,122510.0,1901591.0,812941.0,4912630703329212.0,4912630703339292.0
377,1,131072,256,0,0,20,4,32,64,"batch_decode_kernels::value_up(float*, float const*, unsigned short const*, int, int, int, int, unsigned long)",378,30,32969.0,0.0,98304.0,2048.0,391595.0,2323857.0,1220237.0,4912630703529372.0,4912630703542173.0
378,1,131072,256,0,0,16,0,32,64,"batch_decode_kernels::gemv(float*, float const*, unsigned short const*, int, int, int, int)",379,38,48830.0,0.0,98304.0,2048.0,975945.0,4047683.0,3146258.0,4912630703732893.0,4912630703756253.0
379,1,256,256,1024,0,12,4,32,64,"batch_decode_kernels::rmsnorm(float*, float const*, unsigned short const*, int, int, float)",380,36,31850.0,0.0,70.0,4.0,63086.0,562240.0,14197.0,4912630703937374.0,4912630703949694.0
380,1,4096,256,0,0,16,0,32,64,"batch_decode_kernels::gemv(float*, float const*, unsigned short const*, int, int, int, int)",381,38,46887.0,0.0,3072.0,64.0,243766.0,3753038.0,417229.0,4912630704105055.0,4912630704125695.0
381,1,64,64,0,0,16,0,48,64,"void moe_kernels::router_topk_wave64_kernel<64>(float*, float const*, int*, float*, int, int, int, int, int, float)",382,57,38861.0,0.0,368.0,1.0,45487.0,642944.0,5753.0,4912630704309856.0,4912630704326016.0
382,1,540672,256,0,0,20,4,48,64,"batch_decode_kernels::routed_shared_gate_up(float*, float*, float const*, char const*, unsigned long const*, unsigned long const*, int const*, unsigned short const*, unsigned short const*, int, int, int, int, int)",383,46,155415.0,0.0,405504.0,8448.0,4244734.0,14946207.0,13932922.0,4912630704516097.0,4912630704607297.0
383,1,180224,256,0,0,24,0,32,64,"batch_decode_kernels::gate_up_swiglu(float*, float const*, unsigned short const*, unsigned short const*, int, int, int)",384,23,66979.0,0.0,270336.0,2816.0,1516405.0,5939677.0,5005389.0,4912630704769218.0,4912630704804418.0
384,1,131072,256,0,0,24,0,48,64,"batch_decode_kernels::routed_shared_down(float*, float const*, float const*, char const*, unsigned long const*, int const*, float const*, unsigned short const*, int, int, int, int, int)",385,19,115949.0,0.0,294912.0,2048.0,2997391.0,10960914.0,9598682.0,4912630704971779.0,4912630705037219.0
385,1,131072,256,0,0,16,0,32,64,"batch_decode_kernels::gemv(float*, float const*, unsigned short const*, int, int, int, int)",386,38,56490.0,0.0,98304.0,2048.0,1226743.0,4876212.0,3961592.0,4912630705188100.0,4912630705216100.0
386,1,256,256,1024,0,12,4,32,64,"batch_decode_kernels::rmsnorm(float*, float const*, unsigned short const*, int, int, float)",387,36,33360.0,0.0,70.0,4.0,63967.0,577970.0,15160.0,4912630705395621.0,4912630705408741.0
387,1,233472,256,0,0,16,0,32,64,"batch_decode_kernels::dual_gemv(float*, unsigned short const*, int, float*, unsigned short const*, int, float const*, int, int)",388,37,74212.0,0.0,175104.0,3648.0,1710017.0,6603145.0,4976543.0,4912630705604262.0,4912630705642662.0
388,1,256,256,1024,0,24,0,32,64,"batch_decode_kernels::kv_norm_rope(unsigned short*, float const*, unsigned short const*, int, int, int, int, int, int, float const*, int, float)",389,33,28761.0,0.0,70.0,4.0,46024.0,518339.0,6206.0,4912630705811142.0,4912630705821543.0
389,1,524288,256,0,0,36,4,32,64,"batch_decode_kernels::q_absorb_rope(float*, float*, float const*, unsigned short const*, int, int, int, int, int, int, int, float const*, int)",390,41,35810.0,0.0,393216.0,8192.0,492403.0,2708111.0,1629478.0,4912630705974311.0,4912630705989991.0
390,1,1024,256,0,0,16,0,32,64,"batch_decode_kernels::attention_score(float*, float const*, float const*, unsigned short const*, int, int, int, int, int, int, int, float)",391,43,29754.0,0.0,768.0,16.0,88807.0,1148124.0,40202.0,4912630706154951.0,4912630706165031.0
391,1,4096,256,1024,0,20,4,48,64,"void attention_kernels::softmax_rows_kernel<256>(float*, int, int, int, int)",392,52,24187.0,0.0,2048.0,64.0,60888.0,1567270.0,45994.0,4912630706322951.0,4912630706330791.0
392,1,524288,256,0,0,16,0,32,64,"batch_decode_kernels::latent_context(float*, float const*, unsigned short const*, int, int, int, int, int, int)",393,26,28850.0,0.0,196608.0,8192.0,134017.0,2028575.0,830912.0,4912630706488712.0,4912630706499592.0
393,1,131072,256,0,0,20,4,32,64,"batch_decode_kernels::value_up(float*, float const*, unsigned short const*, int, int, int, int, unsigned long)",394,30,31728.0,0.0,98304.0,2048.0,374992.0,2234352.0,1220534.0,4912630706658953.0,4912630706670793.0
394,1,131072,256,0,0,16,0,32,64,"batch_decode_kernels::gemv(float*, float const*, unsigned short const*, int, int, int, int)",395,38,49042.0,0.0,98304.0,2048.0,968816.0,4004692.0,3122459.0,4912630706824874.0,4912630706848234.0
395,1,256,256,1024,0,12,4,32,64,"batch_decode_kernels::rmsnorm(float*, float const*, unsigned short const*, int, int, float)",396,36,32632.0,0.0,70.0,4.0,63457.0,568480.0,14511.0,4912630707043275.0,4912630707056075.0
396,1,4096,256,0,0,16,0,32,64,"batch_decode_kernels::gemv(float*, float const*, unsigned short const*, int, int, int, int)",397,38,49453.0,0.0,3072.0,64.0,236202.0,4018407.0,460762.0,4912630707205675.0,4912630707227755.0
397,1,64,64,0,0,16,0,48,64,"void moe_kernels::router_topk_wave64_kernel<64>(float*, float const*, int*, float*, int, int, int, int, int, float)",398,57,38696.0,0.0,368.0,1.0,43078.0,652265.0,5920.0,4912630707421676.0,4912630707437996.0
398,1,540672,256,0,0,20,4,48,64,"batch_decode_kernels::routed_shared_gate_up(float*, float*, float const*, char const*, unsigned long const*, unsigned long const*, int const*, unsigned short const*, unsigned short const*, int, int, int, int, int)",399,46,162241.0,0.0,405504.0,8448.0,4407504.0,15390573.0,14307769.0,4912630707629517.0,4912630707725197.0
399,1,180224,256,0,0,24,0,32,64,"batch_decode_kernels::gate_up_swiglu(float*, float const*, unsigned short const*, unsigned short const*, int, int, int)",400,23,68465.0,0.0,270336.0,2816.0,1500454.0,5909595.0,4940608.0,4912630707893518.0,4912630707929038.0
400,1,131072,256,0,0,24,0,48,64,"batch_decode_kernels::routed_shared_down(float*, float const*, float const*, char const*, unsigned long const*, int const*, float const*, unsigned short const*, int, int, int, int, int)",401,19,115135.0,0.0,294912.0,2048.0,3004721.0,10933094.0,9648016.0,4912630708115759.0,4912630708181199.0
401,1,131072,256,0,0,16,0,32,64,"batch_decode_kernels::gemv(float*, float const*, unsigned short const*, int, int, int, int)",402,38,56692.0,0.0,98304.0,2048.0,1235209.0,4876524.0,3965271.0,4912630708373680.0,4912630708401840.0
402,1,256,256,1024,0,12,4,32,64,"batch_decode_kernels::rmsnorm(float*, float const*, unsigned short const*, int, int, float)",403,36,34569.0,0.0,70.0,4.0,67474.0,582871.0,15406.0,4912630708591921.0,4912630708605201.0
403,1,233472,256,0,0,16,0,32,64,"batch_decode_kernels::dual_gemv(float*, unsigned short const*, int, float*, unsigned short const*, int, float const*, int, int)",404,37,75336.0,0.0,175104.0,3648.0,1744874.0,6690570.0,4951299.0,4912630708762962.0,4912630708802322.0
404,1,256,256,1024,0,24,0,32,64,"batch_decode_kernels::kv_norm_rope(unsigned short*, float const*, unsigned short const*, int, int, int, int, int, int, float const*, int, float)",405,33,29710.0,0.0,70.0,4.0,47424.0,509928.0,6402.0,4912630708980563.0,4912630708990483.0
405,1,524288,256,0,0,36,4,32,64,"batch_decode_kernels::q_absorb_rope(float*, float*, float const*, unsigned short const*, int, int, int, int, int, int, int, float const*, int)",406,41,36028.0,0.0,393216.0,8192.0,506652.0,2739467.0,1628717.0,4912630709150804.0,4912630709166324.0
406,1,1024,256,0,0,16,0,32,64,"batch_decode_kernels::attention_score(float*, float const*, float const*, unsigned short const*, int, int, int, int, int, int, int, float)",407,43,28250.0,0.0,768.0,16.0,79423.0,1130080.0,38207.0,4912630709323284.0,4912630709333205.0
407,1,4096,256,1024,0,20,4,48,64,"void attention_kernels::softmax_rows_kernel<256>(float*, int, int, int, int)",408,52,25410.0,0.0,2048.0,64.0,61945.0,1571391.0,46380.0,4912630709493045.0,4912630709500885.0
408,1,524288,256,0,0,16,0,32,64,"batch_decode_kernels::latent_context(float*, float const*, unsigned short const*, int, int, int, int, int, int)",409,26,27858.0,0.0,196608.0,8192.0,122437.0,1920779.0,789678.0,4912630709665526.0,4912630709675766.0
409,1,131072,256,0,0,20,4,32,64,"batch_decode_kernels::value_up(float*, float const*, unsigned short const*, int, int, int, int, unsigned long)",410,30,32435.0,0.0,98304.0,2048.0,377177.0,2242568.0,1196216.0,4912630709835767.0,4912630709847927.0
410,1,131072,256,0,0,16,0,32,64,"batch_decode_kernels::gemv(float*, float const*, unsigned short const*, int, int, int, int)",411,38,48432.0,0.0,98304.0,2048.0,969901.0,4012934.0,3122100.0,4912630710009847.0,4912630710033048.0
411,1,256,256,1024,0,12,4,32,64,"batch_decode_kernels::rmsnorm(float*, float const*, unsigned short const*, int, int, float)",412,36,33724.0,0.0,70.0,4.0,63562.0,585302.0,15793.0,4912630710268089.0,4912630710281369.0
412,1,4096,256,0,0,16,0,32,64,"batch_decode_kernels::gemv(float*, float const*, unsigned short const*, int, int, int, int)",413,38,47794.0,0.0,3072.0,64.0,243058.0,3890526.0,430313.0,4912630710434009.0,4912630710455129.0
413,1,64,64,0,0,16,0,48,64,"void moe_kernels::router_topk_wave64_kernel<64>(float*, float const*, int*, float*, int, int, int, int, int, float)",414,57,39325.0,0.0,368.0,1.0,44602.0,656230.0,6003.0,4912630710614490.0,4912630710631130.0
414,1,540672,256,0,0,20,4,48,64,"batch_decode_kernels::routed_shared_gate_up(float*, float*, float const*, char const*, unsigned long const*, unsigned long const*, int const*, unsigned short const*, unsigned short const*, int, int, int, int, int)",415,46,155213.0,0.0,405504.0,8448.0,4243984.0,15033281.0,14039862.0,4912630710787771.0,4912630710878811.0
415,1,180224,256,0,0,24,0,32,64,"batch_decode_kernels::gate_up_swiglu(float*, float const*, unsigned short const*, unsigned short const*, int, int, int)",416,23,68995.0,0.0,270336.0,2816.0,1589664.0,6043573.0,5091262.0,4912630711074492.0,4912630711110812.0
416,1,131072,256,0,0,24,0,48,64,"batch_decode_kernels::routed_shared_down(float*, float const*, float const*, char const*, unsigned long const*, int const*, float const*, unsigned short const*, int, int, int, int, int)",417,19,115814.0,0.0,294912.0,2048.0,3019697.0,10895966.0,9630216.0,4912630711297853.0,4912630711363773.0
417,1,131072,256,0,0,16,0,32,64,"batch_decode_kernels::gemv(float*, float const*, unsigned short const*, int, int, int, int)",418,38,57314.0,0.0,98304.0,2048.0,1215698.0,4846767.0,3921083.0,4912630711513534.0,4912630711541534.0
418,1,256,256,1024,0,12,4,32,64,"batch_decode_kernels::rmsnorm(float*, float const*, unsigned short const*, int, int, float)",419,36,32303.0,0.0,70.0,4.0,64068.0,567752.0,14513.0,4912630711694495.0,4912630711707135.0
419,1,233472,256,0,0,16,0,32,64,"batch_decode_kernels::dual_gemv(float*, unsigned short const*, int, float*, unsigned short const*, int, float const*, int, int)",420,37,74660.0,0.0,175104.0,3648.0,1741001.0,6702465.0,5059323.0,4912630711865376.0,4912630711904736.0
420,1,256,256,1024,0,24,0,32,64,"batch_decode_kernels::kv_norm_rope(unsigned short*, float const*, unsigned short const*, int, int, int, int, int, int, float const*, int, float)",421,33,29367.0,0.0,70.0,4.0,47703.0,510461.0,6877.0,4912630712100097.0,4912630712110017.0
421,1,524288,256,0,0,36,4,32,64,"batch_decode_kernels::q_absorb_rope(float*, float*, float const*, unsigned short const*, int, int, int, int, int, int, int, float const*, int)",422,41,36423.0,0.0,393216.0,8192.0,495649.0,2776569.0,1596659.0,4912630712273057.0,4912630712288737.0
422,1,1024,256,0,0,16,0,32,64,"batch_decode_kernels::attention_score(float*, float const*, float const*, unsigned short const*, int, int, int, int, int, int, int, float)",423,43,27863.0,0.0,768.0,16.0,74628.0,1114883.0,35363.0,4912630712451298.0,4912630712461058.0
423,1,4096,256,1024,0,20,4,48,64,"void attention_kernels::softmax_rows_kernel<256>(float*, int, int, int, int)",424,52,25643.0,0.0,2048.0,64.0,67907.0,1595116.0,50046.0,4912630712626819.0,4912630712634659.0
424,1,524288,256,0,0,16,0,32,64,"batch_decode_kernels::latent_context(float*, float const*, unsigned short const*, int, int, int, int, int, int)",425,26,27734.0,0.0,196608.0,8192.0,127839.0,1919661.0,788586.0,4912630712808740.0,4912630712818820.0
425,1,131072,256,0,0,20,4,32,64,"batch_decode_kernels::value_up(float*, float const*, unsigned short const*, int, int, int, int, unsigned long)",426,30,31887.0,0.0,98304.0,2048.0,382173.0,2294880.0,1245814.0,4912630712986340.0,4912630712998660.0
426,1,131072,256,0,0,16,0,32,64,"batch_decode_kernels::gemv(float*, float const*, unsigned short const*, int, int, int, int)",427,38,50256.0,0.0,98304.0,2048.0,985449.0,4069770.0,3157024.0,4912630713170661.0,4912630713194181.0
427,1,256,256,1024,0,12,4,32,64,"batch_decode_kernels::rmsnorm(float*, float const*, unsigned short const*, int, int, float)",428,36,33575.0,0.0,70.0,4.0,65323.0,583196.0,15644.0,4912630713347942.0,4912630713361222.0
428,1,4096,256,0,0,16,0,32,64,"batch_decode_kernels::gemv(float*, float const*, unsigned short const*, int, int, int, int)",429,38,47175.0,0.0,3072.0,64.0,241850.0,3822328.0,430550.0,4912630713532103.0,4912630713552903.0
429,1,64,64,0,0,16,0,48,64,"void moe_kernels::router_topk_wave64_kernel<64>(float*, float const*, int*, float*, int, int, int, int, int, float)",430,57,39013.0,0.0,368.0,1.0,44856.0,653929.0,5784.0,4912630713708424.0,4912630713725064.0
430,1,540672,256,0,0,20,4,48,64,"batch_decode_kernels::routed_shared_gate_up(float*, float*, float const*, char const*, unsigned long const*, unsigned long const*, int const*, unsigned short const*, unsigned short const*, int, int, int, int, int)",431,46,157673.0,0.0,405504.0,8448.0,4318417.0,15334543.0,14304693.0,4912630713890664.0,4912630713983785.0
431,1,180224,256,0,0,24,0,32,64,"batch_decode_kernels::gate_up_swiglu(float*, float const*, unsigned short const*, unsigned short const*, int, int, int)",432,23,69184.0,0.0,270336.0,2816.0,1552544.0,6080636.0,5171137.0,4912630714174026.0,4912630714209866.0
432,1,131072,256,0,0,24,0,48,64,"batch_decode_kernels::routed_shared_down(float*, float const*, float const*, char const*, unsigned long const*, int const*, float const*, unsigned short const*, int, int, int, int, int)",433,19,115334.0,0.0,294912.0,2048.0,2997222.0,10953426.0,9621378.0,4912630714402987.0,4912630714468427.0
433,1,131072,256,0,0,16,0,32,64,"batch_decode_kernels::gemv(float*, float const*, unsigned short const*, int, int, int, int)",434,38,57733.0,0.0,98304.0,2048.0,1236469.0,4879709.0,3960742.0,4912630714635468.0,4912630714663788.0
434,1,256,256,1024,0,12,4,32,64,"batch_decode_kernels::rmsnorm(float*, float const*, unsigned short const*, int, int, float)",435,36,34223.0,0.0,70.0,4.0,67244.0,589943.0,16254.0,4912630714880909.0,4912630714894669.0
435,1,233472,256,0,0,16,0,32,64,"batch_decode_kernels::dual_gemv(float*, unsigned short const*, int, float*, unsigned short const*, int, float const*, int, int)",436,37,75271.0,0.0,175104.0,3648.0,1738576.0,6714919.0,5133004.0,4912630715067310.0,4912630715106350.0
436,1,256,256,1024,0,24,0,32,64,"batch_decode_kernels::kv_norm_rope(unsigned short*, float const*, unsigned short const*, int, int, int, int, int, int, float const*, int, float)",437,33,28260.0,0.0,70.0,4.0,45117.0,510513.0,5900.0,4912630715304911.0,4912630715314991.0
437,1,524288,256,0,0,36,4,32,64,"batch_decode_kernels::q_absorb_rope(float*, float*, float const*, unsigned short const*, int, int, int, int, int, int, int, float const*, int)",438,41,36662.0,0.0,393216.0,8192.0,486379.0,2725284.0,1583357.0,4912630715486831.0,4912630715502671.0
438,1,1024,256,0,0,16,0,32,64,"batch_decode_kernels::attention_score(float*, float const*, float const*, unsigned short const*, int, int, int, int, int, int, int, float)",439,43,29787.0,0.0,768.0,16.0,78645.0,1166545.0,37347.0,4912630715671472.0,4912630715681712.0
439,1,4096,256,1024,0,20,4,48,64,"void attention_kernels::softmax_rows_kernel<256>(float*, int, int, int, int)",440,52,25137.0,0.0,2048.0,64.0,61131.0,1606660.0,45858.0,4912630715851793.0,4912630715859793.0
440,1,524288,256,0,0,16,0,32,64,"batch_decode_kernels::latent_context(float*, float const*, unsigned short const*, int, int, int, int, int, int)",441,26,27878.0,0.0,196608.0,8192.0,124630.0,1914760.0,796091.0,4912630716043954.0,4912630716054034.0
441,1,131072,256,0,0,20,4,32,64,"batch_decode_kernels::value_up(float*, float const*, unsigned short const*, int, int, int, int, unsigned long)",442,30,33280.0,0.0,98304.0,2048.0,406858.0,2330968.0,1260569.0,4912630716227635.0,4912630716240435.0
442,1,131072,256,0,0,16,0,32,64,"batch_decode_kernels::gemv(float*, float const*, unsigned short const*, int, int, int, int)",443,38,50542.0,0.0,98304.0,2048.0,993436.0,4110824.0,3179430.0,4912630716415955.0,4912630716439796.0
443,1,256,256,1024,0,12,4,32,64,"batch_decode_kernels::rmsnorm(float*, float const*, unsigned short const*, int, int, float)",444,36,33679.0,0.0,70.0,4.0,65185.0,579621.0,15336.0,4912630716600436.0,4912630716613556.0
444,1,4096,256,0,0,16,0,32,64,"batch_decode_kernels::gemv(float*, float const*, unsigned short const*, int, int, int, int)",445,38,46416.0,0.0,3072.0,64.0,245506.0,3716911.0,423225.0,4912630716788757.0,4912630716809077.0
445,1,64,64,0,0,16,0,48,64,"void moe_kernels::router_topk_wave64_kernel<64>(float*, float const*, int*, float*, int, int, int, int, int, float)",446,57,38389.0,0.0,368.0,1.0,44743.0,647494.0,5678.0,4912630716972598.0,4912630716988758.0
446,1,540672,256,0,0,20,4,48,64,"batch_decode_kernels::routed_shared_gate_up(float*, float*, float const*, char const*, unsigned long const*, unsigned long const*, int const*, unsigned short const*, unsigned short const*, int, int, int, int, int)",447,46,151928.0,0.0,405504.0,8448.0,4142087.0,14788218.0,13707877.0,4912630717170039.0,4912630717259479.0
447,1,180224,256,0,0,24,0,32,64,"batch_decode_kernels::gate_up_swiglu(float*, float const*, unsigned short const*, unsigned short const*, int, int, int)",448,23,69329.0,0.0,270336.0,2816.0,1569022.0,6088696.0,5179282.0,4912630717463800.0,4912630717499960.0
448,1,131072,256,0,0,24,0,48,64,"batch_decode_kernels::routed_shared_down(float*, float const*, float const*, char const*, unsigned long const*, int const*, float const*, unsigned short const*, int, int, int, int, int)",449,19,115304.0,0.0,294912.0,2048.0,3000805.0,10878273.0,9636794.0,4912630717704761.0,4912630717770361.0
449,1,131072,256,0,0,16,0,32,64,"batch_decode_kernels::gemv(float*, float const*, unsigned short const*, int, int, int, int)",450,38,56992.0,0.0,98304.0,2048.0,1230983.0,4886222.0,3957450.0,4912630717945082.0,4912630717973402.0
450,1,256,256,1024,0,12,4,32,64,"batch_decode_kernels::rmsnorm(float*, float const*, unsigned short const*, int, int, float)",451,36,33439.0,0.0,70.0,4.0,64482.0,582767.0,15620.0,4912630718142523.0,4912630718155803.0
451,1,233472,256,0,0,16,0,32,64,"batch_decode_kernels::dual_gemv(float*, unsigned short const*, int, float*, unsigned short const*, int, float const*, int, int)",452,37,73468.0,0.0,175104.0,3648.0,1733352.0,6655223.0,4981705.0,4912630718328444.0,4912630718367324.0
452,1,256,256,1024,0,24,0,32,64,"batch_decode_kernels::kv_norm_rope(unsigned short*, float const*, unsigned short const*, int, int, int, int, int, int, float const*, int, float)",453,33,27922.0,0.0,70.0,4.0,46423.0,507913.0,5684.0,4912630718570525.0,4912630718580285.0
453,1,524288,256,0,0,36,4,32,64,"batch_decode_kernels::q_absorb_rope(float*, float*, float const*, unsigned short const*, int, int, int, int, int, int, int, float const*, int)",454,41,36754.0,0.0,393216.0,8192.0,500724.0,2796758.0,1551199.0,4912630718763646.0,4912630718779486.0
454,1,1024,256,0,0,16,0,32,64,"batch_decode_kernels::attention_score(float*, float const*, float const*, unsigned short const*, int, int, int, int, int, int, int, float)",455,43,28289.0,0.0,768.0,16.0,72710.0,1140025.0,38861.0,4912630718954206.0,4912630718964127.0
455,1,4096,256,1024,0,20,4,48,64,"void attention_kernels::softmax_rows_kernel<256>(float*, int, int, int, int)",456,52,24168.0,0.0,2048.0,64.0,60100.0,1566087.0,45219.0,4912630719149567.0,4912630719157247.0
456,1,524288,256,0,0,16,0,32,64,"batch_decode_kernels::latent_context(float*, float const*, unsigned short const*, int, int, int, int, int, int)",457,26,28501.0,0.0,196608.0,8192.0,131293.0,1983842.0,797365.0,4912630719345248.0,4912630719355808.0
457,1,131072,256,0,0,20,4,32,64,"batch_decode_kernels::value_up(float*, float const*, unsigned short const*, int, int, int, int, unsigned long)",458,30,31537.0,0.0,98304.0,2048.0,388102.0,2279488.0,1212859.0,4912630719533729.0,4912630719546049.0
458,1,131072,256,0,0,16,0,32,64,"batch_decode_kernels::gemv(float*, float const*, unsigned short const*, int, int, int, int)",459,38,47974.0,0.0,98304.0,2048.0,955520.0,3983398.0,3086430.0,4912630719725730.0,4912630719748450.0
459,1,256,256,1024,0,12,4,32,64,"batch_decode_kernels::rmsnorm(float*, float const*, unsigned short const*, int, int, float)",460,36,34083.0,0.0,70.0,4.0,66357.0,591139.0,15962.0,4912630719910851.0,4912630719924451.0
460,1,4096,256,0,0,16,0,32,64,"batch_decode_kernels::gemv(float*, float const*, unsigned short const*, int, int, int, int)",461,38,44538.0,0.0,3072.0,64.0,245145.0,3617201.0,399989.0,4912630720115812.0,4912630720135812.0
461,1,64,64,0,0,16,0,48,64,"void moe_kernels::router_topk_wave64_kernel<64>(float*, float const*, int*, float*, int, int, int, int, int, float)",462,57,38606.0,0.0,368.0,1.0,45005.0,644972.0,5706.0,4912630720302212.0,4912630720318212.0
462,1,540672,256,0,0,20,4,48,64,"batch_decode_kernels::routed_shared_gate_up(float*, float*, float const*, char const*, unsigned long const*, unsigned long const*, int const*, unsigned short const*, unsigned short const*, int, int, int, int, int)",463,46,156115.0,0.0,405504.0,8448.0,4274762.0,15212252.0,14108307.0,4912630720500453.0,4912630720592614.0
463,1,180224,256,0,0,24,0,32,64,"batch_decode_kernels::gate_up_swiglu(float*, float const*, unsigned short const*, unsigned short const*, int, int, int)",464,23,68657.0,0.0,270336.0,2816.0,1544717.0,6064919.0,5122724.0,4912630720754214.0,4912630720790374.0
464,1,131072,256,0,0,24,0,48,64,"batch_decode_kernels::routed_shared_down(float*, float const*, float const*, char const*, unsigned long const*, int const*, float const*, unsigned short const*, int, int, int, int, int)",465,19,114714.0,0.0,294912.0,2048.0,2991724.0,10819675.0,9646473.0,4912630720943975.0,4912630721009095.0
465,1,131072,256,0,0,16,0,32,64,"batch_decode_kernels::gemv(float*, float const*, unsigned short const*, int, int, int, int)",466,38,57373.0,0.0,98304.0,2048.0,1235212.0,4902329.0,3981276.0,4912630721208136.0,4912630721236936.0
466,1,256,256,1024,0,12,4,32,64,"batch_decode_kernels::rmsnorm(float*, float const*, unsigned short const*, int, int, float)",467,36,35707.0,0.0,70.0,4.0,67953.0,610340.0,17260.0,4912630721404777.0,4912630721419177.0
467,1,233472,256,0,0,16,0,32,64,"batch_decode_kernels::dual_gemv(float*, unsigned short const*, int, float*, unsigned short const*, int, float const*, int, int)",468,37,73310.0,0.0,175104.0,3648.0,1668395.0,6597594.0,4932689.0,4912630721599338.0,4912630721637898.0
468,1,256,256,1024,0,24,0,32,64,"batch_decode_kernels::kv_norm_rope(unsigned short*, float const*, unsigned short const*, int, int, int, int, int, int, float const*, int, float)",469,33,28016.0,0.0,70.0,4.0,45532.0,508940.0,6271.0,4912630721804939.0,4912630721814859.0
469,1,524288,256,0,0,36,4,32,64,"batch_decode_kernels::q_absorb_rope(float*, float*, float const*, unsigned short const*, int, int, int, int, int, int, int, float const*, int)",470,41,35381.0,0.0,393216.0,8192.0,506808.0,2684750.0,1614209.0,4912630721994220.0,4912630722009420.0
470,1,1024,256,0,0,16,0,32,64,"batch_decode_kernels::attention_score(float*, float const*, float const*, unsigned short const*, int, int, int, int, int, int, int, float)",471,43,27932.0,0.0,768.0,16.0,75463.0,1117873.0,36880.0,4912630722199501.0,4912630722209261.0
471,1,4096,256,1024,0,20,4,48,64,"void attention_kernels::softmax_rows_kernel<256>(float*, int, int, int, int)",472,52,24212.0,0.0,2048.0,64.0,60528.0,1561758.0,44836.0,4912630722393901.0,4912630722401742.0
472,1,524288,256,0,0,16,0,32,64,"batch_decode_kernels::latent_context(float*, float const*, unsigned short const*, int, int, int, int, int, int)",473,26,28000.0,0.0,196608.0,8192.0,127298.0,1953695.0,805690.0,4912630722595182.0,4912630722605582.0
473,1,131072,256,0,0,20,4,32,64,"batch_decode_kernels::value_up(float*, float const*, unsigned short const*, int, int, int, int, unsigned long)",474,30,30395.0,0.0,98304.0,2048.0,358137.0,2180298.0,1166715.0,4912630722790863.0,4912630722802543.0
474,1,131072,256,0,0,16,0,32,64,"batch_decode_kernels::gemv(float*, float const*, unsigned short const*, int, int, int, int)",475,38,49330.0,0.0,98304.0,2048.0,970687.0,4021254.0,3133275.0,4912630722991504.0,4912630723014864.0
475,1,256,256,1024,0,12,4,32,64,"batch_decode_kernels::rmsnorm(float*, float const*, unsigned short const*, int, int, float)",476,36,35441.0,0.0,70.0,4.0,67267.0,605881.0,17463.0,4912630723190225.0,4912630723204625.0
476,1,4096,256,0,0,16,0,32,64,"batch_decode_kernels::gemv(float*, float const*, unsigned short const*, int, int, int, int)",477,38,45142.0,0.0,3072.0,64.0,234429.0,3709462.0,416711.0,4912630723391826.0,4912630723411986.0
477,1,64,64,0,0,16,0,48,64,"void moe_kernels::router_topk_wave64_kernel<64>(float*, float const*, int*, float*, int, int, int, int, int, float)",478,57,39068.0,0.0,368.0,1.0,43715.0,655229.0,6388.0,4912630723589267.0,4912630723605907.0
478,1,540672,256,0,0,20,4,48,64,"batch_decode_kernels::routed_shared_gate_up(float*, float*, float const*, char const*, unsigned long const*, unsigned long const*, int const*, unsigned short const*, unsigned short const*, int, int, int, int, int)",479,46,151762.0,0.0,405504.0,8448.0,4091149.0,14261003.0,13218366.0,4912630723789908.0,4912630723879508.0
479,1,180224,256,0,0,24,0,32,64,"batch_decode_kernels::gate_up_swiglu(float*, float const*, unsigned short const*, unsigned short const*, int, int, int)",480,23,67470.0,0.0,270336.0,2816.0,1548177.0,5979574.0,5007606.0,4912630724054389.0,4912630724089909.0
480,1,131072,256,0,0,24,0,48,64,"batch_decode_kernels::routed_shared_down(float*, float const*, float const*, char const*, unsigned long const*, int const*, float const*, unsigned short const*, int, int, int, int, int)",481,19,114771.0,0.0,294912.0,2048.0,3025748.0,10922616.0,9689158.0,4912630724252630.0,4912630724317910.0
481,1,131072,256,0,0,16,0,32,64,"batch_decode_kernels::gemv(float*, float const*, unsigned short const*, int, int, int, int)",482,38,56903.0,0.0,98304.0,2048.0,1231998.0,4891565.0,3963655.0,4912630724510071.0,4912630724538231.0
482,1,256,256,1024,0,12,4,32,64,"batch_decode_kernels::rmsnorm(float*, float const*, unsigned short const*, int, int, float)",483,36,34758.0,0.0,70.0,4.0,67009.0,596404.0,16605.0,4912630724709912.0,4912630724723832.0
483,1,233472,256,0,0,16,0,32,64,"batch_decode_kernels::dual_gemv(float*, unsigned short const*, int, float*, unsigned short const*, int, float const*, int, int)",484,37,73502.0,0.0,175104.0,3648.0,1697585.0,6626805.0,4955658.0,4912630724913912.0,4912630724952633.0
484,1,256,256,1024,0,24,0,32,64,"batch_decode_kernels::kv_norm_rope(unsigned short*, float const*, unsigned short const*, int, int, int, int, int, int, float const*, int, float)",485,33,29041.0,0.0,70.0,4.0,46094.0,518053.0,5817.0,4912630725121753.0,4912630725132153.0
485,1,524288,256,0,0,36,4,32,64,"batch_decode_kernels::q_absorb_rope(float*, float*, float const*, unsigned short const*, int, int, int, int, int, int, int, float const*, int)",486,41,35623.0,0.0,393216.0,8192.0,483388.0,2651080.0,1580217.0,4912630725323514.0,4912630725338714.0
486,1,1024,256,0,0,16,0,32,64,"batch_decode_kernels::attention_score(float*, float const*, float const*, unsigned short const*, int, int, int, int, int, int, int, float)",487,43,29032.0,0.0,768.0,16.0,84627.0,1146707.0,40068.0,4912630725527355.0,4912630725537595.0
487,1,4096,256,1024,0,20,4,48,64,"void attention_kernels::softmax_rows_kernel<256>(float*, int, int, int, int)",488,52,24266.0,0.0,2048.0,64.0,60732.0,1563045.0,45794.0,4912630725731356.0,4912630725739036.0
488,1,524288,256,0,0,16,0,32,64,"batch_decode_kernels::latent_context(float*, float const*, unsigned short const*, int, int, int, int, int, int)",489,26,28034.0,0.0,196608.0,8192.0,120067.0,1897808.0,814409.0,4912630725929117.0,4912630725939197.0
489,1,131072,256,0,0,20,4,32,64,"batch_decode_kernels::value_up(float*, float const*, unsigned short const*, int, int, int, int, unsigned long)",490,30,30308.0,0.0,98304.0,2048.0,363917.0,2163125.0,1156440.0,4912630726143038.0,4912630726154718.0
490,1,131072,256,0,0,16,0,32,64,"batch_decode_kernels::gemv(float*, float const*, unsigned short const*, int, int, int, int)",491,38,48134.0,0.0,98304.0,2048.0,962909.0,3990925.0,3111205.0,4912630726343359.0,4912630726366079.0
491,1,256,256,1024,0,12,4,32,64,"batch_decode_kernels::rmsnorm(float*, float const*, unsigned short const*, int, int, float)",492,36,32732.0,0.0,70.0,4.0,64355.0,570222.0,14637.0,4912630726549120.0,4912630726561760.0
492,1,4096,256,0,0,16,0,32,64,"batch_decode_kernels::gemv(float*, float const*, unsigned short const*, int, int, int, int)",493,38,46396.0,0.0,3072.0,64.0,238764.0,3779467.0,424503.0,4912630726747200.0,4912630726768001.0
493,1,64,64,0,0,16,0,48,64,"void moe_kernels::router_topk_wave64_kernel<64>(float*, float const*, int*, float*, int, int, int, int, int, float)",494,57,38660.0,0.0,368.0,1.0,43760.0,646909.0,6336.0,4912630726951521.0,4912630726967841.0
494,1,540672,256,0,0,20,4,48,64,"batch_decode_kernels::routed_shared_gate_up(float*, float*, float const*, char const*, unsigned long const*, unsigned long const*, int const*, unsigned short const*, unsigned short const*, int, int, int, int, int)",495,46,156078.0,0.0,405504.0,8448.0,4267962.0,15040301.0,13977641.0,4912630727170082.0,4912630727262243.0
495,1,180224,256,0,0,24,0,32,64,"batch_decode_kernels::gate_up_swiglu(float*, float const*, unsigned short const*, unsigned short const*, int, int, int)",496,23,67876.0,0.0,270336.0,2816.0,1528543.0,5918630.0,4918694.0,4912630727443204.0,4912630727478404.0
496,1,131072,256,0,0,24,0,48,64,"batch_decode_kernels::routed_shared_down(float*, float const*, float const*, char const*, unsigned long const*, int const*, float const*, unsigned short const*, int, int, int, int, int)",497,19,115702.0,0.0,294912.0,2048.0,2985834.0,10973121.0,9741855.0,4912630727645444.0,4912630727710885.0
497,1,131072,256,0,0,16,0,32,64,"batch_decode_kernels::gemv(float*, float const*, unsigned short const*, int, int, int, int)",498,38,56105.0,0.0,98304.0,2048.0,1219366.0,4820975.0,3927170.0,4912630727915686.0,4912630727943686.0
498,1,256,256,1024,0,12,4,32,64,"batch_decode_kernels::rmsnorm(float*, float const*, unsigned short const*, int, int, float)",499,36,33546.0,0.0,70.0,4.0,64540.0,583339.0,15717.0,4912630728136807.0,4912630728150087.0
499,1,233472,256,0,0,16,0,32,64,"batch_decode_kernels::dual_gemv(float*, unsigned short const*, int, float*, unsigned short const*, int, float const*, int, int)",500,37,74662.0,0.0,175104.0,3648.0,1711171.0,6688477.0,5027843.0,4912630728341287.0,4912630728380648.0
500,1,256,256,1024,0,24,0,32,64,"batch_decode_kernels::kv_norm_rope(unsigned short*, float const*, unsigned short const*, int, int, int, int, int, int, float const*, int, float)",501,33,28370.0,0.0,70.0,4.0,45193.0,512229.0,5943.0,4912630728551528.0,4912630728561608.0
501,1,524288,256,0,0,36,4,32,64,"batch_decode_kernels::q_absorb_rope(float*, float*, float const*, unsigned short const*, int, int, int, int, int, int, int, float const*, int)",502,41,35766.0,0.0,393216.0,8192.0,473921.0,2699869.0,1573073.0,4912630728760169.0,4912630728775689.0
502,1,1024,256,0,0,16,0,32,64,"batch_decode_kernels::attention_score(float*, float const*, float const*, unsigned short const*, int, int, int, int, int, int, int, float)",503,43,29757.0,0.0,768.0,16.0,84884.0,1224824.0,45160.0,4912630728969450.0,4912630728980490.0
503,1,4096,256,1024,0,20,4,48,64,"void attention_kernels::softmax_rows_kernel<256>(float*, int, int, int, int)",504,52,24486.0,0.0,2048.0,64.0,61467.0,1573432.0,46298.0,4912630729182891.0,4912630729190731.0
504,1,524288,256,0,0,16,0,32,64,"batch_decode_kernels::latent_context(float*, float const*, unsigned short const*, int, int, int, int, int, int)",505,26,27583.0,0.0,196608.0,8192.0,125400.0,1880791.0,788602.0,4912630729399852.0,4912630729409772.0
505,1,131072,256,0,0,20,4,32,64,"batch_decode_kernels::value_up(float*, float const*, unsigned short const*, int, int, int, int, unsigned long)",506,30,31447.0,0.0,98304.0,2048.0,380678.0,2226422.0,1219711.0,4912630729607533.0,4912630729619693.0
506,1,131072,256,0,0,16,0,32,64,"batch_decode_kernels::gemv(float*, float const*, unsigned short const*, int, int, int, int)",507,38,47893.0,0.0,98304.0,2048.0,952588.0,4001078.0,3101712.0,4912630729820814.0,4912630729843694.0
507,1,256,256,1024,0,12,4,32,64,"batch_decode_kernels::rmsnorm(float*, float const*, unsigned short const*, int, int, float)",508,36,33412.0,0.0,70.0,4.0,69484.0,581298.0,15613.0,4912630730035375.0,4912630730048495.0
508,1,4096,256,0,0,16,0,32,64,"batch_decode_kernels::gemv(float*, float const*, unsigned short const*, int, int, int, int)",509,38,47341.0,0.0,3072.0,64.0,260521.0,3856453.0,433731.0,4912630730247696.0,4912630730268976.0
509,1,64,64,0,0,16,0,48,64,"void moe_kernels::router_topk_wave64_kernel<64>(float*, float const*, int*, float*, int, int, int, int, int, float)",510,57,38388.0,0.0,368.0,1.0,43020.0,644595.0,5711.0,4912630730471217.0,4912630730487217.0
510,1,540672,256,0,0,20,4,48,64,"batch_decode_kernels::routed_shared_gate_up(float*, float*, float const*, char const*, unsigned long const*, unsigned long const*, int const*, unsigned short const*, unsigned short const*, int, int, int, int, int)",511,46,157558.0,0.0,405504.0,8448.0,4231853.0,14998103.0,13991961.0,4912630730685938.0,4912630730778898.0
511,1,180224,256,0,0,24,0,32,64,"batch_decode_kernels::gate_up_swiglu(float*, float const*, unsigned short const*, unsigned short const*, int, int, int)",512,23,67932.0,0.0,270336.0,2816.0,1571179.0,5990858.0,5059894.0,4912630730956659.0,4912630730992339.0
512,1,131072,256,0,0,24,0,48,64,"batch_decode_kernels::routed_shared_down(float*, float const*, float const*, char const*, unsigned long const*, int const*, float const*, unsigned short const*, int, int, int, int, int)",513,19,114541.0,0.0,294912.0,2048.0,2987682.0,10881783.0,9595681.0,4912630731177460.0,4912630731242580.0
513,1,131072,256,0,0,16,0,32,64,"batch_decode_kernels::gemv(float*, float const*, unsigned short const*, int, int, int, int)",514,38,56386.0,0.0,98304.0,2048.0,1219111.0,4817829.0,3925430.0,4912630731398421.0,4912630731426261.0
514,1,256,256,1024,0,12,4,32,64,"batch_decode_kernels::rmsnorm(float*, float const*, unsigned short const*, int, int, float)",515,36,33532.0,0.0,70.0,4.0,65858.0,581051.0,15337.0,4912630731604982.0,4912630731618102.0
515,1,6553600,256,0,0,16,0,32,64,"batch_decode_kernels::gemv(float*, float const*, unsigned short const*, int, int, int, int)",516,38,1039537.0,0.0,4915200.0,102400.0,32607617.0,106856155.0,105820459.0,4912630731824023.0,4912630732486266.0
516,1,256,256,2048,0,8,0,32,64,"batch_decode_kernels::argmax(float const*, int, int*, int)",517,17,315203.0,0.0,104.0,4.0,617968.0,4243606.0,270552.0,4912630732674426.0,4912630732855227.0
517,1,256,256,0,0,12,4,32,64,__amd_rocclr_fillBufferAligned,518,3,18536.0,0.0,0.0,4.0,31918.0,389041.0,507.0,4912630733023868.0,4912630733028348.0
518,1,256,256,0,0,12,4,32,64,__amd_rocclr_fillBufferAligned,519,3,19352.0,0.0,0.0,4.0,28958.0,395190.0,2457.0,4912630733184189.0,4912630733188829.0
519,1,10240,256,0,0,8,0,32,64,"batch_decode_kernels::embedding(float*, unsigned short const*, int const*, int*, int, int, int, int)",520,34,18856.0,0.0,0.0,160.0,54331.0,947885.0,93458.0,4912630733401310.0,4912630733405790.0
520,1,1280,256,1024,0,12,4,32,64,"batch_decode_kernels::rmsnorm(float*, float const*, unsigned short const*, int, int, float)",521,36,33355.0,0.0,350.0,20.0,74359.0,1645205.0,73915.0,4912630733556510.0,4912630733569470.0
521,1,12288,256,11264,0,24,0,48,64,"batch_decode_kernels::mfma_gemm(float*, float const*, unsigned short const*, int, int, int, int)",522,40,141166.0,0.0,344064.0,192.0,2088625.0,13709075.0,4617441.0,4912630733780671.0,4912630733858751.0
522,1,2304,256,11264,0,24,0,48,64,"batch_decode_kernels::mfma_gemm(float*, float const*, unsigned short const*, int, int, int, int)",523,40,146664.0,0.0,64512.0,36.0,858408.0,14299197.0,912967.0,4912630734064032.0,4912630734144833.0
523,1,1280,256,1024,0,24,0,32,64,"batch_decode_kernels::kv_norm_rope(unsigned short*, float const*, unsigned short const*, int, int, int, int, int, int, float const*, int, float)",524,33,28898.0,0.0,350.0,20.0,85605.0,1387532.0,34180.0,4912630734365154.0,4912630734375714.0
524,1,32768,256,11264,0,24,0,48,64,"batch_decode_kernels::mfma_head_gemm(float*, float const*, unsigned short const*, int, int, int, int, int, int, unsigned long)",525,28,31136.0,0.0,57344.0,512.0,370747.0,2282491.0,1064868.0,4912630734582275.0,4912630734594275.0
525,1,5120,256,0,0,24,0,32,64,"batch_decode_kernels::q_rope(float*, float const*, int, int, int, int, int, int, float const*, int)",526,29,23396.0,0.0,0.0,80.0,89838.0,1403886.0,84804.0,4912630734805156.0,4912630734812356.0
526,1,5120,256,0,0,16,0,32,64,"batch_decode_kernels::attention_score(float*, float const*, float const*, unsigned short const*, int, int, int, int, int, int, int, float)",527,43,27674.0,0.0,3840.0,80.0,156348.0,1907129.0,174723.0,4912630735029637.0,4912630735039397.0
527,1,20480,256,1024,0,20,4,48,64,"void attention_kernels::softmax_rows_kernel<256>(float*, int, int, int, int)",528,52,24370.0,0.0,10240.0,320.0,92875.0,1561251.0,183942.0,4912630735254758.0,4912630735262598.0
528,1,2621440,256,0,0,16,0,32,64,"batch_decode_kernels::latent_context(float*, float const*, unsigned short const*, int, int, int, int, int, int)",529,26,64063.0,0.0,983040.0,40960.0,526924.0,5691949.0,4191195.0,4912630735472359.0,4912630735505479.0
529,1,8192,256,11264,0,24,0,48,64,"batch_decode_kernels::mfma_head_gemm(float*, float const*, unsigned short const*, int, int, int, int, int, int, unsigned long)",530,28,54481.0,0.0,57344.0,128.0,714641.0,4693445.0,867321.0,4912630735696200.0,4912630735722120.0
530,1,8192,256,11264,0,24,0,48,64,"batch_decode_kernels::mfma_gemm(float*, float const*, unsigned short const*, int, int, int, int)",531,40,144798.0,0.0,229376.0,128.0,1999380.0,13992033.0,3170761.0,4912630735916840.0,4912630735996681.0
531,1,1280,256,1024,0,12,4,32,64,"batch_decode_kernels::rmsnorm(float*, float const*, unsigned short const*, int, int, float)",532,36,31726.0,0.0,350.0,20.0,76168.0,1575200.0,67971.0,4912630736149321.0,4912630736161322.0
532,1,43776,256,19968,0,32,0,48,64,"batch_decode_kernels::mfma_gate_up_swiglu(float*, float const*, unsigned short const*, unsigned short const*, int, int, int)",533,18,201988.0,0.0,1926144.0,684.0,5681101.0,19821506.0,15917154.0,4912630736365642.0,4912630736484523.0
533,1,8192,256,11264,0,24,0,48,64,"batch_decode_kernels::mfma_gemm(float*, float const*, unsigned short const*, int, int, int, int)",534,40,684033.0,0.0,1225728.0,128.0,11533790.0,70087592.0,16960576.0,4912630736656844.0,4912630737060205.0
534,1,1280,256,1024,0,12,4,32,64,"batch_decode_kernels::rmsnorm(float*, float const*, unsigned short const*, int, int, float)",535,36,32432.0,0.0,350.0,20.0,69998.0,1622572.0,72042.0,4912630737216526.0,4912630737229166.0
535,1,12288,256,11264,0,24,0,48,64,"batch_decode_kernels::mfma_gemm(float*, float const*, unsigned short const*, int, int, int, int)",536,40,141165.0,0.0,344064.0,192.0,2073459.0,13711402.0,4693631.0,4912630737450287.0,4912630737528528.0
536,1,2304,256,11264,0,24,0,48,64,"batch_decode_kernels::mfma_gemm(float*, float const*, unsigned short const*, int, int, int, int)",537,40,145696.0,0.0,64512.0,36.0,854327.0,14214190.0,903817.0,4912630737745168.0,4912630737825329.0
537,1,1280,256,1024,0,24,0,32,64,"batch_decode_kernels::kv_norm_rope(unsigned short*, float const*, unsigned short const*, int, int, int, int, int, int, float const*, int, float)",538,33,27914.0,0.0,350.0,20.0,83838.0,1326692.0,32439.0,4912630738070770.0,4912630738080690.0
538,1,32768,256,11264,0,24,0,48,64,"batch_decode_kernels::mfma_head_gemm(float*, float const*, unsigned short const*, int, int, int, int, int, int, unsigned long)",539,28,32560.0,0.0,57344.0,512.0,390496.0,2355642.0,1067043.0,4912630738233811.0,4912630738246611.0
539,1,5120,256,0,0,24,0,32,64,"batch_decode_kernels::q_rope(float*, float const*, int, int, int, int, int, int, float const*, int)",540,29,22976.0,0.0,0.0,80.0,88034.0,1370879.0,80922.0,4912630738462612.0,4912630738469652.0
540,1,5120,256,0,0,16,0,32,64,"batch_decode_kernels::attention_score(float*, float const*, float const*, unsigned short const*, int, int, int, int, int, int, int, float)",541,43,28172.0,0.0,3840.0,80.0,164520.0,1883196.0,189220.0,4912630738623892.0,4912630738633972.0
541,1,20480,256,1024,0,20,4,48,64,"void attention_kernels::softmax_rows_kernel<256>(float*, int, int, int, int)",542,52,24869.0,0.0,10240.0,320.0,106235.0,1626420.0,236824.0,4912630738790773.0,4912630738798773.0
542,1,2621440,256,0,0,16,0,32,64,"batch_decode_kernels::latent_context(float*, float const*, unsigned short const*, int, int, int, int, int, int)",543,26,63449.0,0.0,983040.0,40960.0,549762.0,5633163.0,4194406.0,4912630738953654.0,4912630738986614.0
543,1,8192,256,11264,0,24,0,48,64,"batch_decode_kernels::mfma_head_gemm(float*, float const*, unsigned short const*, int, int, int, int, int, int, unsigned long)",544,28,54331.0,0.0,57344.0,128.0,773654.0,4591044.0,853307.0,4912630739194135.0,4912630739219895.0
544,1,8192,256,11264,0,24,0,48,64,"batch_decode_kernels::mfma_gemm(float*, float const*, unsigned short const*, int, int, int, int)",545,40,146714.0,0.0,229376.0,128.0,1968519.0,14253281.0,3262009.0,4912630739419256.0,4912630739500376.0
545,1,1280,256,1024,0,12,4,32,64,"batch_decode_kernels::rmsnorm(float*, float const*, unsigned short const*, int, int, float)",546,36,32461.0,0.0,350.0,20.0,74308.0,1636950.0,72889.0,4912630739651417.0,4912630739664057.0
546,1,256,256,11264,0,24,0,48,64,"batch_decode_kernels::mfma_gemm(float*, float const*, unsigned short const*, int, int, int, int)",547,40,155702.0,0.0,7168.0,4.0,272498.0,2167246.0,106786.0,4912630739871578.0,4912630739957498.0
547,1,320,64,0,0,16,0,48,64,"void moe_kernels::router_topk_wave64_kernel<64>(float*, float const*, int*, float*, int, int, int, int, int, float)",548,57,36731.0,0.0,1840.0,5.0,49317.0,1892231.0,25390.0,4912630740116219.0,4912630740131259.0
548,1,256,256,1024,0,12,4,64,64,"batch_decode_kernels::align_routes(int const*, int, int, int, int*, int*, int*)",549,42,40568.0,8.0,414.0,4.0,37223.0,672103.0,4372.0,4912630740348860.0,4912630740366140.0
549,1,349184,256,19968,0,36,4,48,64,"void batch_decode_kernels::grouped_expert_gate_up<16, 1>(float const*, char const*, unsigned long const*, unsigned long const*, int const*, int const*, float*, unsigned short*, int, int, int, int, int)",550,25,232499.0,0.0,1486848.0,5456.0,6385976.0,22887166.0,15834976.0,4912630740578141.0,4912630740714461.0
550,1,11264,256,19968,0,32,0,48,64,"batch_decode_kernels::mfma_gate_up_swiglu(float*, float const*, unsigned short const*, unsigned short const*, int, int, int)",551,18,159279.0,0.0,495616.0,176.0,2572955.0,15524031.0,4675402.0,4912630740881182.0,4912630740970143.0
551,1,507904,256,11264,0,24,0,48,64,"void batch_decode_kernels::grouped_expert_down<16, 1>(float const*, unsigned short const*, char const*, unsigned long const*, int const*, int const*, float*, int, int, int, int)",552,24,141451.0,0.0,946176.0,7936.0,3702048.0,13543598.0,10642550.0,4912630741123103.0,4912630741203584.0
552,1,1280,256,0,0,12,4,32,64,"batch_decode_kernels::reduce_routes_add(float*, float const*, float const*, int, int, int)",553,20,63181.0,0.0,0.0,20.0,214410.0,3638443.0,231052.0,4912630741422624.0,4912630741453665.0
553,1,8192,256,11264,0,24,0,48,64,"batch_decode_kernels::mfma_gemm(float*, float const*, unsigned short const*, int, int, int, int)",554,40,194467.0,0.0,315392.0,128.0,3073908.0,19220867.0,4503249.0,4912630741652225.0,4912630741762146.0
554,1,1280,256,1024,0,12,4,32,64,"batch_decode_kernels::rmsnorm(float*, float const*, unsigned short const*, int, int, float)",555,36,32576.0,0.0,350.0,20.0,75349.0,1630710.0,72441.0,4912630741953027.0,4912630741965507.0
555,1,12288,256,11264,0,24,0,48,64,"batch_decode_kernels::mfma_gemm(float*, float const*, unsigned short const*, int, int, int, int)",556,40,144818.0,0.0,344064.0,192.0,2120168.0,14036467.0,4806583.0,4912630742122148.0,4912630742201988.0
556,1,2304,256,11264,0,24,0,48,64,"batch_decode_kernels::mfma_gemm(float*, float const*, unsigned short const*, int, int, int, int)",557,40,145953.0,0.0,64512.0,36.0,855023.0,14195392.0,899556.0,4912630742365829.0,4912630742446149.0
557,1,1280,256,1024,0,24,0,32,64,"batch_decode_kernels::kv_norm_rope(unsigned short*, float const*, unsigned short const*, int, int, int, int, int, int, float const*, int, float)",558,33,29084.0,0.0,350.0,20.0,86537.0,1392043.0,35782.0,4912630742603270.0,4912630742613830.0
558,1,32768,256,11264,0,24,0,48,64,"batch_decode_kernels::mfma_head_gemm(float*, float const*, unsigned short const*, int, int, int, int, int, int, unsigned long)",559,28,33817.0,0.0,57344.0,512.0,393341.0,2456626.0,1076990.0,4912630742767910.0,4912630742781510.0
559,1,5120,256,0,0,24,0,32,64,"batch_decode_kernels::q_rope(float*, float const*, int, int, int, int, int, int, float const*, int)",560,29,22770.0,0.0,0.0,80.0,87983.0,1380681.0,86201.0,4912630742937991.0,4912630742945031.0
560,1,5120,256,0,0,16,0,32,64,"batch_decode_kernels::attention_score(float*, float const*, float const*, unsigned short const*, int, int, int, int, int, int, int, float)",561,43,27889.0,0.0,3840.0,80.0,171996.0,1893869.0,183910.0,4912630743115592.0,4912630743125352.0
561,1,20480,256,1024,0,20,4,48,64,"void attention_kernels::softmax_rows_kernel<256>(float*, int, int, int, int)",562,52,24637.0,0.0,10240.0,320.0,100390.0,1608844.0,228049.0,4912630743281513.0,4912630743289673.0
562,1,2621440,256,0,0,16,0,32,64,"batch_decode_kernels::latent_context(float*, float const*, unsigned short const*, int, int, int, int, int, int)",563,26,64173.0,0.0,983040.0,40960.0,534789.0,5690675.0,4185125.0,4912630743440073.0,4912630743473353.0
563,1,8192,256,11264,0,24,0,48,64,"batch_decode_kernels::mfma_head_gemm(float*, float const*, unsigned short const*, int, int, int, int, int, int, unsigned long)",564,28,54197.0,0.0,57344.0,128.0,735372.0,4670136.0,871549.0,4912630743677354.0,4912630743702954.0
564,1,8192,256,11264,0,24,0,48,64,"batch_decode_kernels::mfma_gemm(float*, float const*, unsigned short const*, int, int, int, int)",565,40,145867.0,0.0,229376.0,128.0,1963284.0,14135033.0,3238803.0,4912630743917035.0,4912630743997676.0
565,1,1280,256,1024,0,12,4,32,64,"batch_decode_kernels::rmsnorm(float*, float const*, unsigned short const*, int, int, float)",566,36,32658.0,0.0,350.0,20.0,75116.0,1639849.0,73582.0,4912630744165836.0,4912630744178477.0
566,1,256,256,11264,0,24,0,48,64,"batch_decode_kernels::mfma_gemm(float*, float const*, unsigned short const*, int, int, int, int)",567,40,157327.0,0.0,7168.0,4.0,270547.0,2186421.0,109601.0,4912630744343597.0,4912630744430318.0
567,1,320,64,0,0,16,0,48,64,"void moe_kernels::router_topk_wave64_kernel<64>(float*, float const*, int*, float*, int, int, int, int, int, float)",568,57,37455.0,0.0,1840.0,5.0,48135.0,1939603.0,25482.0,4912630744653039.0,4912630744668559.0
568,1,256,256,1024,0,12,4,64,64,"batch_decode_kernels::align_routes(int const*, int, int, int, int*, int*, int*)",569,42,40416.0,18.0,424.0,4.0,36860.0,668918.0,4324.0,4912630744820239.0,4912630744837359.0
569,1,349184,256,19968,0,36,4,48,64,"void batch_decode_kernels::grouped_expert_gate_up<16, 1>(float const*, char const*, unsigned long const*, unsigned long const*, int const*, int const*, float*, unsigned short*, int, int, int, int, int)",570,25,232378.0,0.0,1486848.0,5456.0,6425221.0,22969898.0,15665645.0,4912630744996400.0,4912630745132721.0
570,1,11264,256,19968,0,32,0,48,64,"batch_decode_kernels::mfma_gate_up_swiglu(float*, float const*, unsigned short const*, unsigned short const*, int, int, int)",571,18,157258.0,0.0,495616.0,176.0,2494481.0,15414220.0,4698070.0,4912630745317841.0,4912630745405842.0
571,1,507904,256,11264,0,24,0,48,64,"void batch_decode_kernels::grouped_expert_down<16, 1>(float const*, unsigned short const*, char const*, unsigned long const*, int const*, int const*, float*, int, int, int, int)",572,24,139545.0,0.0,946176.0,7936.0,3664532.0,13452390.0,10663942.0,4912630745629043.0,4912630745708403.0
572,1,1280,256,0,0,12,4,32,64,"batch_decode_kernels::reduce_routes_add(float*, float const*, float const*, int, int, int)",573,20,61312.0,0.0,0.0,20.0,231608.0,3440440.0,218366.0,4912630745867124.0,4912630745896884.0
573,1,8192,256,11264,0,24,0,48,64,"batch_decode_kernels::mfma_gemm(float*, float const*, unsigned short const*, int, int, int, int)",574,40,194070.0,0.0,315392.0,128.0,3081490.0,19179982.0,4492903.0,4912630746050165.0,4912630746159765.0
574,1,1280,256,1024,0,12,4,32,64,"batch_decode_kernels::rmsnorm(float*, float const*, unsigned short const*, int, int, float)",575,36,32143.0,0.0,350.0,20.0,72648.0,1605984.0,70184.0,4912630746361366.0,4912630746373846.0
575,1,12288,256,11264,0,24,0,48,64,"batch_decode_kernels::mfma_gemm(float*, float const*, unsigned short const*, int, int, int, int)",576,40,143658.0,0.0,344064.0,192.0,2095460.0,13884640.0,4727415.0,4912630746537207.0,4912630746616407.0
576,1,2304,256,11264,0,24,0,48,64,"batch_decode_kernels::mfma_gemm(float*, float const*, unsigned short const*, int, int, int, int)",577,40,145868.0,0.0,64512.0,36.0,856921.0,14214333.0,905221.0,4912630746781688.0,4912630746861848.0
577,1,1280,256,1024,0,24,0,32,64,"batch_decode_kernels::kv_norm_rope(unsigned short*, float const*, unsigned short const*, int, int, int, int, int, int, float const*, int, float)",578,33,28050.0,0.0,350.0,20.0,88644.0,1354018.0,34022.0,4912630747035449.0,4912630747045529.0
578,1,32768,256,11264,0,24,0,48,64,"batch_decode_kernels::mfma_head_gemm(float*, float const*, unsigned short const*, int, int, int, int, int, int, unsigned long)",579,28,32344.0,0.0,57344.0,512.0,384218.0,2322700.0,1039200.0,4912630747204570.0,4912630747217210.0
579,1,5120,256,0,0,24,0,32,64,"batch_decode_kernels::q_rope(float*, float const*, int, int, int, int, int, int, float const*, int)",580,29,23356.0,0.0,0.0,80.0,88680.0,1416535.0,85369.0,4912630747379130.0,4912630747386491.0
580,1,5120,256,0,0,16,0,32,64,"batch_decode_kernels::attention_score(float*, float const*, float const*, unsigned short const*, int, int, int, int, int, int, int, float)",581,43,28419.0,0.0,3840.0,80.0,174548.0,1867739.0,190781.0,4912630747555931.0,4912630747566171.0
581,1,20480,256,1024,0,20,4,48,64,"void attention_kernels::softmax_rows_kernel<256>(float*, int, int, int, int)",582,52,24855.0,0.0,10240.0,320.0,103270.0,1623976.0,235166.0,4912630747727932.0,4912630747735932.0
582,1,2621440,256,0,0,16,0,32,64,"batch_decode_kernels::latent_context(float*, float const*, unsigned short const*, int, int, int, int, int, int)",583,26,64544.0,0.0,983040.0,40960.0,542246.0,5728206.0,4193225.0,4912630747903933.0,4912630747937373.0
583,1,8192,256,11264,0,24,0,48,64,"batch_decode_kernels::mfma_head_gemm(float*, float const*, unsigned short const*, int, int, int, int, int, int, unsigned long)",584,28,54094.0,0.0,57344.0,128.0,777731.0,4623934.0,874301.0,4912630748154014.0,4912630748179774.0
584,1,8192,256,11264,0,24,0,48,64,"batch_decode_kernels::mfma_gemm(float*, float const*, unsigned short const*, int, int, int, int)",585,40,146292.0,0.0,229376.0,128.0,1966357.0,14125972.0,3234446.0,4912630748401695.0,4912630748482175.0
585,1,1280,256,1024,0,12,4,32,64,"batch_decode_kernels::rmsnorm(float*, float const*, unsigned short const*, int, int, float)",586,36,31810.0,0.0,350.0,20.0,71069.0,1581388.0,66837.0,4912630748650656.0,4912630748662816.0
586,1,256,256,11264,0,24,0,48,64,"batch_decode_kernels::mfma_gemm(float*, float const*, unsigned short const*, int, int, int, int)",587,40,154119.0,0.0,7168.0,4.0,268309.0,2146394.0,107178.0,4912630748832257.0,4912630748917057.0
587,1,320,64,0,0,16,0,48,64,"void moe_kernels::router_topk_wave64_kernel<64>(float*, float const*, int*, float*, int, int, int, int, int, float)",588,57,37824.0,0.0,1840.0,5.0,48359.0,1965850.0,25109.0,4912630749089858.0,4912630749105538.0
588,1,256,256,1024,0,12,4,64,64,"batch_decode_kernels::align_routes(int const*, int, int, int, int*, int*, int*)",589,42,39353.0,8.0,414.0,4.0,35903.0,657959.0,4352.0,4912630749263619.0,4912630749280259.0
589,1,349184,256,19968,0,36,4,48,64,"void batch_decode_kernels::grouped_expert_gate_up<16, 1>(float const*, char const*, unsigned long const*, unsigned long const*, int const*, int const*, float*, unsigned short*, int, int, int, int, int)",590,25,229108.0,0.0,1486848.0,5456.0,6338828.0,22524258.0,15285022.0,4912630749438179.0,4912630749572580.0
590,1,11264,256,19968,0,32,0,48,64,"batch_decode_kernels::mfma_gate_up_swiglu(float*, float const*, unsigned short const*, unsigned short const*, int, int, int)",591,18,157746.0,0.0,495616.0,176.0,2571369.0,15425686.0,4583040.0,4912630749760581.0,4912630749848901.0
591,1,507904,256,11264,0,24,0,48,64,"void batch_decode_kernels::grouped_expert_down<16, 1>(float const*, unsigned short const*, char const*, unsigned long const*, int const*, int const*, float*, int, int, int, int)",592,24,141123.0,0.0,946176.0,7936.0,3652194.0,13416211.0,10673497.0,4912630750007142.0,4912630750087462.0
592,1,1280,256,0,0,12,4,32,64,"batch_decode_kernels::reduce_routes_add(float*, float const*, float const*, int, int, int)",593,20,62363.0,0.0,0.0,20.0,235890.0,3510536.0,223925.0,4912630750280423.0,4912630750310823.0
593,1,8192,256,11264,0,24,0,48,64,"batch_decode_kernels::mfma_gemm(float*, float const*, unsigned short const*, int, int, int, int)",594,40,194356.0,0.0,315392.0,128.0,3116653.0,19201575.0,4498141.0,4912630750533064.0,4912630750642825.0
594,1,1280,256,1024,0,12,4,32,64,"batch_decode_kernels::rmsnorm(float*, float const*, unsigned short const*, int, int, float)",595,36,34082.0,0.0,350.0,20.0,75885.0,1738077.0,81083.0,4912630750856586.0,4912630750870186.0
595,1,12288,256,11264,0,24,0,48,64,"batch_decode_kernels::mfma_gemm(float*, float const*, unsigned short const*, int, int, int, int)",596,40,142810.0,0.0,344064.0,192.0,2072777.0,13866388.0,4723524.0,4912630751042506.0,4912630751121707.0
596,1,2304,256,11264,0,24,0,48,64,"batch_decode_kernels::mfma_gemm(float*, float const*, unsigned short const*, int, int, int, int)",597,40,148917.0,0.0,64512.0,36.0,857014.0,14517688.0,925080.0,4912630751297868.0,4912630751379948.0
597,1,1280,256,1024,0,24,0,32,64,"batch_decode_kernels::kv_norm_rope(unsigned short*, float const*, unsigned short const*, int, int, int, int, int, int, float const*, int, float)",598,33,29283.0,0.0,350.0,20.0,86538.0,1396684.0,34846.0,4912630751549709.0,4912630751560269.0
598,1,32768,256,11264,0,24,0,48,64,"batch_decode_kernels::mfma_head_gemm(float*, float const*, unsigned short const*, int, int, int, int, int, int, unsigned long)",599,28,33178.0,0.0,57344.0,512.0,388396.0,2413115.0,1077122.0,4912630751733869.0,4912630751746990.0
599,1,5120,256,0,0,24,0,32,64,"batch_decode_kernels::q_rope(float*, float const*, int, int, int, int, int, int, float const*, int)",600,29,22978.0,0.0,0.0,80.0,88808.0,1366810.0,86449.0,4912630751912590.0,4912630751919630.0
600,1,5120,256,0,0,16,0,32,64,"batch_decode_kernels::attention_score(float*, float const*, float const*, unsigned short const*, int, int, int, int, int, int, int, float)",601,43,27758.0,0.0,3840.0,80.0,168693.0,1884509.0,189559.0,4912630752101391.0,4912630752111151.0
601,1,20480,256,1024,0,20,4,48,64,"void attention_kernels::softmax_rows_kernel<256>(float*, int, int, int, int)",602,52,24584.0,0.0,10240.0,320.0,101160.0,1595376.0,230759.0,4912630752282352.0,4912630752290352.0
602,1,2621440,256,0,0,16,0,32,64,"batch_decode_kernels::latent_context(float*, float const*, unsigned short const*, int, int, int, int, int, int)",603,26,64050.0,0.0,983040.0,40960.0,547938.0,5697981.0,4184332.0,4912630752467473.0,4912630752500753.0
603,1,8192,256,11264,0,24,0,48,64,"batch_decode_kernels::mfma_head_gemm(float*, float const*, unsigned short const*, int, int, int, int, int, int, unsigned long)",604,28,54640.0,0.0,57344.0,128.0,593575.0,4699451.0,892252.0,4912630752728114.0,4912630752754034.0
604,1,8192,256,11264,0,24,0,48,64,"batch_decode_kernels::mfma_gemm(float*, float const*, unsigned short const*, int, int, int, int)",605,40,144094.0,0.0,229376.0,128.0,1976496.0,13973378.0,3215164.0,4912630752906195.0,4912630752985875.0
605,1,1280,256,1024,0,12,4,32,64,"batch_decode_kernels::rmsnorm(float*, float const*, unsigned short const*, int, int, float)",606,36,32216.0,0.0,350.0,20.0,74948.0,1624275.0,72698.0,4912630753170836.0,4912630753183316.0
606,1,256,256,11264,0,24,0,48,64,"batch_decode_kernels::mfma_gemm(float*, float const*, unsigned short const*, int, int, int, int)",607,40,157578.0,0.0,7168.0,4.0,269757.0,2193194.0,108882.0,4912630753350197.0,4912630753437237.0
607,1,320,64,0,0,16,0,48,64,"void moe_kernels::router_topk_wave64_kernel<64>(float*, float const*, int*, float*, int, int, int, int, int, float)",608,57,39355.0,0.0,1840.0,5.0,51570.0,2036869.0,26187.0,4912630753608278.0,4912630753624758.0
608,1,256,256,1024,0,12,4,64,64,"batch_decode_kernels::align_routes(int const*, int, int, int, int*, int*, int*)",609,42,39847.0,8.0,414.0,4.0,38185.0,652616.0,4376.0,4912630753789238.0,4912630753805559.0
609,1,349184,256,19968,0,36,4,48,64,"void batch_decode_kernels::grouped_expert_gate_up<16, 1>(float const*, char const*, unsigned long const*, unsigned long const*, int const*, int const*, float*, unsigned short*, int, int, int, int, int)",610,25,229295.0,0.0,1486848.0,5456.0,6358035.0,22739460.0,15523338.0,4912630753973079.0,4912630754107640.0
610,1,11264,256,19968,0,32,0,48,64,"batch_decode_kernels::mfma_gate_up_swiglu(float*, float const*, unsigned short const*, unsigned short const*, int, int, int)",611,18,156403.0,0.0,495616.0,176.0,2526128.0,15288627.0,4603403.0,4912630754277081.0,4912630754364601.0
611,1,507904,256,11264,0,24,0,48,64,"void batch_decode_kernels::grouped_expert_down<16, 1>(float const*, unsigned short const*, char const*, unsigned long const*, int const*, int const*, float*, int, int, int, int)",612,24,138999.0,0.0,946176.0,7936.0,3650837.0,13335702.0,10544322.0,4912630754537082.0,4912630754616282.0
612,1,1280,256,0,0,12,4,32,64,"batch_decode_kernels::reduce_routes_add(float*, float const*, float const*, int, int, int)",613,20,60785.0,0.0,0.0,20.0,219391.0,3405392.0,215549.0,4912630754793883.0,4912630754823323.0
613,1,8192,256,11264,0,24,0,48,64,"batch_decode_kernels::mfma_gemm(float*, float const*, unsigned short const*, int, int, int, int)",614,40,195166.0,0.0,315392.0,128.0,3103227.0,19164447.0,4463372.0,4912630754982044.0,4912630755091804.0
614,1,1280,256,1024,0,12,4,32,64,"batch_decode_kernels::rmsnorm(float*, float const*, unsigned short const*, int, int, float)",615,36,31069.0,0.0,350.0,20.0,66409.0,1535901.0,65404.0,4912630755254845.0,4912630755266685.0
615,1,12288,256,11264,0,24,0,48,64,"batch_decode_kernels::mfma_gemm(float*, float const*, unsigned short const*, int, int, int, int)",616,40,141310.0,0.0,344064.0,192.0,2093733.0,13712910.0,4624536.0,4912630755436286.0,4912630755514526.0
616,1,2304,256,11264,0,24,0,48,64,"batch_decode_kernels::mfma_gemm(float*, float const*, unsigned short const*, int, int, int, int)",617,40,145263.0,0.0,64512.0,36.0,861638.0,14160552.0,896031.0,4912630755700127.0,4912630755779967.0
617,1,1280,256,1024,0,24,0,32,64,"batch_decode_kernels::kv_norm_rope(unsigned short*, float const*, unsigned short const*, int, int, int, int, int, int, float const*, int, float)",618,33,27837.0,0.0,350.0,20.0,86177.0,1317371.0,35154.0,4912630755965408.0,4912630755975168.0
618,1,32768,256,11264,0,24,0,48,64,"batch_decode_kernels::mfma_head_gemm(float*, float const*, unsigned short const*, int, int, int, int, int, int, unsigned long)",619,28,31498.0,0.0,57344.0,512.0,383077.0,2288406.0,1047864.0,4912630756156449.0,4912630756168609.0
619,1,5120,256,0,0,24,0,32,64,"batch_decode_kernels::q_rope(float*, float const*, int, int, int, int, int, int, float const*, int)",620,29,22892.0,0.0,0.0,80.0,88224.0,1392251.0,88288.0,4912630756345250.0,4912630756352130.0
620,1,5120,256,0,0,16,0,32,64,"batch_decode_kernels::attention_score(float*, float const*, float const*, unsigned short const*, int, int, int, int, int, int, int, float)",621,43,28358.0,0.0,3840.0,80.0,159127.0,1878958.0,180720.0,4912630756531330.0,4912630756541250.0
621,1,20480,256,1024,0,20,4,48,64,"void attention_kernels::softmax_rows_kernel<256>(float*, int, int, int, int)",622,52,24779.0,0.0,10240.0,320.0,105708.0,1600927.0,237162.0,4912630756719171.0,4912630756727171.0
622,1,2621440,256,0,0,16,0,32,64,"batch_decode_kernels::latent_context(float*, float const*, unsigned short const*, int, int, int, int, int, int)",623,26,63629.0,0.0,983040.0,40960.0,547091.0,5666092.0,4180240.0,4912630756905412.0,4912630756938532.0
623,1,8192,256,11264,0,24,0,48,64,"batch_decode_kernels::mfma_head_gemm(float*, float const*, unsigned short const*, int, int, int, int, int, int, unsigned long)",624,28,54087.0,0.0,57344.0,128.0,654168.0,4635348.0,872392.0,4912630757100933.0,4912630757126533.0
624,1,8192,256,11264,0,24,0,48,64,"batch_decode_kernels::mfma_gemm(float*, float const*, unsigned short const*, int, int, int, int)",625,40,145946.0,0.0,229376.0,128.0,1949997.0,14139713.0,3232105.0,4912630757290214.0,4912630757371014.0
625,1,1280,256,1024,0,12,4,32,64,"batch_decode_kernels::rmsnorm(float*, float const*, unsigned short const*, int, int, float)",626,36,32064.0,0.0,350.0,20.0,72346.0,1599003.0,70517.0,4912630757560455.0,4912630757572775.0
626,1,256,256,11264,0,24,0,48,64,"batch_decode_kernels::mfma_gemm(float*, float const*, unsigned short const*, int, int, int, int)",627,40,155933.0,0.0,7168.0,4.0,270312.0,2169027.0,107241.0,4912630757748936.0,4912630757835016.0
627,1,320,64,0,0,16,0,48,64,"void moe_kernels::router_topk_wave64_kernel<64>(float*, float const*, int*, float*, int, int, int, int, int, float)",628,57,38207.0,0.0,1840.0,5.0,48798.0,1970556.0,25368.0,4912630758025257.0,4912630758041097.0
628,1,256,256,1024,0,12,4,64,64,"batch_decode_kernels::align_routes(int const*, int, int, int, int*, int*, int*)",629,42,39724.0,18.0,424.0,4.0,37724.0,661170.0,4220.0,4912630758209578.0,4912630758226538.0
629,1,349184,256,19968,0,36,4,48,64,"void batch_decode_kernels::grouped_expert_gate_up<16, 1>(float const*, char const*, unsigned long const*, unsigned long const*, int const*, int const*, float*, unsigned short*, int, int, int, int, int)",630,25,234566.0,0.0,1486848.0,5456.0,6462037.0,23052214.0,15650078.0,4912630758407979.0,4912630758545419.0
630,1,11264,256,19968,0,32,0,48,64,"batch_decode_kernels::mfma_gate_up_swiglu(float*, float const*, unsigned short const*, unsigned short const*, int, int, int)",631,18,157822.0,0.0,495616.0,176.0,2551003.0,15449671.0,4622492.0,4912630758757260.0,4912630758845581.0
631,1,507904,256,11264,0,24,0,48,64,"void batch_decode_kernels::grouped_expert_down<16, 1>(float const*, unsigned short const*, char const*, unsigned long const*, int const*, int const*, float*, int, int, int, int)",632,24,141499.0,0.0,946176.0,7936.0,3680679.0,13559120.0,10731209.0,4912630759037581.0,4912630759118062.0
632,1,1280,256,0,0,12,4,32,64,"batch_decode_kernels::reduce_routes_add(float*, float const*, float const*, int, int, int)",633,20,61905.0,0.0,0.0,20.0,241472.0,3468962.0,218835.0,4912630759311183.0,4912630759341423.0
633,1,8192,256,11264,0,24,0,48,64,"batch_decode_kernels::mfma_gemm(float*, float const*, unsigned short const*, int, int, int, int)",634,40,196332.0,0.0,315392.0,128.0,3071443.0,19381703.0,4563159.0,4912630759499023.0,4912630759610064.0
634,1,1280,256,1024,0,12,4,32,64,"batch_decode_kernels::rmsnorm(float*, float const*, unsigned short const*, int, int, float)",635,36,32853.0,0.0,350.0,20.0,73580.0,1646375.0,74123.0,4912630759769265.0,4912630759782065.0
635,1,12288,256,11264,0,24,0,48,64,"batch_decode_kernels::mfma_gemm(float*, float const*, unsigned short const*, int, int, int, int)",636,40,140283.0,0.0,344064.0,192.0,2056226.0,13609040.0,4615442.0,4912630759956945.0,4912630760034706.0
636,1,2304,256,11264,0,24,0,48,64,"batch_decode_kernels::mfma_gemm(float*, float const*, unsigned short const*, int, int, int, int)",637,40,145580.0,0.0,64512.0,36.0,848630.0,14205766.0,907973.0,4912630760234067.0,4912630760314227.0
637,1,1280,256,1024,0,24,0,32,64,"batch_decode_kernels::kv_norm_rope(unsigned short*, float const*, unsigned short const*, int, int, int, int, int, int, float const*, int, float)",638,33,28192.0,0.0,350.0,20.0,85013.0,1347128.0,33576.0,4912630760509108.0,4912630760519028.0
638,1,32768,256,11264,0,24,0,48,64,"batch_decode_kernels::mfma_head_gemm(float*, float const*, unsigned short const*, int, int, int, int, int, int, unsigned long)",639,28,32759.0,0.0,57344.0,512.0,389317.0,2418627.0,1073024.0,4912630760701429.0,4912630760714229.0
639,1,5120,256,0,0,24,0,32,64,"batch_decode_kernels::q_rope(float*, float const*, int, int, int, int, int, int, float const*, int)",640,29,23266.0,0.0,0.0,80.0,87898.0,1380798.0,90698.0,4912630760899509.0,4912630760906709.0
640,1,5120,256,0,0,16,0,32,64,"batch_decode_kernels::attention_score(float*, float const*, float const*, unsigned short const*, int, int, int, int, int, int, int, float)",641,43,28215.0,0.0,3840.0,80.0,161411.0,1936574.0,188316.0,4912630761095670.0,4912630761105590.0
641,1,20480,256,1024,0,20,4,48,64,"void attention_kernels::softmax_rows_kernel<256>(float*, int, int, int, int)",642,52,24908.0,0.0,10240.0,320.0,100657.0,1638861.0,227928.0,4912630761291831.0,4912630761300151.0
642,1,2621440,256,0,0,16,0,32,64,"batch_decode_kernels::latent_context(float*, float const*, unsigned short const*, int, int, int, int, int, int)",643,26,64081.0,0.0,983040.0,40960.0,542429.0,5687906.0,4223493.0,4912630761483512.0,4912630761516632.0
643,1,8192,256,11264,0,24,0,48,64,"batch_decode_kernels::mfma_head_gemm(float*, float const*, unsigned short const*, int, int, int, int, int, int, unsigned long)",644,28,54021.0,0.0,57344.0,128.0,754038.0,4539343.0,847605.0,4912630761679513.0,4912630761704473.0
644,1,8192,256,11264,0,24,0,48,64,"batch_decode_kernels::mfma_gemm(float*, float const*, unsigned short const*, int, int, int, int)",645,40,146662.0,0.0,229376.0,128.0,1950041.0,14157835.0,3260098.0,4912630761871674.0,4912630761952314.0
645,1,1280,256,1024,0,12,4,32,64,"batch_decode_kernels::rmsnorm(float*, float const*, unsigned short const*, int, int, float)",646,36,31335.0,0.0,350.0,20.0,69104.0,1555453.0,67398.0,4912630762156315.0,4912630762168315.0
646,1,256,256,11264,0,24,0,48,64,"batch_decode_kernels::mfma_gemm(float*, float const*, unsigned short const*, int, int, int, int)",647,40,156675.0,0.0,7168.0,4.0,272494.0,2180870.0,109339.0,4912630762351196.0,4912630762437756.0
647,1,320,64,0,0,16,0,48,64,"void moe_kernels::router_topk_wave64_kernel<64>(float*, float const*, int*, float*, int, int, int, int, int, float)",648,57,38566.0,0.0,1840.0,5.0,50032.0,1974638.0,25617.0,4912630762627997.0,4912630762643997.0
648,1,256,256,1024,0,12,4,64,64,"batch_decode_kernels::align_routes(int const*, int, int, int, int*, int*, int*)",649,42,39691.0,8.0,414.0,4.0,37659.0,659116.0,4372.0,4912630762816318.0,4912630762833118.0
649,1,349184,256,19968,0,36,4,48,64,"void batch_decode_kernels::grouped_expert_gate_up<16, 1>(float const*, char const*, unsigned long const*, unsigned long const*, int const*, int const*, float*, unsigned short*, int, int, int, int, int)",650,25,233946.0,0.0,1486848.0,5456.0,6389506.0,22738641.0,15316731.0,4912630763013119.0,4912630763150079.0
650,1,11264,256,19968,0,32,0,48,64,"batch_decode_kernels::mfma_gate_up_swiglu(float*, float const*, unsigned short const*, unsigned short const*, int, int, int)",651,18,158144.0,0.0,495616.0,176.0,2525259.0,15495119.0,4654386.0,4912630763377760.0,4912630763466401.0
651,1,507904,256,11264,0,24,0,48,64,"void batch_decode_kernels::grouped_expert_down<16, 1>(float const*, unsigned short const*, char const*, unsigned long const*, int const*, int const*, float*, int, int, int, int)",652,24,140978.0,0.0,946176.0,7936.0,3672382.0,13536331.0,10721474.0,4912630763676482.0,4912630763756802.0
652,1,1280,256,0,0,12,4,32,64,"batch_decode_kernels::reduce_routes_add(float*, float const*, float const*, int, int, int)",653,20,63468.0,0.0,0.0,20.0,223516.0,3579995.0,229199.0,4912630763956163.0,4912630763987043.0
653,1,8192,256,11264,0,24,0,48,64,"batch_decode_kernels::mfma_gemm(float*, float const*, unsigned short const*, int, int, int, int)",654,40,195521.0,0.0,315392.0,128.0,3096699.0,19260621.0,4538235.0,4912630764160324.0,4912630764270404.0
654,1,1280,256,1024,0,12,4,32,64,"batch_decode_kernels::rmsnorm(float*, float const*, unsigned short const*, int, int, float)",655,36,32491.0,0.0,350.0,20.0,78037.0,1635195.0,73189.0,4912630764439365.0,4912630764452005.0
655,1,12288,256,11264,0,24,0,48,64,"batch_decode_kernels::mfma_gemm(float*, float const*, unsigned short const*, int, int, int, int)",656,40,141625.0,0.0,344064.0,192.0,2093066.0,13706241.0,4629436.0,4912630764632166.0,4912630764710406.0
656,1,2304,256,11264,0,24,0,48,64,"batch_decode_kernels::mfma_gemm(float*, float const*, unsigned short const*, int, int, int, int)",657,40,145183.0,0.0,64512.0,36.0,856290.0,14138751.0,900564.0,4912630764909927.0,4912630764989607.0
657,1,1280,256,1024,0,24,0,32,64,"batch_decode_kernels::kv_norm_rope(unsigned short*, float const*, unsigned short const*, int, int, int, int, int, int, float const*, int, float)",658,33,27826.0,0.0,350.0,20.0,86112.0,1312639.0,32741.0,4912630765197448.0,4912630765207208.0
658,1,32768,256,11264,0,24,0,48,64,"batch_decode_kernels::mfma_head_gemm(float*, float const*, unsigned short const*, int, int, int, int, int, int, unsigned long)",659,28,31748.0,0.0,57344.0,512.0,392901.0,2292241.0,1070737.0,4912630765395209.0,4912630765407529.0
659,1,5120,256,0,0,24,0,32,64,"batch_decode_kernels::q_rope(float*, float const*, int, int, int, int, int, int, float const*, int)",660,29,23154.0,0.0,0.0,80.0,93286.0,1413948.0,96956.0,4912630765595850.0,4912630765603050.0
660,1,5120,256,0,0,16,0,32,64,"batch_decode_kernels::attention_score(float*, float const*, float const*, unsigned short const*, int, int, int, int, int, int, int, float)",661,43,28198.0,0.0,3840.0,80.0,172132.0,1873758.0,184315.0,4912630765797611.0,4912630765807371.0
661,1,20480,256,1024,0,20,4,48,64,"void attention_kernels::softmax_rows_kernel<256>(float*, int, int, int, int)",662,52,24645.0,0.0,10240.0,320.0,104121.0,1587277.0,241605.0,4912630765997612.0,4912630766005612.0
662,1,2621440,256,0,0,16,0,32,64,"batch_decode_kernels::latent_context(float*, float const*, unsigned short const*, int, int, int, int, int, int)",663,26,64037.0,0.0,983040.0,40960.0,533358.0,5672280.0,4248333.0,4912630766198893.0,4912630766232013.0
663,1,8192,256,11264,0,24,0,48,64,"batch_decode_kernels::mfma_head_gemm(float*, float const*, unsigned short const*, int, int, int, int, int, int, unsigned long)",664,28,54304.0,0.0,57344.0,128.0,711714.0,4620788.0,861101.0,4912630766406253.0,4912630766432014.0
664,1,8192,256,11264,0,24,0,48,64,"batch_decode_kernels::mfma_gemm(float*, float const*, unsigned short const*, int, int, int, int)",665,40,144715.0,0.0,229376.0,128.0,1965310.0,14040250.0,3222683.0,4912630766610094.0,4912630766690095.0
665,1,1280,256,1024,0,12,4,32,64,"batch_decode_kernels::rmsnorm(float*, float const*, unsigned short const*, int, int, float)",666,36,32050.0,0.0,350.0,20.0,69628.0,1600693.0,70316.0,4912630766898416.0,4912630766910736.0
666,1,256,256,11264,0,24,0,48,64,"batch_decode_kernels::mfma_gemm(float*, float const*, unsigned short const*, int, int, int, int)",667,40,155182.0,0.0,7168.0,4.0,271603.0,2162475.0,107892.0,4912630767104497.0,4912630767189937.0
667,1,320,64,0,0,16,0,48,64,"void moe_kernels::router_topk_wave64_kernel<64>(float*, float const*, int*, float*, int, int, int, int, int, float)",668,57,38068.0,0.0,1840.0,5.0,46703.0,1994983.0,25522.0,4912630767388018.0,4912630767404018.0
668,1,256,256,1024,0,12,4,64,64,"batch_decode_kernels::align_routes(int const*, int, int, int, int*, int*, int*)",669,42,40070.0,8.0,414.0,4.0,37410.0,666032.0,4352.0,4912630767598899.0,4912630767616019.0
669,1,349184,256,19968,0,36,4,48,64,"void batch_decode_kernels::grouped_expert_gate_up<16, 1>(float const*, char const*, unsigned long const*, unsigned long const*, int const*, int const*, float*, unsigned short*, int, int, int, int, int)",670,25,234878.0,0.0,1486848.0,5456.0,6434451.0,22943612.0,15691557.0,4912630767894420.0,4912630768032021.0
670,1,11264,256,19968,0,32,0,48,64,"batch_decode_kernels::mfma_gate_up_swiglu(float*, float const*, unsigned short const*, unsigned short const*, int, int, int)",671,18,154571.0,0.0,495616.0,176.0,2492005.0,15108824.0,4504811.0,4912630768196181.0,4912630768282742.0
671,1,507904,256,11264,0,24,0,48,64,"void batch_decode_kernels::grouped_expert_down<16, 1>(float const*, unsigned short const*, char const*, unsigned long const*, int const*, int const*, float*, int, int, int, int)",672,24,141649.0,0.0,946176.0,7936.0,3679013.0,13390432.0,10667858.0,4912630768485143.0,4912630768565783.0
672,1,1280,256,0,0,12,4,32,64,"batch_decode_kernels::reduce_routes_add(float*, float const*, float const*, int, int, int)",673,20,62242.0,0.0,0.0,20.0,219539.0,3537719.0,225874.0,4912630768776126.0,4912630768806526.0
673,1,8192,256,11264,0,24,0,48,64,"batch_decode_kernels::mfma_gemm(float*, float const*, unsigned short const*, int, int, int, int)",674,40,193008.0,0.0,315392.0,128.0,3130052.0,19035955.0,4432390.0,4912630768992446.0,4912630769101566.0
674,1,1280,256,1024,0,12,4,32,64,"batch_decode_kernels::rmsnorm(float*, float const*, unsigned short const*, int, int, float)",675,36,32765.0,0.0,350.0,20.0,71422.0,1638900.0,73401.0,4912630769288607.0,4912630769301407.0
675,1,12288,256,11264,0,24,0,48,64,"batch_decode_kernels::mfma_gemm(float*, float const*, unsigned short const*, int, int, int, int)",676,40,142801.0,0.0,344064.0,192.0,2138094.0,13884016.0,4705360.0,4912630769482048.0,4912630769561248.0
676,1,2304,256,11264,0,24,0,48,64,"batch_decode_kernels::mfma_gemm(float*, float const*, unsigned short const*, int, int, int, int)",677,40,146246.0,0.0,64512.0,36.0,848324.0,14236966.0,895815.0,4912630769770369.0,4912630769850689.0
677,1,1280,256,1024,0,24,0,32,64,"batch_decode_kernels::kv_norm_rope(unsigned short*, float const*, unsigned short const*, int, int, int, int, int, int, float const*, int, float)",678,33,29161.0,0.0,350.0,20.0,83607.0,1399635.0,33019.0,4912630770067490.0,4912630770078050.0
678,1,32768,256,11264,0,24,0,48,64,"batch_decode_kernels::mfma_head_gemm(float*, float const*, unsigned short const*, int, int, int, int, int, int, unsigned long)",679,28,32633.0,0.0,57344.0,512.0,399895.0,2355863.0,1067925.0,4912630770272931.0,4912630770285731.0
679,1,5120,256,0,0,24,0,32,64,"batch_decode_kernels::q_rope(float*, float const*, int, int, int, int, int, int, float const*, int)",680,29,23255.0,0.0,0.0,80.0,87427.0,1399427.0,85056.0,4912630770480452.0,4912630770487492.0
680,1,5120,256,0,0,16,0,32,64,"batch_decode_kernels::attention_score(float*, float const*, float const*, unsigned short const*, int, int, int, int, int, int, int, float)",681,43,27419.0,0.0,3840.0,80.0,160082.0,1822876.0,182487.0,4912630770683333.0,4912630770692933.0
681,1,20480,256,1024,0,20,4,48,64,"void attention_kernels::softmax_rows_kernel<256>(float*, int, int, int, int)",682,52,24653.0,0.0,10240.0,320.0,104626.0,1598756.0,234877.0,4912630770889254.0,4912630770897254.0
682,1,2621440,256,0,0,16,0,32,64,"batch_decode_kernels::latent_context(float*, float const*, unsigned short const*, int, int, int, int, int, int)",683,26,63545.0,0.0,983040.0,40960.0,531291.0,5642562.0,4160039.0,4912630771101895.0,4912630771134855.0
683,1,8192,256,11264,0,24,0,48,64,"batch_decode_kernels::mfma_head_gemm(float*, float const*, unsigned short const*, int, int, int, int, int, int, unsigned long)",684,28,53793.0,0.0,57344.0,128.0,739436.0,4594008.0,866127.0,4912630771308616.0,4912630771334056.0
684,1,8192,256,11264,0,24,0,48,64,"batch_decode_kernels::mfma_gemm(float*, float const*, unsigned short const*, int, int, int, int)",685,40,145480.0,0.0,229376.0,128.0,1977367.0,14065834.0,3225417.0,4912630771514377.0,4912630771594857.0
685,1,1280,256,1024,0,12,4,32,64,"batch_decode_kernels::rmsnorm(float*, float const*, unsigned short const*, int, int, float)",686,36,32432.0,0.0,350.0,20.0,70887.0,1626394.0,72874.0,4912630771806538.0,4912630771819018.0
686,1,256,256,11264,0,24,0,48,64,"batch_decode_kernels::mfma_gemm(float*, float const*, unsigned short const*, int, int, int, int)",687,40,155153.0,0.0,7168.0,4.0,275505.0,2162007.0,108055.0,4912630772008779.0,4912630772094379.0
687,1,320,64,0,0,16,0,48,64,"void moe_kernels::router_topk_wave64_kernel<64>(float*, float const*, int*, float*, int, int, int, int, int, float)",688,57,38586.0,0.0,1840.0,5.0,49531.0,2028367.0,25481.0,4912630772315660.0,4912630772331980.0
688,1,256,256,1024,0,12,4,64,64,"batch_decode_kernels::align_routes(int const*, int, int, int, int*, int*, int*)",689,42,39553.0,8.0,414.0,4.0,36980.0,659090.0,4368.0,4912630772524141.0,4912630772540941.0
689,1,349184,256,19968,0,36,4,48,64,"void batch_decode_kernels::grouped_expert_gate_up<16, 1>(float const*, char const*, unsigned long const*, unsigned long const*, int const*, int const*, float*, unsigned short*, int, int, int, int, int)",690,25,230739.0,0.0,1486848.0,5456.0,6382825.0,22748976.0,15522637.0,4912630772736622.0,4912630772871823.0
690,1,11264,256,19968,0,32,0,48,64,"batch_decode_kernels::mfma_gate_up_swiglu(float*, float const*, unsigned short const*, unsigned short const*, int, int, int)",691,18,156867.0,0.0,495616.0,176.0,2510191.0,15342096.0,4684258.0,4912630773039503.0,4912630773127344.0
691,1,507904,256,11264,0,24,0,48,64,"void batch_decode_kernels::grouped_expert_down<16, 1>(float const*, unsigned short const*, char const*, unsigned long const*, int const*, int const*, float*, int, int, int, int)",692,24,140136.0,0.0,946176.0,7936.0,3641356.0,13397322.0,10677328.0,4912630773337265.0,4912630773416945.0
692,1,1280,256,0,0,12,4,32,64,"batch_decode_kernels::reduce_routes_add(float*, float const*, float const*, int, int, int)",693,20,61950.0,0.0,0.0,20.0,228103.0,3494468.0,222855.0,4912630773633266.0,4912630773663346.0
693,1,8192,256,11264,0,24,0,48,64,"batch_decode_kernels::mfma_gemm(float*, float const*, unsigned short const*, int, int, int, int)",694,40,195042.0,0.0,315392.0,128.0,3076754.0,19220984.0,4505232.0,4912630773844627.0,4912630773954707.0
694,1,1280,256,1024,0,12,4,32,64,"batch_decode_kernels::rmsnorm(float*, float const*, unsigned short const*, int, int, float)",695,36,32409.0,0.0,350.0,20.0,70364.0,1624509.0,70002.0,4912630774151028.0,4912630774163508.0
695,1,12288,256,11264,0,24,0,48,64,"batch_decode_kernels::mfma_gemm(float*, float const*, unsigned short const*, int, int, int, int)",696,40,142676.0,0.0,344064.0,192.0,2093151.0,13826114.0,4692496.0,4912630774347189.0,4912630774426389.0
696,1,2304,256,11264,0,24,0,48,64,"batch_decode_kernels::mfma_gemm(float*, float const*, unsigned short const*, int, int, int, int)",697,40,147480.0,0.0,64512.0,36.0,865989.0,14368851.0,894082.0,4912630774623830.0,4912630774705111.0
697,1,1280,256,1024,0,24,0,32,64,"batch_decode_kernels::kv_norm_rope(unsigned short*, float const*, unsigned short const*, int, int, int, int, int, int, float const*, int, float)",698,33,28394.0,0.0,350.0,20.0,83812.0,1349403.0,33504.0,4912630774901911.0,4912630774911992.0
698,1,32768,256,11264,0,24,0,48,64,"batch_decode_kernels::mfma_head_gemm(float*, float const*, unsigned short const*, int, int, int, int, int, int, unsigned long)",699,28,31639.0,0.0,57344.0,512.0,373659.0,2292254.0,1019785.0,4912630775102072.0,4912630775114232.0
699,1,5120,256,0,0,24,0,32,64,"batch_decode_kernels::q_rope(float*, float const*, int, int, int, int, int, int, float const*, int)",700,29,23521.0,0.0,0.0,80.0,90250.0,1449646.0,85273.0,4912630775292153.0,4912630775299513.0
700,1,5120,256,0,0,16,0,32,64,"batch_decode_kernels::attention_score(float*, float const*, float const*, unsigned short const*, int, int, int, int, int, int, int, float)",701,43,26544.0,0.0,3840.0,80.0,152561.0,1764207.0,167749.0,4912630775485114.0,4912630775494074.0
701,1,20480,256,1024,0,20,4,48,64,"void attention_kernels::softmax_rows_kernel<256>(float*, int, int, int, int)",702,52,24677.0,0.0,10240.0,320.0,102614.0,1605204.0,235136.0,4912630775674715.0,4912630775682715.0
702,1,2621440,256,0,0,16,0,32,64,"batch_decode_kernels::latent_context(float*, float const*, unsigned short const*, int, int, int, int, int, int)",703,26,64070.0,0.0,983040.0,40960.0,517657.0,5692053.0,4204547.0,4912630775867836.0,4912630775900956.0
703,1,8192,256,11264,0,24,0,48,64,"batch_decode_kernels::mfma_head_gemm(float*, float const*, unsigned short const*, int, int, int, int, int, int, unsigned long)",704,28,53927.0,0.0,57344.0,128.0,741291.0,4604889.0,848920.0,4912630776063997.0,4912630776089437.0
704,1,8192,256,11264,0,24,0,48,64,"batch_decode_kernels::mfma_gemm(float*, float const*, unsigned short const*, int, int, int, int)",705,40,144048.0,0.0,229376.0,128.0,1962659.0,13937407.0,3137873.0,4912630776254397.0,4912630776333918.0
705,1,1280,256,1024,0,12,4,32,64,"batch_decode_kernels::rmsnorm(float*, float const*, unsigned short const*, int, int, float)",706,36,31389.0,0.0,350.0,20.0,77876.0,1569883.0,68607.0,4912630776524959.0,4912630776537119.0
706,1,256,256,11264,0,24,0,48,64,"batch_decode_kernels::mfma_gemm(float*, float const*, unsigned short const*, int, int, int, int)",707,40,157172.0,0.0,7168.0,4.0,274018.0,2187695.0,109098.0,4912630776728799.0,4912630776815520.0
707,1,320,64,0,0,16,0,48,64,"void moe_kernels::router_topk_wave64_kernel<64>(float*, float const*, int*, float*, int, int, int, int, int, float)",708,57,37461.0,0.0,1840.0,5.0,48702.0,1954657.0,25020.0,4912630777000001.0,4912630777015681.0
708,1,256,256,1024,0,12,4,64,64,"batch_decode_kernels::align_routes(int const*, int, int, int, int*, int*, int*)",709,42,39914.0,18.0,424.0,4.0,38077.0,663978.0,4212.0,4912630777197921.0,4912630777214882.0
709,1,349184,256,19968,0,36,4,48,64,"void batch_decode_kernels::grouped_expert_gate_up<16, 1>(float const*, char const*, unsigned long const*, unsigned long const*, int const*, int const*, float*, unsigned short*, int, int, int, int, int)",710,25,231302.0,0.0,1486848.0,5456.0,6398971.0,22835140.0,15693120.0,4912630777385762.0,4912630777521283.0
710,1,11264,256,19968,0,32,0,48,64,"batch_decode_kernels::mfma_gate_up_swiglu(float*, float const*, unsigned short const*, unsigned short const*, int, int, int)",711,18,155903.0,0.0,495616.0,176.0,2539460.0,15252591.0,4584557.0,4912630777739524.0,4912630777826884.0
711,1,507904,256,11264,0,24,0,48,64,"void batch_decode_kernels::grouped_expert_down<16, 1>(float const*, unsigned short const*, char const*, unsigned long const*, int const*, int const*, float*, int, int, int, int)",712,24,139140.0,0.0,946176.0,7936.0,3659243.0,13300342.0,10553938.0,4912630778008165.0,4912630778087205.0
712,1,1280,256,0,0,12,4,32,64,"batch_decode_kernels::reduce_routes_add(float*, float const*, float const*, int, int, int)",713,20,62965.0,0.0,0.0,20.0,239469.0,3524576.0,224880.0,4912630778283046.0,4912630778313926.0
713,1,8192,256,11264,0,24,0,48,64,"batch_decode_kernels::mfma_gemm(float*, float const*, unsigned short const*, int, int, int, int)",714,40,195822.0,0.0,315392.0,128.0,3155140.0,19319277.0,4484697.0,4912630778466407.0,4912630778577128.0
714,1,1280,256,1024,0,12,4,32,64,"batch_decode_kernels::rmsnorm(float*, float const*, unsigned short const*, int, int, float)",715,36,34502.0,0.0,350.0,20.0,73680.0,1753573.0,79203.0,4912630778732328.0,4912630778746248.0
715,1,12288,256,11264,0,24,0,48,64,"batch_decode_kernels::mfma_gemm(float*, float const*, unsigned short const*, int, int, int, int)",716,40,143309.0,0.0,344064.0,192.0,2142931.0,13896860.0,4725932.0,4912630778917449.0,4912630778996809.0
716,1,2304,256,11264,0,24,0,48,64,"batch_decode_kernels::mfma_gemm(float*, float const*, unsigned short const*, int, int, int, int)",717,40,143492.0,0.0,64512.0,36.0,850461.0,13948184.0,892380.0,4912630779186250.0,4912630779264971.0
717,1,1280,256,1024,0,24,0,32,64,"batch_decode_kernels::kv_norm_rope(unsigned short*, float const*, unsigned short const*, int, int, int, int, int, int, float const*, int, float)",718,33,27870.0,0.0,350.0,20.0,86866.0,1326887.0,35317.0,4912630779451851.0,4912630779461611.0
718,1,32768,256,11264,0,24,0,48,64,"batch_decode_kernels::mfma_head_gemm(float*, float const*, unsigned short const*, int, int, int, int, int, int, unsigned long)",719,28,33709.0,0.0,57344.0,512.0,410405.0,2486006.0,1132046.0,4912630779635212.0,4912630779648652.0
719,1,5120,256,0,0,24,0,32,64,"batch_decode_kernels::q_rope(float*, float const*, int, int, int, int, int, int, float const*, int)",720,29,23615.0,0.0,0.0,80.0,92230.0,1451999.0,86382.0,4912630779816493.0,4912630779823853.0
720,1,5120,256,0,0,16,0,32,64,"batch_decode_kernels::attention_score(float*, float const*, float const*, unsigned short const*, int, int, int, int, int, int, int, float)",721,43,27729.0,0.0,3840.0,80.0,173265.0,1882377.0,187714.0,4912630780000014.0,4912630780009774.0
721,1,20480,256,1024,0,20,4,48,64,"void attention_kernels::softmax_rows_kernel<256>(float*, int, int, int, int)",722,52,25496.0,0.0,10240.0,320.0,107549.0,1691485.0,243882.0,4912630780187695.0,4912630780196175.0
722,1,2621440,256,0,0,16,0,32,64,"batch_decode_kernels::latent_context(float*, float const*, unsigned short const*, int, int, int, int, int, int)",723,26,64422.0,0.0,983040.0,40960.0,536113.0,5713191.0,4238208.0,4912630780368655.0,4912630780402095.0
723,1,8192,256,11264,0,24,0,48,64,"batch_decode_kernels::mfma_head_gemm(float*, float const*, unsigned short const*, int, int, int, int, int, int, unsigned long)",724,28,54945.0,0.0,57344.0,128.0,728857.0,4752166.0,897371.0,4912630780628336.0,4912630780654417.0
724,1,8192,256,11264,0,24,0,48,64,"batch_decode_kernels::mfma_gemm(float*, float const*, unsigned short const*, int, int, int, int)",725,40,143756.0,0.0,229376.0,128.0,1943880.0,13929659.0,3176290.0,4912630780807217.0,4912630780886578.0
725,1,1280,256,1024,0,12,4,32,64,"batch_decode_kernels::rmsnorm(float*, float const*, unsigned short const*, int, int, float)",726,36,33116.0,0.0,350.0,20.0,75058.0,1673610.0,75777.0,4912630781070738.0,4912630781083698.0
726,1,256,256,11264,0,24,0,48,64,"batch_decode_kernels::mfma_gemm(float*, float const*, unsigned short const*, int, int, int, int)",727,40,158578.0,0.0,7168.0,4.0,276324.0,2204101.0,112679.0,4912630781251859.0,4912630781339380.0
727,1,320,64,0,0,16,0,48,64,"void moe_kernels::router_topk_wave64_kernel<64>(float*, float const*, int*, float*, int, int, int, int, int, float)",728,57,38232.0,0.0,1840.0,5.0,52100.0,1995477.0,26526.0,4912630781509940.0,4912630781525940.0
728,1,256,256,1024,0,12,4,64,64,"batch_decode_kernels::align_routes(int const*, int, int, int, int*, int*, int*)",729,42,39901.0,18.0,424.0,4.0,37858.0,661833.0,4463.0,4912630781688341.0,4912630781705141.0
729,1,349184,256,19968,0,36,4,48,64,"void batch_decode_kernels::grouped_expert_gate_up<16, 1>(float const*, char const*, unsigned long const*, unsigned long const*, int const*, int const*, float*, unsigned short*, int, int, int, int, int)",730,25,234117.0,0.0,1486848.0,5456.0,6432910.0,22931808.0,15255390.0,4912630781866262.0,4912630782003542.0
730,1,11264,256,19968,0,32,0,48,64,"batch_decode_kernels::mfma_gate_up_swiglu(float*, float const*, unsigned short const*, unsigned short const*, int, int, int)",731,18,158737.0,0.0,495616.0,176.0,2645555.0,15515295.0,4631714.0,4912630782205943.0,4912630782294744.0
731,1,507904,256,11264,0,24,0,48,64,"void batch_decode_kernels::grouped_expert_down<16, 1>(float const*, unsigned short const*, char const*, unsigned long const*, int const*, int const*, float*, int, int, int, int)",732,24,140267.0,0.0,946176.0,7936.0,3669561.0,13490597.0,10688205.0,4912630782458744.0,4912630782538585.0
732,1,1280,256,0,0,12,4,32,64,"batch_decode_kernels::reduce_routes_add(float*, float const*, float const*, int, int, int)",733,20,62527.0,0.0,0.0,20.0,218846.0,3530777.0,225365.0,4912630782711706.0,4912630782742266.0
733,1,8192,256,11264,0,24,0,48,64,"batch_decode_kernels::mfma_gemm(float*, float const*, unsigned short const*, int, int, int, int)",734,40,192412.0,0.0,315392.0,128.0,3149083.0,18963155.0,4400264.0,4912630782962747.0,4912630783071387.0
734,1,1280,256,1024,0,12,4,32,64,"batch_decode_kernels::rmsnorm(float*, float const*, unsigned short const*, int, int, float)",735,36,33266.0,0.0,350.0,20.0,73719.0,1637951.0,73405.0,4912630783219708.0,4912630783232348.0
735,1,12288,256,11264,0,24,0,48,64,"batch_decode_kernels::mfma_gemm(float*, float const*, unsigned short const*, int, int, int, int)",736,40,142069.0,0.0,344064.0,192.0,2120925.0,13799386.0,4688230.0,4912630783395229.0,4912630783473949.0
736,1,2304,256,11264,0,24,0,48,64,"batch_decode_kernels::mfma_gemm(float*, float const*, unsigned short const*, int, int, int, int)",737,40,141902.0,0.0,64512.0,36.0,874576.0,13787738.0,865949.0,4912630783645150.0,4912630783722910.0
737,1,1280,256,1024,0,24,0,32,64,"batch_decode_kernels::kv_norm_rope(unsigned short*, float const*, unsigned short const*, int, int, int, int, int, int, float const*, int, float)",738,33,28635.0,0.0,350.0,20.0,90071.0,1360206.0,32836.0,4912630783892031.0,4912630783902271.0
738,1,32768,256,11264,0,24,0,48,64,"batch_decode_kernels::mfma_head_gemm(float*, float const*, unsigned short const*, int, int, int, int, int, int, unsigned long)",739,28,33209.0,0.0,57344.0,512.0,409859.0,2407954.0,1127312.0,4912630784073152.0,4912630784086112.0
739,1,5120,256,0,0,24,0,32,64,"batch_decode_kernels::q_rope(float*, float const*, int, int, int, int, int, int, float const*, int)",740,29,22831.0,0.0,0.0,80.0,89364.0,1348610.0,82977.0,4912630784246912.0,4912630784253792.0
740,1,5120,256,0,0,16,0,32,64,"batch_decode_kernels::attention_score(float*, float const*, float const*, unsigned short const*, int, int, int, int, int, int, int, float)",741,43,28338.0,0.0,3840.0,80.0,175799.0,1849760.0,185291.0,4912630784419393.0,4912630784428993.0
741,1,20480,256,1024,0,20,4,48,64,"void attention_kernels::softmax_rows_kernel<256>(float*, int, int, int, int)",742,52,24755.0,0.0,10240.0,320.0,100874.0,1630281.0,236034.0,4912630784592354.0,4912630784600514.0
742,1,2621440,256,0,0,16,0,32,64,"batch_decode_kernels::latent_context(float*, float const*, unsigned short const*, int, int, int, int, int, int)",743,26,64137.0,0.0,983040.0,40960.0,541786.0,5681159.0,4185493.0,4912630784763875.0,4912630784796995.0
743,1,8192,256,11264,0,24,0,48,64,"batch_decode_kernels::mfma_head_gemm(float*, float const*, unsigned short const*, int, int, int, int, int, int, unsigned long)",744,28,54608.0,0.0,57344.0,128.0,822738.0,4690143.0,886431.0,4912630785005956.0,4912630785031876.0
744,1,8192,256,11264,0,24,0,48,64,"batch_decode_kernels::mfma_gemm(float*, float const*, unsigned short const*, int, int, int, int)",745,40,145824.0,0.0,229376.0,128.0,1984525.0,14121773.0,3242988.0,4912630785182276.0,4912630785262917.0
745,1,1280,256,1024,0,12,4,32,64,"batch_decode_kernels::rmsnorm(float*, float const*, unsigned short const*, int, int, float)",746,36,32422.0,0.0,350.0,20.0,74887.0,1622429.0,71963.0,4912630785427557.0,4912630785440038.0
746,1,256,256,11264,0,24,0,48,64,"batch_decode_kernels::mfma_gemm(float*, float const*, unsigned short const*, int, int, int, int)",747,40,151841.0,0.0,7168.0,4.0,274408.0,2120485.0,105911.0,4912630785596198.0,4912630785679719.0
747,1,320,64,0,0,16,0,48,64,"void moe_kernels::router_topk_wave64_kernel<64>(float*, float const*, int*, float*, int, int, int, int, int, float)",748,57,38210.0,0.0,1840.0,5.0,49809.0,1978915.0,26310.0,4912630785838919.0,4912630785855079.0
748,1,256,256,1024,0,12,4,64,64,"batch_decode_kernels::align_routes(int const*, int, int, int, int*, int*, int*)",749,42,39804.0,8.0,414.0,4.0,37750.0,661937.0,4208.0,4912630786007400.0,4912630786024360.0
749,1,349184,256,19968,0,36,4,48,64,"void batch_decode_kernels::grouped_expert_gate_up<16, 1>(float const*, char const*, unsigned long const*, unsigned long const*, int const*, int const*, float*, unsigned short*, int, int, int, int, int)",750,25,234475.0,0.0,1486848.0,5456.0,6488298.0,23130760.0,15626642.0,4912630786182441.0,4912630786319881.0
750,1,11264,256,19968,0,32,0,48,64,"batch_decode_kernels::mfma_gate_up_swiglu(float*, float const*, unsigned short const*, unsigned short const*, int, int, int)",751,18,159608.0,0.0,495616.0,176.0,2689025.0,15623416.0,4611770.0,4912630786492042.0,4912630786581482.0
751,1,507904,256,11264,0,24,0,48,64,"void batch_decode_kernels::grouped_expert_down<16, 1>(float const*, unsigned short const*, char const*, unsigned long const*, int const*, int const*, float*, int, int, int, int)",752,24,140351.0,0.0,946176.0,7936.0,3693693.0,13463674.0,10655170.0,4912630786733643.0,4912630786813484.0
752,1,1280,256,0,0,12,4,32,64,"batch_decode_kernels::reduce_routes_add(float*, float const*, float const*, int, int, int)",753,20,61400.0,0.0,0.0,20.0,217226.0,3442468.0,218758.0,4912630786969324.0,4912630786999244.0
753,1,8192,256,11264,0,24,0,48,64,"batch_decode_kernels::mfma_gemm(float*, float const*, unsigned short const*, int, int, int, int)",754,40,195090.0,0.0,315392.0,128.0,3219423.0,19264404.0,4472989.0,4912630787215085.0,4912630787325326.0
754,1,1280,256,1024,0,12,4,32,64,"batch_decode_kernels::rmsnorm(float*, float const*, unsigned short const*, int, int, float)",755,36,32802.0,0.0,350.0,20.0,73755.0,1648923.0,74276.0,4912630787522927.0,4912630787535727.0
755,1,12288,256,11264,0,24,0,48,64,"batch_decode_kernels::mfma_gemm(float*, float const*, unsigned short const*, int, int, int, int)",756,40,142524.0,0.0,344064.0,192.0,2109106.0,13842910.0,4737340.0,4912630787686767.0,4912630787765648.0
756,1,2304,256,11264,0,24,0,48,64,"batch_decode_kernels::mfma_gemm(float*, float const*, unsigned short const*, int, int, int, int)",757,40,145110.0,0.0,64512.0,36.0,860126.0,14105094.0,898944.0,4912630787923088.0,4912630788002769.0
757,1,1280,256,1024,0,24,0,32,64,"batch_decode_kernels::kv_norm_rope(unsigned short*, float const*, unsigned short const*, int, int, int, int, int, int, float const*, int, float)",758,33,27691.0,0.0,350.0,20.0,91666.0,1300744.0,33420.0,4912630788164849.0,4912630788174609.0
758,1,32768,256,11264,0,24,0,48,64,"batch_decode_kernels::mfma_head_gemm(float*, float const*, unsigned short const*, int, int, int, int, int, int, unsigned long)",759,28,32026.0,0.0,57344.0,512.0,389007.0,2326119.0,1068329.0,4912630788328850.0,4912630788341170.0
759,1,5120,256,0,0,24,0,32,64,"batch_decode_kernels::q_rope(float*, float const*, int, int, int, int, int, int, float const*, int)",760,29,23449.0,0.0,0.0,80.0,91055.0,1407162.0,86214.0,4912630788493651.0,4912630788500691.0
760,1,5120,256,0,0,16,0,32,64,"batch_decode_kernels::attention_score(float*, float const*, float const*, unsigned short const*, int, int, int, int, int, int, int, float)",761,43,28462.0,0.0,3840.0,80.0,161450.0,1891009.0,181807.0,4912630788655412.0,4912630788665172.0
761,1,20480,256,1024,0,20,4,48,64,"void attention_kernels::softmax_rows_kernel<256>(float*, int, int, int, int)",762,52,25265.0,0.0,10240.0,320.0,102406.0,1623313.0,230742.0,4912630788817332.0,4912630788825492.0
762,1,2621440,256,0,0,16,0,32,64,"batch_decode_kernels::latent_context(float*, float const*, unsigned short const*, int, int, int, int, int, int)",763,26,64149.0,0.0,983040.0,40960.0,536610.0,5680717.0,4225580.0,4912630788979253.0,4912630789012373.0
763,1,8192,256,11264,0,24,0,48,64,"batch_decode_kernels::mfma_head_gemm(float*, float const*, unsigned short const*, int, int, int, int, int, int, unsigned long)",764,28,54054.0,0.0,57344.0,128.0,703903.0,4651455.0,859722.0,4912630789215414.0,4912630789240854.0
764,1,8192,256,11264,0,24,0,48,64,"batch_decode_kernels::mfma_gemm(float*, float const*, unsigned short const*, int, int, int, int)",765,40,145749.0,0.0,229376.0,128.0,1960350.0,14107811.0,3223125.0,4912630789445495.0,4912630789525975.0
765,1,1280,256,1024,0,12,4,32,64,"batch_decode_kernels::rmsnorm(float*, float const*, unsigned short const*, int, int, float)",766,36,32845.0,0.0,350.0,20.0,73902.0,1653980.0,73826.0,4912630789675256.0,4912630789688056.0
766,1,256,256,11264,0,24,0,48,64,"batch_decode_kernels::mfma_gemm(float*, float const*, unsigned short const*, int, int, int, int)",767,40,156634.0,0.0,7168.0,4.0,273082.0,2182924.0,108767.0,4912630789836537.0,4912630789923097.0
767,1,320,64,0,0,16,0,48,64,"void moe_kernels::router_topk_wave64_kernel<64>(float*, float const*, int*, float*, int, int, int, int, int, float)",768,57,38674.0,0.0,1840.0,5.0,51935.0,2020840.0,25597.0,4912630790139738.0,4912630790156058.0
768,1,256,256,1024,0,12,4,64,64,"batch_decode_kernels::align_routes(int const*, int, int, int, int*, int*, int*)",769,42,39231.0,8.0,414.0,4.0,37478.0,654735.0,4388.0,4912630790367579.0,4912630790384219.0
769,1,349184,256,19968,0,36,4,48,64,"void batch_decode_kernels::grouped_expert_gate_up<16, 1>(float const*, char const*, unsigned long const*, unsigned long const*, int const*, int const*, float*, unsigned short*, int, int, int, int, int)",770,25,234197.0,0.0,1486848.0,5456.0,6400746.0,22846840.0,15378644.0,4912630790595420.0,4912630790732541.0
770,1,11264,256,19968,0,32,0,48,64,"batch_decode_kernels::mfma_gate_up_swiglu(float*, float const*, unsigned short const*, unsigned short const*, int, int, int)",771,18,157573.0,0.0,495616.0,176.0,2559206.0,15405341.0,4630989.0,4912630790888061.0,4912630790976062.0
771,1,507904,256,11264,0,24,0,48,64,"void batch_decode_kernels::grouped_expert_down<16, 1>(float const*, unsigned short const*, char const*, unsigned long const*, int const*, int const*, float*, int, int, int, int)",772,24,139552.0,0.0,946176.0,7936.0,3649845.0,13375105.0,10644608.0,4912630791183423.0,4912630791262783.0
772,1,1280,256,0,0,12,4,32,64,"batch_decode_kernels::reduce_routes_add(float*, float const*, float const*, int, int, int)",773,20,61709.0,0.0,0.0,20.0,237236.0,3434330.0,217930.0,4912630791473344.0,4912630791503104.0
773,1,8192,256,11264,0,24,0,48,64,"batch_decode_kernels::mfma_gemm(float*, float const*, unsigned short const*, int, int, int, int)",774,40,192990.0,0.0,315392.0,128.0,3148532.0,19032861.0,4415539.0,4912630791696385.0,4912630791805185.0
774,1,1280,256,1024,0,12,4,32,64,"batch_decode_kernels::rmsnorm(float*, float const*, unsigned short const*, int, int, float)",775,36,34097.0,0.0,350.0,20.0,75619.0,1723309.0,80238.0,4912630791985186.0,4912630791998626.0
775,1,12288,256,11264,0,24,0,48,64,"batch_decode_kernels::mfma_gemm(float*, float const*, unsigned short const*, int, int, int, int)",776,40,142192.0,0.0,344064.0,192.0,2059921.0,13792509.0,4752861.0,4912630792146467.0,4912630792225187.0
776,1,2304,256,11264,0,24,0,48,64,"batch_decode_kernels::mfma_gemm(float*, float const*, unsigned short const*, int, int, int, int)",777,40,145495.0,0.0,64512.0,36.0,856040.0,14148774.0,899155.0,4912630792432708.0,4912630792512548.0
777,1,1280,256,1024,0,24,0,32,64,"batch_decode_kernels::kv_norm_rope(unsigned short*, float const*, unsigned short const*, int, int, int, int, int, int, float const*, int, float)",778,33,28676.0,0.0,350.0,20.0,89771.0,1366745.0,33720.0,4912630792719749.0,4912630792729989.0
778,1,32768,256,11264,0,24,0,48,64,"batch_decode_kernels::mfma_head_gemm(float*, float const*, unsigned short const*, int, int, int, int, int, int, unsigned long)",779,28,33602.0,0.0,57344.0,512.0,396484.0,2508093.0,1091986.0,4912630792938150.0,4912630792951590.0
779,1,5120,256,0,0,24,0,32,64,"batch_decode_kernels::q_rope(float*, float const*, int, int, int, int, int, int, float const*, int)",780,29,23390.0,0.0,0.0,80.0,88496.0,1414936.0,88565.0,4912630793162631.0,4912630793169831.0
780,1,5120,256,0,0,16,0,32,64,"batch_decode_kernels::attention_score(float*, float const*, float const*, unsigned short const*, int, int, int, int, int, int, int, float)",781,43,27661.0,0.0,3840.0,80.0,160870.0,1818729.0,174994.0,4912630793380232.0,4912630793389992.0
781,1,20480,256,1024,0,20,4,48,64,"void attention_kernels::softmax_rows_kernel<256>(float*, int, int, int, int)",782,52,26174.0,0.0,10240.0,320.0,115671.0,1691498.0,264801.0,4912630793599433.0,4912630793608073.0
782,1,2621440,256,0,0,16,0,32,64,"batch_decode_kernels::latent_context(float*, float const*, unsigned short const*, int, int, int, int, int, int)",783,26,63567.0,0.0,983040.0,40960.0,529608.0,5638519.0,4195750.0,4912630793813514.0,4912630793846474.0
783,1,8192,256,11264,0,24,0,48,64,"batch_decode_kernels::mfma_head_gemm(float*, float const*, unsigned short const*, int, int, int, int, int, int, unsigned long)",784,28,54166.0,0.0,57344.0,128.0,758521.0,4595477.0,853459.0,4912630794035915.0,4912630794061515.0
784,1,8192,256,11264,0,24,0,48,64,"batch_decode_kernels::mfma_gemm(float*, float const*, unsigned short const*, int, int, int, int)",785,40,146272.0,0.0,229376.0,128.0,1963030.0,14164270.0,3245434.0,4912630794256076.0,4912630794336876.0
785,1,1280,256,1024,0,12,4,32,64,"batch_decode_kernels::rmsnorm(float*, float const*, unsigned short const*, int, int, float)",786,36,33182.0,0.0,350.0,20.0,78790.0,1679733.0,76713.0,4912630794531597.0,4912630794544717.0
786,1,256,256,11264,0,24,0,48,64,"batch_decode_kernels::mfma_gemm(float*, float const*, unsigned short const*, int, int, int, int)",787,40,155058.0,0.0,7168.0,4.0,268507.0,2158523.0,106127.0,4912630794744398.0,4912630794829679.0
787,1,320,64,0,0,16,0,48,64,"void moe_kernels::router_topk_wave64_kernel<64>(float*, float const*, int*, float*, int, int, int, int, int, float)",788,57,38720.0,0.0,1840.0,5.0,50630.0,2024727.0,24971.0,4912630795027279.0,4912630795043599.0
788,1,256,256,1024,0,12,4,64,64,"batch_decode_kernels::align_routes(int const*, int, int, int, int*, int*, int*)",789,42,39666.0,8.0,414.0,4.0,36741.0,658661.0,4197.0,4912630795236560.0,4912630795253360.0
789,1,349184,256,19968,0,36,4,48,64,"void batch_decode_kernels::grouped_expert_gate_up<16, 1>(float const*, char const*, unsigned long const*, unsigned long const*, int const*, int const*, float*, unsigned short*, int, int, int, int, int)",790,25,229252.0,0.0,1486848.0,5456.0,6359631.0,22573099.0,15425944.0,4912630795446321.0,4912630795580722.0
790,1,11264,256,19968,0,32,0,48,64,"batch_decode_kernels::mfma_gate_up_swiglu(float*, float const*, unsigned short const*, unsigned short const*, int, int, int)",791,18,157212.0,0.0,495616.0,176.0,2519115.0,15363910.0,4647339.0,4912630795783763.0,4912630795871763.0
791,1,507904,256,11264,0,24,0,48,64,"void batch_decode_kernels::grouped_expert_down<16, 1>(float const*, unsigned short const*, char const*, unsigned long const*, int const*, int const*, float*, int, int, int, int)",792,24,139115.0,0.0,946176.0,7936.0,3630876.0,13419188.0,10742839.0,4912630796058964.0,4912630796138164.0
792,1,1280,256,0,0,12,4,32,64,"batch_decode_kernels::reduce_routes_add(float*, float const*, float const*, int, int, int)",793,20,60794.0,0.0,0.0,20.0,227652.0,3397917.0,214949.0,4912630796331925.0,4912630796361365.0
793,1,8192,256,11264,0,24,0,48,64,"batch_decode_kernels::mfma_gemm(float*, float const*, unsigned short const*, int, int, int, int)",794,40,193348.0,0.0,315392.0,128.0,3135586.0,19117387.0,4503183.0,4912630796537526.0,4912630796646646.0
794,1,1280,256,1024,0,12,4,32,64,"batch_decode_kernels::rmsnorm(float*, float const*, unsigned short const*, int, int, float)",795,36,31677.0,0.0,350.0,20.0,74147.0,1574303.0,68997.0,4912630796805047.0,4912630796817207.0
795,1,12288,256,11264,0,24,0,48,64,"batch_decode_kernels::mfma_gemm(float*, float const*, unsigned short const*, int, int, int, int)",796,40,142869.0,0.0,344064.0,192.0,2085826.0,13907962.0,4757820.0,4912630797012408.0,4912630797091768.0
796,1,2304,256,11264,0,24,0,48,64,"batch_decode_kernels::mfma_gemm(float*, float const*, unsigned short const*, int, int, int, int)",797,40,145466.0,0.0,64512.0,36.0,857283.0,14142209.0,896873.0,4912630797284569.0,4912630797364570.0
797,1,1280,256,1024,0,24,0,32,64,"batch_decode_kernels::kv_norm_rope(unsigned short*, float const*, unsigned short const*, int, int, int, int, int, int, float const*, int, float)",798,33,28523.0,0.0,350.0,20.0,89024.0,1352809.0,36263.0,4912630797550330.0,4912630797560570.0
798,1,32768,256,11264,0,24,0,48,64,"batch_decode_kernels::mfma_head_gemm(float*, float const*, unsigned short const*, int, int, int, int, int, int, unsigned long)",799,28,31881.0,0.0,57344.0,512.0,393923.0,2335557.0,1084709.0,4912630797755131.0,4912630797767611.0
799,1,5120,256,0,0,24,0,32,64,"batch_decode_kernels::q_rope(float*, float const*, int, int, int, int, int, int, float const*, int)",800,29,22685.0,0.0,0.0,80.0,87828.0,1387272.0,87502.0,4912630797958012.0,4912630797964892.0
800,1,5120,256,0,0,16,0,32,64,"batch_decode_kernels::attention_score(float*, float const*, float const*, unsigned short const*, int, int, int, int, int, int, int, float)",801,43,28556.0,0.0,3840.0,80.0,170874.0,1911952.0,193505.0,4912630798168573.0,4912630798178813.0
801,1,20480,256,1024,0,20,4,48,64,"void attention_kernels::softmax_rows_kernel<256>(float*, int, int, int, int)",802,52,24666.0,0.0,10240.0,320.0,103077.0,1604775.0,238049.0,4912630798374174.0,4912630798382174.0
802,1,2621440,256,0,0,16,0,32,64,"batch_decode_kernels::latent_context(float*, float const*, unsigned short const*, int, int, int, int, int, int)",803,26,64358.0,0.0,983040.0,40960.0,537063.0,5722720.0,4197980.0,4912630798575615.0,4912630798609055.0
803,1,8192,256,11264,0,24,0,48,64,"batch_decode_kernels::mfma_head_gemm(float*, float const*, unsigned short const*, int, int, int, int, int, int, unsigned long)",804,28,52892.0,0.0,57344.0,128.0,647094.0,4552369.0,850499.0,4912630798837376.0,4912630798862336.0
804,1,8192,256,11264,0,24,0,48,64,"batch_decode_kernels::mfma_gemm(float*, float const*, unsigned short const*, int, int, int, int)",805,40,145512.0,0.0,229376.0,128.0,1966152.0,14107863.0,3242669.0,4912630799041697.0,4912630799122177.0
805,1,1280,256,1024,0,12,4,32,64,"batch_decode_kernels::rmsnorm(float*, float const*, unsigned short const*, int, int, float)",806,36,32072.0,0.0,350.0,20.0,77706.0,1602955.0,70747.0,4912630799301538.0,4912630799313858.0
806,1,256,256,11264,0,24,0,48,64,"batch_decode_kernels::mfma_gemm(float*, float const*, unsigned short const*, int, int, int, int)",807,40,158569.0,0.0,7168.0,4.0,273312.0,2205336.0,110861.0,4912630799500099.0,4912630799587619.0
807,1,320,64,0,0,16,0,48,64,"void moe_kernels::router_topk_wave64_kernel<64>(float*, float const*, int*, float*, int, int, int, int, int, float)",808,57,36690.0,0.0,1840.0,5.0,49172.0,1888487.0,26209.0,4912630799757060.0,4912630799772260.0
808,1,256,256,1024,0,12,4,64,64,"batch_decode_kernels::align_routes(int const*, int, int, int, int*, int*, int*)",809,42,39321.0,18.0,424.0,4.0,36685.0,654592.0,4384.0,4912630799955301.0,4912630799971941.0
809,1,349184,256,19968,0,36,4,48,64,"void batch_decode_kernels::grouped_expert_gate_up<16, 1>(float const*, char const*, unsigned long const*, unsigned long const*, int const*, int const*, float*, unsigned short*, int, int, int, int, int)",810,25,231642.0,0.0,1486848.0,5456.0,6319668.0,22688721.0,15418046.0,4912630800157382.0,4912630800293062.0
810,1,11264,256,19968,0,32,0,48,64,"batch_decode_kernels::mfma_gate_up_swiglu(float*, float const*, unsigned short const*, unsigned short const*, int, int, int)",811,18,155232.0,0.0,495616.0,176.0,2507155.0,15173057.0,4575392.0,4912630800468903.0,4912630800555624.0
811,1,507904,256,11264,0,24,0,48,64,"void batch_decode_kernels::grouped_expert_down<16, 1>(float const*, unsigned short const*, char const*, unsigned long const*, int const*, int const*, float*, int, int, int, int)",812,24,141511.0,0.0,946176.0,7936.0,3666703.0,13434840.0,10699932.0,4912630800721384.0,4912630800801865.0
812,1,1280,256,0,0,12,4,32,64,"batch_decode_kernels::reduce_routes_add(float*, float const*, float const*, int, int, int)",813,20,61668.0,0.0,0.0,20.0,228798.0,3460317.0,219721.0,4912630800973065.0,4912630801003145.0
813,1,8192,256,11264,0,24,0,48,64,"batch_decode_kernels::mfma_gemm(float*, float const*, unsigned short const*, int, int, int, int)",814,40,194727.0,0.0,315392.0,128.0,3117120.0,19246984.0,4521197.0,4912630801233707.0,4912630801343787.0
814,1,1280,256,1024,0,12,4,32,64,"batch_decode_kernels::rmsnorm(float*, float const*, unsigned short const*, int, int, float)",815,36,31969.0,0.0,350.0,20.0,72848.0,1594128.0,69885.0,4912630801541388.0,4912630801553548.0
815,1,12288,256,11264,0,24,0,48,64,"batch_decode_kernels::mfma_gemm(float*, float const*, unsigned short const*, int, int, int, int)",816,40,141869.0,0.0,344064.0,192.0,2085849.0,13737766.0,4670589.0,4912630801735309.0,4912630801813709.0
816,1,2304,256,11264,0,24,0,48,64,"batch_decode_kernels::mfma_gemm(float*, float const*, unsigned short const*, int, int, int, int)",817,40,145841.0,0.0,64512.0,36.0,857806.0,14180598.0,897154.0,4912630801984910.0,4912630802065070.0
817,1,1280,256,1024,0,24,0,32,64,"batch_decode_kernels::kv_norm_rope(unsigned short*, float const*, unsigned short const*, int, int, int, int, int, int, float const*, int, float)",818,33,28808.0,0.0,350.0,20.0,87628.0,1384555.0,35591.0,4912630802239631.0,4912630802250031.0
818,1,32768,256,11264,0,24,0,48,64,"batch_decode_kernels::mfma_head_gemm(float*, float const*, unsigned short const*, int, int, int, int, int, int, unsigned long)",819,28,31995.0,0.0,57344.0,512.0,392572.0,2318202.0,1107676.0,4912630802427952.0,4912630802440432.0
819,1,5120,256,0,0,24,0,32,64,"batch_decode_kernels::q_rope(float*, float const*, int, int, int, int, int, int, float const*, int)",820,29,24005.0,0.0,0.0,80.0,98776.0,1480443.0,98297.0,4912630802620593.0,4912630802628113.0
820,1,5120,256,0,0,16,0,32,64,"batch_decode_kernels::attention_score(float*, float const*, float const*, unsigned short const*, int, int, int, int, int, int, int, float)",821,43,27020.0,0.0,3840.0,80.0,158551.0,1815388.0,172518.0,4912630802809073.0,4912630802818513.0
821,1,20480,256,1024,0,20,4,48,64,"void attention_kernels::softmax_rows_kernel<256>(float*, int, int, int, int)",822,52,24570.0,0.0,10240.0,320.0,102745.0,1586679.0,236188.0,4912630802998994.0,4912630803006994.0
822,1,2621440,256,0,0,16,0,32,64,"batch_decode_kernels::latent_context(float*, float const*, unsigned short const*, int, int, int, int, int, int)",823,26,64363.0,0.0,983040.0,40960.0,549686.0,5724410.0,4189785.0,4912630803193715.0,4912630803227155.0
823,1,8192,256,11264,0,24,0,48,64,"batch_decode_kernels::mfma_head_gemm(float*, float const*, unsigned short const*, int, int, int, int, int, int, unsigned long)",824,28,55465.0,0.0,57344.0,128.0,763924.0,4718132.0,874996.0,4912630803380276.0,4912630803406676.0
824,1,8192,256,11264,0,24,0,48,64,"batch_decode_kernels::mfma_gemm(float*, float const*, unsigned short const*, int, int, int, int)",825,40,147076.0,0.0,229376.0,128.0,1974482.0,14278579.0,3268424.0,4912630803621557.0,4912630803702997.0
825,1,1280,256,1024,0,12,4,32,64,"batch_decode_kernels::rmsnorm(float*, float const*, unsigned short const*, int, int, float)",826,36,33775.0,0.0,350.0,20.0,75131.0,1695476.0,77849.0,4912630803861078.0,4912630803874358.0
826,1,256,256,11264,0,24,0,48,64,"batch_decode_kernels::mfma_gemm(float*, float const*, unsigned short const*, int, int, int, int)",827,40,156478.0,0.0,7168.0,4.0,272400.0,2177693.0,108886.0,4912630804058679.0,4912630804144919.0
827,1,320,64,0,0,16,0,48,64,"void moe_kernels::router_topk_wave64_kernel<64>(float*, float const*, int*, float*, int, int, int, int, int, float)",828,57,38595.0,0.0,1840.0,5.0,50242.0,1974235.0,25321.0,4912630804298680.0,4912630804314520.0
828,1,256,256,1024,0,12,4,64,64,"batch_decode_kernels::align_routes(int const*, int, int, int, int*, int*, int*)",829,42,39767.0,18.0,424.0,4.0,37895.0,654748.0,4244.0,4912630804482041.0,4912630804498681.0
829,1,349184,256,19968,0,36,4,48,64,"void batch_decode_kernels::grouped_expert_gate_up<16, 1>(float const*, char const*, unsigned long const*, unsigned long const*, int const*, int const*, float*, unsigned short*, int, int, int, int, int)",830,25,235291.0,0.0,1486848.0,5456.0,6477085.0,23020494.0,15512995.0,4912630804666842.0,4912630804804762.0
830,1,11264,256,19968,0,32,0,48,64,"batch_decode_kernels::mfma_gate_up_swiglu(float*, float const*, unsigned short const*, unsigned short const*, int, int, int)",831,18,158377.0,0.0,495616.0,176.0,2536918.0,15518259.0,4622387.0,4912630804955643.0,4912630805044603.0
831,1,507904,256,11264,0,24,0,48,64,"void batch_decode_kernels::grouped_expert_down<16, 1>(float const*, unsigned short const*, char const*, unsigned long const*, int const*, int const*, float*, int, int, int, int)",832,24,138877.0,0.0,946176.0,7936.0,3641333.0,13352329.0,10604863.0,4912630805197884.0,4912630805276764.0
832,1,1280,256,0,0,12,4,32,64,"batch_decode_kernels::reduce_routes_add(float*, float const*, float const*, int, int, int)",833,20,61771.0,0.0,0.0,20.0,235108.0,3500682.0,223303.0,4912630805430845.0,4912630805461085.0
833,1,8192,256,11264,0,24,0,48,64,"batch_decode_kernels::mfma_gemm(float*, float const*, unsigned short const*, int, int, int, int)",834,40,193616.0,0.0,315392.0,128.0,3037737.0,19132740.0,4475098.0,4912630805611486.0,4912630805720766.0
834,1,1280,256,1024,0,12,4,32,64,"batch_decode_kernels::rmsnorm(float*, float const*, unsigned short const*, int, int, float)",835,36,33088.0,0.0,350.0,20.0,76791.0,1665056.0,74400.0,4912630805899327.0,4912630805912287.0
835,1,12288,256,11264,0,24,0,48,64,"batch_decode_kernels::mfma_gemm(float*, float const*, unsigned short const*, int, int, int, int)",836,40,141858.0,0.0,344064.0,192.0,2080522.0,13773815.0,4752262.0,4912630806083648.0,4912630806162368.0
836,1,2304,256,11264,0,24,0,48,64,"batch_decode_kernels::mfma_gemm(float*, float const*, unsigned short const*, int, int, int, int)",837,40,146517.0,0.0,64512.0,36.0,853309.0,14263642.0,915296.0,4912630806315809.0,4912630806396289.0
837,1,1280,256,1024,0,24,0,32,64,"batch_decode_kernels::kv_norm_rope(unsigned short*, float const*, unsigned short const*, int, int, int, int, int, int, float const*, int, float)",838,33,28377.0,0.0,350.0,20.0,85272.0,1312548.0,32578.0,4912630806599010.0,4912630806608770.0
838,1,32768,256,11264,0,24,0,48,64,"batch_decode_kernels::mfma_head_gemm(float*, float const*, unsigned short const*, int, int, int, int, int, int, unsigned long)",839,28,33302.0,0.0,57344.0,512.0,392887.0,2423710.0,1088796.0,4912630806824611.0,4912630806837731.0
839,1,5120,256,0,0,24,0,32,64,"batch_decode_kernels::q_rope(float*, float const*, int, int, int, int, int, int, float const*, int)",840,29,22642.0,0.0,0.0,80.0,87837.0,1352042.0,86014.0,4912630807057572.0,4912630807064452.0
840,1,5120,256,0,0,16,0,32,64,"batch_decode_kernels::attention_score(float*, float const*, float const*, unsigned short const*, int, int, int, int, int, int, int, float)",841,43,27124.0,0.0,3840.0,80.0,162755.0,1857495.0,175648.0,4912630807232293.0,4912630807241733.0
841,1,20480,256,1024,0,20,4,48,64,"void attention_kernels::softmax_rows_kernel<256>(float*, int, int, int, int)",842,52,24447.0,0.0,10240.0,320.0,100712.0,1574433.0,231905.0,4912630807458534.0,4912630807466534.0
842,1,2621440,256,0,0,16,0,32,64,"batch_decode_kernels::latent_context(float*, float const*, unsigned short const*, int, int, int, int, int, int)",843,26,65185.0,0.0,983040.0,40960.0,537337.0,5775253.0,4230200.0,4912630807682855.0,4912630807716455.0
843,1,8192,256,11264,0,24,0,48,64,"batch_decode_kernels::mfma_head_gemm(float*, float const*, unsigned short const*, int, int, int, int, int, int, unsigned long)",844,28,54555.0,0.0,57344.0,128.0,784549.0,4622751.0,846064.0,4912630807955976.0,4912630807981896.0
844,1,8192,256,11264,0,24,0,48,64,"batch_decode_kernels::mfma_gemm(float*, float const*, unsigned short const*, int, int, int, int)",845,40,145767.0,0.0,229376.0,128.0,1969980.0,14086686.0,3196466.0,4912630808185257.0,4912630808265897.0
845,1,1280,256,1024,0,12,4,32,64,"batch_decode_kernels::rmsnorm(float*, float const*, unsigned short const*, int, int, float)",846,36,32744.0,0.0,350.0,20.0,72558.0,1599172.0,70144.0,4912630808511338.0,4912630808523818.0
846,1,256,256,11264,0,24,0,48,64,"batch_decode_kernels::mfma_gemm(float*, float const*, unsigned short const*, int, int, int, int)",847,40,158091.0,0.0,7168.0,4.0,277818.0,2200448.0,111007.0,4912630808678379.0,4912630808765739.0
847,1,320,64,0,0,16,0,48,64,"void moe_kernels::router_topk_wave64_kernel<64>(float*, float const*, int*, float*, int, int, int, int, int, float)",848,57,38547.0,0.0,1840.0,5.0,49006.0,2025559.0,26040.0,4912630809000300.0,4912630809016461.0
848,1,256,256,1024,0,12,4,64,64,"batch_decode_kernels::align_routes(int const*, int, int, int, int*, int*, int*)",849,42,39462.0,8.0,414.0,4.0,36337.0,660598.0,4113.0,4912630809176141.0,4912630809192941.0
849,1,349184,256,19968,0,36,4,48,64,"void batch_decode_kernels::grouped_expert_gate_up<16, 1>(float const*, char const*, unsigned long const*, unsigned long const*, int const*, int const*, float*, unsigned short*, int, int, int, int, int)",850,25,234548.0,0.0,1486848.0,5456.0,6393367.0,22852027.0,15448248.0,4912630809342862.0,4912630809480303.0
850,1,11264,256,19968,0,32,0,48,64,"batch_decode_kernels::mfma_gate_up_swiglu(float*, float const*, unsigned short const*, unsigned short const*, int, int, int)",851,18,157704.0,0.0,495616.0,176.0,2516363.0,15413700.0,4618111.0,4912630809660143.0,4912630809748304.0
851,1,507904,256,11264,0,24,0,48,64,"void batch_decode_kernels::grouped_expert_down<16, 1>(float const*, unsigned short const*, char const*, unsigned long const*, int const*, int const*, float*, int, int, int, int)",852,24,139040.0,0.0,946176.0,7936.0,3634818.0,13341617.0,10617241.0,4912630809975665.0,4912630810054545.0
852,1,1280,256,0,0,12,4,32,64,"batch_decode_kernels::reduce_routes_add(float*, float const*, float const*, int, int, int)",853,20,62423.0,0.0,0.0,20.0,228130.0,3505375.0,221670.0,4912630810244626.0,4912630810275186.0
853,1,8192,256,11264,0,24,0,48,64,"batch_decode_kernels::mfma_gemm(float*, float const*, unsigned short const*, int, int, int, int)",854,40,194930.0,0.0,315392.0,128.0,3181829.0,19242746.0,4487551.0,4912630810459827.0,4912630810569587.0
854,1,1280,256,1024,0,12,4,32,64,"batch_decode_kernels::rmsnorm(float*, float const*, unsigned short const*, int, int, float)",855,36,33133.0,0.0,350.0,20.0,74927.0,1670724.0,73995.0,4912630810772468.0,4912630810785428.0
855,1,12288,256,11264,0,24,0,48,64,"batch_decode_kernels::mfma_gemm(float*, float const*, unsigned short const*, int, int, int, int)",856,40,140819.0,0.0,344064.0,192.0,2049228.0,13661066.0,4619346.0,4912630810983989.0,4912630811061909.0
856,1,2304,256,11264,0,24,0,48,64,"batch_decode_kernels::mfma_gemm(float*, float const*, unsigned short const*, int, int, int, int)",857,40,146803.0,0.0,64512.0,36.0,854592.0,14210433.0,905839.0,4912630811299670.0,4912630811379991.0
857,1,1280,256,1024,0,24,0,32,64,"batch_decode_kernels::kv_norm_rope(unsigned short*, float const*, unsigned short const*, int, int, int, int, int, int, float const*, int, float)",858,33,28456.0,0.0,350.0,20.0,90842.0,1347297.0,33629.0,4912630811607512.0,4912630811617592.0
858,1,32768,256,11264,0,24,0,48,64,"batch_decode_kernels::mfma_head_gemm(float*, float const*, unsigned short const*, int, int, int, int, int, int, unsigned long)",859,28,32840.0,0.0,57344.0,512.0,392479.0,2420954.0,1049894.0,4912630811815513.0,4912630811828473.0
859,1,5120,256,0,0,24,0,32,64,"batch_decode_kernels::q_rope(float*, float const*, int, int, int, int, int, int, float const*, int)",860,29,23503.0,0.0,0.0,80.0,90624.0,1405251.0,86405.0,4912630812030074.0,4912630812037274.0
860,1,5120,256,0,0,16,0,32,64,"batch_decode_kernels::attention_score(float*, float const*, float const*, unsigned short const*, int, int, int, int, int, int, int, float)",861,43,28240.0,0.0,3840.0,80.0,166624.0,1893167.0,191191.0,4912630812187994.0,4912630812197914.0
861,1,20480,256,1024,0,20,4,48,64,"void attention_kernels::softmax_rows_kernel<256>(float*, int, int, int, int)",862,52,25434.0,0.0,10240.0,320.0,99878.0,1683386.0,231873.0,4912630812397115.0,4912630812405595.0
862,1,2621440,256,0,0,16,0,32,64,"batch_decode_kernels::latent_context(float*, float const*, unsigned short const*, int, int, int, int, int, int)",863,26,64104.0,0.0,983040.0,40960.0,521675.0,5685475.0,4175507.0,4912630812553916.0,4912630812587196.0
863,1,8192,256,11264,0,24,0,48,64,"batch_decode_kernels::mfma_head_gemm(float*, float const*, unsigned short const*, int, int, int, int, int, int, unsigned long)",864,28,54027.0,0.0,57344.0,128.0,652367.0,4644149.0,870892.0,4912630812808477.0,4912630812833917.0
864,1,8192,256,11264,0,24,0,48,64,"batch_decode_kernels::mfma_gemm(float*, float const*, unsigned short const*, int, int, int, int)",865,40,144443.0,0.0,229376.0,128.0,1966846.0,13983492.0,3189563.0,4912630813065598.0,4912630813145439.0
865,1,1280,256,1024,0,12,4,32,64,"batch_decode_kernels::rmsnorm(float*, float const*, unsigned short const*, int, int, float)",866,36,32627.0,0.0,350.0,20.0,76518.0,1638536.0,73757.0,4912630813359039.0,4912630813371840.0
866,1,256,256,11264,0,24,0,48,64,"batch_decode_kernels::mfma_gemm(float*, float const*, unsigned short const*, int, int, int, int)",867,40,156095.0,0.0,7168.0,4.0,274214.0,2168559.0,108217.0,4912630813608161.0,4912630813693921.0
867,1,320,64,0,0,16,0,48,64,"void moe_kernels::router_topk_wave64_kernel<64>(float*, float const*, int*, float*, int, int, int, int, int, float)",868,57,39007.0,0.0,1840.0,5.0,50896.0,2038013.0,25111.0,4912630813902242.0,4912630813918722.0
868,1,256,256,1024,0,12,4,64,64,"batch_decode_kernels::align_routes(int const*, int, int, int, int*, int*, int*)",869,42,39964.0,18.0,424.0,4.0,36326.0,665031.0,4208.0,4912630814154243.0,4912630814171363.0
869,1,349184,256,19968,0,36,4,48,64,"void batch_decode_kernels::grouped_expert_gate_up<16, 1>(float const*, char const*, unsigned long const*, unsigned long const*, int const*, int const*, float*, unsigned short*, int, int, int, int, int)",870,25,230535.0,0.0,1486848.0,5456.0,6337764.0,22647342.0,15336157.0,4912630814354404.0,4912630814489444.0
870,1,11264,256,19968,0,32,0,48,64,"batch_decode_kernels::mfma_gate_up_swiglu(float*, float const*, unsigned short const*, unsigned short const*, int, int, int)",871,18,157720.0,0.0,495616.0,176.0,2536269.0,15361895.0,4585626.0,4912630814642405.0,4912630814730405.0
871,1,507904,256,11264,0,24,0,48,64,"void batch_decode_kernels::grouped_expert_down<16, 1>(float const*, unsigned short const*, char const*, unsigned long const*, int const*, int const*, float*, int, int, int, int)",872,24,141304.0,0.0,946176.0,7936.0,3641222.0,13574135.0,10725088.0,4912630814928166.0,4912630815008807.0
872,1,1280,256,0,0,12,4,32,64,"batch_decode_kernels::reduce_routes_add(float*, float const*, float const*, int, int, int)",873,20,62927.0,0.0,0.0,20.0,238501.0,3484315.0,222948.0,4912630815219848.0,4912630815250568.0
873,1,8192,256,11264,0,24,0,48,64,"batch_decode_kernels::mfma_gemm(float*, float const*, unsigned short const*, int, int, int, int)",874,40,195060.0,0.0,315392.0,128.0,3095352.0,19277937.0,4512058.0,4912630815460489.0,4912630815570569.0
874,1,1280,256,1024,0,12,4,32,64,"batch_decode_kernels::rmsnorm(float*, float const*, unsigned short const*, int, int, float)",875,36,33106.0,0.0,350.0,20.0,77588.0,1661208.0,75023.0,4912630815740010.0,4912630815752970.0
875,1,12288,256,11264,0,24,0,48,64,"batch_decode_kernels::mfma_gemm(float*, float const*, unsigned short const*, int, int, int, int)",876,40,141471.0,0.0,344064.0,192.0,2071797.0,13697037.0,4655249.0,4912630815980331.0,4912630816058411.0
876,1,2304,256,11264,0,24,0,48,64,"batch_decode_kernels::mfma_gemm(float*, float const*, unsigned short const*, int, int, int, int)",877,40,145457.0,0.0,64512.0,36.0,841888.0,14171290.0,894455.0,4912630816266732.0,4912630816346733.0
877,1,1280,256,1024,0,24,0,32,64,"batch_decode_kernels::kv_norm_rope(unsigned short*, float const*, unsigned short const*, int, int, int, int, int, int, float const*, int, float)",878,33,28634.0,0.0,350.0,20.0,85547.0,1380226.0,32179.0,4912630816497933.0,4912630816508333.0
878,1,32768,256,11264,0,24,0,48,64,"batch_decode_kernels::mfma_head_gemm(float*, float const*, unsigned short const*, int, int, int, int, int, int, unsigned long)",879,28,32924.0,0.0,57344.0,512.0,399528.0,2432121.0,1060315.0,4912630816735214.0,4912630816748174.0
879,1,5120,256,0,0,24,0,32,64,"batch_decode_kernels::q_rope(float*, float const*, int, int, int, int, int, int, float const*, int)",880,29,23122.0,0.0,0.0,80.0,89745.0,1373063.0,88970.0,4912630816924655.0,4912630816931695.0
880,1,5120,256,0,0,16,0,32,64,"batch_decode_kernels::attention_score(float*, float const*, float const*, unsigned short const*, int, int, int, int, int, int, int, float)",881,43,28258.0,0.0,3840.0,80.0,167700.0,1970582.0,180925.0,4912630817161456.0,4912630817171696.0
881,1,20480,256,1024,0,20,4,48,64,"void attention_kernels::softmax_rows_kernel<256>(float*, int, int, int, int)",882,52,24327.0,0.0,10240.0,320.0,101328.0,1578164.0,238754.0,4912630817392817.0,4912630817400657.0
882,1,2621440,256,0,0,16,0,32,64,"batch_decode_kernels::latent_context(float*, float const*, unsigned short const*, int, int, int, int, int, int)",883,26,63830.0,0.0,983040.0,40960.0,531501.0,5667223.0,4289561.0,4912630817624978.0,4912630817658098.0
883,1,8192,256,11264,0,24,0,48,64,"batch_decode_kernels::mfma_head_gemm(float*, float const*, unsigned short const*, int, int, int, int, int, int, unsigned long)",884,28,54403.0,0.0,57344.0,128.0,817375.0,4674478.0,852415.0,4912630817851539.0,4912630817877299.0
884,1,8192,256,11264,0,24,0,48,64,"batch_decode_kernels::mfma_gemm(float*, float const*, unsigned short const*, int, int, int, int)",885,40,145545.0,0.0,229376.0,128.0,1982752.0,14068122.0,3184604.0,4912630818047860.0,4912630818128180.0
885,1,1280,256,1024,0,12,4,32,64,"batch_decode_kernels::rmsnorm(float*, float const*, unsigned short const*, int, int, float)",886,36,32676.0,0.0,350.0,20.0,74371.0,1635312.0,73299.0,4912630818275701.0,4912630818288341.0
886,1,256,256,11264,0,24,0,48,64,"batch_decode_kernels::mfma_gemm(float*, float const*, unsigned short const*, int, int, int, int)",887,40,157216.0,0.0,7168.0,4.0,272131.0,2189112.0,110599.0,4912630818500982.0,4912630818587702.0
887,1,320,64,0,0,16,0,48,64,"void moe_kernels::router_topk_wave64_kernel<64>(float*, float const*, int*, float*, int, int, int, int, int, float)",888,57,38453.0,0.0,1840.0,5.0,51302.0,2010609.0,25791.0,4912630818806583.0,4912630818822743.0
888,1,256,256,1024,0,12,4,64,64,"batch_decode_kernels::align_routes(int const*, int, int, int, int*, int*, int*)",889,42,38858.0,8.0,414.0,4.0,37110.0,652382.0,4292.0,4912630818986904.0,4912630819003224.0
889,1,349184,256,19968,0,36,4,48,64,"void batch_decode_kernels::grouped_expert_gate_up<16, 1>(float const*, char const*, unsigned long const*, unsigned long const*, int const*, int const*, float*, unsigned short*, int, int, int, int, int)",890,25,235485.0,0.0,1486848.0,5456.0,6419142.0,22856330.0,15409621.0,4912630819216985.0,4912630819355066.0
890,1,11264,256,19968,0,32,0,48,64,"batch_decode_kernels::mfma_gate_up_swiglu(float*, float const*, unsigned short const*, unsigned short const*, int, int, int)",891,18,157870.0,0.0,495616.0,176.0,2492672.0,15429326.0,4652939.0,4912630819557467.0,4912630819645787.0
891,1,507904,256,11264,0,24,0,48,64,"void batch_decode_kernels::grouped_expert_down<16, 1>(float const*, unsigned short const*, char const*, unsigned long const*, int const*, int const*, float*, int, int, int, int)",892,24,140828.0,0.0,946176.0,7936.0,3636148.0,13423751.0,10730236.0,4912630819860028.0,4912630819940348.0
892,1,1280,256,0,0,12,4,32,64,"batch_decode_kernels::reduce_routes_add(float*, float const*, float const*, int, int, int)",893,20,63213.0,0.0,0.0,20.0,223570.0,3544921.0,226256.0,4912630820161629.0,4912630820192669.0
893,1,8192,256,11264,0,24,0,48,64,"batch_decode_kernels::mfma_gemm(float*, float const*, unsigned short const*, int, int, int, int)",894,40,195297.0,0.0,315392.0,128.0,3141908.0,19309696.0,4507619.0,4912630820381790.0,4912630820492031.0
894,1,1280,256,1024,0,12,4,32,64,"batch_decode_kernels::rmsnorm(float*, float const*, unsigned short const*, int, int, float)",895,36,31877.0,0.0,350.0,20.0,75104.0,1602240.0,70429.0,4912630820717792.0,4912630820730112.0
895,1,12288,256,11264,0,24,0,48,64,"batch_decode_kernels::mfma_gemm(float*, float const*, unsigned short const*, int, int, int, int)",896,40,142886.0,0.0,344064.0,192.0,2097781.0,13890919.0,4767491.0,4912630820932193.0,4912630821011553.0
896,1,2304,256,11264,0,24,0,48,64,"batch_decode_kernels::mfma_gemm(float*, float const*, unsigned short const*, int, int, int, int)",897,40,144970.0,0.0,64512.0,36.0,857477.0,14098750.0,890760.0,4912630821194434.0,4912630821273954.0
897,1,1280,256,1024,0,24,0,32,64,"batch_decode_kernels::kv_norm_rope(unsigned short*, float const*, unsigned short const*, int, int, int, int, int, int, float const*, int, float)",898,33,27906.0,0.0,350.0,20.0,88166.0,1323533.0,33449.0,4912630821445315.0,4912630821455075.0
898,1,32768,256,11264,0,24,0,48,64,"batch_decode_kernels::mfma_head_gemm(float*, float const*, unsigned short const*, int, int, int, int, int, int, unsigned long)",899,28,31503.0,0.0,57344.0,512.0,375516.0,2285858.0,1011916.0,4912630821660356.0,4912630821672356.0
899,1,5120,256,0,0,24,0,32,64,"batch_decode_kernels::q_rope(float*, float const*, int, int, int, int, int, int, float const*, int)",900,29,22820.0,0.0,0.0,80.0,91025.0,1391835.0,86767.0,4912630821871557.0,4912630821878597.0
900,1,5120,256,0,0,16,0,32,64,"batch_decode_kernels::attention_score(float*, float const*, float const*, unsigned short const*, int, int, int, int, int, int, int, float)",901,43,27299.0,0.0,3840.0,80.0,162341.0,1863176.0,185008.0,4912630822046917.0,4912630822056517.0
901,1,20480,256,1024,0,20,4,48,64,"void attention_kernels::softmax_rows_kernel<256>(float*, int, int, int, int)",902,52,25306.0,0.0,10240.0,320.0,106693.0,1666694.0,234792.0,4912630822258918.0,4912630822267238.0
902,1,2621440,256,0,0,16,0,32,64,"batch_decode_kernels::latent_context(float*, float const*, unsigned short const*, int, int, int, int, int, int)",903,26,63842.0,0.0,983040.0,40960.0,532342.0,5668198.0,4214932.0,4912630822466439.0,4912630822499399.0
903,1,8192,256,11264,0,24,0,48,64,"batch_decode_kernels::mfma_head_gemm(float*, float const*, unsigned short const*, int, int, int, int, int, int, unsigned long)",904,28,53204.0,0.0,57344.0,128.0,698076.0,4550302.0,859943.0,4912630822672040.0,4912630822697160.0
904,1,8192,256,11264,0,24,0,48,64,"batch_decode_kernels::mfma_gemm(float*, float const*, unsigned short const*, int, int, int, int)",905,40,147180.0,0.0,229376.0,128.0,1949848.0,14244961.0,3279206.0,4912630822878121.0,4912630822959561.0
905,1,1280,256,1024,0,12,4,32,64,"batch_decode_kernels::rmsnorm(float*, float const*, unsigned short const*, int, int, float)",906,36,31945.0,0.0,350.0,20.0,78785.0,1596026.0,69980.0,4912630823165162.0,4912630823177482.0
906,1,256,256,11264,0,24,0,48,64,"batch_decode_kernels::mfma_gemm(float*, float const*, unsigned short const*, int, int, int, int)",907,40,156572.0,0.0,7168.0,4.0,271392.0,2179908.0,107639.0,4912630823327723.0,4912630823414123.0
907,1,320,64,0,0,16,0,48,64,"void moe_kernels::router_topk_wave64_kernel<64>(float*, float const*, int*, float*, int, int, int, int, int, float)",908,57,38041.0,0.0,1840.0,5.0,50916.0,1983478.0,26332.0,4912630823602284.0,4912630823618284.0
908,1,256,256,1024,0,12,4,64,64,"batch_decode_kernels::align_routes(int const*, int, int, int, int*, int*, int*)",909,42,40278.0,8.0,414.0,4.0,37693.0,667956.0,4428.0,4912630823802765.0,4912630823819885.0
909,1,349184,256,19968,0,36,4,48,64,"void batch_decode_kernels::grouped_expert_gate_up<16, 1>(float const*, char const*, unsigned long const*, unsigned long const*, int const*, int const*, float*, unsigned short*, int, int, int, int, int)",910,25,232463.0,0.0,1486848.0,5456.0,6389224.0,22799962.0,15443030.0,4912630824002126.0,4912630824138287.0
910,1,11264,256,19968,0,32,0,48,64,"batch_decode_kernels::mfma_gate_up_swiglu(float*, float const*, unsigned short const*, unsigned short const*, int, int, int)",911,18,157611.0,0.0,495616.0,176.0,2546104.0,15443780.0,4660085.0,4912630824316367.0,4912630824404528.0
911,1,507904,256,11264,0,24,0,48,64,"void batch_decode_kernels::grouped_expert_down<16, 1>(float const*, unsigned short const*, char const*, unsigned long const*, int const*, int const*, float*, int, int, int, int)",912,24,139486.0,0.0,946176.0,7936.0,3629150.0,13416640.0,10611569.0,4912630824588369.0,4912630824667569.0
912,1,1280,256,0,0,12,4,32,64,"batch_decode_kernels::reduce_routes_add(float*, float const*, float const*, int, int, int)",913,20,64324.0,0.0,0.0,20.0,240821.0,3573274.0,226308.0,4912630824818610.0,4912630824849970.0
913,1,8192,256,11264,0,24,0,48,64,"batch_decode_kernels::mfma_gemm(float*, float const*, unsigned short const*, int, int, int, int)",914,40,192611.0,0.0,315392.0,128.0,3112997.0,19024398.0,4434993.0,4912630825057331.0,4912630825166131.0
914,1,1280,256,1024,0,12,4,32,64,"batch_decode_kernels::rmsnorm(float*, float const*, unsigned short const*, int, int, float)",915,36,32630.0,0.0,350.0,20.0,72225.0,1642891.0,73698.0,4912630825318132.0,4912630825330772.0
915,1,12288,256,11264,0,24,0,48,64,"batch_decode_kernels::mfma_gemm(float*, float const*, unsigned short const*, int, int, int, int)",916,40,143966.0,0.0,344064.0,192.0,2147935.0,13976693.0,4670984.0,4912630825546773.0,4912630825626613.0
916,1,2304,256,11264,0,24,0,48,64,"batch_decode_kernels::mfma_gemm(float*, float const*, unsigned short const*, int, int, int, int)",917,40,142394.0,0.0,64512.0,36.0,856233.0,13829234.0,877147.0,4912630825809494.0,4912630825887574.0
917,1,1280,256,1024,0,24,0,32,64,"batch_decode_kernels::kv_norm_rope(unsigned short*, float const*, unsigned short const*, int, int, int, int, int, int, float const*, int, float)",918,33,29237.0,0.0,350.0,20.0,86488.0,1395137.0,34439.0,4912630826038935.0,4912630826049495.0
918,1,32768,256,11264,0,24,0,48,64,"batch_decode_kernels::mfma_head_gemm(float*, float const*, unsigned short const*, int, int, int, int, int, int, unsigned long)",919,28,33518.0,0.0,57344.0,512.0,412820.0,2500917.0,1126949.0,4912630826229016.0,4912630826242296.0
919,1,5120,256,0,0,24,0,32,64,"batch_decode_kernels::q_rope(float*, float const*, int, int, int, int, int, int, float const*, int)",920,29,24008.0,0.0,0.0,80.0,89662.0,1390249.0,91182.0,4912630826453657.0,4912630826461177.0
920,1,5120,256,0,0,16,0,32,64,"batch_decode_kernels::attention_score(float*, float const*, float const*, unsigned short const*, int, int, int, int, int, int, int, float)",921,43,27025.0,0.0,3840.0,80.0,157477.0,1833328.0,176477.0,4912630826671898.0,4912630826681338.0
921,1,20480,256,1024,0,20,4,48,64,"void attention_kernels::softmax_rows_kernel<256>(float*, int, int, int, int)",922,52,24729.0,0.0,10240.0,320.0,105556.0,1573809.0,240135.0,4912630826890939.0,4912630826898619.0
922,1,2621440,256,0,0,16,0,32,64,"batch_decode_kernels::latent_context(float*, float const*, unsigned short const*, int, int, int, int, int, int)",923,26,64271.0,0.0,983040.0,40960.0,524311.0,5724228.0,4181707.0,4912630827110460.0,4912630827144060.0
923,1,8192,256,11264,0,24,0,48,64,"batch_decode_kernels::mfma_head_gemm(float*, float const*, unsigned short const*, int, int, int, int, int, int, unsigned long)",924,28,54013.0,0.0,57344.0,128.0,677216.0,4611740.0,855702.0,4912630827324700.0,4912630827349981.0
924,1,8192,256,11264,0,24,0,48,64,"batch_decode_kernels::mfma_gemm(float*, float const*, unsigned short const*, int, int, int, int)",925,40,144089.0,0.0,229376.0,128.0,1980329.0,13958714.0,3198168.0,4912630827534781.0,4912630827614622.0
925,1,1280,256,1024,0,12,4,32,64,"batch_decode_kernels::rmsnorm(float*, float const*, unsigned short const*, int, int, float)",926,36,31902.0,0.0,350.0,20.0,70078.0,1582740.0,69013.0,4912630827811743.0,4912630827824063.0
926,1,256,256,11264,0,24,0,48,64,"batch_decode_kernels::mfma_gemm(float*, float const*, unsigned short const*, int, int, int, int)",927,40,160416.0,0.0,7168.0,4.0,282839.0,2230166.0,114834.0,4912630828027744.0,4912630828116384.0
927,1,320,64,0,0,16,0,48,64,"void moe_kernels::router_topk_wave64_kernel<64>(float*, float const*, int*, float*, int, int, int, int, int, float)",928,57,38962.0,0.0,1840.0,5.0,51103.0,2039105.0,25548.0,4912630828299585.0,4912630828316065.0
928,1,256,256,1024,0,12,4,64,64,"batch_decode_kernels::align_routes(int const*, int, int, int, int*, int*, int*)",929,42,39301.0,8.0,414.0,4.0,36944.0,657322.0,4472.0,4912630828508386.0,4912630828525186.0
929,1,349184,256,19968,0,36,4,48,64,"void batch_decode_kernels::grouped_expert_gate_up<16, 1>(float const*, char const*, unsigned long const*, unsigned long const*, int const*, int const*, float*, unsigned short*, int, int, int, int, int)",930,25,236505.0,0.0,1486848.0,5456.0,6501810.0,23064603.0,15569850.0,4912630828713347.0,4912630828852067.0
930,1,11264,256,19968,0,32,0,48,64,"batch_decode_kernels::mfma_gate_up_swiglu(float*, float const*, unsigned short const*, unsigned short const*, int, int, int)",931,18,159646.0,0.0,495616.0,176.0,2573093.0,15615993.0,4703356.0,4912630829045508.0,4912630829134948.0
931,1,507904,256,11264,0,24,0,48,64,"void batch_decode_kernels::grouped_expert_down<16, 1>(float const*, unsigned short const*, char const*, unsigned long const*, int const*, int const*, float*, int, int, int, int)",932,24,141134.0,0.0,946176.0,7936.0,3685583.0,13566967.0,10753129.0,4912630829341349.0,4912630829421830.0
932,1,1280,256,0,0,12,4,32,64,"batch_decode_kernels::reduce_routes_add(float*, float const*, float const*, int, int, int)",933,20,61617.0,0.0,0.0,20.0,227812.0,3494611.0,222530.0,4912630829603270.0,4912630829633511.0
933,1,8192,256,11264,0,24,0,48,64,"batch_decode_kernels::mfma_gemm(float*, float const*, unsigned short const*, int, int, int, int)",934,40,191624.0,0.0,315392.0,128.0,3132468.0,18944006.0,4396260.0,4912630829834471.0,4912630829942632.0
934,1,1280,256,1024,0,12,4,32,64,"batch_decode_kernels::rmsnorm(float*, float const*, unsigned short const*, int, int, float)",935,36,31961.0,0.0,350.0,20.0,70311.0,1615526.0,71883.0,4912630830127913.0,4912630830140233.0
935,1,12288,256,11264,0,24,0,48,64,"batch_decode_kernels::mfma_gemm(float*, float const*, unsigned short const*, int, int, int, int)",936,40,142947.0,0.0,344064.0,192.0,2126239.0,13892999.0,4761236.0,4912630830326314.0,4912630830405514.0
936,1,2304,256,11264,0,24,0,48,64,"batch_decode_kernels::mfma_gemm(float*, float const*, unsigned short const*, int, int, int, int)",937,40,142270.0,0.0,64512.0,36.0,856889.0,13808499.0,871704.0,4912630830580875.0,4912630830658955.0
937,1,1280,256,1024,0,24,0,32,64,"batch_decode_kernels::kv_norm_rope(unsigned short*, float const*, unsigned short const*, int, int, int, int, int, int, float const*, int, float)",938,33,29999.0,0.0,350.0,20.0,89933.0,1454586.0,37503.0,4912630830834476.0,4912630830845516.0
938,1,32768,256,11264,0,24,0,48,64,"batch_decode_kernels::mfma_head_gemm(float*, float const*, unsigned short const*, int, int, int, int, int, int, unsigned long)",939,28,33210.0,0.0,57344.0,512.0,413133.0,2434513.0,1124015.0,4912630831033197.0,4912630831046317.0
939,1,5120,256,0,0,24,0,32,64,"batch_decode_kernels::q_rope(float*, float const*, int, int, int, int, int, int, float const*, int)",940,29,23649.0,0.0,0.0,80.0,91761.0,1466923.0,101968.0,4912630831225358.0,4912630831232718.0
940,1,5120,256,0,0,16,0,32,64,"batch_decode_kernels::attention_score(float*, float const*, float const*, unsigned short const*, int, int, int, int, int, int, int, float)",941,43,27879.0,0.0,3840.0,80.0,170394.0,1858704.0,187891.0,4912630831414318.0,4912630831424078.0
941,1,20480,256,1024,0,20,4,48,64,"void attention_kernels::softmax_rows_kernel<256>(float*, int, int, int, int)",942,52,25049.0,0.0,10240.0,320.0,107031.0,1638562.0,236419.0,4912630831601804.0,4912630831609964.0
942,1,2621440,256,0,0,16,0,32,64,"batch_decode_kernels::latent_context(float*, float const*, unsigned short const*, int, int, int, int, int, int)",943,26,64118.0,0.0,983040.0,40960.0,540941.0,5708095.0,4259666.0,4912630831794764.0,4912630831828204.0
943,1,8192,256,11264,0,24,0,48,64,"batch_decode_kernels::mfma_head_gemm(float*, float const*, unsigned short const*, int, int, int, int, int, int, unsigned long)",944,28,54853.0,0.0,57344.0,128.0,766728.0,4684384.0,885872.0,4912630832009645.0,4912630832035565.0
944,1,8192,256,11264,0,24,0,48,64,"batch_decode_kernels::mfma_gemm(float*, float const*, unsigned short const*, int, int, int, int)",945,40,143064.0,0.0,229376.0,128.0,1994500.0,13866362.0,3156507.0,4912630832229806.0,4912630832308846.0
945,1,1280,256,1024,0,12,4,32,64,"batch_decode_kernels::rmsnorm(float*, float const*, unsigned short const*, int, int, float)",946,36,32547.0,0.0,350.0,20.0,73957.0,1593374.0,70208.0,4912630832496367.0,4912630832508687.0
946,1,256,256,11264,0,24,0,48,64,"batch_decode_kernels::mfma_gemm(float*, float const*, unsigned short const*, int, int, int, int)",947,40,157590.0,0.0,7168.0,4.0,282046.0,2193649.0,111394.0,4912630832704848.0,4912630832791888.0
947,1,320,64,0,0,16,0,48,64,"void moe_kernels::router_topk_wave64_kernel<64>(float*, float const*, int*, float*, int, int, int, int, int, float)",948,57,37208.0,0.0,1840.0,5.0,49523.0,1933857.0,25850.0,4912630832967409.0,4912630832982929.0
948,1,256,256,1024,0,12,4,64,64,"batch_decode_kernels::align_routes(int const*, int, int, int, int*, int*, int*)",949,42,39094.0,8.0,414.0,4.0,36606.0,652239.0,4184.0,4912630833181010.0,4912630833197490.0
949,1,349184,256,19968,0,36,4,48,64,"void batch_decode_kernels::grouped_expert_gate_up<16, 1>(float const*, char const*, unsigned long const*, unsigned long const*, int const*, int const*, float*, unsigned short*, int, int, int, int, int)",950,25,235852.0,0.0,1486848.0,5456.0,6517168.0,23207122.0,15717648.0,4912630833386291.0,4912630833524691.0
950,1,11264,256,19968,0,32,0,48,64,"batch_decode_kernels::mfma_gate_up_swiglu(float*, float const*, unsigned short const*, unsigned short const*, int, int, int)",951,18,157530.0,0.0,495616.0,176.0,2684393.0,15397359.0,4472333.0,4912630833722132.0,4912630833810293.0
951,1,507904,256,11264,0,24,0,48,64,"void batch_decode_kernels::grouped_expert_down<16, 1>(float const*, unsigned short const*, char const*, unsigned long const*, int const*, int const*, float*, int, int, int, int)",952,24,140815.0,0.0,946176.0,7936.0,3697173.0,13498553.0,10640249.0,4912630834001493.0,4912630834081494.0
952,1,1280,256,0,0,12,4,32,64,"batch_decode_kernels::reduce_routes_add(float*, float const*, float const*, int, int, int)",953,20,61485.0,0.0,0.0,20.0,225823.0,3430391.0,217640.0,4912630834261495.0,4912630834291415.0
953,1,8192,256,11264,0,24,0,48,64,"batch_decode_kernels::mfma_gemm(float*, float const*, unsigned short const*, int, int, int, int)",954,40,194484.0,0.0,315392.0,128.0,3118693.0,19191214.0,4499427.0,4912630834486295.0,4912630834596216.0
954,1,1280,256,1024,0,12,4,32,64,"batch_decode_kernels::rmsnorm(float*, float const*, unsigned short const*, int, int, float)",955,36,31241.0,0.0,350.0,20.0,76248.0,1545482.0,71098.0,4912630834785177.0,4912630834797177.0
955,1,12288,256,11264,0,24,0,48,64,"batch_decode_kernels::mfma_gemm(float*, float const*, unsigned short const*, int, int, int, int)",956,40,142091.0,0.0,344064.0,192.0,2130458.0,13815753.0,4668271.0,4912630834979738.0,4912630835058618.0
956,1,2304,256,11264,0,24,0,48,64,"batch_decode_kernels::mfma_gemm(float*, float const*, unsigned short const*, int, int, int, int)",957,40,143967.0,0.0,64512.0,36.0,875321.0,13991877.0,879099.0,4912630835232539.0,4912630835311579.0
957,1,1280,256,1024,0,24,0,32,64,"batch_decode_kernels::kv_norm_rope(unsigned short*, float const*, unsigned short const*, int, int, int, int, int, int, float const*, int, float)",958,33,28277.0,0.0,350.0,20.0,88390.0,1341083.0,33639.0,4912630835498780.0,4912630835508700.0
958,1,32768,256,11264,0,24,0,48,64,"batch_decode_kernels::mfma_head_gemm(float*, float const*, unsigned short const*, int, int, int, int, int, int, unsigned long)",959,28,32693.0,0.0,57344.0,512.0,398297.0,2395734.0,1081956.0,4912630835690301.0,4912630835703101.0
959,1,5120,256,0,0,24,0,32,64,"batch_decode_kernels::q_rope(float*, float const*, int, int, int, int, int, int, float const*, int)",960,29,24065.0,0.0,0.0,80.0,89393.0,1435203.0,90578.0,4912630835879102.0,4912630835886782.0
960,1,5120,256,0,0,16,0,32,64,"batch_decode_kernels::attention_score(float*, float const*, float const*, unsigned short const*, int, int, int, int, int, int, int, float)",961,43,26812.0,0.0,3840.0,80.0,155135.0,1826295.0,169055.0,4912630836073502.0,4912630836082782.0
961,1,20480,256,1024,0,20,4,48,64,"void attention_kernels::softmax_rows_kernel<256>(float*, int, int, int, int)",962,52,25722.0,0.0,10240.0,320.0,96939.0,1700390.0,221801.0,4912630836259103.0,4912630836267743.0
962,1,2621440,256,0,0,16,0,32,64,"batch_decode_kernels::latent_context(float*, float const*, unsigned short const*, int, int, int, int, int, int)",963,26,63887.0,0.0,983040.0,40960.0,544388.0,5696109.0,4235005.0,4912630836444384.0,4912630836477664.0
963,1,8192,256,11264,0,24,0,48,64,"batch_decode_kernels::mfma_head_gemm(float*, float const*, unsigned short const*, int, int, int, int, int, int, unsigned long)",964,28,54042.0,0.0,57344.0,128.0,702207.0,4607112.0,872746.0,4912630836650625.0,4912630836676065.0
964,1,8192,256,11264,0,24,0,48,64,"batch_decode_kernels::mfma_gemm(float*, float const*, unsigned short const*, int, int, int, int)",965,40,145058.0,0.0,229376.0,128.0,1976431.0,14059152.0,3259232.0,4912630836853826.0,4912630836934146.0
965,1,1280,256,1024,0,12,4,32,64,"batch_decode_kernels::rmsnorm(float*, float const*, unsigned short const*, int, int, float)",966,36,31507.0,0.0,350.0,20.0,73660.0,1568856.0,68035.0,4912630837109187.0,4912630837121347.0
966,1,256,256,11264,0,24,0,48,64,"batch_decode_kernels::mfma_gemm(float*, float const*, unsigned short const*, int, int, int, int)",967,40,156694.0,0.0,7168.0,4.0,282983.0,2173122.0,110469.0,4912630837309028.0,4912630837395268.0
967,1,320,64,0,0,16,0,48,64,"void moe_kernels::router_topk_wave64_kernel<64>(float*, float const*, int*, float*, int, int, int, int, int, float)",968,57,39363.0,0.0,1840.0,5.0,52041.0,2061816.0,25469.0,4912630837575109.0,4912630837591749.0
968,1,256,256,1024,0,12,4,64,64,"batch_decode_kernels::align_routes(int const*, int, int, int, int*, int*, int*)",969,42,40002.0,8.0,414.0,4.0,37772.0,665330.0,4538.0,4912630837774790.0,4912630837791910.0
969,1,349184,256,19968,0,36,4,48,64,"void batch_decode_kernels::grouped_expert_gate_up<16, 1>(float const*, char const*, unsigned long const*, unsigned long const*, int const*, int const*, float*, unsigned short*, int, int, int, int, int)",970,25,231452.0,0.0,1486848.0,5456.0,6421940.0,22847854.0,15772649.0,4912630837970631.0,4912630838106311.0
970,1,11264,256,19968,0,32,0,48,64,"batch_decode_kernels::mfma_gate_up_swiglu(float*, float const*, unsigned short const*, unsigned short const*, int, int, int)",971,18,159439.0,0.0,495616.0,176.0,2596210.0,15592593.0,4658844.0,4912630838283112.0,4912630838372392.0
971,1,507904,256,11264,0,24,0,48,64,"void batch_decode_kernels::grouped_expert_down<16, 1>(float const*, unsigned short const*, char const*, unsigned long const*, int const*, int const*, float*, int, int, int, int)",972,24,141123.0,0.0,946176.0,7936.0,3656315.0,13406721.0,10584856.0,4912630838543273.0,4912630838622634.0
972,1,1280,256,0,0,12,4,32,64,"batch_decode_kernels::reduce_routes_add(float*, float const*, float const*, int, int, int)",973,20,59453.0,0.0,0.0,20.0,215689.0,3347763.0,211476.0,4912630838796234.0,4912630838824874.0
973,1,8192,256,11264,0,24,0,48,64,"batch_decode_kernels::mfma_gemm(float*, float const*, unsigned short const*, int, int, int, int)",974,40,191767.0,0.0,315392.0,128.0,3109690.0,18926677.0,4416215.0,4912630839005195.0,4912630839113516.0
974,1,1280,256,1024,0,12,4,32,64,"batch_decode_kernels::rmsnorm(float*, float const*, unsigned short const*, int, int, float)",975,36,31507.0,0.0,350.0,20.0,71959.0,1547328.0,66577.0,4912630839285196.0,4912630839297197.0
975,1,12288,256,11264,0,24,0,48,64,"batch_decode_kernels::mfma_gemm(float*, float const*, unsigned short const*, int, int, int, int)",976,40,141588.0,0.0,344064.0,192.0,2095494.0,13711194.0,4685408.0,4912630839469357.0,4912630839547918.0
976,1,2304,256,11264,0,24,0,48,64,"batch_decode_kernels::mfma_gemm(float*, float const*, unsigned short const*, int, int, int, int)",977,40,144410.0,0.0,64512.0,36.0,876662.0,14066341.0,897956.0,4912630839735758.0,4912630839815119.0
977,1,1280,256,1024,0,24,0,32,64,"batch_decode_kernels::kv_norm_rope(unsigned short*, float const*, unsigned short const*, int, int, int, int, int, int, float const*, int, float)",978,33,29497.0,0.0,350.0,20.0,86288.0,1425609.0,35682.0,4912630840001200.0,4912630840011920.0
978,1,32768,256,11264,0,24,0,48,64,"batch_decode_kernels::mfma_head_gemm(float*, float const*, unsigned short const*, int, int, int, int, int, int, unsigned long)",979,28,33353.0,0.0,57344.0,512.0,414413.0,2437425.0,1133140.0,4912630840187760.0,4912630840200720.0
979,1,5120,256,0,0,24,0,32,64,"batch_decode_kernels::q_rope(float*, float const*, int, int, int, int, int, int, float const*, int)",980,29,23544.0,0.0,0.0,80.0,91965.0,1429496.0,85826.0,4912630840386161.0,4912630840393361.0
980,1,5120,256,0,0,16,0,32,64,"batch_decode_kernels::attention_score(float*, float const*, float const*, unsigned short const*, int, int, int, int, int, int, int, float)",981,43,28230.0,0.0,3840.0,80.0,164566.0,1874642.0,181047.0,4912630840562642.0,4912630840572562.0
981,1,20480,256,1024,0,20,4,48,64,"void attention_kernels::softmax_rows_kernel<256>(float*, int, int, int, int)",982,52,24600.0,0.0,10240.0,320.0,101441.0,1584664.0,232650.0,4912630840755443.0,4912630840763443.0
982,1,2621440,256,0,0,16,0,32,64,"batch_decode_kernels::latent_context(float*, float const*, unsigned short const*, int, int, int, int, int, int)",983,26,64050.0,0.0,983040.0,40960.0,540619.0,5698436.0,4231419.0,4912630840945684.0,4912630840978964.0
983,1,8192,256,11264,0,24,0,48,64,"batch_decode_kernels::mfma_head_gemm(float*, float const*, unsigned short const*, int, int, int, int, int, int, unsigned long)",984,28,54520.0,0.0,57344.0,128.0,783864.0,4657734.0,884549.0,4912630841164725.0,4912630841190325.0
984,1,8192,256,11264,0,24,0,48,64,"batch_decode_kernels::mfma_gemm(float*, float const*, unsigned short const*, int, int, int, int)",985,40,143119.0,0.0,229376.0,128.0,1963188.0,13770149.0,3115869.0,4912630841369686.0,4912630841448246.0
985,1,1280,256,1024,0,12,4,32,64,"batch_decode_kernels::rmsnorm(float*, float const*, unsigned short const*, int, int, float)",986,36,33582.0,0.0,350.0,20.0,80779.0,1683568.0,77053.0,4912630841630967.0,4912630841644087.0
986,1,256,256,11264,0,24,0,48,64,"batch_decode_kernels::mfma_gemm(float*, float const*, unsigned short const*, int, int, int, int)",987,40,152944.0,0.0,7168.0,4.0,268245.0,2135123.0,107868.0,4912630841812087.0,4912630841896408.0
987,1,320,64,0,0,16,0,48,64,"void moe_kernels::router_topk_wave64_kernel<64>(float*, float const*, int*, float*, int, int, int, int, int, float)",988,57,38051.0,0.0,1840.0,5.0,49021.0,1977030.0,25321.0,4912630842077209.0,4912630842093049.0
988,1,256,256,1024,0,12,4,64,64,"batch_decode_kernels::align_routes(int const*, int, int, int, int*, int*, int*)",989,42,40874.0,8.0,414.0,4.0,37804.0,668515.0,4340.0,4912630842255769.0,4912630842273049.0
989,1,349184,256,19968,0,36,4,48,64,"void batch_decode_kernels::grouped_expert_gate_up<16, 1>(float const*, char const*, unsigned long const*, unsigned long const*, int const*, int const*, float*, unsigned short*, int, int, int, int, int)",990,25,232010.0,0.0,1486848.0,5456.0,6442518.0,22912737.0,15796822.0,4912630842455130.0,4912630842590971.0
990,1,11264,256,19968,0,32,0,48,64,"batch_decode_kernels::mfma_gate_up_swiglu(float*, float const*, unsigned short const*, unsigned short const*, int, int, int)",991,18,159291.0,0.0,495616.0,176.0,2606260.0,15568894.0,4592185.0,4912630842768412.0,4912630842857532.0
991,1,507904,256,11264,0,24,0,48,64,"void batch_decode_kernels::grouped_expert_down<16, 1>(float const*, unsigned short const*, char const*, unsigned long const*, int const*, int const*, float*, int, int, int, int)",992,24,140158.0,0.0,946176.0,7936.0,3663877.0,13462010.0,10644850.0,4912630843034013.0,4912630843113853.0
992,1,1280,256,0,0,12,4,32,64,"batch_decode_kernels::reduce_routes_add(float*, float const*, float const*, int, int, int)",993,20,62448.0,0.0,0.0,20.0,237425.0,3492076.0,222312.0,4912630843278974.0,4912630843309534.0
993,1,8192,256,11264,0,24,0,48,64,"batch_decode_kernels::mfma_gemm(float*, float const*, unsigned short const*, int, int, int, int)",994,40,192863.0,0.0,315392.0,128.0,3163268.0,19022188.0,4448204.0,4912630843482015.0,4912630843590975.0
994,1,1280,256,1024,0,12,4,32,64,"batch_decode_kernels::rmsnorm(float*, float const*, unsigned short const*, int, int, float)",995,36,32822.0,0.0,350.0,20.0,76164.0,1627668.0,72665.0,4912630843764736.0,4912630843777376.0
995,1,12288,256,11264,0,24,0,48,64,"batch_decode_kernels::mfma_gemm(float*, float const*, unsigned short const*, int, int, int, int)",996,40,143741.0,0.0,344064.0,192.0,2094871.0,13972494.0,4754681.0,4912630843946017.0,4912630844025857.0
996,1,2304,256,11264,0,24,0,48,64,"batch_decode_kernels::mfma_gemm(float*, float const*, unsigned short const*, int, int, int, int)",997,40,146017.0,0.0,64512.0,36.0,850742.0,14209497.0,905746.0,4912630844195458.0,4912630844275778.0
997,1,1280,256,1024,0,24,0,32,64,"batch_decode_kernels::kv_norm_rope(unsigned short*, float const*, unsigned short const*, int, int, int, int, int, int, float const*, int, float)",998,33,28877.0,0.0,350.0,20.0,87433.0,1345386.0,33717.0,4912630844450819.0,4912630844460899.0
998,1,32768,256,11264,0,24,0,48,64,"batch_decode_kernels::mfma_head_gemm(float*, float const*, unsigned short const*, int, int, int, int, int, int, unsigned long)",999,28,32004.0,0.0,57344.0,512.0,390815.0,2371606.0,1104592.0,4912630844624100.0,4912630844636740.0
999,1,5120,256,0,0,24,0,32,64,"batch_decode_kernels::q_rope(float*, float const*, int, int, int, int, int, int, float const*, int)",1000,29,22878.0,0.0,0.0,80.0,89180.0,1383801.0,86451.0,4912630844810501.0,4912630844817381.0
1000,1,5120,256,0,0,16,0,32,64,"batch_decode_kernels::attention_score(float*, float const*, float const*, unsigned short const*, int, int, int, int, int, int, int, float)",1001,43,27293.0,0.0,3840.0,80.0,165919.0,1851502.0,179385.0,4912630844980741.0,4912630844990341.0
1001,1,20480,256,1024,0,20,4,48,64,"void attention_kernels::softmax_rows_kernel<256>(float*, int, int, int, int)",1002,52,25370.0,0.0,10240.0,320.0,103452.0,1606426.0,231869.0,4912630845154182.0,4912630845162342.0
1002,1,2621440,256,0,0,16,0,32,64,"batch_decode_kernels::latent_context(float*, float const*, unsigned short const*, int, int, int, int, int, int)",1003,26,64237.0,0.0,983040.0,40960.0,532797.0,5682459.0,4167902.0,4912630845338823.0,4912630845372103.0
1003,1,8192,256,11264,0,24,0,48,64,"batch_decode_kernels::mfma_head_gemm(float*, float const*, unsigned short const*, int, int, int, int, int, int, unsigned long)",1004,28,53578.0,0.0,57344.0,128.0,613702.0,4569867.0,868903.0,4912630845616104.0,4912630845641544.0
1004,1,8192,256,11264,0,24,0,48,64,"batch_decode_kernels::mfma_gemm(float*, float const*, unsigned short const*, int, int, int, int)",1005,40,146033.0,0.0,229376.0,128.0,1941237.0,14167169.0,3237781.0,4912630845803625.0,4912630845884265.0
1005,1,1280,256,1024,0,12,4,32,64,"batch_decode_kernels::rmsnorm(float*, float const*, unsigned short const*, int, int, float)",1006,36,32341.0,0.0,350.0,20.0,77413.0,1619595.0,71978.0,4912630846052266.0,4912630846064906.0
1006,1,256,256,11264,0,24,0,48,64,"batch_decode_kernels::mfma_gemm(float*, float const*, unsigned short const*, int, int, int, int)",1007,40,154663.0,0.0,7168.0,4.0,269271.0,2154441.0,108642.0,4912630846234987.0,4912630846320107.0
1007,1,320,64,0,0,16,0,48,64,"void moe_kernels::router_topk_wave64_kernel<64>(float*, float const*, int*, float*, int, int, int, int, int, float)",1008,57,38726.0,0.0,1840.0,5.0,50834.0,2013885.0,26739.0,4912630846484588.0,4912630846500908.0
1008,1,256,256,1024,0,12,4,64,64,"batch_decode_kernels::align_routes(int const*, int, int, int, int*, int*, int*)",1009,42,39492.0,8.0,414.0,4.0,37898.0,659532.0,4207.0,4912630846663949.0,4912630846680749.0
1009,1,349184,256,19968,0,36,4,48,64,"void batch_decode_kernels::grouped_expert_gate_up<16, 1>(float const*, char const*, unsigned long const*, unsigned long const*, int const*, int const*, float*, unsigned short*, int, int, int, int, int)",1010,25,228348.0,0.0,1486848.0,5456.0,6310184.0,22513000.0,15374606.0,4912630846838509.0,4912630846972430.0
1010,1,11264,256,19968,0,32,0,48,64,"batch_decode_kernels::mfma_gate_up_swiglu(float*, float const*, unsigned short const*, unsigned short const*, int, int, int)",1011,18,156653.0,0.0,495616.0,176.0,2557322.0,15311247.0,4548696.0,4912630847134351.0,4912630847221871.0
1011,1,507904,256,11264,0,24,0,48,64,"void batch_decode_kernels::grouped_expert_down<16, 1>(float const*, unsigned short const*, char const*, unsigned long const*, int const*, int const*, float*, int, int, int, int)",1012,24,136860.0,0.0,946176.0,7936.0,3585660.0,13219898.0,10491511.0,4912630847390672.0,4912630847468592.0
1012,1,1280,256,0,0,12,4,32,64,"batch_decode_kernels::reduce_routes_add(float*, float const*, float const*, int, int, int)",1013,20,62522.0,0.0,0.0,20.0,222164.0,3504751.0,223223.0,4912630847632753.0,4912630847663313.0
1013,1,8192,256,11264,0,24,0,48,64,"batch_decode_kernels::mfma_gemm(float*, float const*, unsigned short const*, int, int, int, int)",1014,40,194555.0,0.0,315392.0,128.0,3071947.0,19226288.0,4491535.0,4912630847822834.0,4912630847932754.0
1014,1,1280,256,1024,0,12,4,32,64,"batch_decode_kernels::rmsnorm(float*, float const*, unsigned short const*, int, int, float)",1015,36,31772.0,0.0,350.0,20.0,73570.0,1587563.0,70005.0,4912630848096755.0,4912630848109075.0
1015,1,12288,256,11264,0,24,0,48,64,"batch_decode_kernels::mfma_gemm(float*, float const*, unsigned short const*, int, int, int, int)",1016,40,142494.0,0.0,344064.0,192.0,2120986.0,13833342.0,4690716.0,4912630848267156.0,4912630848346196.0
1016,1,2304,256,11264,0,24,0,48,64,"batch_decode_kernels::mfma_gemm(float*, float const*, unsigned short const*, int, int, int, int)",1017,40,145569.0,0.0,64512.0,36.0,844246.0,14162164.0,902518.0,4912630848503157.0,4912630848583157.0
1017,1,1280,256,1024,0,24,0,32,64,"batch_decode_kernels::kv_norm_rope(unsigned short*, float const*, unsigned short const*, int, int, int, int, int, int, float const*, int, float)",1018,33,27808.0,0.0,350.0,20.0,84691.0,1309896.0,33063.0,4912630848746358.0,4912630848755958.0
1018,1,32768,256,11264,0,24,0,48,64,"batch_decode_kernels::mfma_head_gemm(float*, float const*, unsigned short const*, int, int, int, int, int, int, unsigned long)",1019,28,31603.0,0.0,57344.0,512.0,376747.0,2277733.0,1035789.0,4912630848919799.0,4912630848931959.0
1019,1,5120,256,0,0,24,0,32,64,"batch_decode_kernels::q_rope(float*, float const*, int, int, int, int, int, int, float const*, int)",1020,29,23349.0,0.0,0.0,80.0,88608.0,1387623.0,83994.0,4912630849094039.0,4912630849101079.0
1020,1,5120,256,0,0,16,0,32,64,"batch_decode_kernels::attention_score(float*, float const*, float const*, unsigned short const*, int, int, int, int, int, int, int, float)",1021,43,27311.0,0.0,3840.0,80.0,166759.0,1843325.0,180503.0,4912630849262360.0,4912630849271800.0
1021,1,20480,256,1024,0,20,4,48,64,"void attention_kernels::softmax_rows_kernel<256>(float*, int, int, int, int)",1022,52,24862.0,0.0,10240.0,320.0,99102.0,1614252.0,229862.0,4912630849436121.0,4912630849444121.0
1022,1,2621440,256,0,0,16,0,32,64,"batch_decode_kernels::latent_context(float*, float const*, unsigned short const*, int, int, int, int, int, int)",1023,26,64406.0,0.0,983040.0,40960.0,528361.0,5729051.0,4187385.0,4912630849607642.0,4912630849641082.0
1023,1,8192,256,11264,0,24,0,48,64,"batch_decode_kernels::mfma_head_gemm(float*, float const*, unsigned short const*, int, int, int, int, int, int, unsigned long)",1024,28,54218.0,0.0,57344.0,128.0,682410.0,4671956.0,894441.0,4912630849803802.0,4912630849829402.0
1024,1,8192,256,11264,0,24,0,48,64,"batch_decode_kernels::mfma_gemm(float*, float const*, unsigned short const*, int, int, int, int)",1025,40,145394.0,0.0,229376.0,128.0,1968774.0,14100596.0,3243556.0,4912630849987963.0,4912630850068284.0
1025,1,1280,256,1024,0,12,4,32,64,"batch_decode_kernels::rmsnorm(float*, float const*, unsigned short const*, int, int, float)",1026,36,32971.0,0.0,350.0,20.0,76615.0,1663847.0,75189.0,4912630850221564.0,4912630850234524.0
1026,1,256,256,11264,0,24,0,48,64,"batch_decode_kernels::mfma_gemm(float*, float const*, unsigned short const*, int, int, int, int)",1027,40,155807.0,0.0,7168.0,4.0,268792.0,2166622.0,107805.0,4912630850398045.0,4912630850483805.0
1027,1,320,64,0,0,16,0,48,64,"void moe_kernels::router_topk_wave64_kernel<64>(float*, float const*, int*, float*, int, int, int, int, int, float)",1028,57,38019.0,0.0,1840.0,5.0,49657.0,1977589.0,26135.0,4912630850644286.0,4912630850660286.0
1028,1,256,256,1024,0,12,4,64,64,"batch_decode_kernels::align_routes(int const*, int, int, int, int*, int*, int*)",1029,42,40450.0,8.0,414.0,4.0,37725.0,673260.0,4272.0,4912630850822207.0,4912630850839647.0
1029,1,349184,256,19968,0,36,4,48,64,"void batch_decode_kernels::grouped_expert_gate_up<16, 1>(float const*, char const*, unsigned long const*, unsigned long const*, int const*, int const*, float*, unsigned short*, int, int, int, int, int)",1030,25,232202.0,0.0,1486848.0,5456.0,6400232.0,22876696.0,15584366.0,4912630850997728.0,4912630851134048.0
1030,1,11264,256,19968,0,32,0,48,64,"batch_decode_kernels::mfma_gate_up_swiglu(float*, float const*, unsigned short const*, unsigned short const*, int, int, int)",1031,18,156951.0,0.0,495616.0,176.0,2511039.0,15338391.0,4614981.0,4912630851290049.0,4912630851377889.0
1031,1,507904,256,11264,0,24,0,48,64,"void batch_decode_kernels::grouped_expert_down<16, 1>(float const*, unsigned short const*, char const*, unsigned long const*, int const*, int const*, float*, int, int, int, int)",1032,24,141233.0,0.0,946176.0,7936.0,3685483.0,13429089.0,10676876.0,4912630851537090.0,4912630851617410.0
1032,1,1280,256,0,0,12,4,32,64,"batch_decode_kernels::reduce_routes_add(float*, float const*, float const*, int, int, int)",1033,20,62367.0,0.0,0.0,20.0,227686.0,3513773.0,224251.0,4912630851777891.0,4912630851808291.0
1033,1,8192,256,11264,0,24,0,48,64,"batch_decode_kernels::mfma_gemm(float*, float const*, unsigned short const*, int, int, int, int)",1034,40,194687.0,0.0,315392.0,128.0,3106318.0,19219528.0,4491483.0,4912630851960932.0,4912630852070852.0
1034,1,1280,256,1024,0,12,4,32,64,"batch_decode_kernels::rmsnorm(float*, float const*, unsigned short const*, int, int, float)",1035,36,32067.0,0.0,350.0,20.0,76483.0,1598405.0,71639.0,4912630852223813.0,4912630852236293.0
1035,1,12288,256,11264,0,24,0,48,64,"batch_decode_kernels::mfma_gemm(float*, float const*, unsigned short const*, int, int, int, int)",1036,40,143974.0,0.0,344064.0,192.0,2125085.0,13963277.0,4712908.0,4912630852395334.0,4912630852475174.0
1036,1,2304,256,11264,0,24,0,48,64,"batch_decode_kernels::mfma_gemm(float*, float const*, unsigned short const*, int, int, int, int)",1037,40,145494.0,0.0,64512.0,36.0,858374.0,14196861.0,903330.0,4912630852632295.0,4912630852712615.0
1037,1,1280,256,1024,0,24,0,32,64,"batch_decode_kernels::kv_norm_rope(unsigned short*, float const*, unsigned short const*, int, int, int, int, int, int, float const*, int, float)",1038,33,29246.0,0.0,350.0,20.0,88816.0,1390743.0,33787.0,4912630852869896.0,4912630852880296.0
1038,1,32768,256,11264,0,24,0,48,64,"batch_decode_kernels::mfma_head_gemm(float*, float const*, unsigned short const*, int, int, int, int, int, int, unsigned long)",1039,28,31675.0,0.0,57344.0,512.0,385333.0,2299001.0,1052802.0,4912630853038857.0,4912630853051017.0
1039,1,5120,256,0,0,24,0,32,64,"batch_decode_kernels::q_rope(float*, float const*, int, int, int, int, int, int, float const*, int)",1040,29,22879.0,0.0,0.0,80.0,89632.0,1361194.0,86987.0,4912630853204617.0,4912630853211497.0
1040,1,5120,256,0,0,16,0,32,64,"batch_decode_kernels::attention_score(float*, float const*, float const*, unsigned short const*, int, int, int, int, int, int, int, float)",1041,43,27749.0,0.0,3840.0,80.0,165696.0,1865191.0,186291.0,4912630853365898.0,4912630853375498.0
1041,1,20480,256,1024,0,20,4,48,64,"void attention_kernels::softmax_rows_kernel<256>(float*, int, int, int, int)",1042,52,24166.0,0.0,10240.0,320.0,104029.0,1562798.0,241704.0,4912630853526859.0,4912630853534539.0
1042,1,2621440,256,0,0,16,0,32,64,"batch_decode_kernels::latent_context(float*, float const*, unsigned short const*, int, int, int, int, int, int)",1043,26,63830.0,0.0,983040.0,40960.0,534745.0,5666781.0,4187804.0,4912630853688459.0,4912630853721579.0
1043,1,8192,256,11264,0,24,0,48,64,"batch_decode_kernels::mfma_head_gemm(float*, float const*, unsigned short const*, int, int, int, int, int, int, unsigned long)",1044,28,54324.0,0.0,57344.0,128.0,586073.0,4666795.0,870403.0,4912630853872460.0,4912630853898060.0
1044,1,8192,256,11264,0,24,0,48,64,"batch_decode_kernels::mfma_gemm(float*, float const*, unsigned short const*, int, int, int, int)",1045,40,145655.0,0.0,229376.0,128.0,1967064.0,14131640.0,3267902.0,4912630854051661.0,4912630854132301.0
1045,1,1280,256,1024,0,12,4,32,64,"batch_decode_kernels::rmsnorm(float*, float const*, unsigned short const*, int, int, float)",1046,36,32792.0,0.0,350.0,20.0,73856.0,1620999.0,72286.0,4912630854285422.0,4912630854297902.0
1046,1,256,256,11264,0,24,0,48,64,"batch_decode_kernels::mfma_gemm(float*, float const*, unsigned short const*, int, int, int, int)",1047,40,155783.0,0.0,7168.0,4.0,270062.0,2168741.0,106725.0,4912630854452783.0,4912630854538703.0
1047,1,320,64,0,0,16,0,48,64,"void moe_kernels::router_topk_wave64_kernel<64>(float*, float const*, int*, float*, int, int, int, int, int, float)",1048,57,37617.0,0.0,1840.0,5.0,48104.0,1963991.0,26136.0,4912630854690064.0,4912630854705744.0
1048,1,256,256,1024,0,12,4,64,64,"batch_decode_kernels::align_routes(int const*, int, int, int, int*, int*, int*)",1049,42,39925.0,18.0,424.0,4.0,37438.0,667059.0,4352.0,4912630854859664.0,4912630854876785.0
1049,1,349184,256,19968,0,36,4,48,64,"void batch_decode_kernels::grouped_expert_gate_up<16, 1>(float const*, char const*, unsigned long const*, unsigned long const*, int const*, int const*, float*, unsigned short*, int, int, int, int, int)",1050,25,231218.0,0.0,1486848.0,5456.0,6351828.0,22512532.0,15384607.0,4912630855032305.0,4912630855167666.0
1050,1,11264,256,19968,0,32,0,48,64,"batch_decode_kernels::mfma_gate_up_swiglu(float*, float const*, unsigned short const*, unsigned short const*, int, int, int)",1051,18,158711.0,0.0,495616.0,176.0,2532332.0,15522445.0,4660054.0,4912630855318706.0,4912630855407667.0
1051,1,507904,256,11264,0,24,0,48,64,"void batch_decode_kernels::grouped_expert_down<16, 1>(float const*, unsigned short const*, char const*, unsigned long const*, int const*, int const*, float*, int, int, int, int)",1052,24,139578.0,0.0,946176.0,7936.0,3645689.0,13405850.0,10554412.0,4912630855559508.0,4912630855639028.0
1052,1,1280,256,0,0,12,4,32,64,"batch_decode_kernels::reduce_routes_add(float*, float const*, float const*, int, int, int)",1053,20,61675.0,0.0,0.0,20.0,226015.0,3508690.0,223663.0,4912630855787989.0,4912630855818229.0
1053,1,8192,256,11264,0,24,0,48,64,"batch_decode_kernels::mfma_gemm(float*, float const*, unsigned short const*, int, int, int, int)",1054,40,193671.0,0.0,315392.0,128.0,3055843.0,19119077.0,4487089.0,4912630855967029.0,4912630856076470.0
1054,1,1280,256,1024,0,12,4,32,64,"batch_decode_kernels::rmsnorm(float*, float const*, unsigned short const*, int, int, float)",1055,36,31562.0,0.0,350.0,20.0,75926.0,1561498.0,67177.0,4912630856222870.0,4912630856234870.0
1055,1,409600,256,11264,0,24,0,48,64,"batch_decode_kernels::mfma_gemm(float*, float const*, unsigned short const*, int, int, int, int)",1056,40,807210.0,0.0,11468800.0,6400.0,24431513.0,82514331.0,75738604.0,4912630856384631.0,4912630856890393.0
1056,1,1280,256,2048,0,8,0,32,64,"batch_decode_kernels::argmax(float const*, int, int*, int)",1057,17,318880.0,0.0,520.0,20.0,2568904.0,19988725.0,1397064.0,4912630857038394.0,4912630857221435.0
1057,1,512,512,0,0,20,4,32,64,__amd_rocclr_copyBuffer,1058,6,19089.0,0.0,0.0,8.0,29734.0,393487.0,3593.0,4912630859786086.0,4912630859790726.0
1058,1,51200,256,0,0,8,0,32,64,"batch_decode_kernels::embedding(float*, unsigned short const*, int const*, int*, int, int, int, int)",1059,34,19959.0,0.0,0.0,800.0,120290.0,1074128.0,388382.0,4912630859945287.0,4912630859950567.0
1059,1,6400,256,1024,0,12,4,32,64,"batch_decode_kernels::rmsnorm(float*, float const*, unsigned short const*, int, int, float)",1060,36,34932.0,0.0,1750.0,100.0,89771.0,2674051.0,424620.0,4912630860109927.0,4912630860124007.0
1060,1,24576,256,11264,0,24,0,48,64,"batch_decode_kernels::mfma_gemm(float*, float const*, unsigned short const*, int, int, int, int)",1061,40,171155.0,0.0,688128.0,384.0,2661179.0,16827268.0,11942697.0,4912630860278088.0,4912630860375689.0
1061,1,4608,256,11264,0,24,0,48,64,"batch_decode_kernels::mfma_gemm(float*, float const*, unsigned short const*, int, int, int, int)",1062,40,164591.0,0.0,129024.0,72.0,1056549.0,16144469.0,1979579.0,4912630860532169.0,4912630860623690.0
1062,1,6400,256,1024,0,24,0,32,64,"batch_decode_kernels::prefill_kv_norm_rope(unsigned short*, float const*, unsigned short const*, int, int, int, int, int, int, float const*, int, float)",1063,44,28334.0,0.0,1750.0,100.0,147067.0,1979994.0,180905.0,4912630860780330.0,4912630860790410.0
1063,1,65536,256,11264,0,24,0,48,64,"batch_decode_kernels::mfma_head_gemm(float*, float const*, unsigned short const*, int, int, int, int, int, int, unsigned long)",1064,28,34319.0,0.0,114688.0,1024.0,481241.0,2601004.0,1440873.0,4912630860948331.0,4912630860962411.0
1064,1,25600,256,0,0,24,0,32,64,"batch_decode_kernels::prefill_q_rope(float*, float const*, int, int, int, int, int, float const*, int)",1065,45,24240.0,0.0,0.0,400.0,116708.0,1480612.0,437039.0,4912630861115692.0,4912630861123212.0
1065,1,25600,256,0,0,64,0,96,64,"void batch_decode_kernels::flash_prefill<8>(float*, float const*, float const*, unsigned short const*, int, int, int, int, int, int, int, float)",1066,22,64911.0,0.0,204600.0,400.0,510379.0,5795169.0,1650521.0,4912630861284013.0,4912630861316333.0
1066,1,16384,256,11264,0,24,0,48,64,"batch_decode_kernels::mfma_head_gemm(float*, float const*, unsigned short const*, int, int, int, int, int, int, unsigned long)",1067,28,60246.0,0.0,114688.0,256.0,1034211.0,5248233.0,1946997.0,4912630861478413.0,4912630861507853.0
1067,1,16384,256,11264,0,24,0,48,64,"batch_decode_kernels::mfma_gemm(float*, float const*, unsigned short const*, int, int, int, int)",1068,40,167273.0,0.0,458752.0,256.0,2397523.0,16401921.0,7832375.0,4912630861665134.0,4912630861759375.0
1068,1,6400,256,1024,0,12,4,32,64,"batch_decode_kernels::rmsnorm(float*, float const*, unsigned short const*, int, int, float)",1069,36,33681.0,0.0,1750.0,100.0,90858.0,2542075.0,389807.0,4912630861917775.0,4912630861931055.0
1069,1,87552,256,19968,0,32,0,48,64,"batch_decode_kernels::mfma_gate_up_swiglu(float*, float const*, unsigned short const*, unsigned short const*, int, int, int)",1070,18,358096.0,0.0,3852288.0,1368.0,8676902.0,35971861.0,22453986.0,4912630862092496.0,4912630862310417.0
1070,1,16384,256,11264,0,24,0,48,64,"batch_decode_kernels::mfma_gemm(float*, float const*, unsigned short const*, int, int, int, int)",1071,40,805486.0,0.0,2451456.0,256.0,14484869.0,82746992.0,37766633.0,4912630862469778.0,4912630862950580.0
1071,1,6400,256,1024,0,12,4,32,64,"batch_decode_kernels::rmsnorm(float*, float const*, unsigned short const*, int, int, float)",1072,36,32138.0,0.0,1750.0,100.0,83529.0,2320126.0,339544.0,4912630863112500.0,4912630863124661.0
1072,1,24576,256,11264,0,24,0,48,64,"batch_decode_kernels::mfma_gemm(float*, float const*, unsigned short const*, int, int, int, int)",1073,40,168276.0,0.0,688128.0,384.0,2552759.0,16498654.0,11872474.0,4912630863291381.0,4912630863386902.0
1073,1,4608,256,11264,0,24,0,48,64,"batch_decode_kernels::mfma_gemm(float*, float const*, unsigned short const*, int, int, int, int)",1074,40,165224.0,0.0,129024.0,72.0,1054726.0,16197548.0,1965095.0,4912630863539062.0,4912630863630903.0
1074,1,6400,256,1024,0,24,0,32,64,"batch_decode_kernels::prefill_kv_norm_rope(unsigned short*, float const*, unsigned short const*, int, int, int, int, int, int, float const*, int, float)",1075,44,27539.0,0.0,1750.0,100.0,152726.0,1918075.0,180560.0,4912630863797783.0,4912630863807544.0
1075,1,65536,256,11264,0,24,0,48,64,"batch_decode_kernels::mfma_head_gemm(float*, float const*, unsigned short const*, int, int, int, int, int, int, unsigned long)",1076,28,35350.0,0.0,114688.0,1024.0,473866.0,2601212.0,1418484.0,4912630863982264.0,4912630863996824.0
1076,1,25600,256,0,0,24,0,32,64,"batch_decode_kernels::prefill_q_rope(float*, float const*, int, int, int, int, int, float const*, int)",1077,45,23355.0,0.0,0.0,400.0,112305.0,1484211.0,440094.0,4912630864166745.0,4912630864173945.0
1077,1,25600,256,0,0,64,0,96,64,"void batch_decode_kernels::flash_prefill<8>(float*, float const*, float const*, unsigned short const*, int, int, int, int, int, int, int, float)",1078,22,66902.0,0.0,204600.0,400.0,519681.0,5929394.0,1654776.0,4912630864328026.0,4912630864361306.0
1078,1,16384,256,11264,0,24,0,48,64,"batch_decode_kernels::mfma_head_gemm(float*, float const*, unsigned short const*, int, int, int, int, int, int, unsigned long)",1079,28,60096.0,0.0,114688.0,256.0,1023672.0,5180659.0,1921545.0,4912630864526907.0,4912630864556347.0
1079,1,16384,256,11264,0,24,0,48,64,"batch_decode_kernels::mfma_gemm(float*, float const*, unsigned short const*, int, int, int, int)",1080,40,167092.0,0.0,458752.0,256.0,2413658.0,16396669.0,7767478.0,4912630864727548.0,4912630864821788.0
1080,1,6400,256,1024,0,12,4,32,64,"batch_decode_kernels::rmsnorm(float*, float const*, unsigned short const*, int, int, float)",1081,36,31348.0,0.0,1750.0,100.0,83032.0,2310207.0,338744.0,4912630864993949.0,4912630865006109.0
1081,1,512,256,11264,0,24,0,48,64,"batch_decode_kernels::mfma_gemm(float*, float const*, unsigned short const*, int, int, int, int)",1082,40,176037.0,0.0,14336.0,8.0,370269.0,4568346.0,235771.0,4912630865183070.0,4912630865281150.0
1082,1,1600,64,0,0,16,0,48,64,"void moe_kernels::router_topk_wave64_kernel<64>(float*, float const*, int*, float*, int, int, int, int, int, float)",1083,57,38379.0,0.0,9200.0,25.0,100129.0,3002964.0,163538.0,4912630865429631.0,4912630865445951.0
1083,1,256,256,1024,0,12,4,64,64,"batch_decode_kernels::align_routes(int const*, int, int, int, int*, int*, int*)",1084,42,44663.0,26.0,440.0,4.0,44686.0,725780.0,9018.0,4912630865614431.0,4912630865634272.0
1084,1,394240,256,19968,0,36,4,48,64,"void batch_decode_kernels::grouped_expert_gate_up<16, 1>(float const*, char const*, unsigned long const*, unsigned long const*, int const*, int const*, float*, unsigned short*, int, int, int, int, int)",1085,25,586747.0,0.0,5451776.0,6160.0,16825600.0,56788358.0,47052657.0,4912630865805632.0,4912630866165634.0
1085,1,22528,256,19968,0,32,0,48,64,"batch_decode_kernels::mfma_gate_up_swiglu(float*, float const*, unsigned short const*, unsigned short const*, int, int, int)",1086,18,179907.0,0.0,991232.0,352.0,3196021.0,17735864.0,11383616.0,4912630866352035.0,4912630866455235.0
1086,1,573440,256,11264,0,24,0,48,64,"void batch_decode_kernels::grouped_expert_down<16, 1>(float const*, unsigned short const*, char const*, unsigned long const*, int const*, int const*, float*, int, int, int, int)",1087,24,350101.0,0.0,3469312.0,8960.0,10139054.0,34352503.0,29740287.0,4912630866635396.0,4912630866848037.0
1087,1,6400,256,0,0,12,4,32,64,"batch_decode_kernels::reduce_routes_add(float*, float const*, float const*, int, int, int)",1088,20,58112.0,0.0,0.0,100.0,716212.0,4974687.0,983760.0,4912630867009638.0,4912630867037478.0
1088,1,16384,256,11264,0,24,0,48,64,"batch_decode_kernels::mfma_gemm(float*, float const*, unsigned short const*, int, int, int, int)",1089,40,224678.0,0.0,630784.0,256.0,3959582.0,22320496.0,10008629.0,4912630867210118.0,4912630867339079.0
1089,1,6400,256,1024,0,12,4,32,64,"batch_decode_kernels::rmsnorm(float*, float const*, unsigned short const*, int, int, float)",1090,36,32647.0,0.0,1750.0,100.0,85599.0,2429443.0,364236.0,4912630867494440.0,4912630867507080.0
1090,1,24576,256,11264,0,24,0,48,64,"batch_decode_kernels::mfma_gemm(float*, float const*, unsigned short const*, int, int, int, int)",1091,40,170319.0,0.0,688128.0,384.0,2698067.0,16750802.0,12052959.0,4912630867678920.0,4912630867775881.0
1091,1,4608,256,11264,0,24,0,48,64,"batch_decode_kernels::mfma_gemm(float*, float const*, unsigned short const*, int, int, int, int)",1092,40,165438.0,0.0,129024.0,72.0,1056914.0,16229151.0,1974754.0,4912630867949482.0,4912630868041482.0
1092,1,6400,256,1024,0,24,0,32,64,"batch_decode_kernels::prefill_kv_norm_rope(unsigned short*, float const*, unsigned short const*, int, int, int, int, int, int, float const*, int, float)",1093,44,27774.0,0.0,1750.0,100.0,143277.0,1927032.0,177763.0,4912630868201323.0,4912630868211243.0
1093,1,65536,256,11264,0,24,0,48,64,"batch_decode_kernels::mfma_head_gemm(float*, float const*, unsigned short const*, int, int, int, int, int, int, unsigned long)",1094,28,34963.0,0.0,114688.0,1024.0,479787.0,2653589.0,1423089.0,4912630868397484.0,4912630868411884.0
1094,1,25600,256,0,0,24,0,32,64,"batch_decode_kernels::prefill_q_rope(float*, float const*, int, int, int, int, int, float const*, int)",1095,45,23517.0,0.0,0.0,400.0,111236.0,1459630.0,421653.0,4912630868595404.0,4912630868602764.0
1095,1,25600,256,0,0,64,0,96,64,"void batch_decode_kernels::flash_prefill<8>(float*, float const*, float const*, unsigned short const*, int, int, int, int, int, int, int, float)",1096,22,64461.0,0.0,204600.0,400.0,516173.0,5726230.0,1647351.0,4912630868763085.0,4912630868795085.0
1096,1,16384,256,11264,0,24,0,48,64,"batch_decode_kernels::mfma_head_gemm(float*, float const*, unsigned short const*, int, int, int, int, int, int, unsigned long)",1097,28,60299.0,0.0,114688.0,256.0,1026650.0,5237014.0,1925468.0,4912630868968046.0,4912630868997486.0
1097,1,16384,256,11264,0,24,0,48,64,"batch_decode_kernels::mfma_gemm(float*, float const*, unsigned short const*, int, int, int, int)",1098,40,169910.0,0.0,458752.0,256.0,2327427.0,16670865.0,7929176.0,4912630869182607.0,4912630869278287.0
1098,1,6400,256,1024,0,12,4,32,64,"batch_decode_kernels::rmsnorm(float*, float const*, unsigned short const*, int, int, float)",1099,36,33289.0,0.0,1750.0,100.0,97156.0,2506858.0,383598.0,4912630869463088.0,4912630869476208.0
1099,1,512,256,11264,0,24,0,48,64,"batch_decode_kernels::mfma_gemm(float*, float const*, unsigned short const*, int, int, int, int)",1100,40,177287.0,0.0,14336.0,8.0,373417.0,4594112.0,244842.0,4912630869652209.0,4912630869750769.0
1100,1,1600,64,0,0,16,0,48,64,"void moe_kernels::router_topk_wave64_kernel<64>(float*, float const*, int*, float*, int, int, int, int, int, float)",1101,57,38515.0,0.0,9200.0,25.0,97562.0,2989314.0,157574.0,4912630869936050.0,4912630869952210.0
1101,1,256,256,1024,0,12,4,64,64,"batch_decode_kernels::align_routes(int const*, int, int, int, int*, int*, int*)",1102,42,44250.0,22.0,436.0,4.0,47249.0,719397.0,10533.0,4912630870105651.0,4912630870125331.0
1102,1,394240,256,19968,0,36,4,48,64,"void batch_decode_kernels::grouped_expert_gate_up<16, 1>(float const*, char const*, unsigned long const*, unsigned long const*, int const*, int const*, float*, unsigned short*, int, int, int, int, int)",1103,25,625895.0,0.0,6195200.0,6160.0,18274440.0,61540846.0,54134768.0,4912630870332052.0,4912630870717654.0
1103,1,22528,256,19968,0,32,0,48,64,"batch_decode_kernels::mfma_gate_up_swiglu(float*, float const*, unsigned short const*, unsigned short const*, int, int, int)",1104,18,182750.0,0.0,991232.0,352.0,3192388.0,17967888.0,11542403.0,4912630870897494.0,4912630871002135.0
1104,1,573440,256,11264,0,24,0,48,64,"void batch_decode_kernels::grouped_expert_down<16, 1>(float const*, unsigned short const*, char const*, unsigned long const*, int const*, int const*, float*, int, int, int, int)",1105,24,353000.0,0.0,3942400.0,8960.0,10432981.0,35291909.0,32437599.0,4912630871188536.0,4912630871403897.0
1105,1,6400,256,0,0,12,4,32,64,"batch_decode_kernels::reduce_routes_add(float*, float const*, float const*, int, int, int)",1106,20,58601.0,0.0,0.0,100.0,728699.0,5000674.0,967441.0,4912630871556057.0,4912630871584377.0
1106,1,16384,256,11264,0,24,0,48,64,"batch_decode_kernels::mfma_gemm(float*, float const*, unsigned short const*, int, int, int, int)",1107,40,227395.0,0.0,630784.0,256.0,3883932.0,22665997.0,10140338.0,4912630871737018.0,4912630871867579.0
1107,1,6400,256,1024,0,12,4,32,64,"batch_decode_kernels::rmsnorm(float*, float const*, unsigned short const*, int, int, float)",1108,36,32065.0,0.0,1750.0,100.0,84410.0,2364521.0,352220.0,4912630872045980.0,4912630872058460.0
1108,1,24576,256,11264,0,24,0,48,64,"batch_decode_kernels::mfma_gemm(float*, float const*, unsigned short const*, int, int, int, int)",1109,40,171028.0,0.0,688128.0,384.0,2617905.0,16796068.0,11981486.0,4912630872270780.0,4912630872368221.0
1109,1,4608,256,11264,0,24,0,48,64,"batch_decode_kernels::mfma_gemm(float*, float const*, unsigned short const*, int, int, int, int)",1110,40,166092.0,0.0,129024.0,72.0,1068705.0,16284674.0,1995844.0,4912630872548542.0,4912630872641022.0
1110,1,6400,256,1024,0,24,0,32,64,"batch_decode_kernels::prefill_kv_norm_rope(unsigned short*, float const*, unsigned short const*, int, int, int, int, int, int, float const*, int, float)",1111,44,27974.0,0.0,1750.0,100.0,147300.0,1890320.0,174818.0,4912630872825503.0,4912630872835103.0
1111,1,65536,256,11264,0,24,0,48,64,"batch_decode_kernels::mfma_head_gemm(float*, float const*, unsigned short const*, int, int, int, int, int, int, unsigned long)",1112,28,34665.0,0.0,114688.0,1024.0,472343.0,2611651.0,1419539.0,4912630873029184.0,4912630873043424.0
1112,1,25600,256,0,0,24,0,32,64,"batch_decode_kernels::prefill_q_rope(float*, float const*, int, int, int, int, int, float const*, int)",1113,45,24876.0,0.0,0.0,400.0,110951.0,1512345.0,439086.0,4912630873227265.0,4912630873235105.0
1113,1,25600,256,0,0,64,0,96,64,"void batch_decode_kernels::flash_prefill<8>(float*, float const*, float const*, unsigned short const*, int, int, int, int, int, int, int, float)",1114,22,64215.0,0.0,204600.0,400.0,511736.0,5672384.0,1689513.0,4912630873428226.0,4912630873460066.0
1114,1,16384,256,11264,0,24,0,48,64,"batch_decode_kernels::mfma_head_gemm(float*, float const*, unsigned short const*, int, int, int, int, int, int, unsigned long)",1115,28,59152.0,0.0,114688.0,256.0,1034142.0,5086422.0,1889512.0,4912630873630146.0,4912630873658947.0
1115,1,16384,256,11264,0,24,0,48,64,"batch_decode_kernels::mfma_gemm(float*, float const*, unsigned short const*, int, int, int, int)",1116,40,169568.0,0.0,458752.0,256.0,2300573.0,16609622.0,7856120.0,4912630873836227.0,4912630873931908.0
1116,1,6400,256,1024,0,12,4,32,64,"batch_decode_kernels::rmsnorm(float*, float const*, unsigned short const*, int, int, float)",1117,36,30982.0,0.0,1750.0,100.0,94756.0,2274522.0,348966.0,4912630874101028.0,4912630874112709.0
1117,1,512,256,11264,0,24,0,48,64,"batch_decode_kernels::mfma_gemm(float*, float const*, unsigned short const*, int, int, int, int)",1118,40,175990.0,0.0,14336.0,8.0,371763.0,4562600.0,236320.0,4912630874268229.0,4912630874366150.0
1118,1,1600,64,0,0,16,0,48,64,"void moe_kernels::router_topk_wave64_kernel<64>(float*, float const*, int*, float*, int, int, int, int, int, float)",1119,57,36461.0,0.0,9200.0,25.0,99449.0,2820171.0,159567.0,4912630874532390.0,4912630874547430.0
1119,1,256,256,1024,0,12,4,64,64,"batch_decode_kernels::align_routes(int const*, int, int, int, int*, int*, int*)",1120,42,44165.0,22.0,436.0,4.0,45500.0,721854.0,10117.0,4912630874698151.0,4912630874717671.0
1120,1,394240,256,19968,0,36,4,48,64,"void batch_decode_kernels::grouped_expert_gate_up<16, 1>(float const*, char const*, unsigned long const*, unsigned long const*, int const*, int const*, float*, unsigned short*, int, int, int, int, int)",1121,25,599174.0,0.0,5947392.0,6160.0,17756905.0,59879030.0,51756650.0,4912630874884872.0,4912630875253354.0
1121,1,22528,256,19968,0,32,0,48,64,"batch_decode_kernels::mfma_gate_up_swiglu(float*, float const*, unsigned short const*, unsigned short const*, int, int, int)",1122,18,183834.0,0.0,991232.0,352.0,3306249.0,18138266.0,11564014.0,4912630875420874.0,4912630875526475.0
1122,1,573440,256,11264,0,24,0,48,64,"void batch_decode_kernels::grouped_expert_down<16, 1>(float const*, unsigned short const*, char const*, unsigned long const*, int const*, int const*, float*, int, int, int, int)",1123,24,347954.0,0.0,3784704.0,8960.0,10311077.0,34827874.0,31321619.0,4912630875697835.0,4912630875910156.0
1123,1,6400,256,0,0,12,4,32,64,"batch_decode_kernels::reduce_routes_add(float*, float const*, float const*, int, int, int)",1124,20,57036.0,0.0,0.0,100.0,729273.0,4910857.0,974568.0,4912630876098317.0,4912630876125677.0
1124,1,16384,256,11264,0,24,0,48,64,"batch_decode_kernels::mfma_gemm(float*, float const*, unsigned short const*, int, int, int, int)",1125,40,225118.0,0.0,630784.0,256.0,3750211.0,22393010.0,9963717.0,4912630876284398.0,4912630876413679.0
1125,1,6400,256,1024,0,12,4,32,64,"batch_decode_kernels::rmsnorm(float*, float const*, unsigned short const*, int, int, float)",1126,36,34038.0,0.0,1750.0,100.0,93602.0,2583324.0,402056.0,4912630876575119.0,4912630876588719.0
1126,1,24576,256,11264,0,24,0,48,64,"batch_decode_kernels::mfma_gemm(float*, float const*, unsigned short const*, int, int, int, int)",1127,40,168430.0,0.0,688128.0,384.0,2616318.0,16550680.0,11973920.0,4912630876764080.0,4912630876860081.0
1127,1,4608,256,11264,0,24,0,48,64,"batch_decode_kernels::mfma_gemm(float*, float const*, unsigned short const*, int, int, int, int)",1128,40,164298.0,0.0,129024.0,72.0,1072805.0,16063141.0,1945321.0,4912630877070001.0,4912630877161202.0
1128,1,6400,256,1024,0,24,0,32,64,"batch_decode_kernels::prefill_kv_norm_rope(unsigned short*, float const*, unsigned short const*, int, int, int, int, int, int, float const*, int, float)",1129,44,26537.0,0.0,1750.0,100.0,147229.0,1810162.0,172168.0,4912630877323283.0,4912630877332563.0
1129,1,65536,256,11264,0,24,0,48,64,"batch_decode_kernels::mfma_head_gemm(float*, float const*, unsigned short const*, int, int, int, int, int, int, unsigned long)",1130,28,35742.0,0.0,114688.0,1024.0,484968.0,2629097.0,1430953.0,4912630877513043.0,4912630877527443.0
1130,1,25600,256,0,0,24,0,32,64,"batch_decode_kernels::prefill_q_rope(float*, float const*, int, int, int, int, int, float const*, int)",1131,45,23393.0,0.0,0.0,400.0,106131.0,1453611.0,421576.0,4912630877710804.0,4912630877718164.0
1131,1,25600,256,0,0,64,0,96,64,"void batch_decode_kernels::flash_prefill<8>(float*, float const*, float const*, unsigned short const*, int, int, int, int, int, int, int, float)",1132,22,63445.0,0.0,204600.0,400.0,494268.0,5631551.0,1621251.0,4912630877907605.0,4912630877938965.0
1132,1,16384,256,11264,0,24,0,48,64,"batch_decode_kernels::mfma_head_gemm(float*, float const*, unsigned short const*, int, int, int, int, int, int, unsigned long)",1133,28,59178.0,0.0,114688.0,256.0,1000769.0,5101411.0,1915067.0,4912630878116246.0,4912630878145206.0
1133,1,16384,256,11264,0,24,0,48,64,"batch_decode_kernels::mfma_gemm(float*, float const*, unsigned short const*, int, int, int, int)",1134,40,168427.0,0.0,458752.0,256.0,2403858.0,16492648.0,7824718.0,4912630878318007.0,4912630878412887.0
1134,1,6400,256,1024,0,12,4,32,64,"batch_decode_kernels::rmsnorm(float*, float const*, unsigned short const*, int, int, float)",1135,36,32796.0,0.0,1750.0,100.0,99493.0,2453584.0,376124.0,4912630878574808.0,4912630878587768.0
1135,1,512,256,11264,0,24,0,48,64,"batch_decode_kernels::mfma_gemm(float*, float const*, unsigned short const*, int, int, int, int)",1136,40,176293.0,0.0,14336.0,8.0,367610.0,4562158.0,233250.0,4912630878779129.0,4912630878877049.0
1136,1,1600,64,0,0,16,0,48,64,"void moe_kernels::router_topk_wave64_kernel<64>(float*, float const*, int*, float*, int, int, int, int, int, float)",1137,57,37092.0,0.0,9200.0,25.0,96676.0,2892828.0,154383.0,4912630879056090.0,4912630879071450.0
1137,1,256,256,1024,0,12,4,64,64,"batch_decode_kernels::align_routes(int const*, int, int, int, int*, int*, int*)",1138,42,45036.0,22.0,436.0,4.0,45486.0,732644.0,9743.0,4912630879263611.0,4912630879283771.0
1138,1,394240,256,19968,0,36,4,48,64,"void batch_decode_kernels::grouped_expert_gate_up<16, 1>(float const*, char const*, unsigned long const*, unsigned long const*, int const*, int const*, float*, unsigned short*, int, int, int, int, int)",1139,25,589728.0,0.0,5947392.0,6160.0,17817718.0,59995770.0,50007244.0,4912630879472732.0,4912630879835614.0
1139,1,22528,256,19968,0,32,0,48,64,"batch_decode_kernels::mfma_gate_up_swiglu(float*, float const*, unsigned short const*, unsigned short const*, int, int, int)",1140,18,179600.0,0.0,991232.0,352.0,3226183.0,17678027.0,11277238.0,4912630880010654.0,4912630880113695.0
1140,1,573440,256,11264,0,24,0,48,64,"void batch_decode_kernels::grouped_expert_down<16, 1>(float const*, unsigned short const*, char const*, unsigned long const*, int const*, int const*, float*, int, int, int, int)",1141,24,350299.0,0.0,3784704.0,8960.0,10386087.0,35231758.0,31403614.0,4912630880298816.0,4912630880512416.0
1141,1,6400,256,0,0,12,4,32,64,"batch_decode_kernels::reduce_routes_add(float*, float const*, float const*, int, int, int)",1142,20,58234.0,0.0,0.0,100.0,713913.0,4956006.0,982946.0,4912630880721537.0,4912630880749538.0
1142,1,16384,256,11264,0,24,0,48,64,"batch_decode_kernels::mfma_gemm(float*, float const*, unsigned short const*, int, int, int, int)",1143,40,224785.0,0.0,630784.0,256.0,3800349.0,22369974.0,10001527.0,4912630880954178.0,4912630881083459.0
1143,1,6400,256,1024,0,12,4,32,64,"batch_decode_kernels::rmsnorm(float*, float const*, unsigned short const*, int, int, float)",1144,36,32220.0,0.0,1750.0,100.0,92203.0,2372594.0,363178.0,4912630881258660.0,4912630881271140.0
1144,1,24576,256,11264,0,24,0,48,64,"batch_decode_kernels::mfma_gemm(float*, float const*, unsigned short const*, int, int, int, int)",1145,40,169189.0,0.0,688128.0,384.0,2660286.0,16563732.0,11994178.0,4912630881421380.0,4912630881517381.0
1145,1,4608,256,11264,0,24,0,48,64,"batch_decode_kernels::mfma_gemm(float*, float const*, unsigned short const*, int, int, int, int)",1146,40,165337.0,0.0,129024.0,72.0,1072522.0,16182962.0,1969847.0,4912630881725702.0,4912630881817542.0
1146,1,6400,256,1024,0,24,0,32,64,"batch_decode_kernels::prefill_kv_norm_rope(unsigned short*, float const*, unsigned short const*, int, int, int, int, int, int, float const*, int, float)",1147,44,28166.0,0.0,1750.0,100.0,150075.0,1916450.0,179130.0,4912630881966983.0,4912630881976743.0
1147,1,65536,256,11264,0,24,0,48,64,"batch_decode_kernels::mfma_head_gemm(float*, float const*, unsigned short const*, int, int, int, int, int, int, unsigned long)",1148,28,35086.0,0.0,114688.0,1024.0,477464.0,2656553.0,1489921.0,4912630882136744.0,4912630882151144.0
1148,1,25600,256,0,0,24,0,32,64,"batch_decode_kernels::prefill_q_rope(float*, float const*, int, int, int, int, int, float const*, int)",1149,45,23724.0,0.0,0.0,400.0,100372.0,1520951.0,433946.0,4912630882313224.0,4912630882320744.0
1149,1,25600,256,0,0,64,0,96,64,"void batch_decode_kernels::flash_prefill<8>(float*, float const*, float const*, unsigned short const*, int, int, int, int, int, int, int, float)",1150,22,63202.0,0.0,204600.0,400.0,520089.0,5585362.0,1641925.0,4912630882488745.0,4912630882520105.0
1150,1,16384,256,11264,0,24,0,48,64,"batch_decode_kernels::mfma_head_gemm(float*, float const*, unsigned short const*, int, int, int, int, int, int, unsigned long)",1151,28,60695.0,0.0,114688.0,256.0,1014757.0,5245087.0,1927693.0,4912630882733226.0,4912630882762986.0
1151,1,16384,256,11264,0,24,0,48,64,"batch_decode_kernels::mfma_gemm(float*, float const*, unsigned short const*, int, int, int, int)",1152,40,168602.0,0.0,458752.0,256.0,2302325.0,16553215.0,7865077.0,4912630882975627.0,4912630883070828.0
1152,1,6400,256,1024,0,12,4,32,64,"batch_decode_kernels::rmsnorm(float*, float const*, unsigned short const*, int, int, float)",1153,36,32531.0,0.0,1750.0,100.0,90183.0,2424594.0,370587.0,4912630883224428.0,4912630883237228.0
1153,1,512,256,11264,0,24,0,48,64,"batch_decode_kernels::mfma_gemm(float*, float const*, unsigned short const*, int, int, int, int)",1154,40,176208.0,0.0,14336.0,8.0,374555.0,4560338.0,236134.0,4912630883398989.0,4912630883496910.0
1154,1,1600,64,0,0,16,0,48,64,"void moe_kernels::router_topk_wave64_kernel<64>(float*, float const*, int*, float*, int, int, int, int, int, float)",1155,57,38507.0,0.0,9200.0,25.0,98390.0,2999805.0,158275.0,4912630883657230.0,4912630883673390.0
1155,1,256,256,1024,0,12,4,64,64,"batch_decode_kernels::align_routes(int const*, int, int, int, int*, int*, int*)",1156,42,43767.0,22.0,436.0,4.0,44687.0,713313.0,9294.0,4912630883838671.0,4912630883858031.0
1156,1,394240,256,19968,0,36,4,48,64,"void batch_decode_kernels::grouped_expert_gate_up<16, 1>(float const*, char const*, unsigned long const*, unsigned long const*, int const*, int const*, float*, unsigned short*, int, int, int, int, int)",1157,25,574452.0,0.0,5699584.0,6160.0,17276404.0,58057236.0,49769234.0,4912630884026832.0,4912630884380273.0
1157,1,22528,256,19968,0,32,0,48,64,"batch_decode_kernels::mfma_gate_up_swiglu(float*, float const*, unsigned short const*, unsigned short const*, int, int, int)",1158,18,181231.0,0.0,991232.0,352.0,3314091.0,17855321.0,11476152.0,4912630884604274.0,4912630884708275.0
1158,1,573440,256,11264,0,24,0,48,64,"void batch_decode_kernels::grouped_expert_down<16, 1>(float const*, unsigned short const*, char const*, unsigned long const*, int const*, int const*, float*, int, int, int, int)",1159,24,348026.0,0.0,3627008.0,8960.0,10097196.0,34053282.0,30439121.0,4912630884864115.0,4912630885075316.0
1159,1,6400,256,0,0,12,4,32,64,"batch_decode_kernels::reduce_routes_add(float*, float const*, float const*, int, int, int)",1160,20,57180.0,0.0,0.0,100.0,722010.0,4892644.0,972392.0,4912630885299797.0,4912630885327157.0
1160,1,16384,256,11264,0,24,0,48,64,"batch_decode_kernels::mfma_gemm(float*, float const*, unsigned short const*, int, int, int, int)",1161,40,225665.0,0.0,630784.0,256.0,3805481.0,22436287.0,9962180.0,4912630885480918.0,4912630885610519.0
1161,1,6400,256,1024,0,12,4,32,64,"batch_decode_kernels::rmsnorm(float*, float const*, unsigned short const*, int, int, float)",1162,36,31337.0,0.0,1750.0,100.0,86097.0,2336467.0,344982.0,4912630885836120.0,4912630885848280.0
1162,1,24576,256,11264,0,24,0,48,64,"batch_decode_kernels::mfma_gemm(float*, float const*, unsigned short const*, int, int, int, int)",1163,40,168721.0,0.0,688128.0,384.0,2509372.0,16568789.0,11980103.0,4912630886042201.0,4912630886138361.0
1163,1,4608,256,11264,0,24,0,48,64,"batch_decode_kernels::mfma_gemm(float*, float const*, unsigned short const*, int, int, int, int)",1164,40,166219.0,0.0,129024.0,72.0,1055226.0,16328562.0,1996945.0,4912630886312762.0,4912630886405402.0
1164,1,6400,256,1024,0,24,0,32,64,"batch_decode_kernels::prefill_kv_norm_rope(unsigned short*, float const*, unsigned short const*, int, int, int, int, int, int, float const*, int, float)",1165,44,28640.0,0.0,1750.0,100.0,151627.0,2009309.0,200481.0,4912630886599483.0,4912630886609723.0
1165,1,65536,256,11264,0,24,0,48,64,"batch_decode_kernels::mfma_head_gemm(float*, float const*, unsigned short const*, int, int, int, int, int, int, unsigned long)",1166,28,35037.0,0.0,114688.0,1024.0,477140.0,2637417.0,1428820.0,4912630886790844.0,4912630886805244.0
1166,1,25600,256,0,0,24,0,32,64,"batch_decode_kernels::prefill_q_rope(float*, float const*, int, int, int, int, int, float const*, int)",1167,45,23631.0,0.0,0.0,400.0,113331.0,1475464.0,437352.0,4912630886984765.0,4912630886992285.0
1167,1,25600,256,0,0,64,0,96,64,"void batch_decode_kernels::flash_prefill<8>(float*, float const*, float const*, unsigned short const*, int, int, int, int, int, int, int, float)",1168,22,63689.0,0.0,204600.0,400.0,516851.0,5621437.0,1666947.0,4912630887189246.0,4912630887220766.0
1168,1,16384,256,11264,0,24,0,48,64,"batch_decode_kernels::mfma_head_gemm(float*, float const*, unsigned short const*, int, int, int, int, int, int, unsigned long)",1169,28,60029.0,0.0,114688.0,256.0,952731.0,5235272.0,1977498.0,4912630887386686.0,4912630887416127.0
1169,1,16384,256,11264,0,24,0,48,64,"batch_decode_kernels::mfma_gemm(float*, float const*, unsigned short const*, int, int, int, int)",1170,40,168565.0,0.0,458752.0,256.0,2370480.0,16499122.0,7807032.0,4912630887581887.0,4912630887676928.0
1170,1,6400,256,1024,0,12,4,32,64,"batch_decode_kernels::rmsnorm(float*, float const*, unsigned short const*, int, int, float)",1171,36,31693.0,0.0,1750.0,100.0,85398.0,2343630.0,348272.0,4912630887873889.0,4912630887886209.0
1171,1,512,256,11264,0,24,0,48,64,"batch_decode_kernels::mfma_gemm(float*, float const*, unsigned short const*, int, int, int, int)",1172,40,174581.0,0.0,14336.0,8.0,373175.0,4522105.0,231599.0,4912630888080450.0,4912630888177410.0
1172,1,1600,64,0,0,16,0,48,64,"void moe_kernels::router_topk_wave64_kernel<64>(float*, float const*, int*, float*, int, int, int, int, int, float)",1173,57,36991.0,0.0,9200.0,25.0,99495.0,2865502.0,160495.0,4912630888373891.0,4912630888389251.0
1173,1,256,256,1024,0,12,4,64,64,"batch_decode_kernels::align_routes(int const*, int, int, int, int*, int*, int*)",1174,42,44894.0,22.0,436.0,4.0,47531.0,729212.0,10851.0,4912630888576452.0,4912630888596292.0
1174,1,394240,256,19968,0,36,4,48,64,"void batch_decode_kernels::grouped_expert_gate_up<16, 1>(float const*, char const*, unsigned long const*, unsigned long const*, int const*, int const*, float*, unsigned short*, int, int, int, int, int)",1175,25,622846.0,0.0,6195200.0,6160.0,18522520.0,63507460.0,53593746.0,4912630888786373.0,4912630889170054.0
1175,1,22528,256,19968,0,32,0,48,64,"batch_decode_kernels::mfma_gate_up_swiglu(float*, float const*, unsigned short const*, unsigned short const*, int, int, int)",1176,18,180877.0,0.0,991232.0,352.0,3204976.0,17861808.0,11427955.0,4912630889379335.0,4912630889483336.0
1176,1,573440,256,11264,0,24,0,48,64,"void batch_decode_kernels::grouped_expert_down<16, 1>(float const*, unsigned short const*, char const*, unsigned long const*, int const*, int const*, float*, int, int, int, int)",1177,24,371083.0,0.0,3942400.0,8960.0,10947193.0,37256898.0,32425794.0,4912630889683817.0,4912630889910058.0
1177,1,6400,256,0,0,12,4,32,64,"batch_decode_kernels::reduce_routes_add(float*, float const*, float const*, int, int, int)",1178,20,57144.0,0.0,0.0,100.0,725462.0,4893697.0,972880.0,4912630890094538.0,4912630890121898.0
1178,1,16384,256,11264,0,24,0,48,64,"batch_decode_kernels::mfma_gemm(float*, float const*, unsigned short const*, int, int, int, int)",1179,40,224516.0,0.0,630784.0,256.0,3725267.0,22293040.0,9947733.0,4912630890326539.0,4912630890455180.0
1179,1,6400,256,1024,0,12,4,32,64,"batch_decode_kernels::rmsnorm(float*, float const*, unsigned short const*, int, int, float)",1180,36,32579.0,0.0,1750.0,100.0,92175.0,2429976.0,359492.0,4912630890633581.0,4912630890646221.0
1180,1,24576,256,11264,0,24,0,48,64,"batch_decode_kernels::mfma_gemm(float*, float const*, unsigned short const*, int, int, int, int)",1181,40,166650.0,0.0,688128.0,384.0,2740355.0,16297518.0,11719409.0,4912630890849262.0,4912630890943662.0
1181,1,4608,256,11264,0,24,0,48,64,"batch_decode_kernels::mfma_gemm(float*, float const*, unsigned short const*, int, int, int, int)",1182,40,165691.0,0.0,129024.0,72.0,1058693.0,16242645.0,1969888.0,4912630891096623.0,4912630891188943.0
1182,1,6400,256,1024,0,24,0,32,64,"batch_decode_kernels::prefill_kv_norm_rope(unsigned short*, float const*, unsigned short const*, int, int, int, int, int, int, float const*, int, float)",1183,44,27992.0,0.0,1750.0,100.0,148299.0,1944881.0,179924.0,4912630891428624.0,4912630891438544.0
1183,1,65536,256,11264,0,24,0,48,64,"batch_decode_kernels::mfma_head_gemm(float*, float const*, unsigned short const*, int, int, int, int, int, int, unsigned long)",1184,28,34429.0,0.0,114688.0,1024.0,481518.0,2635441.0,1437106.0,4912630891643665.0,4912630891657905.0
1184,1,25600,256,0,0,24,0,32,64,"batch_decode_kernels::prefill_q_rope(float*, float const*, int, int, int, int, int, float const*, int)",1185,45,24167.0,0.0,0.0,400.0,110407.0,1541673.0,432782.0,4912630891867346.0,4912630891875186.0
1185,1,25600,256,0,0,64,0,96,64,"void batch_decode_kernels::flash_prefill<8>(float*, float const*, float const*, unsigned short const*, int, int, int, int, int, int, int, float)",1186,22,66006.0,0.0,204600.0,400.0,502261.0,5847949.0,1609095.0,4912630892095987.0,4912630892128947.0
1186,1,16384,256,11264,0,24,0,48,64,"batch_decode_kernels::mfma_head_gemm(float*, float const*, unsigned short const*, int, int, int, int, int, int, unsigned long)",1187,28,58694.0,0.0,114688.0,256.0,1072244.0,5039375.0,1869195.0,4912630892314548.0,4912630892343188.0
1187,1,16384,256,11264,0,24,0,48,64,"batch_decode_kernels::mfma_gemm(float*, float const*, unsigned short const*, int, int, int, int)",1188,40,167216.0,0.0,458752.0,256.0,2352948.0,16395083.0,7708921.0,4912630892538389.0,4912630892632469.0
1188,1,6400,256,1024,0,12,4,32,64,"batch_decode_kernels::rmsnorm(float*, float const*, unsigned short const*, int, int, float)",1189,36,31155.0,0.0,1750.0,100.0,87989.0,2279163.0,336859.0,4912630892859670.0,4912630892871670.0
1189,1,512,256,11264,0,24,0,48,64,"batch_decode_kernels::mfma_gemm(float*, float const*, unsigned short const*, int, int, int, int)",1190,40,174344.0,0.0,14336.0,8.0,371097.0,4524237.0,232131.0,4912630893086551.0,4912630893183672.0
1190,1,1600,64,0,0,16,0,48,64,"void moe_kernels::router_topk_wave64_kernel<64>(float*, float const*, int*, float*, int, int, int, int, int, float)",1191,57,37505.0,0.0,9200.0,25.0,98567.0,2934233.0,159356.0,4912630893415033.0,4912630893430713.0
1191,1,256,256,1024,0,12,4,64,64,"batch_decode_kernels::align_routes(int const*, int, int, int, int*, int*, int*)",1192,42,43889.0,30.0,444.0,4.0,45199.0,708516.0,8529.0,4912630893642874.0,4912630893661914.0
1192,1,394240,256,19968,0,36,4,48,64,"void batch_decode_kernels::grouped_expert_gate_up<16, 1>(float const*, char const*, unsigned long const*, unsigned long const*, int const*, int const*, float*, unsigned short*, int, int, int, int, int)",1193,25,551204.0,0.0,4956160.0,6160.0,15861789.0,53744434.0,42262238.0,4912630893864795.0,4912630894202236.0
1193,1,22528,256,19968,0,32,0,48,64,"batch_decode_kernels::mfma_gate_up_swiglu(float*, float const*, unsigned short const*, unsigned short const*, int, int, int)",1194,18,179396.0,0.0,991232.0,352.0,3077393.0,17679782.0,11289873.0,4912630894396272.0,4912630894499313.0
1194,1,573440,256,11264,0,24,0,48,64,"void batch_decode_kernels::grouped_expert_down<16, 1>(float const*, unsigned short const*, char const*, unsigned long const*, int const*, int const*, float*, int, int, int, int)",1195,24,317169.0,0.0,3153920.0,8960.0,9295944.0,31839395.0,26919104.0,4912630894722353.0,4912630894914513.0
1195,1,6400,256,0,0,12,4,32,64,"batch_decode_kernels::reduce_routes_add(float*, float const*, float const*, int, int, int)",1196,20,57828.0,0.0,0.0,100.0,710995.0,4910948.0,976917.0,4912630895144754.0,4912630895172435.0
1196,1,16384,256,11264,0,24,0,48,64,"batch_decode_kernels::mfma_gemm(float*, float const*, unsigned short const*, int, int, int, int)",1197,40,224658.0,0.0,630784.0,256.0,3949575.0,22368206.0,10050806.0,4912630895369075.0,4912630895498196.0
1197,1,6400,256,1024,0,12,4,32,64,"batch_decode_kernels::rmsnorm(float*, float const*, unsigned short const*, int, int, float)",1198,36,32873.0,0.0,1750.0,100.0,93317.0,2402780.0,362878.0,4912630895703637.0,4912630895716277.0
1198,1,24576,256,11264,0,24,0,48,64,"batch_decode_kernels::mfma_gemm(float*, float const*, unsigned short const*, int, int, int, int)",1199,40,168065.0,0.0,688128.0,384.0,2699032.0,16516802.0,11834916.0,4912630895930358.0,4912630896026038.0
1199,1,4608,256,11264,0,24,0,48,64,"batch_decode_kernels::mfma_gemm(float*, float const*, unsigned short const*, int, int, int, int)",1200,40,165725.0,0.0,129024.0,72.0,1074847.0,16265577.0,1988180.0,4912630896275479.0,4912630896367800.0
1200,1,6400,256,1024,0,24,0,32,64,"batch_decode_kernels::prefill_kv_norm_rope(unsigned short*, float const*, unsigned short const*, int, int, int, int, int, int, float const*, int, float)",1201,44,28208.0,0.0,1750.0,100.0,148158.0,1930490.0,177621.0,4912630896607161.0,4912630896616921.0
1201,1,65536,256,11264,0,24,0,48,64,"batch_decode_kernels::mfma_head_gemm(float*, float const*, unsigned short const*, int, int, int, int, int, int, unsigned long)",1202,28,35645.0,0.0,114688.0,1024.0,465483.0,2701195.0,1437527.0,4912630896831642.0,4912630896846362.0
1202,1,25600,256,0,0,24,0,32,64,"batch_decode_kernels::prefill_q_rope(float*, float const*, int, int, int, int, int, float const*, int)",1203,45,24332.0,0.0,0.0,400.0,111032.0,1528829.0,440288.0,4912630897081083.0,4912630897088763.0
1203,1,25600,256,0,0,64,0,96,64,"void batch_decode_kernels::flash_prefill<8>(float*, float const*, float const*, unsigned short const*, int, int, int, int, int, int, int, float)",1204,22,64120.0,0.0,204600.0,400.0,528023.0,5664220.0,1650437.0,4912630897312764.0,4912630897344444.0
1204,1,16384,256,11264,0,24,0,48,64,"batch_decode_kernels::mfma_head_gemm(float*, float const*, unsigned short const*, int, int, int, int, int, int, unsigned long)",1205,28,59277.0,0.0,114688.0,256.0,1005227.0,5161835.0,1903897.0,4912630897545725.0,4912630897574525.0
1205,1,16384,256,11264,0,24,0,48,64,"batch_decode_kernels::mfma_gemm(float*, float const*, unsigned short const*, int, int, int, int)",1206,40,169628.0,0.0,458752.0,256.0,2372417.0,16636688.0,7856387.0,4912630897780606.0,4912630897876286.0
1206,1,6400,256,1024,0,12,4,32,64,"batch_decode_kernels::rmsnorm(float*, float const*, unsigned short const*, int, int, float)",1207,36,31796.0,0.0,1750.0,100.0,88807.0,2340783.0,347047.0,4912630898119967.0,4912630898132128.0
1207,1,512,256,11264,0,24,0,48,64,"batch_decode_kernels::mfma_gemm(float*, float const*, unsigned short const*, int, int, int, int)",1208,40,173348.0,0.0,14336.0,8.0,366936.0,4493934.0,231949.0,4912630898359809.0,4912630898456129.0
1208,1,1600,64,0,0,16,0,48,64,"void moe_kernels::router_topk_wave64_kernel<64>(float*, float const*, int*, float*, int, int, int, int, int, float)",1209,57,37015.0,0.0,9200.0,25.0,98835.0,2880894.0,158357.0,4912630898687810.0,4912630898703010.0
1209,1,256,256,1024,0,12,4,64,64,"batch_decode_kernels::align_routes(int const*, int, int, int, int*, int*, int*)",1210,42,42339.0,50.0,464.0,4.0,44140.0,697596.0,8013.0,4912630898919811.0,4912630898938371.0
1210,1,394240,256,19968,0,36,4,48,64,"void batch_decode_kernels::grouped_expert_gate_up<16, 1>(float const*, char const*, unsigned long const*, unsigned long const*, int const*, int const*, float*, unsigned short*, int, int, int, int, int)",1211,25,506721.0,0.0,4460544.0,6160.0,15051060.0,50941894.0,39443876.0,4912630899167172.0,4912630899476933.0
1211,1,22528,256,19968,0,32,0,48,64,"batch_decode_kernels::mfma_gate_up_swiglu(float*, float const*, unsigned short const*, unsigned short const*, int, int, int)",1212,18,180803.0,0.0,991232.0,352.0,3305505.0,17824654.0,11409219.0,4912630899707654.0,4912630899811495.0
1212,1,573440,256,11264,0,24,0,48,64,"void batch_decode_kernels::grouped_expert_down<16, 1>(float const*, unsigned short const*, char const*, unsigned long const*, int const*, int const*, float*, int, int, int, int)",1213,24,301362.0,0.0,2838528.0,8960.0,8373604.0,30361061.0,23981876.0,4912630900050696.0,4912630900232457.0
1213,1,6400,256,0,0,12,4,32,64,"batch_decode_kernels::reduce_routes_add(float*, float const*, float const*, int, int, int)",1214,20,57037.0,0.0,0.0,100.0,690710.0,4920802.0,970926.0,4912630900483658.0,4912630900511018.0
1214,1,16384,256,11264,0,24,0,48,64,"batch_decode_kernels::mfma_gemm(float*, float const*, unsigned short const*, int, int, int, int)",1215,40,222589.0,0.0,630784.0,256.0,3675754.0,22169371.0,9773963.0,4912630900715979.0,4912630900843819.0
1215,1,6400,256,1024,0,12,4,32,64,"batch_decode_kernels::rmsnorm(float*, float const*, unsigned short const*, int, int, float)",1216,36,32867.0,0.0,1750.0,100.0,94186.0,2417834.0,376383.0,4912630901064940.0,4912630901077740.0
1216,1,24576,256,11264,0,24,0,48,64,"batch_decode_kernels::mfma_gemm(float*, float const*, unsigned short const*, int, int, int, int)",1217,40,166639.0,0.0,688128.0,384.0,2604468.0,16352625.0,11845622.0,4912630901302221.0,4912630901396942.0
1217,1,4608,256,11264,0,24,0,48,64,"batch_decode_kernels::mfma_gemm(float*, float const*, unsigned short const*, int, int, int, int)",1218,40,167996.0,0.0,129024.0,72.0,1051778.0,16487955.0,2015114.0,4912630901638383.0,4912630901731983.0
1218,1,6400,256,1024,0,24,0,32,64,"batch_decode_kernels::prefill_kv_norm_rope(unsigned short*, float const*, unsigned short const*, int, int, int, int, int, int, float const*, int, float)",1219,44,28228.0,0.0,1750.0,100.0,145197.0,1889553.0,177293.0,4912630901974864.0,4912630901984624.0
1219,1,65536,256,11264,0,24,0,48,64,"batch_decode_kernels::mfma_head_gemm(float*, float const*, unsigned short const*, int, int, int, int, int, int, unsigned long)",1220,28,34653.0,0.0,114688.0,1024.0,476200.0,2622129.0,1435728.0,4912630902213425.0,4912630902227665.0
1220,1,25600,256,0,0,24,0,32,64,"batch_decode_kernels::prefill_q_rope(float*, float const*, int, int, int, int, int, float const*, int)",1221,45,24646.0,0.0,0.0,400.0,115749.0,1604450.0,433154.0,4912630902457266.0,4912630902465426.0
1221,1,25600,256,0,0,64,0,96,64,"void batch_decode_kernels::flash_prefill<8>(float*, float const*, float const*, unsigned short const*, int, int, int, int, int, int, int, float)",1222,22,63321.0,0.0,204600.0,400.0,536667.0,5585804.0,1696810.0,4912630902696147.0,4912630902727508.0
1222,1,16384,256,11264,0,24,0,48,64,"batch_decode_kernels::mfma_head_gemm(float*, float const*, unsigned short const*, int, int, int, int, int, int, unsigned long)",1223,28,58716.0,0.0,114688.0,256.0,995159.0,5105805.0,1906774.0,4912630902929588.0,4912630902958229.0
1223,1,16384,256,11264,0,24,0,48,64,"batch_decode_kernels::mfma_gemm(float*, float const*, unsigned short const*, int, int, int, int)",1224,40,168775.0,0.0,458752.0,256.0,2377191.0,16496600.0,7754964.0,4912630903180630.0,4912630903275830.0
1224,1,6400,256,1024,0,12,4,32,64,"batch_decode_kernels::rmsnorm(float*, float const*, unsigned short const*, int, int, float)",1225,36,31152.0,0.0,1750.0,100.0,90638.0,2290122.0,336303.0,4912630903518711.0,4912630903530551.0
1225,1,512,256,11264,0,24,0,48,64,"batch_decode_kernels::mfma_gemm(float*, float const*, unsigned short const*, int, int, int, int)",1226,40,176368.0,0.0,14336.0,8.0,365232.0,4568177.0,235666.0,4912630903756472.0,4912630903854552.0
1226,1,1600,64,0,0,16,0,48,64,"void moe_kernels::router_topk_wave64_kernel<64>(float*, float const*, int*, float*, int, int, int, int, int, float)",1227,57,37543.0,0.0,9200.0,25.0,96209.0,2925198.0,156700.0,4912630904109434.0,4912630904125114.0
1227,1,256,256,1024,0,12,4,64,64,"batch_decode_kernels::align_routes(int const*, int, int, int, int*, int*, int*)",1228,42,44648.0,50.0,464.0,4.0,46437.0,728640.0,9076.0,4912630904348795.0,4912630904368635.0
1228,1,394240,256,19968,0,36,4,48,64,"void batch_decode_kernels::grouped_expert_gate_up<16, 1>(float const*, char const*, unsigned long const*, unsigned long const*, int const*, int const*, float*, unsigned short*, int, int, int, int, int)",1229,25,565642.0,0.0,5451776.0,6160.0,16774171.0,57201498.0,45928186.0,4912630904581756.0,4912630904928957.0
1229,1,22528,256,19968,0,32,0,48,64,"batch_decode_kernels::mfma_gate_up_swiglu(float*, float const*, unsigned short const*, unsigned short const*, int, int, int)",1230,18,181143.0,0.0,991232.0,352.0,3350186.0,17784991.0,11523222.0,4912630905148958.0,4912630905252639.0
1230,1,573440,256,11264,0,24,0,48,64,"void batch_decode_kernels::grouped_expert_down<16, 1>(float const*, unsigned short const*, char const*, unsigned long const*, int const*, int const*, float*, int, int, int, int)",1231,24,346823.0,0.0,3469312.0,8960.0,10109248.0,34221970.0,28727981.0,4912630905497280.0,4912630905708001.0
1231,1,6400,256,0,0,12,4,32,64,"batch_decode_kernels::reduce_routes_add(float*, float const*, float const*, int, int, int)",1232,20,58440.0,0.0,0.0,100.0,720164.0,4957722.0,974389.0,4912630905948002.0,4912630905976002.0
1232,1,16384,256,11264,0,24,0,48,64,"batch_decode_kernels::mfma_gemm(float*, float const*, unsigned short const*, int, int, int, int)",1233,40,222880.0,0.0,630784.0,256.0,3706194.0,22187038.0,9856994.0,4912630906196003.0,4912630906324003.0
1233,1,6400,256,1024,0,12,4,32,64,"batch_decode_kernels::rmsnorm(float*, float const*, unsigned short const*, int, int, float)",1234,36,32967.0,0.0,1750.0,100.0,90066.0,2481170.0,379674.0,4912630906545444.0,4912630906558404.0
1234,1,24576,256,11264,0,24,0,48,64,"batch_decode_kernels::mfma_gemm(float*, float const*, unsigned short const*, int, int, int, int)",1235,40,167104.0,0.0,688128.0,384.0,2607388.0,16404664.0,11964470.0,4912630906782565.0,4912630906877766.0
1235,1,4608,256,11264,0,24,0,48,64,"batch_decode_kernels::mfma_gemm(float*, float const*, unsigned short const*, int, int, int, int)",1236,40,164321.0,0.0,129024.0,72.0,1033350.0,16109733.0,1948207.0,4912630907037606.0,4912630907128967.0
1236,1,6400,256,1024,0,24,0,32,64,"batch_decode_kernels::prefill_kv_norm_rope(unsigned short*, float const*, unsigned short const*, int, int, int, int, int, int, float const*, int, float)",1237,44,28725.0,0.0,1750.0,100.0,147237.0,2002484.0,187631.0,4912630907288647.0,4912630907298888.0
1237,1,65536,256,11264,0,24,0,48,64,"batch_decode_kernels::mfma_head_gemm(float*, float const*, unsigned short const*, int, int, int, int, int, int, unsigned long)",1238,28,35633.0,0.0,114688.0,1024.0,490464.0,2729548.0,1461562.0,4912630907531369.0,4912630907546249.0
1238,1,25600,256,0,0,24,0,32,64,"batch_decode_kernels::prefill_q_rope(float*, float const*, int, int, int, int, int, float const*, int)",1239,45,23567.0,0.0,0.0,400.0,115222.0,1486527.0,431117.0,4912630907766730.0,4912630907774090.0
1239,1,25600,256,0,0,64,0,96,64,"void batch_decode_kernels::flash_prefill<8>(float*, float const*, float const*, unsigned short const*, int, int, int, int, int, int, int, float)",1240,22,65311.0,0.0,204600.0,400.0,516826.0,5796131.0,1633151.0,4912630907999691.0,4912630908032171.0
1240,1,16384,256,11264,0,24,0,48,64,"batch_decode_kernels::mfma_head_gemm(float*, float const*, unsigned short const*, int, int, int, int, int, int, unsigned long)",1241,28,60483.0,0.0,114688.0,256.0,979027.0,5221323.0,1912609.0,4912630908256972.0,4912630908286572.0
1241,1,16384,256,11264,0,24,0,48,64,"batch_decode_kernels::mfma_gemm(float*, float const*, unsigned short const*, int, int, int, int)",1242,40,168340.0,0.0,458752.0,256.0,2401902.0,16458406.0,7772635.0,4912630908499053.0,4912630908594093.0
1242,1,6400,256,1024,0,12,4,32,64,"batch_decode_kernels::rmsnorm(float*, float const*, unsigned short const*, int, int, float)",1243,36,32064.0,0.0,1750.0,100.0,85454.0,2360517.0,351439.0,4912630908850414.0,4912630908862574.0
1243,1,512,256,11264,0,24,0,48,64,"batch_decode_kernels::mfma_gemm(float*, float const*, unsigned short const*, int, int, int, int)",1244,40,173276.0,0.0,14336.0,8.0,370834.0,4490476.0,236866.0,4912630909102895.0,4912630909199056.0
1244,1,1600,64,0,0,16,0,48,64,"void moe_kernels::router_topk_wave64_kernel<64>(float*, float const*, int*, float*, int, int, int, int, int, float)",1245,57,38691.0,0.0,9200.0,25.0,97899.0,3002613.0,157961.0,4912630909445137.0,4912630909461457.0
1245,1,256,256,1024,0,12,4,64,64,"batch_decode_kernels::align_routes(int const*, int, int, int, int*, int*, int*)",1246,42,43029.0,22.0,436.0,4.0,43968.0,705578.0,9236.0,4912630909692978.0,4912630909711858.0
1246,1,394240,256,19968,0,36,4,48,64,"void batch_decode_kernels::grouped_expert_gate_up<16, 1>(float const*, char const*, unsigned long const*, unsigned long const*, int const*, int const*, float*, unsigned short*, int, int, int, int, int)",1247,25,566394.0,0.0,5451776.0,6160.0,16833860.0,56764035.0,47654204.0,4912630909935379.0,4912630910283381.0
1247,1,22528,256,19968,0,32,0,48,64,"batch_decode_kernels::mfma_gate_up_swiglu(float*, float const*, unsigned short const*, unsigned short const*, int, int, int)",1248,18,181122.0,0.0,991232.0,352.0,3342773.0,17877564.0,11537406.0,4912630910513942.0,4912630910617942.0
1248,1,573440,256,11264,0,24,0,48,64,"void batch_decode_kernels::grouped_expert_down<16, 1>(float const*, unsigned short const*, char const*, unsigned long const*, int const*, int const*, float*, int, int, int, int)",1249,24,330574.0,0.0,3469312.0,8960.0,9663758.0,32693508.0,29095536.0,4912630910861143.0,4912630911062104.0
1249,1,6400,256,0,0,12,4,32,64,"batch_decode_kernels::reduce_routes_add(float*, float const*, float const*, int, int, int)",1250,20,57291.0,0.0,0.0,100.0,708150.0,4913899.0,965372.0,4912630911219225.0,4912630911246905.0
1250,1,16384,256,11264,0,24,0,48,64,"batch_decode_kernels::mfma_gemm(float*, float const*, unsigned short const*, int, int, int, int)",1251,40,224139.0,0.0,630784.0,256.0,3928301.0,22301854.0,9974332.0,4912630911466586.0,4912630911595226.0
1251,1,6400,256,1024,0,12,4,32,64,"batch_decode_kernels::rmsnorm(float*, float const*, unsigned short const*, int, int, float)",1252,36,33286.0,0.0,1750.0,100.0,91118.0,2503777.0,384384.0,4912630911817467.0,4912630911830587.0
1252,1,24576,256,11264,0,24,0,48,64,"batch_decode_kernels::mfma_gemm(float*, float const*, unsigned short const*, int, int, int, int)",1253,40,167823.0,0.0,688128.0,384.0,2665959.0,16445640.0,11816917.0,4912630912067548.0,4912630912162909.0
1253,1,4608,256,11264,0,24,0,48,64,"batch_decode_kernels::mfma_gemm(float*, float const*, unsigned short const*, int, int, int, int)",1254,40,165039.0,0.0,129024.0,72.0,1054180.0,16084682.0,1927186.0,4912630912415870.0,4912630912507230.0
1254,1,6400,256,1024,0,24,0,32,64,"batch_decode_kernels::prefill_kv_norm_rope(unsigned short*, float const*, unsigned short const*, int, int, int, int, int, int, float const*, int, float)",1255,44,28151.0,0.0,1750.0,100.0,147362.0,1962808.0,181168.0,4912630912663711.0,4912630912673631.0
1255,1,65536,256,11264,0,24,0,48,64,"batch_decode_kernels::mfma_head_gemm(float*, float const*, unsigned short const*, int, int, int, int, int, int, unsigned long)",1256,28,36535.0,0.0,114688.0,1024.0,508075.0,2770251.0,1541497.0,4912630912910752.0,4912630912925952.0
1256,1,25600,256,0,0,24,0,32,64,"batch_decode_kernels::prefill_q_rope(float*, float const*, int, int, int, int, int, float const*, int)",1257,45,24320.0,0.0,0.0,400.0,114424.0,1562538.0,428368.0,4912630913170913.0,4912630913178753.0
1257,1,25600,256,0,0,64,0,96,64,"void batch_decode_kernels::flash_prefill<8>(float*, float const*, float const*, unsigned short const*, int, int, int, int, int, int, int, float)",1258,22,60680.0,0.0,204600.0,400.0,544224.0,5301403.0,1712567.0,4912630913420994.0,4912630913450754.0
1258,1,16384,256,11264,0,24,0,48,64,"batch_decode_kernels::mfma_head_gemm(float*, float const*, unsigned short const*, int, int, int, int, int, int, unsigned long)",1259,28,59326.0,0.0,114688.0,256.0,952610.0,5158039.0,1941003.0,4912630913671395.0,4912630913700195.0
1259,1,16384,256,11264,0,24,0,48,64,"batch_decode_kernels::mfma_gemm(float*, float const*, unsigned short const*, int, int, int, int)",1260,40,168276.0,0.0,458752.0,256.0,2387398.0,16487539.0,7763233.0,4912630913922756.0,4912630914017637.0
1260,1,6400,256,1024,0,12,4,32,64,"batch_decode_kernels::rmsnorm(float*, float const*, unsigned short const*, int, int, float)",1261,36,32443.0,0.0,1750.0,100.0,84664.0,2404912.0,359155.0,4912630914174598.0,4912630914187238.0
1261,1,512,256,11264,0,24,0,48,64,"batch_decode_kernels::mfma_gemm(float*, float const*, unsigned short const*, int, int, int, int)",1262,40,171810.0,0.0,14336.0,8.0,362747.0,4448005.0,229475.0,4912630914423559.0,4912630914519079.0
1262,1,1600,64,0,0,16,0,48,64,"void moe_kernels::router_topk_wave64_kernel<64>(float*, float const*, int*, float*, int, int, int, int, int, float)",1263,57,38960.0,0.0,9200.0,25.0,96817.0,2981241.0,157166.0,4912630914780360.0,4912630914796360.0
1263,1,256,256,1024,0,12,4,64,64,"batch_decode_kernels::align_routes(int const*, int, int, int, int*, int*, int*)",1264,42,44216.0,22.0,436.0,4.0,47576.0,722101.0,9810.0,4912630915042281.0,4912630915061961.0
1264,1,394240,256,19968,0,36,4,48,64,"void batch_decode_kernels::grouped_expert_gate_up<16, 1>(float const*, char const*, unsigned long const*, unsigned long const*, int const*, int const*, float*, unsigned short*, int, int, int, int, int)",1265,25,581685.0,0.0,5699584.0,6160.0,17426835.0,59016012.0,49485374.0,4912630915299562.0,4912630915657324.0
1265,1,22528,256,19968,0,32,0,48,64,"batch_decode_kernels::mfma_gate_up_swiglu(float*, float const*, unsigned short const*, unsigned short const*, int, int, int)",1266,18,182165.0,0.0,991232.0,352.0,3342360.0,17965353.0,11638954.0,4912630915872205.0,4912630915976845.0
1266,1,573440,256,11264,0,24,0,48,64,"void batch_decode_kernels::grouped_expert_down<16, 1>(float const*, unsigned short const*, char const*, unsigned long const*, int const*, int const*, float*, int, int, int, int)",1267,24,334363.0,0.0,3627008.0,8960.0,9784238.0,33401072.0,30231083.0,4912630916239087.0,4912630916442447.0
1267,1,6400,256,0,0,12,4,32,64,"batch_decode_kernels::reduce_routes_add(float*, float const*, float const*, int, int, int)",1268,20,56522.0,0.0,0.0,100.0,719354.0,4843361.0,961085.0,4912630916705489.0,4912630916732529.0
1268,1,16384,256,11264,0,24,0,48,64,"batch_decode_kernels::mfma_gemm(float*, float const*, unsigned short const*, int, int, int, int)",1269,40,225295.0,0.0,630784.0,256.0,3915102.0,22415539.0,10070601.0,4912630916961330.0,4912630917090610.0
1269,1,6400,256,1024,0,12,4,32,64,"batch_decode_kernels::rmsnorm(float*, float const*, unsigned short const*, int, int, float)",1270,36,32342.0,0.0,1750.0,100.0,87607.0,2423190.0,373368.0,4912630917329971.0,4912630917342611.0
1270,1,24576,256,11264,0,24,0,48,64,"batch_decode_kernels::mfma_gemm(float*, float const*, unsigned short const*, int, int, int, int)",1271,40,165512.0,0.0,688128.0,384.0,2585099.0,16223314.0,11731579.0,4912630917592212.0,4912630917686293.0
1271,1,4608,256,11264,0,24,0,48,64,"batch_decode_kernels::mfma_gemm(float*, float const*, unsigned short const*, int, int, int, int)",1272,40,165736.0,0.0,129024.0,72.0,1053932.0,16260065.0,1972152.0,4912630917846774.0,4912630917939094.0
1272,1,6400,256,1024,0,24,0,32,64,"batch_decode_kernels::prefill_kv_norm_rope(unsigned short*, float const*, unsigned short const*, int, int, int, int, int, int, float const*, int, float)",1273,44,28097.0,0.0,1750.0,100.0,146187.0,1970699.0,179596.0,4912630918107095.0,4912630918117175.0
1273,1,65536,256,11264,0,24,0,48,64,"batch_decode_kernels::mfma_head_gemm(float*, float const*, unsigned short const*, int, int, int, int, int, int, unsigned long)",1274,28,35596.0,0.0,114688.0,1024.0,469043.0,2641694.0,1410987.0,4912630918351736.0,4912630918366616.0
1274,1,25600,256,0,0,24,0,32,64,"batch_decode_kernels::prefill_q_rope(float*, float const*, int, int, int, int, int, float const*, int)",1275,45,23472.0,0.0,0.0,400.0,110389.0,1476621.0,486558.0,4912630918603737.0,4912630918611257.0
1275,1,25600,256,0,0,64,0,96,64,"void batch_decode_kernels::flash_prefill<8>(float*, float const*, float const*, unsigned short const*, int, int, int, int, int, int, int, float)",1276,22,64858.0,0.0,204600.0,400.0,488722.0,5809690.0,1595857.0,4912630918860378.0,4912630918892698.0
1276,1,16384,256,11264,0,24,0,48,64,"batch_decode_kernels::mfma_head_gemm(float*, float const*, unsigned short const*, int, int, int, int, int, int, unsigned long)",1277,28,58731.0,0.0,114688.0,256.0,1024793.0,5084368.0,1888209.0,4912630919123579.0,4912630919152219.0
1277,1,16384,256,11264,0,24,0,48,64,"batch_decode_kernels::mfma_gemm(float*, float const*, unsigned short const*, int, int, int, int)",1278,40,168180.0,0.0,458752.0,256.0,2397378.0,16507650.0,7847970.0,4912630919380060.0,4912630919474781.0
1278,1,6400,256,1024,0,12,4,32,64,"batch_decode_kernels::rmsnorm(float*, float const*, unsigned short const*, int, int, float)",1279,36,34011.0,0.0,1750.0,100.0,100950.0,2573743.0,400511.0,4912630919633661.0,4912630919647261.0
1279,1,512,256,11264,0,24,0,48,64,"batch_decode_kernels::mfma_gemm(float*, float const*, unsigned short const*, int, int, int, int)",1280,40,176677.0,0.0,14336.0,8.0,372396.0,4574274.0,237200.0,4912630919897343.0,4912630919995423.0
1280,1,1600,64,0,0,16,0,48,64,"void moe_kernels::router_topk_wave64_kernel<64>(float*, float const*, int*, float*, int, int, int, int, int, float)",1281,57,38186.0,0.0,9200.0,25.0,98879.0,2985115.0,158961.0,4912630920168384.0,4912630920184384.0
1281,1,256,256,1024,0,12,4,64,64,"batch_decode_kernels::align_routes(int const*, int, int, int, int*, int*, int*)",1282,42,44280.0,30.0,444.0,4.0,43790.0,721828.0,9086.0,4912630920429985.0,4912630920449505.0
1282,1,394240,256,19968,0,36,4,48,64,"void batch_decode_kernels::grouped_expert_gate_up<16, 1>(float const*, char const*, unsigned long const*, unsigned long const*, int const*, int const*, float*, unsigned short*, int, int, int, int, int)",1283,25,560488.0,0.0,5451776.0,6160.0,16760677.0,56306227.0,46447277.0,4912630920686946.0,4912630921031427.0
1283,1,22528,256,19968,0,32,0,48,64,"batch_decode_kernels::mfma_gate_up_swiglu(float*, float const*, unsigned short const*, unsigned short const*, int, int, int)",1284,18,178740.0,0.0,991232.0,352.0,3077622.0,17600508.0,11266247.0,4912630921291109.0,4912630921393829.0
1284,1,573440,256,11264,0,24,0,48,64,"void batch_decode_kernels::grouped_expert_down<16, 1>(float const*, unsigned short const*, char const*, unsigned long const*, int const*, int const*, float*, int, int, int, int)",1285,24,335651.0,0.0,3469312.0,8960.0,9878207.0,33433520.0,29229856.0,4912630921550950.0,4912630921755271.0
1285,1,6400,256,0,0,12,4,32,64,"batch_decode_kernels::reduce_routes_add(float*, float const*, float const*, int, int, int)",1286,20,57722.0,0.0,0.0,100.0,709471.0,4959334.0,993422.0,4912630921919431.0,4912630921947271.0
1286,1,16384,256,11264,0,24,0,48,64,"batch_decode_kernels::mfma_gemm(float*, float const*, unsigned short const*, int, int, int, int)",1287,40,227117.0,0.0,630784.0,256.0,3708422.0,22632639.0,10144695.0,4912630922188073.0,4912630922318473.0
1287,1,6400,256,1024,0,12,4,32,64,"batch_decode_kernels::rmsnorm(float*, float const*, unsigned short const*, int, int, float)",1288,36,31774.0,0.0,1750.0,100.0,87765.0,2351469.0,358375.0,4912630922558634.0,4912630922570954.0
1288,1,24576,256,11264,0,24,0,48,64,"batch_decode_kernels::mfma_gemm(float*, float const*, unsigned short const*, int, int, int, int)",1289,40,167112.0,0.0,688128.0,384.0,2682602.0,16398645.0,11868863.0,4912630922820235.0,4912630922915276.0
1289,1,4608,256,11264,0,24,0,48,64,"batch_decode_kernels::mfma_gemm(float*, float const*, unsigned short const*, int, int, int, int)",1290,40,164774.0,0.0,129024.0,72.0,1057941.0,16157508.0,1977097.0,4912630923082796.0,4912630923174477.0
1290,1,6400,256,1024,0,24,0,32,64,"batch_decode_kernels::prefill_kv_norm_rope(unsigned short*, float const*, unsigned short const*, int, int, int, int, int, int, float const*, int, float)",1291,44,27458.0,0.0,1750.0,100.0,146298.0,1901422.0,178764.0,4912630923352718.0,4912630923362478.0
1291,1,65536,256,11264,0,24,0,48,64,"batch_decode_kernels::mfma_head_gemm(float*, float const*, unsigned short const*, int, int, int, int, int, int, unsigned long)",1292,28,35189.0,0.0,114688.0,1024.0,488732.0,2666524.0,1467059.0,4912630923621839.0,4912630923636559.0
1292,1,25600,256,0,0,24,0,32,64,"batch_decode_kernels::prefill_q_rope(float*, float const*, int, int, int, int, int, float const*, int)",1293,45,23903.0,0.0,0.0,400.0,110130.0,1510590.0,424021.0,4912630923890000.0,4912630923897680.0
1293,1,25600,256,0,0,64,0,96,64,"void batch_decode_kernels::flash_prefill<8>(float*, float const*, float const*, unsigned short const*, int, int, int, int, int, int, int, float)",1294,22,65227.0,0.0,204600.0,400.0,501300.0,5800031.0,1604219.0,4912630924052401.0,4912630924084881.0
1294,1,16384,256,11264,0,24,0,48,64,"batch_decode_kernels::mfma_head_gemm(float*, float const*, unsigned short const*, int, int, int, int, int, int, unsigned long)",1295,28,59102.0,0.0,114688.0,256.0,1002339.0,5159339.0,1917780.0,4912630924305202.0,4912630924334322.0
1295,1,16384,256,11264,0,24,0,48,64,"batch_decode_kernels::mfma_gemm(float*, float const*, unsigned short const*, int, int, int, int)",1296,40,168770.0,0.0,458752.0,256.0,2416821.0,16546234.0,7904969.0,4912630924569203.0,4912630924664403.0
1296,1,6400,256,1024,0,12,4,32,64,"batch_decode_kernels::rmsnorm(float*, float const*, unsigned short const*, int, int, float)",1297,36,33084.0,0.0,1750.0,100.0,93558.0,2489100.0,374281.0,4912630924833684.0,4912630924846804.0
1297,1,512,256,11264,0,24,0,48,64,"batch_decode_kernels::mfma_gemm(float*, float const*, unsigned short const*, int, int, int, int)",1298,40,173938.0,0.0,14336.0,8.0,370981.0,4497457.0,228852.0,4912630925107285.0,4912630925204086.0
1298,1,1600,64,0,0,16,0,48,64,"void moe_kernels::router_topk_wave64_kernel<64>(float*, float const*, int*, float*, int, int, int, int, int, float)",1299,57,37486.0,0.0,9200.0,25.0,99113.0,2916605.0,159119.0,4912630925372566.0,4912630925388086.0
1299,1,256,256,1024,0,12,4,64,64,"batch_decode_kernels::align_routes(int const*, int, int, int, int*, int*, int*)",1300,42,43280.0,24.0,438.0,4.0,45257.0,705188.0,8490.0,4912630925633208.0,4912630925652088.0
1300,1,394240,256,19968,0,36,4,48,64,"void batch_decode_kernels::grouped_expert_gate_up<16, 1>(float const*, char const*, unsigned long const*, unsigned long const*, int const*, int const*, float*, unsigned short*, int, int, int, int, int)",1301,25,564544.0,0.0,4956160.0,6160.0,16272886.0,55348166.0,43423791.0,4912630925905049.0,4912630926250490.0
1301,1,22528,256,19968,0,32,0,48,64,"batch_decode_kernels::mfma_gate_up_swiglu(float*, float const*, unsigned short const*, unsigned short const*, int, int, int)",1302,18,180771.0,0.0,991232.0,352.0,3220040.0,17804205.0,11419404.0,4912630926407771.0,4912630926511451.0
1302,1,573440,256,11264,0,24,0,48,64,"void batch_decode_kernels::grouped_expert_down<16, 1>(float const*, unsigned short const*, char const*, unsigned long const*, int const*, int const*, float*, int, int, int, int)",1303,24,327485.0,0.0,3153920.0,8960.0,9544651.0,32382223.0,27263706.0,4912630926672892.0,4912630926871293.0
1303,1,6400,256,0,0,12,4,32,64,"batch_decode_kernels::reduce_routes_add(float*, float const*, float const*, int, int, int)",1304,20,58553.0,0.0,0.0,100.0,730652.0,4998334.0,991497.0,4912630927060574.0,4912630927088734.0
1304,1,16384,256,11264,0,24,0,48,64,"batch_decode_kernels::mfma_gemm(float*, float const*, unsigned short const*, int, int, int, int)",1305,40,225952.0,0.0,630784.0,256.0,3981833.0,22473246.0,10057963.0,4912630927334655.0,4912630927464256.0
1305,1,6400,256,1024,0,12,4,32,64,"batch_decode_kernels::rmsnorm(float*, float const*, unsigned short const*, int, int, float)",1306,36,32026.0,0.0,1750.0,100.0,88021.0,2367706.0,352375.0,4912630927713537.0,4912630927725857.0
1306,1,24576,256,11264,0,24,0,48,64,"batch_decode_kernels::mfma_gemm(float*, float const*, unsigned short const*, int, int, int, int)",1307,40,166526.0,0.0,688128.0,384.0,2666125.0,16355407.0,11865271.0,4912630927984258.0,4912630928079138.0
1307,1,4608,256,11264,0,24,0,48,64,"batch_decode_kernels::mfma_gemm(float*, float const*, unsigned short const*, int, int, int, int)",1308,40,165888.0,0.0,129024.0,72.0,1074477.0,16294983.0,1988954.0,4912630928262499.0,4912630928354819.0
1308,1,6400,256,1024,0,24,0,32,64,"batch_decode_kernels::prefill_kv_norm_rope(unsigned short*, float const*, unsigned short const*, int, int, int, int, int, int, float const*, int, float)",1309,44,27524.0,0.0,1750.0,100.0,152068.0,1855805.0,177310.0,4912630928530500.0,4912630928539940.0
1309,1,65536,256,11264,0,24,0,48,64,"batch_decode_kernels::mfma_head_gemm(float*, float const*, unsigned short const*, int, int, int, int, int, int, unsigned long)",1310,28,35021.0,0.0,114688.0,1024.0,484717.0,2644307.0,1452046.0,4912630928802501.0,4912630928816901.0
1310,1,25600,256,0,0,24,0,32,64,"batch_decode_kernels::prefill_q_rope(float*, float const*, int, int, int, int, int, float const*, int)",1311,45,23854.0,0.0,0.0,400.0,102009.0,1514035.0,436064.0,4912630929089383.0,4912630929096903.0
1311,1,25600,256,0,0,64,0,96,64,"void batch_decode_kernels::flash_prefill<8>(float*, float const*, float const*, unsigned short const*, int, int, int, int, int, int, int, float)",1312,22,64032.0,0.0,204600.0,400.0,525238.0,5679872.0,1633982.0,4912630929363304.0,4912630929395144.0
1312,1,16384,256,11264,0,24,0,48,64,"batch_decode_kernels::mfma_head_gemm(float*, float const*, unsigned short const*, int, int, int, int, int, int, unsigned long)",1313,28,59165.0,0.0,114688.0,256.0,914657.0,5159950.0,1925103.0,4912630929633545.0,4912630929662505.0
1313,1,16384,256,11264,0,24,0,48,64,"batch_decode_kernels::mfma_gemm(float*, float const*, unsigned short const*, int, int, int, int)",1314,40,166419.0,0.0,458752.0,256.0,2418749.0,16291759.0,7734668.0,4912630929904906.0,4912630929998667.0
1314,1,6400,256,1024,0,12,4,32,64,"batch_decode_kernels::rmsnorm(float*, float const*, unsigned short const*, int, int, float)",1315,36,34140.0,0.0,1750.0,100.0,95435.0,2594218.0,409249.0,4912630930180267.0,4912630930194027.0
1315,1,512,256,11264,0,24,0,48,64,"batch_decode_kernels::mfma_gemm(float*, float const*, unsigned short const*, int, int, int, int)",1316,40,175698.0,0.0,14336.0,8.0,365982.0,4551420.0,235010.0,4912630930458829.0,4912630930556429.0
1316,1,1600,64,0,0,16,0,48,64,"void moe_kernels::router_topk_wave64_kernel<64>(float*, float const*, int*, float*, int, int, int, int, int, float)",1317,57,37473.0,0.0,9200.0,25.0,100890.0,2860419.0,157705.0,4912630930736590.0,4912630930752110.0
1317,1,256,256,1024,0,12,4,64,64,"batch_decode_kernels::align_routes(int const*, int, int, int, int*, int*, int*)",1318,42,44314.0,30.0,444.0,4.0,44821.0,718474.0,9045.0,4912630931008591.0,4912630931028111.0
1318,1,394240,256,19968,0,36,4,48,64,"void batch_decode_kernels::grouped_expert_gate_up<16, 1>(float const*, char const*, unsigned long const*, unsigned long const*, int const*, int const*, float*, unsigned short*, int, int, int, int, int)",1319,25,545054.0,0.0,5203968.0,6160.0,16284108.0,55173732.0,44876503.0,4912630931282832.0,4912630931617234.0
1319,1,22528,256,19968,0,32,0,48,64,"batch_decode_kernels::mfma_gate_up_swiglu(float*, float const*, unsigned short const*, unsigned short const*, int, int, int)",1320,18,178791.0,0.0,991232.0,352.0,3101924.0,17605344.0,11279405.0,4912630931795794.0,4912630931898355.0
1320,1,573440,256,11264,0,24,0,48,64,"void batch_decode_kernels::grouped_expert_down<16, 1>(float const*, unsigned short const*, char const*, unsigned long const*, int const*, int const*, float*, int, int, int, int)",1321,24,341802.0,0.0,3311616.0,8960.0,9954878.0,33761744.0,28539813.0,4912630932082836.0,4912630932290357.0
1321,1,6400,256,0,0,12,4,32,64,"batch_decode_kernels::reduce_routes_add(float*, float const*, float const*, int, int, int)",1322,20,57262.0,0.0,0.0,100.0,706042.0,4849211.0,967125.0,4912630932485717.0,4912630932513078.0
1322,1,16384,256,11264,0,24,0,48,64,"batch_decode_kernels::mfma_gemm(float*, float const*, unsigned short const*, int, int, int, int)",1323,40,224754.0,0.0,630784.0,256.0,3739624.0,22386978.0,10017670.0,4912630932763959.0,4912630932893079.0
1323,1,6400,256,1024,0,12,4,32,64,"batch_decode_kernels::rmsnorm(float*, float const*, unsigned short const*, int, int, float)",1324,36,31699.0,0.0,1750.0,100.0,93319.0,2337975.0,340813.0,4912630933164760.0,4912630933176920.0
1324,1,24576,256,11264,0,24,0,48,64,"batch_decode_kernels::mfma_gemm(float*, float const*, unsigned short const*, int, int, int, int)",1325,40,169576.0,0.0,688128.0,384.0,2581714.0,16681317.0,11940388.0,4912630933445882.0,4912630933542522.0
1325,1,4608,256,11264,0,24,0,48,64,"batch_decode_kernels::mfma_gemm(float*, float const*, unsigned short const*, int, int, int, int)",1326,40,165843.0,0.0,129024.0,72.0,1077312.0,16261846.0,1968875.0,4912630933722683.0,4912630933815003.0
1326,1,6400,256,1024,0,24,0,32,64,"batch_decode_kernels::prefill_kv_norm_rope(unsigned short*, float const*, unsigned short const*, int, int, int, int, int, int, float const*, int, float)",1327,44,27328.0,0.0,1750.0,100.0,148923.0,1870794.0,177039.0,4912630934003484.0,4912630934012924.0
1327,1,65536,256,11264,0,24,0,48,64,"batch_decode_kernels::mfma_head_gemm(float*, float const*, unsigned short const*, int, int, int, int, int, int, unsigned long)",1328,28,35142.0,0.0,114688.0,1024.0,482113.0,2681331.0,1455510.0,4912630934279165.0,4912630934293565.0
1328,1,25600,256,0,0,24,0,32,64,"batch_decode_kernels::prefill_q_rope(float*, float const*, int, int, int, int, int, float const*, int)",1329,45,23766.0,0.0,0.0,400.0,117382.0,1511305.0,456510.0,4912630934451646.0,4912630934459166.0
1329,1,25600,256,0,0,64,0,96,64,"void batch_decode_kernels::flash_prefill<8>(float*, float const*, float const*, unsigned short const*, int, int, int, int, int, int, int, float)",1330,22,63596.0,0.0,204600.0,400.0,555165.0,5611947.0,1742958.0,4912630934723967.0,4912630934755327.0
1330,1,16384,256,11264,0,24,0,48,64,"batch_decode_kernels::mfma_head_gemm(float*, float const*, unsigned short const*, int, int, int, int, int, int, unsigned long)",1331,28,61005.0,0.0,114688.0,256.0,1014681.0,5278276.0,1970166.0,4912630935005728.0,4912630935035649.0
1331,1,16384,256,11264,0,24,0,48,64,"batch_decode_kernels::mfma_gemm(float*, float const*, unsigned short const*, int, int, int, int)",1332,40,168015.0,0.0,458752.0,256.0,2424487.0,16388258.0,7752443.0,4912630935294530.0,4912630935388770.0
1332,1,6400,256,1024,0,12,4,32,64,"batch_decode_kernels::rmsnorm(float*, float const*, unsigned short const*, int, int, float)",1333,36,32926.0,0.0,1750.0,100.0,86253.0,2458329.0,373797.0,4912630935566371.0,4912630935579171.0
1333,1,512,256,11264,0,24,0,48,64,"batch_decode_kernels::mfma_gemm(float*, float const*, unsigned short const*, int, int, int, int)",1334,40,175276.0,0.0,14336.0,8.0,362800.0,4544686.0,232049.0,4912630935863652.0,4912630935961093.0
1334,1,1600,64,0,0,16,0,48,64,"void moe_kernels::router_topk_wave64_kernel<64>(float*, float const*, int*, float*, int, int, int, int, int, float)",1335,57,37182.0,0.0,9200.0,25.0,96975.0,2884768.0,156030.0,4912630936150693.0,4912630936166053.0
1335,1,256,256,1024,0,12,4,64,64,"batch_decode_kernels::align_routes(int const*, int, int, int, int*, int*, int*)",1336,42,43463.0,40.0,454.0,4.0,45696.0,707177.0,9160.0,4912630936435495.0,4912630936454535.0
1336,1,394240,256,19968,0,36,4,48,64,"void batch_decode_kernels::grouped_expert_gate_up<16, 1>(float const*, char const*, unsigned long const*, unsigned long const*, int const*, int const*, float*, unsigned short*, int, int, int, int, int)",1337,25,537586.0,0.0,5203968.0,6160.0,15982442.0,53869468.0,44391284.0,4912630936731016.0,4912630937061097.0
1337,1,22528,256,19968,0,32,0,48,64,"batch_decode_kernels::mfma_gate_up_swiglu(float*, float const*, unsigned short const*, unsigned short const*, int, int, int)",1338,18,180119.0,0.0,991232.0,352.0,3225037.0,17759550.0,11385121.0,4912630937281098.0,4912630937384459.0
1338,1,573440,256,11264,0,24,0,48,64,"void batch_decode_kernels::grouped_expert_down<16, 1>(float const*, unsigned short const*, char const*, unsigned long const*, int const*, int const*, float*, int, int, int, int)",1339,24,331307.0,0.0,3311616.0,8960.0,9667219.0,32752255.0,28653051.0,4912630937567500.0,4912630937768620.0
1339,1,6400,256,0,0,12,4,32,64,"batch_decode_kernels::reduce_routes_add(float*, float const*, float const*, int, int, int)",1340,20,57549.0,0.0,0.0,100.0,724775.0,4965587.0,983301.0,4912630937970541.0,4912630937998221.0
1340,1,16384,256,11264,0,24,0,48,64,"batch_decode_kernels::mfma_gemm(float*, float const*, unsigned short const*, int, int, int, int)",1341,40,223631.0,0.0,630784.0,256.0,3678974.0,22277687.0,9957704.0,4912630938264303.0,4912630938392783.0
1341,1,6400,256,1024,0,12,4,32,64,"batch_decode_kernels::rmsnorm(float*, float const*, unsigned short const*, int, int, float)",1342,36,32377.0,0.0,1750.0,100.0,94099.0,2403924.0,366948.0,4912630938551344.0,4912630938563984.0
1342,1,24576,256,11264,0,24,0,48,64,"batch_decode_kernels::mfma_gemm(float*, float const*, unsigned short const*, int, int, int, int)",1343,40,165491.0,0.0,688128.0,384.0,2717759.0,16239278.0,11805598.0,4912630938835665.0,4912630938929746.0
1343,1,4608,256,11264,0,24,0,48,64,"batch_decode_kernels::mfma_gemm(float*, float const*, unsigned short const*, int, int, int, int)",1344,40,164898.0,0.0,129024.0,72.0,1069108.0,16184015.0,1958176.0,4912630939131666.0,4912630939223507.0
1344,1,6400,256,1024,0,24,0,32,64,"batch_decode_kernels::prefill_kv_norm_rope(unsigned short*, float const*, unsigned short const*, int, int, int, int, int, int, float const*, int, float)",1345,44,27954.0,0.0,1750.0,100.0,146834.0,1950354.0,184179.0,4912630939422708.0,4912630939432788.0
1345,1,65536,256,11264,0,24,0,48,64,"batch_decode_kernels::mfma_head_gemm(float*, float const*, unsigned short const*, int, int, int, int, int, int, unsigned long)",1346,28,35035.0,0.0,114688.0,1024.0,484526.0,2624131.0,1417597.0,4912630939708629.0,4912630939722869.0
1346,1,25600,256,0,0,24,0,32,64,"batch_decode_kernels::prefill_q_rope(float*, float const*, int, int, int, int, int, float const*, int)",1347,45,24249.0,0.0,0.0,400.0,118214.0,1489452.0,495877.0,4912630940029910.0,4912630940037750.0
1347,1,25600,256,0,0,64,0,96,64,"void batch_decode_kernels::flash_prefill<8>(float*, float const*, float const*, unsigned short const*, int, int, int, int, int, int, int, float)",1348,22,66234.0,0.0,204600.0,400.0,508786.0,5901860.0,1614983.0,4912630940196471.0,4912630940229591.0
1348,1,16384,256,11264,0,24,0,48,64,"batch_decode_kernels::mfma_head_gemm(float*, float const*, unsigned short const*, int, int, int, int, int, int, unsigned long)",1349,28,60217.0,0.0,114688.0,256.0,1043376.0,5203071.0,1928779.0,4912630940490232.0,4912630940519672.0
1349,1,16384,256,11264,0,24,0,48,64,"batch_decode_kernels::mfma_gemm(float*, float const*, unsigned short const*, int, int, int, int)",1350,40,168667.0,0.0,458752.0,256.0,2382689.0,16532298.0,7835443.0,4912630940783994.0,4912630940879034.0
1350,1,6400,256,1024,0,12,4,32,64,"batch_decode_kernels::rmsnorm(float*, float const*, unsigned short const*, int, int, float)",1351,36,33636.0,0.0,1750.0,100.0,87735.0,2550057.0,385432.0,4912630941084955.0,4912630941098235.0
1351,1,512,256,11264,0,24,0,48,64,"batch_decode_kernels::mfma_gemm(float*, float const*, unsigned short const*, int, int, int, int)",1352,40,173792.0,0.0,14336.0,8.0,371198.0,4511120.0,234704.0,4912630941250236.0,4912630941346876.0
1352,1,1600,64,0,0,16,0,48,64,"void moe_kernels::router_topk_wave64_kernel<64>(float*, float const*, int*, float*, int, int, int, int, int, float)",1353,57,37644.0,0.0,9200.0,25.0,97614.0,2945231.0,155692.0,4912630941530077.0,4912630941545917.0
1353,1,256,256,1024,0,12,4,64,64,"batch_decode_kernels::align_routes(int const*, int, int, int, int*, int*, int*)",1354,42,45059.0,34.0,448.0,4.0,44660.0,726950.0,8851.0,4912630941823518.0,4912630941843518.0
1354,1,394240,256,19968,0,36,4,48,64,"void batch_decode_kernels::grouped_expert_gate_up<16, 1>(float const*, char const*, unsigned long const*, unsigned long const*, int const*, int const*, float*, unsigned short*, int, int, int, int, int)",1355,25,563509.0,0.0,5699584.0,6160.0,16787041.0,56987804.0,48436775.0,4912630942123519.0,4912630942470241.0
1355,1,22528,256,19968,0,32,0,48,64,"batch_decode_kernels::mfma_gate_up_swiglu(float*, float const*, unsigned short const*, unsigned short const*, int, int, int)",1356,18,179289.0,0.0,991232.0,352.0,3163494.0,17641978.0,11422727.0,4912630942677922.0,4912630942780802.0
1356,1,573440,256,11264,0,24,0,48,64,"void batch_decode_kernels::grouped_expert_down<16, 1>(float const*, unsigned short const*, char const*, unsigned long const*, int const*, int const*, float*, int, int, int, int)",1357,24,338606.0,0.0,3627008.0,8960.0,9870354.0,33353895.0,29643489.0,4912630942979843.0,4912630943185924.0
1357,1,6400,256,0,0,12,4,32,64,"batch_decode_kernels::reduce_routes_add(float*, float const*, float const*, int, int, int)",1358,20,57904.0,0.0,0.0,100.0,717867.0,4965795.0,989476.0,4912630943418245.0,4912630943446085.0
1358,1,16384,256,11264,0,24,0,48,64,"batch_decode_kernels::mfma_gemm(float*, float const*, unsigned short const*, int, int, int, int)",1359,40,226096.0,0.0,630784.0,256.0,3781491.0,22499714.0,10007257.0,4912630943714566.0,4912630943844327.0
1359,1,6400,256,1024,0,12,4,32,64,"batch_decode_kernels::rmsnorm(float*, float const*, unsigned short const*, int, int, float)",1360,36,34220.0,0.0,1750.0,100.0,98822.0,2603383.0,408710.0,4912630944010568.0,4912630944024328.0
1360,1,24576,256,11264,0,24,0,48,64,"batch_decode_kernels::mfma_gemm(float*, float const*, unsigned short const*, int, int, int, int)",1361,40,166440.0,0.0,688128.0,384.0,2587426.0,16328926.0,11691213.0,4912630944185928.0,4912630944280649.0
1361,1,4608,256,11264,0,24,0,48,64,"batch_decode_kernels::mfma_gemm(float*, float const*, unsigned short const*, int, int, int, int)",1362,40,165237.0,0.0,129024.0,72.0,1070272.0,16199602.0,1983433.0,4912630944466730.0,4912630944558730.0
1362,1,6400,256,1024,0,24,0,32,64,"batch_decode_kernels::prefill_kv_norm_rope(unsigned short*, float const*, unsigned short const*, int, int, int, int, int, int, float const*, int, float)",1363,44,27422.0,0.0,1750.0,100.0,144862.0,1897223.0,177041.0,4912630944765771.0,4912630944775371.0
1363,1,65536,256,11264,0,24,0,48,64,"batch_decode_kernels::mfma_head_gemm(float*, float const*, unsigned short const*, int, int, int, int, int, int, unsigned long)",1364,28,35622.0,0.0,114688.0,1024.0,472502.0,2697009.0,1419126.0,4912630944934412.0,4912630944949292.0
1364,1,25600,256,0,0,24,0,32,64,"batch_decode_kernels::prefill_q_rope(float*, float const*, int, int, int, int, int, float const*, int)",1365,45,24187.0,0.0,0.0,400.0,114790.0,1474606.0,435730.0,4912630945112173.0,4912630945119533.0
1365,1,25600,256,0,0,64,0,96,64,"void batch_decode_kernels::flash_prefill<8>(float*, float const*, float const*, unsigned short const*, int, int, int, int, int, int, int, float)",1366,22,64793.0,0.0,204600.0,400.0,516425.0,5758184.0,1611366.0,4912630945277613.0,4912630945309933.0
1366,1,16384,256,11264,0,24,0,48,64,"batch_decode_kernels::mfma_head_gemm(float*, float const*, unsigned short const*, int, int, int, int, int, int, unsigned long)",1367,28,59525.0,0.0,114688.0,256.0,989897.0,5103153.0,1903207.0,4912630945579215.0,4912630945607695.0
1367,1,16384,256,11264,0,24,0,48,64,"batch_decode_kernels::mfma_gemm(float*, float const*, unsigned short const*, int, int, int, int)",1368,40,167629.0,0.0,458752.0,256.0,2404673.0,16470457.0,7783137.0,4912630945880496.0,4912630945975056.0
1368,1,6400,256,1024,0,12,4,32,64,"batch_decode_kernels::rmsnorm(float*, float const*, unsigned short const*, int, int, float)",1369,36,31835.0,0.0,1750.0,100.0,81150.0,2344839.0,353794.0,4912630946191217.0,4912630946203537.0
1369,1,512,256,11264,0,24,0,48,64,"batch_decode_kernels::mfma_gemm(float*, float const*, unsigned short const*, int, int, int, int)",1370,40,175896.0,0.0,14336.0,8.0,370311.0,4536717.0,234269.0,4912630946363218.0,4912630946460498.0
1370,1,1600,64,0,0,16,0,48,64,"void moe_kernels::router_topk_wave64_kernel<64>(float*, float const*, int*, float*, int, int, int, int, int, float)",1371,57,38681.0,0.0,9200.0,25.0,99131.0,2991550.0,162336.0,4912630946652499.0,4912630946668659.0
1371,1,256,256,1024,0,12,4,64,64,"batch_decode_kernels::align_routes(int const*, int, int, int, int*, int*, int*)",1372,42,45649.0,30.0,444.0,4.0,48115.0,739703.0,9681.0,4912630946952181.0,4912630946972661.0
1372,1,394240,256,19968,0,36,4,48,64,"void batch_decode_kernels::grouped_expert_gate_up<16, 1>(float const*, char const*, unsigned long const*, unsigned long const*, int const*, int const*, float*, unsigned short*, int, int, int, int, int)",1373,25,586017.0,0.0,5699584.0,6160.0,17200409.0,59155619.0,47906794.0,4912630947132021.0,4912630947492023.0
1373,1,22528,256,19968,0,32,0,48,64,"batch_decode_kernels::mfma_gate_up_swiglu(float*, float const*, unsigned short const*, unsigned short const*, int, int, int)",1374,18,179958.0,0.0,991232.0,352.0,3151991.0,17715337.0,11395477.0,4912630947691544.0,4912630947794744.0
1374,1,573440,256,11264,0,24,0,48,64,"void batch_decode_kernels::grouped_expert_down<16, 1>(float const*, unsigned short const*, char const*, unsigned long const*, int const*, int const*, float*, int, int, int, int)",1375,24,342621.0,0.0,3627008.0,8960.0,10037087.0,34259878.0,30206576.0,4912630947990425.0,4912630948198906.0
1375,1,6400,256,0,0,12,4,32,64,"batch_decode_kernels::reduce_routes_add(float*, float const*, float const*, int, int, int)",1376,20,57158.0,0.0,0.0,100.0,712259.0,4928316.0,979690.0,4912630948420027.0,4912630948447387.0
1376,1,16384,256,11264,0,24,0,48,64,"batch_decode_kernels::mfma_gemm(float*, float const*, unsigned short const*, int, int, int, int)",1377,40,226476.0,0.0,630784.0,256.0,3937508.0,22511219.0,10010935.0,4912630948710588.0,4912630948840189.0
1377,1,6400,256,1024,0,12,4,32,64,"batch_decode_kernels::rmsnorm(float*, float const*, unsigned short const*, int, int, float)",1378,36,32509.0,0.0,1750.0,100.0,95021.0,2414610.0,361858.0,4912630949022110.0,4912630949034590.0
1378,1,24576,256,11264,0,24,0,48,64,"batch_decode_kernels::mfma_gemm(float*, float const*, unsigned short const*, int, int, int, int)",1379,40,168115.0,0.0,688128.0,384.0,2592766.0,16500968.0,11883273.0,4912630949193470.0,4912630949289151.0
1379,1,4608,256,11264,0,24,0,48,64,"batch_decode_kernels::mfma_gemm(float*, float const*, unsigned short const*, int, int, int, int)",1380,40,164711.0,0.0,129024.0,72.0,1071925.0,16174798.0,1977303.0,4912630949500032.0,4912630949592032.0
1380,1,6400,256,1024,0,24,0,32,64,"batch_decode_kernels::prefill_kv_norm_rope(unsigned short*, float const*, unsigned short const*, int, int, int, int, int, int, float const*, int, float)",1381,44,27282.0,0.0,1750.0,100.0,146069.0,1875279.0,185182.0,4912630949809473.0,4912630949819073.0
1381,1,65536,256,11264,0,24,0,48,64,"batch_decode_kernels::mfma_head_gemm(float*, float const*, unsigned short const*, int, int, int, int, int, int, unsigned long)",1382,28,34250.0,0.0,114688.0,1024.0,472936.0,2599028.0,1417221.0,4912630949981474.0,4912630949995394.0
1382,1,25600,256,0,0,24,0,32,64,"batch_decode_kernels::prefill_q_rope(float*, float const*, int, int, int, int, int, float const*, int)",1383,45,24042.0,0.0,0.0,400.0,113561.0,1531182.0,436275.0,4912630950279555.0,4912630950287235.0
1383,1,25600,256,0,0,64,0,96,64,"void batch_decode_kernels::flash_prefill<8>(float*, float const*, float const*, unsigned short const*, int, int, int, int, int, int, int, float)",1384,22,68375.0,0.0,204600.0,400.0,504230.0,6157115.0,1670616.0,4912630950451396.0,4912630950485796.0
1384,1,16384,256,11264,0,24,0,48,64,"batch_decode_kernels::mfma_head_gemm(float*, float const*, unsigned short const*, int, int, int, int, int, int, unsigned long)",1385,28,59880.0,0.0,114688.0,256.0,895794.0,5199899.0,1914101.0,4912630950750277.0,4912630950779557.0
1385,1,16384,256,11264,0,24,0,48,64,"batch_decode_kernels::mfma_gemm(float*, float const*, unsigned short const*, int, int, int, int)",1386,40,167127.0,0.0,458752.0,256.0,2398005.0,16369369.0,7786548.0,4912630950931398.0,4912630951025798.0
1386,1,6400,256,1024,0,12,4,32,64,"batch_decode_kernels::rmsnorm(float*, float const*, unsigned short const*, int, int, float)",1387,36,31944.0,0.0,1750.0,100.0,93355.0,2353627.0,349226.0,4912630951251879.0,4912630951264039.0
1387,1,512,256,11264,0,24,0,48,64,"batch_decode_kernels::mfma_gemm(float*, float const*, unsigned short const*, int, int, int, int)",1388,40,172973.0,0.0,14336.0,8.0,369915.0,4486030.0,230910.0,4912630951419560.0,4912630951515720.0
1388,1,1600,64,0,0,16,0,48,64,"void moe_kernels::router_topk_wave64_kernel<64>(float*, float const*, int*, float*, int, int, int, int, int, float)",1389,57,37684.0,0.0,9200.0,25.0,100296.0,2902422.0,161082.0,4912630951725641.0,4912630951741481.0
1389,1,256,256,1024,0,12,4,64,64,"batch_decode_kernels::align_routes(int const*, int, int, int, int*, int*, int*)",1390,42,46250.0,30.0,444.0,4.0,48862.0,748660.0,10904.0,4912630951899402.0,4912630951920202.0
1390,1,394240,256,19968,0,36,4,48,64,"void batch_decode_kernels::grouped_expert_gate_up<16, 1>(float const*, char const*, unsigned long const*, unsigned long const*, int const*, int const*, float*, unsigned short*, int, int, int, int, int)",1391,25,584362.0,0.0,6195200.0,6160.0,17684287.0,59368702.0,51810074.0,4912630952081323.0,4912630952441645.0
1391,1,22528,256,19968,0,32,0,48,64,"batch_decode_kernels::mfma_gate_up_swiglu(float*, float const*, unsigned short const*, unsigned short const*, int, int, int)",1392,18,177710.0,0.0,991232.0,352.0,3099841.0,17506869.0,11220640.0,4912630952696206.0,4912630952798286.0
1392,1,573440,256,11264,0,24,0,48,64,"void batch_decode_kernels::grouped_expert_down<16, 1>(float const*, unsigned short const*, char const*, unsigned long const*, int const*, int const*, float*, int, int, int, int)",1393,24,343526.0,0.0,3942400.0,8960.0,10155209.0,34449028.0,31229952.0,4912630953005327.0,4912630953215088.0
1393,1,6400,256,0,0,12,4,32,64,"batch_decode_kernels::reduce_routes_add(float*, float const*, float const*, int, int, int)",1394,20,57138.0,0.0,0.0,100.0,715999.0,4895582.0,971808.0,4912630953456049.0,4912630953483409.0
1394,1,16384,256,11264,0,24,0,48,64,"batch_decode_kernels::mfma_gemm(float*, float const*, unsigned short const*, int, int, int, int)",1395,40,224293.0,0.0,630784.0,256.0,3678361.0,22347523.0,9980739.0,4912630953639090.0,4912630953767890.0
1395,1,6400,256,1024,0,12,4,32,64,"batch_decode_kernels::rmsnorm(float*, float const*, unsigned short const*, int, int, float)",1396,36,33379.0,0.0,1750.0,100.0,95019.0,2499916.0,388411.0,4912630953935571.0,4912630953948691.0
1396,1,24576,256,11264,0,24,0,48,64,"batch_decode_kernels::mfma_gemm(float*, float const*, unsigned short const*, int, int, int, int)",1397,40,166890.0,0.0,688128.0,384.0,2599828.0,16380497.0,11864085.0,4912630954108532.0,4912630954203412.0
1397,1,4608,256,11264,0,24,0,48,64,"batch_decode_kernels::mfma_gemm(float*, float const*, unsigned short const*, int, int, int, int)",1398,40,164544.0,0.0,129024.0,72.0,1081477.0,16142090.0,1965590.0,4912630954421973.0,4912630954513494.0
1398,1,6400,256,1024,0,24,0,32,64,"batch_decode_kernels::prefill_kv_norm_rope(unsigned short*, float const*, unsigned short const*, int, int, int, int, int, int, float const*, int, float)",1399,44,28182.0,0.0,1750.0,100.0,150267.0,1914175.0,178126.0,4912630954735895.0,4912630954745655.0
1399,1,65536,256,11264,0,24,0,48,64,"batch_decode_kernels::mfma_head_gemm(float*, float const*, unsigned short const*, int, int, int, int, int, int, unsigned long)",1400,28,35292.0,0.0,114688.0,1024.0,482478.0,2683853.0,1440219.0,4912630954912535.0,4912630954927255.0
1400,1,25600,256,0,0,24,0,32,64,"batch_decode_kernels::prefill_q_rope(float*, float const*, int, int, int, int, int, float const*, int)",1401,45,23392.0,0.0,0.0,400.0,111211.0,1461099.0,422680.0,4912630955087896.0,4912630955095096.0
1401,1,25600,256,0,0,64,0,96,64,"void batch_decode_kernels::flash_prefill<8>(float*, float const*, float const*, unsigned short const*, int, int, int, int, int, int, int, float)",1402,22,65386.0,0.0,204600.0,400.0,505876.0,5801656.0,1627099.0,4912630955255097.0,4912630955287737.0
1402,1,16384,256,11264,0,24,0,48,64,"batch_decode_kernels::mfma_head_gemm(float*, float const*, unsigned short const*, int, int, int, int, int, int, unsigned long)",1403,28,59302.0,0.0,114688.0,256.0,1037069.0,5152813.0,1908984.0,4912630955568858.0,4912630955597658.0
1403,1,16384,256,11264,0,24,0,48,64,"batch_decode_kernels::mfma_gemm(float*, float const*, unsigned short const*, int, int, int, int)",1404,40,167250.0,0.0,458752.0,256.0,2399382.0,16408057.0,7792863.0,4912630955878780.0,4912630955973180.0
1404,1,6400,256,1024,0,12,4,32,64,"batch_decode_kernels::rmsnorm(float*, float const*, unsigned short const*, int, int, float)",1405,36,31799.0,0.0,1750.0,100.0,80265.0,2301263.0,335839.0,4912630956197501.0,4912630956209341.0
1405,1,512,256,11264,0,24,0,48,64,"batch_decode_kernels::mfma_gemm(float*, float const*, unsigned short const*, int, int, int, int)",1406,40,173896.0,0.0,14336.0,8.0,361607.0,4510314.0,228851.0,4912630956372862.0,4912630956469502.0
1406,1,1600,64,0,0,16,0,48,64,"void moe_kernels::router_topk_wave64_kernel<64>(float*, float const*, int*, float*, int, int, int, int, int, float)",1407,57,38014.0,0.0,9200.0,25.0,95993.0,2957061.0,155293.0,4912630956691903.0,4912630956707743.0
1407,1,256,256,1024,0,12,4,64,64,"batch_decode_kernels::align_routes(int const*, int, int, int, int*, int*, int*)",1408,42,44360.0,24.0,438.0,4.0,45619.0,723388.0,9854.0,4912630956868864.0,4912630956888544.0
1408,1,394240,256,19968,0,36,4,48,64,"void batch_decode_kernels::grouped_expert_gate_up<16, 1>(float const*, char const*, unsigned long const*, unsigned long const*, int const*, int const*, float*, unsigned short*, int, int, int, int, int)",1409,25,587211.0,0.0,5699584.0,6160.0,17366795.0,59339114.0,49861574.0,4912630957175380.0,4912630957536182.0
1409,1,22528,256,19968,0,32,0,48,64,"batch_decode_kernels::mfma_gate_up_swiglu(float*, float const*, unsigned short const*, unsigned short const*, int, int, int)",1410,18,179928.0,0.0,991232.0,352.0,3161207.0,17738191.0,11340349.0,4912630957763062.0,4912630957866422.0
1410,1,573440,256,11264,0,24,0,48,64,"void batch_decode_kernels::grouped_expert_down<16, 1>(float const*, unsigned short const*, char const*, unsigned long const*, int const*, int const*, float*, int, int, int, int)",1411,24,342394.0,0.0,3627008.0,8960.0,10103457.0,34392335.0,30978230.0,4912630958092663.0,4912630958301144.0
1411,1,6400,256,0,0,12,4,32,64,"batch_decode_kernels::reduce_routes_add(float*, float const*, float const*, int, int, int)",1412,20,58703.0,0.0,0.0,100.0,735747.0,5000765.0,990965.0,4912630958556185.0,4912630958584505.0
1412,1,16384,256,11264,0,24,0,48,64,"batch_decode_kernels::mfma_gemm(float*, float const*, unsigned short const*, int, int, int, int)",1413,40,227196.0,0.0,630784.0,256.0,3719131.0,22570941.0,10054918.0,4912630958865786.0,4912630958995867.0
1413,1,6400,256,1024,0,12,4,32,64,"batch_decode_kernels::rmsnorm(float*, float const*, unsigned short const*, int, int, float)",1414,36,33215.0,0.0,1750.0,100.0,88211.0,2515451.0,380521.0,4912630959187868.0,4912630959200988.0
1414,1,24576,256,11264,0,24,0,48,64,"batch_decode_kernels::mfma_gemm(float*, float const*, unsigned short const*, int, int, int, int)",1415,40,166276.0,0.0,688128.0,384.0,2713576.0,16327158.0,11769241.0,4912630959359549.0,4912630959454109.0
1415,1,4608,256,11264,0,24,0,48,64,"batch_decode_kernels::mfma_gemm(float*, float const*, unsigned short const*, int, int, int, int)",1416,40,163341.0,0.0,129024.0,72.0,1069535.0,15997179.0,1928666.0,4912630959680350.0,4912630959771070.0
1416,1,6400,256,1024,0,24,0,32,64,"batch_decode_kernels::prefill_kv_norm_rope(unsigned short*, float const*, unsigned short const*, int, int, int, int, int, int, float const*, int, float)",1417,44,27561.0,0.0,1750.0,100.0,146487.0,1910574.0,176570.0,4912630960000831.0,4912630960010591.0
1417,1,65536,256,11264,0,24,0,48,64,"batch_decode_kernels::mfma_head_gemm(float*, float const*, unsigned short const*, int, int, int, int, int, int, unsigned long)",1418,28,35328.0,0.0,114688.0,1024.0,489762.0,2676105.0,1488051.0,4912630960180672.0,4912630960195552.0
1418,1,25600,256,0,0,24,0,32,64,"batch_decode_kernels::prefill_q_rope(float*, float const*, int, int, int, int, int, float const*, int)",1419,45,23422.0,0.0,0.0,400.0,112701.0,1447098.0,432257.0,4912630960360513.0,4912630960367713.0
1419,1,25600,256,0,0,64,0,96,64,"void batch_decode_kernels::flash_prefill<8>(float*, float const*, float const*, unsigned short const*, int, int, int, int, int, int, int, float)",1420,22,65458.0,0.0,204600.0,400.0,524454.0,5839330.0,1630189.0,4912630960529474.0,4912630960561954.0
1420,1,16384,256,11264,0,24,0,48,64,"batch_decode_kernels::mfma_head_gemm(float*, float const*, unsigned short const*, int, int, int, int, int, int, unsigned long)",1421,28,58189.0,0.0,114688.0,256.0,954131.0,5041338.0,1902606.0,4912630960844835.0,4912630960873155.0
1421,1,16384,256,11264,0,24,0,48,64,"batch_decode_kernels::mfma_gemm(float*, float const*, unsigned short const*, int, int, int, int)",1422,40,168055.0,0.0,458752.0,256.0,2397148.0,16487162.0,7717806.0,4912630961170437.0,4912630961264997.0
1422,1,6400,256,1024,0,12,4,32,64,"batch_decode_kernels::rmsnorm(float*, float const*, unsigned short const*, int, int, float)",1423,36,31646.0,0.0,1750.0,100.0,85349.0,2332450.0,344665.0,4912630961496678.0,4912630961508838.0
1423,1,512,256,11264,0,24,0,48,64,"batch_decode_kernels::mfma_gemm(float*, float const*, unsigned short const*, int, int, int, int)",1424,40,172519.0,0.0,14336.0,8.0,368060.0,4457456.0,227544.0,4912630961667399.0,4912630961763239.0
1424,1,1600,64,0,0,16,0,48,64,"void moe_kernels::router_topk_wave64_kernel<64>(float*, float const*, int*, float*, int, int, int, int, int, float)",1425,57,36553.0,0.0,9200.0,25.0,99633.0,2843558.0,159846.0,4912630961995400.0,4912630962010440.0
1425,1,256,256,1024,0,12,4,64,64,"batch_decode_kernels::align_routes(int const*, int, int, int, int*, int*, int*)",1426,42,45128.0,30.0,444.0,4.0,46195.0,733008.0,9640.0,4912630962176041.0,4912630962196201.0
1426,1,394240,256,19968,0,36,4,48,64,"void batch_decode_kernels::grouped_expert_gate_up<16, 1>(float const*, char const*, unsigned long const*, unsigned long const*, int const*, int const*, float*, unsigned short*, int, int, int, int, int)",1427,25,601718.0,0.0,6195200.0,6160.0,17625668.0,60950048.0,52434002.0,4912630962355562.0,4912630962726603.0
1427,1,22528,256,19968,0,32,0,48,64,"batch_decode_kernels::mfma_gate_up_swiglu(float*, float const*, unsigned short const*, unsigned short const*, int, int, int)",1428,18,180487.0,0.0,991232.0,352.0,3513139.0,17807663.0,11546128.0,4912630962958444.0,4912630963062285.0
1428,1,573440,256,11264,0,24,0,48,64,"void batch_decode_kernels::grouped_expert_down<16, 1>(float const*, unsigned short const*, char const*, unsigned long const*, int const*, int const*, float*, int, int, int, int)",1429,24,344427.0,0.0,3942400.0,8960.0,10027965.0,34320614.0,31488629.0,4912630963285326.0,4912630963495727.0
1429,1,6400,256,0,0,12,4,32,64,"batch_decode_kernels::reduce_routes_add(float*, float const*, float const*, int, int, int)",1430,20,57487.0,0.0,0.0,100.0,714877.0,4897181.0,971319.0,4912630963741648.0,4912630963769168.0
1430,1,16384,256,11264,0,24,0,48,64,"batch_decode_kernels::mfma_gemm(float*, float const*, unsigned short const*, int, int, int, int)",1431,40,228276.0,0.0,630784.0,256.0,3785202.0,22745505.0,10054995.0,4912630963926129.0,4912630964057169.0
1431,1,6400,256,1024,0,12,4,32,64,"batch_decode_kernels::rmsnorm(float*, float const*, unsigned short const*, int, int, float)",1432,36,31625.0,0.0,1750.0,100.0,86110.0,2336662.0,346716.0,4912630964262770.0,4912630964274930.0
1432,1,24576,256,11264,0,24,0,48,64,"batch_decode_kernels::mfma_gemm(float*, float const*, unsigned short const*, int, int, int, int)",1433,40,165176.0,0.0,688128.0,384.0,2654990.0,16210509.0,11673549.0,4912630964448691.0,4912630964542771.0
1433,1,4608,256,11264,0,24,0,48,64,"batch_decode_kernels::mfma_gemm(float*, float const*, unsigned short const*, int, int, int, int)",1434,40,165386.0,0.0,129024.0,72.0,1054738.0,16228228.0,1978382.0,4912630964771572.0,4912630964863573.0
1434,1,6400,256,1024,0,24,0,32,64,"batch_decode_kernels::prefill_kv_norm_rope(unsigned short*, float const*, unsigned short const*, int, int, int, int, int, int, float const*, int, float)",1435,44,28950.0,0.0,1750.0,100.0,146355.0,2026976.0,190737.0,4912630965101494.0,4912630965111894.0
1435,1,65536,256,11264,0,24,0,48,64,"batch_decode_kernels::mfma_head_gemm(float*, float const*, unsigned short const*, int, int, int, int, int, int, unsigned long)",1436,28,35540.0,0.0,114688.0,1024.0,491675.0,2673908.0,1477359.0,4912630965277814.0,4912630965292534.0
1436,1,25600,256,0,0,24,0,32,64,"batch_decode_kernels::prefill_q_rope(float*, float const*, int, int, int, int, int, float const*, int)",1437,45,23450.0,0.0,0.0,400.0,115981.0,1482822.0,429481.0,4912630965459255.0,4912630965466615.0
1437,1,25600,256,0,0,64,0,96,64,"void batch_decode_kernels::flash_prefill<8>(float*, float const*, float const*, unsigned short const*, int, int, int, int, int, int, int, float)",1438,22,65278.0,0.0,204600.0,400.0,514346.0,5792218.0,1724534.0,4912630965635416.0,4912630965668056.0
1438,1,16384,256,11264,0,24,0,48,64,"batch_decode_kernels::mfma_head_gemm(float*, float const*, unsigned short const*, int, int, int, int, int, int, unsigned long)",1439,28,59201.0,0.0,114688.0,256.0,969302.0,5107846.0,1923257.0,4912630965825337.0,4912630965854297.0
1439,1,16384,256,11264,0,24,0,48,64,"batch_decode_kernels::mfma_gemm(float*, float const*, unsigned short const*, int, int, int, int)",1440,40,167065.0,0.0,458752.0,256.0,2442638.0,16392535.0,7664685.0,4912630966021018.0,4912630966115098.0
1440,1,6400,256,1024,0,12,4,32,64,"batch_decode_kernels::rmsnorm(float*, float const*, unsigned short const*, int, int, float)",1441,36,32433.0,0.0,1750.0,100.0,89899.0,2410632.0,364301.0,4912630966359739.0,4912630966372379.0
1441,1,512,256,11264,0,24,0,48,64,"batch_decode_kernels::mfma_gemm(float*, float const*, unsigned short const*, int, int, int, int)",1442,40,173714.0,0.0,14336.0,8.0,367786.0,4507597.0,229810.0,4912630966546460.0,4912630966643260.0
1442,1,1600,64,0,0,16,0,48,64,"void moe_kernels::router_topk_wave64_kernel<64>(float*, float const*, int*, float*, int, int, int, int, int, float)",1443,57,37599.0,0.0,9200.0,25.0,100600.0,2886583.0,161012.0,4912630966874461.0,4912630966889981.0
1443,1,256,256,1024,0,12,4,64,64,"batch_decode_kernels::align_routes(int const*, int, int, int, int*, int*, int*)",1444,42,44222.0,30.0,444.0,4.0,45491.0,712572.0,8536.0,4912630967056862.0,4912630967076062.0
1444,1,394240,256,19968,0,36,4,48,64,"void batch_decode_kernels::grouped_expert_gate_up<16, 1>(float const*, char const*, unsigned long const*, unsigned long const*, int const*, int const*, float*, unsigned short*, int, int, int, int, int)",1445,25,561640.0,0.0,5451776.0,6160.0,16132108.0,54381408.0,46463971.0,4912630967232703.0,4912630967577504.0
1445,1,22528,256,19968,0,32,0,48,64,"batch_decode_kernels::mfma_gate_up_swiglu(float*, float const*, unsigned short const*, unsigned short const*, int, int, int)",1446,18,181720.0,0.0,991232.0,352.0,3325224.0,17929798.0,11699768.0,4912630967844706.0,4912630967949346.0
1446,1,573440,256,11264,0,24,0,48,64,"void batch_decode_kernels::grouped_expert_down<16, 1>(float const*, unsigned short const*, char const*, unsigned long const*, int const*, int const*, float*, int, int, int, int)",1447,24,324853.0,0.0,3469312.0,8960.0,9477075.0,31967874.0,28659130.0,4912630968184707.0,4912630968382148.0
1447,1,6400,256,0,0,12,4,32,64,"batch_decode_kernels::reduce_routes_add(float*, float const*, float const*, int, int, int)",1448,20,58396.0,0.0,0.0,100.0,718692.0,4980823.0,982802.0,4912630968662469.0,4912630968690469.0
1448,1,16384,256,11264,0,24,0,48,64,"batch_decode_kernels::mfma_gemm(float*, float const*, unsigned short const*, int, int, int, int)",1449,40,225860.0,0.0,630784.0,256.0,3905503.0,22491485.0,9974843.0,4912630968849190.0,4912630968978951.0
1449,1,6400,256,1024,0,12,4,32,64,"batch_decode_kernels::rmsnorm(float*, float const*, unsigned short const*, int, int, float)",1450,36,32565.0,0.0,1750.0,100.0,89047.0,2449099.0,356749.0,4912630969189831.0,4912630969202792.0
1450,1,24576,256,11264,0,24,0,48,64,"batch_decode_kernels::mfma_gemm(float*, float const*, unsigned short const*, int, int, int, int)",1451,40,169606.0,0.0,688128.0,384.0,2602036.0,16661570.0,11898308.0,4912630969368392.0,4912630969464873.0
1451,1,4608,256,11264,0,24,0,48,64,"batch_decode_kernels::mfma_gemm(float*, float const*, unsigned short const*, int, int, int, int)",1452,40,164766.0,0.0,129024.0,72.0,1032706.0,16133029.0,1951557.0,4912630969707594.0,4912630969799274.0
1452,1,6400,256,1024,0,24,0,32,64,"batch_decode_kernels::prefill_kv_norm_rope(unsigned short*, float const*, unsigned short const*, int, int, int, int, int, int, float const*, int, float)",1453,44,27912.0,0.0,1750.0,100.0,147425.0,1950341.0,178812.0,4912630970055435.0,4912630970065515.0
1453,1,65536,256,11264,0,24,0,48,64,"batch_decode_kernels::mfma_head_gemm(float*, float const*, unsigned short const*, int, int, int, int, int, int, unsigned long)",1454,28,35808.0,0.0,114688.0,1024.0,499937.0,2703249.0,1487371.0,4912630970237356.0,4912630970252236.0
1454,1,25600,256,0,0,24,0,32,64,"batch_decode_kernels::prefill_q_rope(float*, float const*, int, int, int, int, int, float const*, int)",1455,45,23987.0,0.0,0.0,400.0,105117.0,1552632.0,440307.0,4912630970414477.0,4912630970422157.0
1455,1,25600,256,0,0,64,0,96,64,"void batch_decode_kernels::flash_prefill<8>(float*, float const*, float const*, unsigned short const*, int, int, int, int, int, int, int, float)",1456,22,62293.0,0.0,204600.0,400.0,503889.0,5486965.0,1617825.0,4912630970595598.0,4912630970626478.0
1456,1,16384,256,11264,0,24,0,48,64,"batch_decode_kernels::mfma_head_gemm(float*, float const*, unsigned short const*, int, int, int, int, int, int, unsigned long)",1457,28,58884.0,0.0,114688.0,256.0,909104.0,5130414.0,1930986.0,4912630970785998.0,4912630970814799.0
1457,1,16384,256,11264,0,24,0,48,64,"batch_decode_kernels::mfma_gemm(float*, float const*, unsigned short const*, int, int, int, int)",1458,40,169282.0,0.0,458752.0,256.0,2378979.0,16601549.0,7814171.0,4912630970973519.0,4912630971069200.0
1458,1,6400,256,1024,0,12,4,32,64,"batch_decode_kernels::rmsnorm(float*, float const*, unsigned short const*, int, int, float)",1459,36,33197.0,0.0,1750.0,100.0,85695.0,2478453.0,377478.0,4912630971302161.0,4912630971315121.0
1459,1,512,256,11264,0,24,0,48,64,"batch_decode_kernels::mfma_gemm(float*, float const*, unsigned short const*, int, int, int, int)",1460,40,172689.0,0.0,14336.0,8.0,369473.0,4473108.0,232440.0,4912630971483281.0,4912630971579122.0
1460,1,1600,64,0,0,16,0,48,64,"void moe_kernels::router_topk_wave64_kernel<64>(float*, float const*, int*, float*, int, int, int, int, int, float)",1461,57,37728.0,0.0,9200.0,25.0,97783.0,2935650.0,161248.0,4912630971851443.0,4912630971867123.0
1461,1,256,256,1024,0,12,4,64,64,"batch_decode_kernels::align_routes(int const*, int, int, int, int*, int*, int*)",1462,42,45253.0,20.0,434.0,4.0,45721.0,730512.0,10151.0,4912630972039284.0,4912630972059284.0
1462,1,394240,256,19968,0,36,4,48,64,"void batch_decode_kernels::grouped_expert_gate_up<16, 1>(float const*, char const*, unsigned long const*, unsigned long const*, int const*, int const*, float*, unsigned short*, int, int, int, int, int)",1463,25,582540.0,0.0,5451776.0,6160.0,16729490.0,56319656.0,47533245.0,4912630972218965.0,4912630972576726.0
1463,1,22528,256,19968,0,32,0,48,64,"batch_decode_kernels::mfma_gate_up_swiglu(float*, float const*, unsigned short const*, unsigned short const*, int, int, int)",1464,18,182227.0,0.0,991232.0,352.0,3533630.0,17969838.0,11694777.0,4912630972847767.0,4912630972952408.0
1464,1,573440,256,11264,0,24,0,48,64,"void batch_decode_kernels::grouped_expert_down<16, 1>(float const*, unsigned short const*, char const*, unsigned long const*, int const*, int const*, float*, int, int, int, int)",1465,24,347078.0,0.0,3469312.0,8960.0,10099629.0,34432193.0,29995457.0,4912630973194009.0,4912630973404890.0
1465,1,6400,256,0,0,12,4,32,64,"batch_decode_kernels::reduce_routes_add(float*, float const*, float const*, int, int, int)",1466,20,57850.0,0.0,0.0,100.0,707650.0,4949194.0,981525.0,4912630973668411.0,4912630973695931.0
1466,1,16384,256,11264,0,24,0,48,64,"batch_decode_kernels::mfma_gemm(float*, float const*, unsigned short const*, int, int, int, int)",1467,40,224385.0,0.0,630784.0,256.0,3957147.0,22325826.0,9968980.0,4912630973857532.0,4912630973986332.0
1467,1,6400,256,1024,0,12,4,32,64,"batch_decode_kernels::rmsnorm(float*, float const*, unsigned short const*, int, int, float)",1468,36,33174.0,0.0,1750.0,100.0,99141.0,2506117.0,397836.0,4912630974209853.0,4912630974222973.0
1468,1,24576,256,11264,0,24,0,48,64,"batch_decode_kernels::mfma_gemm(float*, float const*, unsigned short const*, int, int, int, int)",1469,40,167267.0,0.0,688128.0,384.0,2579586.0,16412529.0,11766837.0,4912630974406174.0,4912630974501375.0
1469,1,4608,256,11264,0,24,0,48,64,"batch_decode_kernels::mfma_gemm(float*, float const*, unsigned short const*, int, int, int, int)",1470,40,165172.0,0.0,129024.0,72.0,1073245.0,16174161.0,1942821.0,4912630974742656.0,4912630974834656.0
1470,1,6400,256,1024,0,24,0,32,64,"batch_decode_kernels::prefill_kv_norm_rope(unsigned short*, float const*, unsigned short const*, int, int, int, int, int, int, float const*, int, float)",1471,44,27240.0,0.0,1750.0,100.0,146324.0,1867310.0,175411.0,4912630975087617.0,4912630975097217.0
1471,1,65536,256,11264,0,24,0,48,64,"batch_decode_kernels::mfma_head_gemm(float*, float const*, unsigned short const*, int, int, int, int, int, int, unsigned long)",1472,28,35186.0,0.0,114688.0,1024.0,496742.0,2657879.0,1479564.0,4912630975267298.0,4912630975281698.0
1472,1,25600,256,0,0,24,0,32,64,"batch_decode_kernels::prefill_q_rope(float*, float const*, int, int, int, int, int, float const*, int)",1473,45,24435.0,0.0,0.0,400.0,114059.0,1565203.0,433942.0,4912630975450179.0,4912630975458019.0
1473,1,25600,256,0,0,64,0,96,64,"void batch_decode_kernels::flash_prefill<8>(float*, float const*, float const*, unsigned short const*, int, int, int, int, int, int, int, float)",1474,22,67965.0,0.0,204600.0,400.0,499956.0,6097770.0,1708637.0,4912630975631140.0,4912630975665220.0
1474,1,16384,256,11264,0,24,0,48,64,"batch_decode_kernels::mfma_head_gemm(float*, float const*, unsigned short const*, int, int, int, int, int, int, unsigned long)",1475,28,60727.0,0.0,114688.0,256.0,1027016.0,5190565.0,1916394.0,4912630975819620.0,4912630975849381.0
1475,1,16384,256,11264,0,24,0,48,64,"batch_decode_kernels::mfma_gemm(float*, float const*, unsigned short const*, int, int, int, int)",1476,40,168116.0,0.0,458752.0,256.0,2417970.0,16511979.0,7744834.0,4912630976009701.0,4912630976104422.0
1476,1,6400,256,1024,0,12,4,32,64,"batch_decode_kernels::rmsnorm(float*, float const*, unsigned short const*, int, int, float)",1477,36,31745.0,0.0,1750.0,100.0,86127.0,2348986.0,350539.0,4912630976354503.0,4912630976366823.0
1477,1,512,256,11264,0,24,0,48,64,"batch_decode_kernels::mfma_gemm(float*, float const*, unsigned short const*, int, int, int, int)",1478,40,168555.0,0.0,14336.0,8.0,366761.0,4375114.0,231230.0,4912630976536264.0,4912630976630024.0
1478,1,1600,64,0,0,16,0,48,64,"void moe_kernels::router_topk_wave64_kernel<64>(float*, float const*, int*, float*, int, int, int, int, int, float)",1479,57,38778.0,0.0,9200.0,25.0,101252.0,2996243.0,158880.0,4912630976878665.0,4912630976894985.0
1479,1,256,256,1024,0,12,4,64,64,"batch_decode_kernels::align_routes(int const*, int, int, int, int*, int*, int*)",1480,42,44012.0,24.0,438.0,4.0,46360.0,717044.0,9250.0,4912630977066826.0,4912630977086186.0
1480,1,394240,256,19968,0,36,4,48,64,"void batch_decode_kernels::grouped_expert_gate_up<16, 1>(float const*, char const*, unsigned long const*, unsigned long const*, int const*, int const*, float*, unsigned short*, int, int, int, int, int)",1481,25,567126.0,0.0,5203968.0,6160.0,16600096.0,55935311.0,45439168.0,4912630977249227.0,4912630977596748.0
1481,1,22528,256,19968,0,32,0,48,64,"batch_decode_kernels::mfma_gate_up_swiglu(float*, float const*, unsigned short const*, unsigned short const*, int, int, int)",1482,18,181043.0,0.0,991232.0,352.0,3194386.0,17868464.0,11554244.0,4912630977881549.0,4912630977985390.0
1482,1,573440,256,11264,0,24,0,48,64,"void batch_decode_kernels::grouped_expert_down<16, 1>(float const*, unsigned short const*, char const*, unsigned long const*, int const*, int const*, float*, int, int, int, int)",1483,24,323129.0,0.0,3311616.0,8960.0,9471219.0,32197090.0,28034719.0,4912630978229871.0,4912630978425712.0
1483,1,6400,256,0,0,12,4,32,64,"batch_decode_kernels::reduce_routes_add(float*, float const*, float const*, int, int, int)",1484,20,58969.0,0.0,0.0,100.0,722242.0,5010476.0,993947.0,4912630978714193.0,4912630978742673.0
1484,1,16384,256,11264,0,24,0,48,64,"batch_decode_kernels::mfma_gemm(float*, float const*, unsigned short const*, int, int, int, int)",1485,40,225777.0,0.0,630784.0,256.0,3811030.0,22493331.0,10153817.0,4912630978906194.0,4912630979035634.0
1485,1,6400,256,1024,0,12,4,32,64,"batch_decode_kernels::rmsnorm(float*, float const*, unsigned short const*, int, int, float)",1486,36,33963.0,0.0,1750.0,100.0,92581.0,2569336.0,400223.0,4912630979270835.0,4912630979284436.0
1486,1,24576,256,11264,0,24,0,48,64,"batch_decode_kernels::mfma_gemm(float*, float const*, unsigned short const*, int, int, int, int)",1487,40,168433.0,0.0,688128.0,384.0,2587389.0,16506441.0,11824815.0,4912630979452276.0,4912630979548117.0
1487,1,4608,256,11264,0,24,0,48,64,"batch_decode_kernels::mfma_gemm(float*, float const*, unsigned short const*, int, int, int, int)",1488,40,164831.0,0.0,129024.0,72.0,1076042.0,16152932.0,1991625.0,4912630979795958.0,4912630979887638.0
1488,1,6400,256,1024,0,24,0,32,64,"batch_decode_kernels::prefill_kv_norm_rope(unsigned short*, float const*, unsigned short const*, int, int, int, int, int, int, float const*, int, float)",1489,44,27500.0,0.0,1750.0,100.0,148554.0,1892179.0,184664.0,4912630980175959.0,4912630980185559.0
1489,1,65536,256,11264,0,24,0,48,64,"batch_decode_kernels::mfma_head_gemm(float*, float const*, unsigned short const*, int, int, int, int, int, int, unsigned long)",1490,28,35031.0,0.0,114688.0,1024.0,466250.0,2676079.0,1482747.0,4912630980362360.0,4912630980376920.0
1490,1,25600,256,0,0,24,0,32,64,"batch_decode_kernels::prefill_q_rope(float*, float const*, int, int, int, int, int, float const*, int)",1491,45,23451.0,0.0,0.0,400.0,113221.0,1462594.0,416480.0,4912630980546681.0,4912630980553881.0
1491,1,25600,256,0,0,64,0,96,64,"void batch_decode_kernels::flash_prefill<8>(float*, float const*, float const*, unsigned short const*, int, int, int, int, int, int, int, float)",1492,22,62838.0,0.0,204600.0,400.0,516360.0,5599155.0,1645900.0,4912630980731482.0,4912630980762682.0
1492,1,16384,256,11264,0,24,0,48,64,"batch_decode_kernels::mfma_head_gemm(float*, float const*, unsigned short const*, int, int, int, int, int, int, unsigned long)",1493,28,59703.0,0.0,114688.0,256.0,1022651.0,5195583.0,1924274.0,4912630980927963.0,4912630980957243.0
1493,1,16384,256,11264,0,24,0,48,64,"batch_decode_kernels::mfma_gemm(float*, float const*, unsigned short const*, int, int, int, int)",1494,40,166267.0,0.0,458752.0,256.0,2440053.0,16289497.0,7733822.0,4912630981120764.0,4912630981214364.0
1494,1,6400,256,1024,0,12,4,32,64,"batch_decode_kernels::rmsnorm(float*, float const*, unsigned short const*, int, int, float)",1495,36,32254.0,0.0,1750.0,100.0,93001.0,2394317.0,361546.0,4912630981468925.0,4912630981481565.0
1495,1,512,256,11264,0,24,0,48,64,"batch_decode_kernels::mfma_gemm(float*, float const*, unsigned short const*, int, int, int, int)",1496,40,172804.0,0.0,14336.0,8.0,371618.0,4481480.0,229644.0,4912630981652286.0,4912630981748286.0
1496,1,1600,64,0,0,16,0,48,64,"void moe_kernels::router_topk_wave64_kernel<64>(float*, float const*, int*, float*, int, int, int, int, int, float)",1497,57,38299.0,0.0,9200.0,25.0,96614.0,2974338.0,157986.0,4912630981996447.0,4912630982012607.0
1497,1,256,256,1024,0,12,4,64,64,"batch_decode_kernels::align_routes(int const*, int, int, int, int*, int*, int*)",1498,42,43912.0,30.0,444.0,4.0,44188.0,711389.0,9377.0,4912630982187328.0,4912630982206528.0
1498,1,394240,256,19968,0,36,4,48,64,"void batch_decode_kernels::grouped_expert_gate_up<16, 1>(float const*, char const*, unsigned long const*, unsigned long const*, int const*, int const*, float*, unsigned short*, int, int, int, int, int)",1499,25,561159.0,0.0,5699584.0,6160.0,16596699.0,55886600.0,48944621.0,4912630982372129.0,4912630982717730.0
1499,1,22528,256,19968,0,32,0,48,64,"batch_decode_kernels::mfma_gate_up_swiglu(float*, float const*, unsigned short const*, unsigned short const*, int, int, int)",1500,18,180376.0,0.0,991232.0,352.0,3124355.0,17741259.0,11415651.0,4912630982873411.0,4912630982976932.0
1500,1,573440,256,11264,0,24,0,48,64,"void batch_decode_kernels::grouped_expert_down<16, 1>(float const*, unsigned short const*, char const*, unsigned long const*, int const*, int const*, float*, int, int, int, int)",1501,24,337668.0,0.0,3627008.0,8960.0,9966887.0,33682184.0,30019545.0,4912630983223973.0,4912630983429734.0
1501,1,6400,256,0,0,12,4,32,64,"batch_decode_kernels::reduce_routes_add(float*, float const*, float const*, int, int, int)",1502,20,57068.0,0.0,0.0,100.0,696790.0,4875172.0,969366.0,4912630983716455.0,4912630983743495.0
1502,1,16384,256,11264,0,24,0,48,64,"batch_decode_kernels::mfma_gemm(float*, float const*, unsigned short const*, int, int, int, int)",1503,40,225713.0,0.0,630784.0,256.0,3794360.0,22491758.0,10182342.0,4912630983900456.0,4912630984030056.0
1503,1,6400,256,1024,0,12,4,32,64,"batch_decode_kernels::rmsnorm(float*, float const*, unsigned short const*, int, int, float)",1504,36,33674.0,0.0,1750.0,100.0,87814.0,2534041.0,391771.0,4912630984271657.0,4912630984285097.0
1504,1,24576,256,11264,0,24,0,48,64,"batch_decode_kernels::mfma_gemm(float*, float const*, unsigned short const*, int, int, int, int)",1505,40,167834.0,0.0,688128.0,384.0,2722349.0,16471341.0,11878176.0,4912630984457738.0,4912630984553258.0
1505,1,4608,256,11264,0,24,0,48,64,"batch_decode_kernels::mfma_gemm(float*, float const*, unsigned short const*, int, int, int, int)",1506,40,165748.0,0.0,129024.0,72.0,1074775.0,16260676.0,1979011.0,4912630984805420.0,4912630984897580.0
1506,1,6400,256,1024,0,24,0,32,64,"batch_decode_kernels::prefill_kv_norm_rope(unsigned short*, float const*, unsigned short const*, int, int, int, int, int, int, float const*, int, float)",1507,44,29316.0,0.0,1750.0,100.0,150654.0,2005435.0,181154.0,4912630985183341.0,4912630985193581.0
1507,1,65536,256,11264,0,24,0,48,64,"batch_decode_kernels::mfma_head_gemm(float*, float const*, unsigned short const*, int, int, int, int, int, int, unsigned long)",1508,28,35428.0,0.0,114688.0,1024.0,480442.0,2688637.0,1429000.0,4912630985370542.0,4912630985385262.0
1508,1,25600,256,0,0,24,0,32,64,"batch_decode_kernels::prefill_q_rope(float*, float const*, int, int, int, int, int, float const*, int)",1509,45,23796.0,0.0,0.0,400.0,116116.0,1498422.0,526376.0,4912630985558063.0,4912630985565583.0
1509,1,25600,256,0,0,64,0,96,64,"void batch_decode_kernels::flash_prefill<8>(float*, float const*, float const*, unsigned short const*, int, int, int, int, int, int, int, float)",1510,22,64218.0,0.0,204600.0,400.0,517623.0,5673619.0,1698277.0,4912630985744464.0,4912630985776464.0
1510,1,16384,256,11264,0,24,0,48,64,"batch_decode_kernels::mfma_head_gemm(float*, float const*, unsigned short const*, int, int, int, int, int, int, unsigned long)",1511,28,60066.0,0.0,114688.0,256.0,966043.0,5185885.0,1899492.0,4912630985941905.0,4912630985971185.0
1511,1,16384,256,11264,0,24,0,48,64,"batch_decode_kernels::mfma_gemm(float*, float const*, unsigned short const*, int, int, int, int)",1512,40,168131.0,0.0,458752.0,256.0,2432756.0,16486213.0,7869817.0,4912630986135665.0,4912630986230386.0
1512,1,6400,256,1024,0,12,4,32,64,"batch_decode_kernels::rmsnorm(float*, float const*, unsigned short const*, int, int, float)",1513,36,31670.0,0.0,1750.0,100.0,94909.0,2335284.0,346226.0,4912630986498227.0,4912630986510547.0
1513,1,512,256,11264,0,24,0,48,64,"batch_decode_kernels::mfma_gemm(float*, float const*, unsigned short const*, int, int, int, int)",1514,40,175257.0,0.0,14336.0,8.0,369951.0,4546922.0,237859.0,4912630986687028.0,4912630986784628.0
1514,1,1600,64,0,0,16,0,48,64,"void moe_kernels::router_topk_wave64_kernel<64>(float*, float const*, int*, float*, int, int, int, int, int, float)",1515,57,37827.0,0.0,9200.0,25.0,97083.0,2968410.0,158731.0,4912630987044629.0,4912630987060469.0
1515,1,256,256,1024,0,12,4,64,64,"batch_decode_kernels::align_routes(int const*, int, int, int, int*, int*, int*)",1516,42,45403.0,32.0,446.0,4.0,48113.0,731045.0,10217.0,4912630987233750.0,4912630987253910.0
1516,1,394240,256,19968,0,36,4,48,64,"void batch_decode_kernels::grouped_expert_gate_up<16, 1>(float const*, char const*, unsigned long const*, unsigned long const*, int const*, int const*, float*, unsigned short*, int, int, int, int, int)",1517,25,600546.0,0.0,6195200.0,6160.0,17981027.0,60396131.0,53070820.0,4912630987422871.0,4912630987793113.0
1517,1,22528,256,19968,0,32,0,48,64,"batch_decode_kernels::mfma_gate_up_swiglu(float*, float const*, unsigned short const*, unsigned short const*, int, int, int)",1518,18,181709.0,0.0,991232.0,352.0,3408146.0,17906957.0,11444859.0,4912630988104474.0,4912630988208794.0
1518,1,573440,256,11264,0,24,0,48,64,"void batch_decode_kernels::grouped_expert_down<16, 1>(float const*, unsigned short const*, char const*, unsigned long const*, int const*, int const*, float*, int, int, int, int)",1519,24,347368.0,0.0,3942400.0,8960.0,10296971.0,34725954.0,31787067.0,4912630988465116.0,4912630988677276.0
1519,1,6400,256,0,0,12,4,32,64,"batch_decode_kernels::reduce_routes_add(float*, float const*, float const*, int, int, int)",1520,20,57467.0,0.0,0.0,100.0,710656.0,4867801.0,964327.0,4912630988967198.0,4912630988994878.0
1520,1,16384,256,11264,0,24,0,48,64,"batch_decode_kernels::mfma_gemm(float*, float const*, unsigned short const*, int, int, int, int)",1521,40,224264.0,0.0,630784.0,256.0,3784548.0,22345872.0,9931227.0,4912630989167199.0,4912630989296159.0
1521,1,6400,256,1024,0,12,4,32,64,"batch_decode_kernels::rmsnorm(float*, float const*, unsigned short const*, int, int, float)",1522,36,32384.0,0.0,1750.0,100.0,97918.0,2407915.0,362419.0,4912630989515840.0,4912630989528320.0
1522,1,24576,256,11264,0,24,0,48,64,"batch_decode_kernels::mfma_gemm(float*, float const*, unsigned short const*, int, int, int, int)",1523,40,167591.0,0.0,688128.0,384.0,2702954.0,16432458.0,11700892.0,4912630989719361.0,4912630989814561.0
1523,1,4608,256,11264,0,24,0,48,64,"batch_decode_kernels::mfma_gemm(float*, float const*, unsigned short const*, int, int, int, int)",1524,40,165320.0,0.0,129024.0,72.0,1048918.0,16229060.0,1967480.0,4912630990079683.0,4912630990171683.0
1524,1,6400,256,1024,0,24,0,32,64,"batch_decode_kernels::prefill_kv_norm_rope(unsigned short*, float const*, unsigned short const*, int, int, int, int, int, int, float const*, int, float)",1525,44,27620.0,0.0,1750.0,100.0,140434.0,1921936.0,178541.0,4912630990436804.0,4912630990446724.0
1525,1,65536,256,11264,0,24,0,48,64,"batch_decode_kernels::mfma_head_gemm(float*, float const*, unsigned short const*, int, int, int, int, int, int, unsigned long)",1526,28,35406.0,0.0,114688.0,1024.0,489911.0,2668266.0,1447990.0,4912630990627525.0,4912630990642085.0
1526,1,25600,256,0,0,24,0,32,64,"batch_decode_kernels::prefill_q_rope(float*, float const*, int, int, int, int, int, float const*, int)",1527,45,24477.0,0.0,0.0,400.0,111770.0,1554894.0,425086.0,4912630990820966.0,4912630990828806.0
1527,1,25600,256,0,0,64,0,96,64,"void batch_decode_kernels::flash_prefill<8>(float*, float const*, float const*, unsigned short const*, int, int, int, int, int, int, int, float)",1528,22,64996.0,0.0,204600.0,400.0,503863.0,5771730.0,1606743.0,4912630991011527.0,4912630991043847.0
1528,1,16384,256,11264,0,24,0,48,64,"batch_decode_kernels::mfma_head_gemm(float*, float const*, unsigned short const*, int, int, int, int, int, int, unsigned long)",1529,28,59930.0,0.0,114688.0,256.0,1016212.0,5102607.0,1913606.0,4912630991209128.0,4912630991238408.0
1529,1,16384,256,11264,0,24,0,48,64,"batch_decode_kernels::mfma_gemm(float*, float const*, unsigned short const*, int, int, int, int)",1530,40,167752.0,0.0,458752.0,256.0,2329396.0,16439595.0,7831807.0,4912630991401608.0,4912630991496169.0
1530,1,6400,256,1024,0,12,4,32,64,"batch_decode_kernels::rmsnorm(float*, float const*, unsigned short const*, int, int, float)",1531,36,31172.0,0.0,1750.0,100.0,86338.0,2289641.0,336056.0,4912630991772490.0,4912630991784490.0
1531,1,512,256,11264,0,24,0,48,64,"batch_decode_kernels::mfma_gemm(float*, float const*, unsigned short const*, int, int, int, int)",1532,40,175226.0,0.0,14336.0,8.0,369339.0,4542541.0,231075.0,4912630991964171.0,4912630992061611.0
1532,1,1600,64,0,0,16,0,48,64,"void moe_kernels::router_topk_wave64_kernel<64>(float*, float const*, int*, float*, int, int, int, int, int, float)",1533,57,38134.0,0.0,9200.0,25.0,97021.0,2980734.0,159900.0,4912630992349932.0,4912630992365933.0
1533,1,256,256,1024,0,12,4,64,64,"batch_decode_kernels::align_routes(int const*, int, int, int, int*, int*, int*)",1534,42,43141.0,24.0,438.0,4.0,43828.0,707515.0,9580.0,4912630992539213.0,4912630992558253.0
1534,1,394240,256,19968,0,36,4,48,64,"void batch_decode_kernels::grouped_expert_gate_up<16, 1>(float const*, char const*, unsigned long const*, unsigned long const*, int const*, int const*, float*, unsigned short*, int, int, int, int, int)",1535,25,561766.0,0.0,5451776.0,6160.0,16533495.0,55834457.0,46986510.0,4912630992731534.0,4912630993076656.0
1535,1,22528,256,19968,0,32,0,48,64,"batch_decode_kernels::mfma_gate_up_swiglu(float*, float const*, unsigned short const*, unsigned short const*, int, int, int)",1536,18,179321.0,0.0,991232.0,352.0,3184768.0,17642316.0,11422394.0,4912630993260816.0,4912630993363537.0
1536,1,573440,256,11264,0,24,0,48,64,"void batch_decode_kernels::grouped_expert_down<16, 1>(float const*, unsigned short const*, char const*, unsigned long const*, int const*, int const*, float*, int, int, int, int)",1537,24,337936.0,0.0,3469312.0,8960.0,9863973.0,33399746.0,29067870.0,4912630993621938.0,4912630993827379.0
1537,1,6400,256,0,0,12,4,32,64,"batch_decode_kernels::reduce_routes_add(float*, float const*, float const*, int, int, int)",1538,20,57610.0,0.0,0.0,100.0,724475.0,4910701.0,979622.0,4912630994145620.0,4912630994173300.0
1538,1,16384,256,11264,0,24,0,48,64,"batch_decode_kernels::mfma_gemm(float*, float const*, unsigned short const*, int, int, int, int)",1539,40,224168.0,0.0,630784.0,256.0,3809839.0,22311552.0,9872658.0,4912630994338421.0,4912630994467062.0
1539,1,10240,256,0,0,4,4,16,64,"batch_decode_kernels::gather_last_hidden(float*, float const*, int, int, int)",1540,39,19876.0,0.0,0.0,160.0,102244.0,1050780.0,157955.0,4912630994702103.0,4912630994707223.0
1540,1,1280,256,1024,0,12,4,32,64,"batch_decode_kernels::rmsnorm(float*, float const*, unsigned short const*, int, int, float)",1541,36,32632.0,0.0,350.0,20.0,74946.0,1637288.0,73345.0,4912630994897464.0,4912630994910104.0
1541,1,409600,256,11264,0,24,0,48,64,"batch_decode_kernels::mfma_gemm(float*, float const*, unsigned short const*, int, int, int, int)",1542,40,804604.0,0.0,11468800.0,6400.0,24460297.0,82390311.0,75562668.0,4912630995099864.0,4912630995604347.0
1542,1,1280,256,2048,0,8,0,32,64,"batch_decode_kernels::argmax(float const*, int, int*, int)",1543,17,321194.0,0.0,540.0,20.0,2558778.0,20288000.0,1432918.0,4912630995807228.0,4912630995991708.0
1543,1,10240,256,0,0,8,0,32,64,"batch_decode_kernels::embedding(float*, unsigned short const*, int const*, int*, int, int, int, int)",1544,34,19652.0,0.0,0.0,160.0,58493.0,992969.0,134603.0,4912630996178269.0,4912630996183389.0
1544,1,1280,256,1024,0,12,4,32,64,"batch_decode_kernels::rmsnorm(float*, float const*, unsigned short const*, int, int, float)",1545,36,33378.0,0.0,350.0,20.0,73975.0,1657347.0,75163.0,4912630996372990.0,4912630996386110.0
1545,1,12288,256,11264,0,24,0,48,64,"batch_decode_kernels::mfma_gemm(float*, float const*, unsigned short const*, int, int, int, int)",1546,40,144663.0,0.0,344064.0,192.0,2120868.0,14089507.0,4785353.0,4912630996567231.0,4912630996647551.0
1546,1,2304,256,11264,0,24,0,48,64,"batch_decode_kernels::mfma_gemm(float*, float const*, unsigned short const*, int, int, int, int)",1547,40,146059.0,0.0,64512.0,36.0,858237.0,14242764.0,906358.0,4912630996933152.0,4912630997013633.0
1547,1,1280,256,1024,0,24,0,32,64,"batch_decode_kernels::kv_norm_rope(unsigned short*, float const*, unsigned short const*, int, int, int, int, int, int, float const*, int, float)",1548,33,28614.0,0.0,350.0,20.0,84725.0,1373531.0,32858.0,4912630997306594.0,4912630997316834.0
1548,1,32768,256,11264,0,24,0,48,64,"batch_decode_kernels::mfma_head_gemm(float*, float const*, unsigned short const*, int, int, int, int, int, int, unsigned long)",1549,28,31222.0,0.0,57344.0,512.0,382923.0,2283089.0,1065681.0,4912630997504675.0,4912630997516835.0
1549,1,5120,256,0,0,24,0,32,64,"batch_decode_kernels::q_rope(float*, float const*, int, int, int, int, int, int, float const*, int)",1550,29,22820.0,0.0,0.0,80.0,90522.0,1369332.0,88763.0,4912630997698116.0,4912630997704996.0
1550,1,30720,256,0,0,16,0,32,64,"batch_decode_kernels::attention_score(float*, float const*, float const*, unsigned short const*, int, int, int, int, int, int, int, float)",1551,43,28399.0,0.0,23040.0,480.0,254888.0,1967722.0,1002821.0,4912630997895557.0,4912630997905957.0
1551,1,20480,256,1024,0,20,4,48,64,"void attention_kernels::softmax_rows_kernel<256>(float*, int, int, int, int)",1552,52,24878.0,0.0,10240.0,320.0,109481.0,1625510.0,238154.0,4912630998097158.0,4912630998105318.0
1552,1,2621440,256,0,0,16,0,32,64,"batch_decode_kernels::latent_context(float*, float const*, unsigned short const*, int, int, int, int, int, int)",1553,26,65948.0,0.0,983040.0,40960.0,989531.0,5881515.0,4506153.0,4912630998293318.0,4912630998327879.0
1553,1,8192,256,11264,0,24,0,48,64,"batch_decode_kernels::mfma_head_gemm(float*, float const*, unsigned short const*, int, int, int, int, int, int, unsigned long)",1554,28,53577.0,0.0,57344.0,128.0,720196.0,4583256.0,862202.0,4912630998495879.0,4912630998521159.0
1554,1,8192,256,11264,0,24,0,48,64,"batch_decode_kernels::mfma_gemm(float*, float const*, unsigned short const*, int, int, int, int)",1555,40,144618.0,0.0,229376.0,128.0,1934623.0,14032762.0,3198274.0,4912630998691400.0,4912630998771080.0
1555,1,1280,256,1024,0,12,4,32,64,"batch_decode_kernels::rmsnorm(float*, float const*, unsigned short const*, int, int, float)",1556,36,32723.0,0.0,350.0,20.0,71779.0,1622299.0,72510.0,4912630999077162.0,4912630999089802.0
1556,1,43776,256,19968,0,32,0,48,64,"batch_decode_kernels::mfma_gate_up_swiglu(float*, float const*, unsigned short const*, unsigned short const*, int, int, int)",1557,18,204757.0,0.0,1926144.0,684.0,5730457.0,20018963.0,15971516.0,4912630999276843.0,4912630999397323.0
1557,1,8192,256,11264,0,24,0,48,64,"batch_decode_kernels::mfma_gemm(float*, float const*, unsigned short const*, int, int, int, int)",1558,40,683931.0,0.0,1225728.0,128.0,11571732.0,70162810.0,17021734.0,4912630999645004.0,4912631000049006.0
1558,1,1280,256,1024,0,12,4,32,64,"batch_decode_kernels::rmsnorm(float*, float const*, unsigned short const*, int, int, float)",1559,36,31443.0,0.0,350.0,20.0,69737.0,1570169.0,68436.0,4912631000347087.0,4912631000359407.0
1559,1,12288,256,11264,0,24,0,48,64,"batch_decode_kernels::mfma_gemm(float*, float const*, unsigned short const*, int, int, int, int)",1560,40,143460.0,0.0,344064.0,192.0,2111524.0,13864451.0,4715638.0,4912631000543088.0,4912631000622129.0
1560,1,2304,256,11264,0,24,0,48,64,"batch_decode_kernels::mfma_gemm(float*, float const*, unsigned short const*, int, int, int, int)",1561,40,145493.0,0.0,64512.0,36.0,861248.0,14154234.0,903004.0,4912631000922130.0,4912631001001970.0
1561,1,1280,256,1024,0,24,0,32,64,"batch_decode_kernels::kv_norm_rope(unsigned short*, float const*, unsigned short const*, int, int, int, int, int, int, float const*, int, float)",1562,33,28166.0,0.0,350.0,20.0,84826.0,1339510.0,32843.0,4912631001164531.0,4912631001174451.0
1562,1,32768,256,11264,0,24,0,48,64,"batch_decode_kernels::mfma_head_gemm(float*, float const*, unsigned short const*, int, int, int, int, int, int, unsigned long)",1563,28,33349.0,0.0,57344.0,512.0,396800.0,2438946.0,1092335.0,4912631001364852.0,4912631001378132.0
1563,1,5120,256,0,0,24,0,32,64,"batch_decode_kernels::q_rope(float*, float const*, int, int, int, int, int, int, float const*, int)",1564,29,23512.0,0.0,0.0,80.0,93932.0,1438024.0,87003.0,4912631001560053.0,4912631001567253.0
1564,1,30720,256,0,0,16,0,32,64,"batch_decode_kernels::attention_score(float*, float const*, float const*, unsigned short const*, int, int, int, int, int, int, int, float)",1565,43,28018.0,0.0,23040.0,480.0,258428.0,1927968.0,976890.0,4912631001757494.0,4912631001767414.0
1565,1,20480,256,1024,0,20,4,48,64,"void attention_kernels::softmax_rows_kernel<256>(float*, int, int, int, int)",1566,52,24959.0,0.0,10240.0,320.0,98800.0,1615708.0,216062.0,4912631001954774.0,4912631001962934.0
1566,1,2621440,256,0,0,16,0,32,64,"batch_decode_kernels::latent_context(float*, float const*, unsigned short const*, int, int, int, int, int, int)",1567,26,65526.0,0.0,983040.0,40960.0,982874.0,5871180.0,4499291.0,4912631002160055.0,4912631002194455.0
1567,1,8192,256,11264,0,24,0,48,64,"batch_decode_kernels::mfma_head_gemm(float*, float const*, unsigned short const*, int, int, int, int, int, int, unsigned long)",1568,28,53552.0,0.0,57344.0,128.0,693881.0,4560351.0,853882.0,4912631002365016.0,4912631002390296.0
1568,1,8192,256,11264,0,24,0,48,64,"batch_decode_kernels::mfma_gemm(float*, float const*, unsigned short const*, int, int, int, int)",1569,40,146427.0,0.0,229376.0,128.0,1973432.0,14157588.0,3254195.0,4912631002559737.0,4912631002640697.0
1569,1,1280,256,1024,0,12,4,32,64,"batch_decode_kernels::rmsnorm(float*, float const*, unsigned short const*, int, int, float)",1570,36,32555.0,0.0,350.0,20.0,75854.0,1626524.0,72703.0,4912631002943259.0,4912631002956059.0
1570,1,256,256,11264,0,24,0,48,64,"batch_decode_kernels::mfma_gemm(float*, float const*, unsigned short const*, int, int, int, int)",1571,40,156950.0,0.0,7168.0,4.0,275263.0,2179310.0,110244.0,4912631003146620.0,4912631003233020.0
1571,1,320,64,0,0,16,0,48,64,"void moe_kernels::router_topk_wave64_kernel<64>(float*, float const*, int*, float*, int, int, int, int, int, float)",1572,57,37784.0,0.0,1840.0,5.0,51244.0,1957283.0,25952.0,4912631003520061.0,4912631003535741.0
1572,1,256,256,1024,0,12,4,64,64,"batch_decode_kernels::align_routes(int const*, int, int, int, int*, int*, int*)",1573,42,39187.0,8.0,414.0,4.0,36432.0,653630.0,4745.0,4912631003717182.0,4912631003733822.0
1573,1,349184,256,19968,0,36,4,48,64,"void batch_decode_kernels::grouped_expert_gate_up<16, 1>(float const*, char const*, unsigned long const*, unsigned long const*, int const*, int const*, float*, unsigned short*, int, int, int, int, int)",1574,25,233652.0,0.0,1486848.0,5456.0,6382325.0,22816550.0,15283793.0,4912631003919103.0,4912631004055744.0
1574,1,11264,256,19968,0,32,0,48,64,"batch_decode_kernels::mfma_gate_up_swiglu(float*, float const*, unsigned short const*, unsigned short const*, int, int, int)",1575,18,156927.0,0.0,495616.0,176.0,2545167.0,15375129.0,4612126.0,4912631004305025.0,4912631004393025.0
1575,1,507904,256,11264,0,24,0,48,64,"void batch_decode_kernels::grouped_expert_down<16, 1>(float const*, unsigned short const*, char const*, unsigned long const*, int const*, int const*, float*, int, int, int, int)",1576,24,138571.0,0.0,946176.0,7936.0,3634207.0,13382606.0,10672366.0,4912631004707906.0,4912631004786787.0
1576,1,1280,256,0,0,12,4,32,64,"batch_decode_kernels::reduce_routes_add(float*, float const*, float const*, int, int, int)",1577,20,60149.0,0.0,0.0,20.0,214574.0,3390273.0,214335.0,4912631005097668.0,4912631005126628.0
1577,1,8192,256,11264,0,24,0,48,64,"batch_decode_kernels::mfma_gemm(float*, float const*, unsigned short const*, int, int, int, int)",1578,40,195417.0,0.0,315392.0,128.0,3103178.0,19290963.0,4552505.0,4912631005303589.0,4912631005413829.0
1578,1,1280,256,1024,0,12,4,32,64,"batch_decode_kernels::rmsnorm(float*, float const*, unsigned short const*, int, int, float)",1579,36,33052.0,0.0,350.0,20.0,73379.0,1658803.0,75023.0,4912631005677991.0,4912631005690951.0
1579,1,12288,256,11264,0,24,0,48,64,"batch_decode_kernels::mfma_gemm(float*, float const*, unsigned short const*, int, int, int, int)",1580,40,140562.0,0.0,344064.0,192.0,2087286.0,13623535.0,4610270.0,4912631005878311.0,4912631005956232.0
1580,1,2304,256,11264,0,24,0,48,64,"batch_decode_kernels::mfma_gemm(float*, float const*, unsigned short const*, int, int, int, int)",1581,40,144571.0,0.0,64512.0,36.0,860888.0,14060153.0,893872.0,4912631006277513.0,4912631006356874.0
1581,1,1280,256,1024,0,24,0,32,64,"batch_decode_kernels::kv_norm_rope(unsigned short*, float const*, unsigned short const*, int, int, int, int, int, int, float const*, int, float)",1582,33,28467.0,0.0,350.0,20.0,90031.0,1330917.0,35132.0,4912631006654955.0,4912631006665035.0
1582,1,32768,256,11264,0,24,0,48,64,"batch_decode_kernels::mfma_head_gemm(float*, float const*, unsigned short const*, int, int, int, int, int, int, unsigned long)",1583,28,33330.0,0.0,57344.0,512.0,397161.0,2433759.0,1079628.0,4912631006857196.0,4912631006870316.0
1583,1,5120,256,0,0,24,0,32,64,"batch_decode_kernels::q_rope(float*, float const*, int, int, int, int, int, int, float const*, int)",1584,29,23120.0,0.0,0.0,80.0,88833.0,1363092.0,87888.0,4912631007062957.0,4912631007069677.0
1584,1,30720,256,0,0,16,0,32,64,"batch_decode_kernels::attention_score(float*, float const*, float const*, unsigned short const*, int, int, int, int, int, int, int, float)",1585,43,27855.0,0.0,23040.0,480.0,257565.0,1926733.0,1002125.0,4912631007264558.0,4912631007274638.0
1585,1,20480,256,1024,0,20,4,48,64,"void attention_kernels::softmax_rows_kernel<256>(float*, int, int, int, int)",1586,52,24574.0,0.0,10240.0,320.0,99501.0,1583962.0,215539.0,4912631007468398.0,4912631007476398.0
1586,1,2621440,256,0,0,16,0,32,64,"batch_decode_kernels::latent_context(float*, float const*, unsigned short const*, int, int, int, int, int, int)",1587,26,65834.0,0.0,983040.0,40960.0,997920.0,5877537.0,4505662.0,4912631007668079.0,4912631007702479.0
1587,1,8192,256,11264,0,24,0,48,64,"batch_decode_kernels::mfma_head_gemm(float*, float const*, unsigned short const*, int, int, int, int, int, int, unsigned long)",1588,28,54260.0,0.0,57344.0,128.0,693141.0,4658254.0,871274.0,4912631007872720.0,4912631007898320.0
1588,1,8192,256,11264,0,24,0,48,64,"batch_decode_kernels::mfma_gemm(float*, float const*, unsigned short const*, int, int, int, int)",1589,40,144594.0,0.0,229376.0,128.0,1957534.0,14004708.0,3199376.0,4912631008079441.0,4912631008159281.0
1589,1,1280,256,1024,0,12,4,32,64,"batch_decode_kernels::rmsnorm(float*, float const*, unsigned short const*, int, int, float)",1590,36,32920.0,0.0,350.0,20.0,79175.0,1653330.0,74530.0,4912631008462483.0,4912631008475283.0
1590,1,256,256,11264,0,24,0,48,64,"batch_decode_kernels::mfma_gemm(float*, float const*, unsigned short const*, int, int, int, int)",1591,40,155372.0,0.0,7168.0,4.0,271348.0,2162553.0,108206.0,4912631008665524.0,4912631008751124.0
1591,1,320,64,0,0,16,0,48,64,"void moe_kernels::router_topk_wave64_kernel<64>(float*, float const*, int*, float*, int, int, int, int, int, float)",1592,57,38797.0,0.0,1840.0,5.0,51330.0,2027717.0,25613.0,4912631009064885.0,4912631009081205.0
1592,1,256,256,1024,0,12,4,64,64,"batch_decode_kernels::align_routes(int const*, int, int, int, int*, int*, int*)",1593,42,40416.0,8.0,414.0,4.0,38265.0,670582.0,4662.0,4912631009270806.0,4912631009288086.0
1593,1,349184,256,19968,0,36,4,48,64,"void batch_decode_kernels::grouped_expert_gate_up<16, 1>(float const*, char const*, unsigned long const*, unsigned long const*, int const*, int const*, float*, unsigned short*, int, int, int, int, int)",1594,25,228685.0,0.0,1486848.0,5456.0,6258394.0,22429826.0,15427373.0,4912631009474167.0,4912631009608248.0
1594,1,11264,256,19968,0,32,0,48,64,"batch_decode_kernels::mfma_gate_up_swiglu(float*, float const*, unsigned short const*, unsigned short const*, int, int, int)",1595,18,156074.0,0.0,495616.0,176.0,2542208.0,15267398.0,4609401.0,4912631009871609.0,4912631009958969.0
1595,1,507904,256,11264,0,24,0,48,64,"void batch_decode_kernels::grouped_expert_down<16, 1>(float const*, unsigned short const*, char const*, unsigned long const*, int const*, int const*, float*, int, int, int, int)",1596,24,140003.0,0.0,946176.0,7936.0,3670036.0,13476232.0,10652699.0,4912631010255931.0,4912631010335771.0
1596,1,1280,256,0,0,12,4,32,64,"batch_decode_kernels::reduce_routes_add(float*, float const*, float const*, int, int, int)",1597,20,62646.0,0.0,0.0,20.0,238221.0,3465621.0,219269.0,4912631010630812.0,4912631010661372.0
1597,1,8192,256,11264,0,24,0,48,64,"batch_decode_kernels::mfma_gemm(float*, float const*, unsigned short const*, int, int, int, int)",1598,40,195313.0,0.0,315392.0,128.0,3083821.0,19264612.0,4512077.0,4912631010835933.0,4912631010946174.0
1598,1,1280,256,1024,0,12,4,32,64,"batch_decode_kernels::rmsnorm(float*, float const*, unsigned short const*, int, int, float)",1599,36,32563.0,0.0,350.0,20.0,74851.0,1632010.0,72848.0,4912631011228575.0,4912631011241215.0
1599,1,12288,256,11264,0,24,0,48,64,"batch_decode_kernels::mfma_gemm(float*, float const*, unsigned short const*, int, int, int, int)",1600,40,142991.0,0.0,344064.0,192.0,2098921.0,13908183.0,4740423.0,4912631011433696.0,4912631011513056.0
1600,1,2304,256,11264,0,24,0,48,64,"batch_decode_kernels::mfma_gemm(float*, float const*, unsigned short const*, int, int, int, int)",1601,40,146359.0,0.0,64512.0,36.0,851577.0,14219975.0,906615.0,4912631011814977.0,4912631011895458.0
1601,1,1280,256,1024,0,24,0,32,64,"batch_decode_kernels::kv_norm_rope(unsigned short*, float const*, unsigned short const*, int, int, int, int, int, int, float const*, int, float)",1602,33,28261.0,0.0,350.0,20.0,83970.0,1346192.0,32583.0,4912631012204419.0,4912631012214499.0
1602,1,32768,256,11264,0,24,0,48,64,"batch_decode_kernels::mfma_head_gemm(float*, float const*, unsigned short const*, int, int, int, int, int, int, unsigned long)",1603,28,31983.0,0.0,57344.0,512.0,386986.0,2310064.0,1074043.0,4912631012417540.0,4912631012430020.0
1603,1,5120,256,0,0,24,0,32,64,"batch_decode_kernels::q_rope(float*, float const*, int, int, int, int, int, int, float const*, int)",1604,29,23289.0,0.0,0.0,80.0,90058.0,1403054.0,89800.0,4912631012623781.0,4912631012630981.0
1604,1,30720,256,0,0,16,0,32,64,"batch_decode_kernels::attention_score(float*, float const*, float const*, unsigned short const*, int, int, int, int, int, int, int, float)",1605,43,28145.0,0.0,23040.0,480.0,244494.0,1899212.0,946844.0,4912631012829062.0,4912631012839142.0
1605,1,20480,256,1024,0,20,4,48,64,"void attention_kernels::softmax_rows_kernel<256>(float*, int, int, int, int)",1606,52,25221.0,0.0,10240.0,320.0,101456.0,1648520.0,216011.0,4912631013045703.0,4912631013054023.0
1606,1,2621440,256,0,0,16,0,32,64,"batch_decode_kernels::latent_context(float*, float const*, unsigned short const*, int, int, int, int, int, int)",1607,26,66163.0,0.0,983040.0,40960.0,1010372.0,5897362.0,4538269.0,4912631013253704.0,4912631013288424.0
1607,1,8192,256,11264,0,24,0,48,64,"batch_decode_kernels::mfma_head_gemm(float*, float const*, unsigned short const*, int, int, int, int, int, int, unsigned long)",1608,28,54163.0,0.0,57344.0,128.0,698504.0,4642355.0,866408.0,4912631013465385.0,4912631013490985.0
1608,1,8192,256,11264,0,24,0,48,64,"batch_decode_kernels::mfma_gemm(float*, float const*, unsigned short const*, int, int, int, int)",1609,40,145510.0,0.0,229376.0,128.0,1943014.0,14085295.0,3186560.0,4912631013675145.0,4912631013755626.0
1609,1,1280,256,1024,0,12,4,32,64,"batch_decode_kernels::rmsnorm(float*, float const*, unsigned short const*, int, int, float)",1610,36,32079.0,0.0,350.0,20.0,71793.0,1588369.0,69277.0,4912631014078987.0,4912631014091147.0
1610,1,256,256,11264,0,24,0,48,64,"batch_decode_kernels::mfma_gemm(float*, float const*, unsigned short const*, int, int, int, int)",1611,40,155619.0,0.0,7168.0,4.0,275549.0,2166531.0,108864.0,4912631014285068.0,4912631014370829.0
1611,1,320,64,0,0,16,0,48,64,"void moe_kernels::router_topk_wave64_kernel<64>(float*, float const*, int*, float*, int, int, int, int, int, float)",1612,57,38731.0,0.0,1840.0,5.0,51148.0,2033671.0,25799.0,4912631014672270.0,4912631014688590.0
1612,1,256,256,1024,0,12,4,64,64,"batch_decode_kernels::align_routes(int const*, int, int, int, int*, int*, int*)",1613,42,39558.0,8.0,414.0,4.0,36906.0,661131.0,4626.0,4912631014877551.0,4912631014894351.0
1613,1,349184,256,19968,0,36,4,48,64,"void batch_decode_kernels::grouped_expert_gate_up<16, 1>(float const*, char const*, unsigned long const*, unsigned long const*, int const*, int const*, float*, unsigned short*, int, int, int, int, int)",1614,25,233710.0,0.0,1486848.0,5456.0,6421833.0,22931145.0,15508269.0,4912631015093392.0,4912631015230512.0
1614,1,11264,256,19968,0,32,0,48,64,"batch_decode_kernels::mfma_gate_up_swiglu(float*, float const*, unsigned short const*, unsigned short const*, int, int, int)",1615,18,156054.0,0.0,495616.0,176.0,2549252.0,15275380.0,4582903.0,4912631015492433.0,4912631015580114.0
1615,1,507904,256,11264,0,24,0,48,64,"void batch_decode_kernels::grouped_expert_down<16, 1>(float const*, unsigned short const*, char const*, unsigned long const*, int const*, int const*, float*, int, int, int, int)",1616,24,142316.0,0.0,946176.0,7936.0,3696686.0,13555675.0,10721848.0,4912631015878035.0,4912631015958995.0
1616,1,1280,256,0,0,12,4,32,64,"batch_decode_kernels::reduce_routes_add(float*, float const*, float const*, int, int, int)",1617,20,60196.0,0.0,0.0,20.0,215357.0,3359138.0,212579.0,4912631016277237.0,4912631016306357.0
1617,1,8192,256,11264,0,24,0,48,64,"batch_decode_kernels::mfma_gemm(float*, float const*, unsigned short const*, int, int, int, int)",1618,40,193478.0,0.0,315392.0,128.0,3131396.0,19146546.0,4454047.0,4912631016483638.0,4912631016593078.0
1618,1,1280,256,1024,0,12,4,32,64,"batch_decode_kernels::rmsnorm(float*, float const*, unsigned short const*, int, int, float)",1619,36,32695.0,0.0,350.0,20.0,71741.0,1639485.0,73585.0,4912631016873719.0,4912631016886359.0
1619,1,12288,256,11264,0,24,0,48,64,"batch_decode_kernels::mfma_gemm(float*, float const*, unsigned short const*, int, int, int, int)",1620,40,141285.0,0.0,344064.0,192.0,2092035.0,13707736.0,4609490.0,4912631017090520.0,4912631017168761.0
1620,1,2304,256,11264,0,24,0,48,64,"batch_decode_kernels::mfma_gemm(float*, float const*, unsigned short const*, int, int, int, int)",1621,40,146346.0,0.0,64512.0,36.0,863498.0,14177504.0,908807.0,4912631017323641.0,4912631017403802.0
1621,1,1280,256,1024,0,24,0,32,64,"batch_decode_kernels::kv_norm_rope(unsigned short*, float const*, unsigned short const*, int, int, int, int, int, int, float const*, int, float)",1622,33,27620.0,0.0,350.0,20.0,87330.0,1315187.0,33771.0,4912631017730043.0,4912631017739963.0
1622,1,32768,256,11264,0,24,0,48,64,"batch_decode_kernels::mfma_head_gemm(float*, float const*, unsigned short const*, int, int, int, int, int, int, unsigned long)",1623,28,31806.0,0.0,57344.0,512.0,393655.0,2317565.0,1068144.0,4912631017940444.0,4912631017952604.0
1623,1,5120,256,0,0,24,0,32,64,"batch_decode_kernels::q_rope(float*, float const*, int, int, int, int, int, int, float const*, int)",1624,29,22904.0,0.0,0.0,80.0,91297.0,1375975.0,86458.0,4912631018156285.0,4912631018163325.0
1624,1,30720,256,0,0,16,0,32,64,"batch_decode_kernels::attention_score(float*, float const*, float const*, unsigned short const*, int, int, int, int, int, int, int, float)",1625,43,27379.0,0.0,23040.0,480.0,256147.0,1857651.0,958095.0,4912631018373406.0,4912631018383006.0
1625,1,20480,256,1024,0,20,4,48,64,"void attention_kernels::softmax_rows_kernel<256>(float*, int, int, int, int)",1626,52,24214.0,0.0,10240.0,320.0,96695.0,1569740.0,205062.0,4912631018585407.0,4912631018593247.0
1626,1,2621440,256,0,0,16,0,32,64,"batch_decode_kernels::latent_context(float*, float const*, unsigned short const*, int, int, int, int, int, int)",1627,26,66624.0,0.0,983040.0,40960.0,1007182.0,5909868.0,4528891.0,4912631018801088.0,4912631018835648.0
1627,1,8192,256,11264,0,24,0,48,64,"batch_decode_kernels::mfma_head_gemm(float*, float const*, unsigned short const*, int, int, int, int, int, int, unsigned long)",1628,28,54106.0,0.0,57344.0,128.0,784708.0,4596543.0,849704.0,4912631019009089.0,4912631019034689.0
1628,1,8192,256,11264,0,24,0,48,64,"batch_decode_kernels::mfma_gemm(float*, float const*, unsigned short const*, int, int, int, int)",1629,40,144747.0,0.0,229376.0,128.0,1987766.0,14025703.0,3206913.0,4912631019225570.0,4912631019305570.0
1629,1,1280,256,1024,0,12,4,32,64,"batch_decode_kernels::rmsnorm(float*, float const*, unsigned short const*, int, int, float)",1630,36,33460.0,0.0,350.0,20.0,75322.0,1691693.0,73598.0,4912631019631971.0,4912631019645252.0
1630,1,256,256,11264,0,24,0,48,64,"batch_decode_kernels::mfma_gemm(float*, float const*, unsigned short const*, int, int, int, int)",1631,40,155611.0,0.0,7168.0,4.0,272501.0,2166271.0,108580.0,4912631019839492.0,4912631019925093.0
1631,1,320,64,0,0,16,0,48,64,"void moe_kernels::router_topk_wave64_kernel<64>(float*, float const*, int*, float*, int, int, int, int, int, float)",1632,57,37778.0,0.0,1840.0,5.0,51844.0,1969347.0,26549.0,4912631020254758.0,4912631020270598.0
1632,1,256,256,1024,0,12,4,64,64,"batch_decode_kernels::align_routes(int const*, int, int, int, int*, int*, int*)",1633,42,40095.0,18.0,424.0,4.0,37270.0,668268.0,4859.0,4912631020471238.0,4912631020488358.0
1633,1,349184,256,19968,0,36,4,48,64,"void batch_decode_kernels::grouped_expert_gate_up<16, 1>(float const*, char const*, unsigned long const*, unsigned long const*, int const*, int const*, float*, unsigned short*, int, int, int, int, int)",1634,25,231880.0,0.0,1486848.0,5456.0,6385015.0,22777836.0,15407782.0,4912631020685639.0,4912631020821319.0
1634,1,11264,256,19968,0,32,0,48,64,"batch_decode_kernels::mfma_gate_up_swiglu(float*, float const*, unsigned short const*, unsigned short const*, int, int, int)",1635,18,156133.0,0.0,495616.0,176.0,2529261.0,15263563.0,4562091.0,4912631021093000.0,4912631021180521.0
1635,1,507904,256,11264,0,24,0,48,64,"void batch_decode_kernels::grouped_expert_down<16, 1>(float const*, unsigned short const*, char const*, unsigned long const*, int const*, int const*, float*, int, int, int, int)",1636,24,140880.0,0.0,946176.0,7936.0,3665559.0,13555701.0,10684867.0,4912631021490602.0,4912631021571082.0
1636,1,1280,256,0,0,12,4,32,64,"batch_decode_kernels::reduce_routes_add(float*, float const*, float const*, int, int, int)",1637,20,63467.0,0.0,0.0,20.0,234946.0,3587002.0,229564.0,4912631021908364.0,4912631021939404.0
1637,1,8192,256,11264,0,24,0,48,64,"batch_decode_kernels::mfma_gemm(float*, float const*, unsigned short const*, int, int, int, int)",1638,40,194115.0,0.0,315392.0,128.0,3122029.0,19155581.0,4475900.0,4912631022129325.0,4912631022239085.0
1638,1,1280,256,1024,0,12,4,32,64,"batch_decode_kernels::rmsnorm(float*, float const*, unsigned short const*, int, int, float)",1639,36,33156.0,0.0,350.0,20.0,72257.0,1666382.0,73126.0,4912631022545967.0,4912631022558927.0
1639,1,12288,256,11264,0,24,0,48,64,"batch_decode_kernels::mfma_gemm(float*, float const*, unsigned short const*, int, int, int, int)",1640,40,141034.0,0.0,344064.0,192.0,2045567.0,13607870.0,4618070.0,4912631022757328.0,4912631022834928.0
1640,1,2304,256,11264,0,24,0,48,64,"batch_decode_kernels::mfma_gemm(float*, float const*, unsigned short const*, int, int, int, int)",1641,40,145632.0,0.0,64512.0,36.0,848837.0,14186058.0,910856.0,4912631022994609.0,4912631023074609.0
1641,1,1280,256,1024,0,24,0,32,64,"batch_decode_kernels::kv_norm_rope(unsigned short*, float const*, unsigned short const*, int, int, int, int, int, int, float const*, int, float)",1642,33,28849.0,0.0,350.0,20.0,83905.0,1391263.0,36925.0,4912631023403730.0,4912631023414291.0
1642,1,32768,256,11264,0,24,0,48,64,"batch_decode_kernels::mfma_head_gemm(float*, float const*, unsigned short const*, int, int, int, int, int, int, unsigned long)",1643,28,31650.0,0.0,57344.0,512.0,380469.0,2295517.0,1054150.0,4912631023616371.0,4912631023628531.0
1643,1,5120,256,0,0,24,0,32,64,"batch_decode_kernels::q_rope(float*, float const*, int, int, int, int, int, int, float const*, int)",1644,29,23137.0,0.0,0.0,80.0,92005.0,1385309.0,88804.0,4912631023845972.0,4912631023852852.0
1644,1,30720,256,0,0,16,0,32,64,"batch_decode_kernels::attention_score(float*, float const*, float const*, unsigned short const*, int, int, int, int, int, int, int, float)",1645,43,29248.0,0.0,23040.0,480.0,253053.0,1968372.0,982209.0,4912631024066933.0,4912631024077333.0
1645,1,20480,256,1024,0,20,4,48,64,"void attention_kernels::softmax_rows_kernel<256>(float*, int, int, int, int)",1646,52,24529.0,0.0,10240.0,320.0,102450.0,1595415.0,226977.0,4912631024282774.0,4912631024290614.0
1646,1,2621440,256,0,0,16,0,32,64,"batch_decode_kernels::latent_context(float*, float const*, unsigned short const*, int, int, int, int, int, int)",1647,26,65874.0,0.0,983040.0,40960.0,999624.0,5865447.0,4497402.0,4912631024497815.0,4912631024532215.0
1647,1,8192,256,11264,0,24,0,48,64,"batch_decode_kernels::mfma_head_gemm(float*, float const*, unsigned short const*, int, int, int, int, int, int, unsigned long)",1648,28,53660.0,0.0,57344.0,128.0,760191.0,4586936.0,847458.0,4912631024709336.0,4912631024734616.0
1648,1,8192,256,11264,0,24,0,48,64,"batch_decode_kernels::mfma_gemm(float*, float const*, unsigned short const*, int, int, int, int)",1649,40,144883.0,0.0,229376.0,128.0,1969144.0,14020750.0,3219378.0,4912631024938777.0,4912631025018778.0
1649,1,1280,256,1024,0,12,4,32,64,"batch_decode_kernels::rmsnorm(float*, float const*, unsigned short const*, int, int, float)",1650,36,33798.0,0.0,350.0,20.0,76675.0,1704667.0,78346.0,4912631025346779.0,4912631025360059.0
1650,1,256,256,11264,0,24,0,48,64,"batch_decode_kernels::mfma_gemm(float*, float const*, unsigned short const*, int, int, int, int)",1651,40,156192.0,0.0,7168.0,4.0,277195.0,2175007.0,109689.0,4912631025559100.0,4912631025645340.0
1651,1,320,64,0,0,16,0,48,64,"void moe_kernels::router_topk_wave64_kernel<64>(float*, float const*, int*, float*, int, int, int, int, int, float)",1652,57,38065.0,0.0,1840.0,5.0,50938.0,1980683.0,26232.0,4912631025975582.0,4912631025991422.0
1652,1,256,256,1024,0,12,4,64,64,"batch_decode_kernels::align_routes(int const*, int, int, int, int*, int*, int*)",1653,42,39827.0,8.0,414.0,4.0,37640.0,661534.0,4890.0,4912631026195423.0,4912631026212383.0
1653,1,349184,256,19968,0,36,4,48,64,"void batch_decode_kernels::grouped_expert_gate_up<16, 1>(float const*, char const*, unsigned long const*, unsigned long const*, int const*, int const*, float*, unsigned short*, int, int, int, int, int)",1654,25,232967.0,0.0,1486848.0,5456.0,6396008.0,22731361.0,15578931.0,4912631026410304.0,4912631026546944.0
1654,1,11264,256,19968,0,32,0,48,64,"batch_decode_kernels::mfma_gate_up_swiglu(float*, float const*, unsigned short const*, unsigned short const*, int, int, int)",1655,18,156519.0,0.0,495616.0,176.0,2529952.0,15310129.0,4547564.0,4912631026816385.0,4912631026904066.0
1655,1,507904,256,11264,0,24,0,48,64,"void batch_decode_kernels::grouped_expert_down<16, 1>(float const*, unsigned short const*, char const*, unsigned long const*, int const*, int const*, float*, int, int, int, int)",1656,24,141067.0,0.0,946176.0,7936.0,3651993.0,13404966.0,10642095.0,4912631027225987.0,4912631027306148.0
1656,1,1280,256,0,0,12,4,32,64,"batch_decode_kernels::reduce_routes_add(float*, float const*, float const*, int, int, int)",1657,20,63758.0,0.0,0.0,20.0,220529.0,3559182.0,227412.0,4912631027632229.0,4912631027663269.0
1657,1,8192,256,11264,0,24,0,48,64,"batch_decode_kernels::mfma_gemm(float*, float const*, unsigned short const*, int, int, int, int)",1658,40,193929.0,0.0,315392.0,128.0,3094018.0,19153956.0,4460073.0,4912631027846310.0,4912631027955910.0
1658,1,1280,256,1024,0,12,4,32,64,"batch_decode_kernels::rmsnorm(float*, float const*, unsigned short const*, int, int, float)",1659,36,32494.0,0.0,350.0,20.0,74198.0,1633752.0,73708.0,4912631028272712.0,4912631028285352.0
1659,1,12288,256,11264,0,24,0,48,64,"batch_decode_kernels::mfma_gemm(float*, float const*, unsigned short const*, int, int, int, int)",1660,40,142521.0,0.0,344064.0,192.0,2095574.0,13846849.0,4648944.0,4912631028488233.0,4912631028567113.0
1660,1,2304,256,11264,0,24,0,48,64,"batch_decode_kernels::mfma_gemm(float*, float const*, unsigned short const*, int, int, int, int)",1661,40,145446.0,0.0,64512.0,36.0,848467.0,14167429.0,899797.0,4912631028730794.0,4912631028810794.0
1661,1,1280,256,1024,0,24,0,32,64,"batch_decode_kernels::kv_norm_rope(unsigned short*, float const*, unsigned short const*, int, int, int, int, int, int, float const*, int, float)",1662,33,28714.0,0.0,350.0,20.0,87740.0,1374064.0,33285.0,4912631029144396.0,4912631029154796.0
1662,1,32768,256,11264,0,24,0,48,64,"batch_decode_kernels::mfma_head_gemm(float*, float const*, unsigned short const*, int, int, int, int, int, int, unsigned long)",1663,28,32674.0,0.0,57344.0,512.0,388093.0,2427246.0,1079193.0,4912631029360076.0,4912631029373037.0
1663,1,5120,256,0,0,24,0,32,64,"batch_decode_kernels::q_rope(float*, float const*, int, int, int, int, int, int, float const*, int)",1664,29,23438.0,0.0,0.0,80.0,91477.0,1412375.0,85775.0,4912631029579117.0,4912631029586317.0
1664,1,30720,256,0,0,16,0,32,64,"batch_decode_kernels::attention_score(float*, float const*, float const*, unsigned short const*, int, int, int, int, int, int, int, float)",1665,43,27336.0,0.0,23040.0,480.0,230961.0,1874551.0,916877.0,4912631029798158.0,4912631029807918.0
1665,1,20480,256,1024,0,20,4,48,64,"void attention_kernels::softmax_rows_kernel<256>(float*, int, int, int, int)",1666,52,24845.0,0.0,10240.0,320.0,100567.0,1637834.0,216485.0,4912631030021359.0,4912631030029519.0
1666,1,2621440,256,0,0,16,0,32,64,"batch_decode_kernels::latent_context(float*, float const*, unsigned short const*, int, int, int, int, int, int)",1667,26,65942.0,0.0,983040.0,40960.0,1003768.0,5902237.0,4539261.0,4912631030250800.0,4912631030285361.0
1667,1,8192,256,11264,0,24,0,48,64,"batch_decode_kernels::mfma_head_gemm(float*, float const*, unsigned short const*, int, int, int, int, int, int, unsigned long)",1668,28,54312.0,0.0,57344.0,128.0,748074.0,4603290.0,852342.0,4912631030468241.0,4912631030494001.0
1668,1,8192,256,11264,0,24,0,48,64,"batch_decode_kernels::mfma_gemm(float*, float const*, unsigned short const*, int, int, int, int)",1669,40,145775.0,0.0,229376.0,128.0,1979707.0,14127246.0,3222282.0,4912631030683762.0,4912631030764243.0
1669,1,1280,256,1024,0,12,4,32,64,"batch_decode_kernels::rmsnorm(float*, float const*, unsigned short const*, int, int, float)",1670,36,33623.0,0.0,350.0,20.0,73615.0,1707241.0,78671.0,4912631030926963.0,4912631030940243.0
1670,1,256,256,11264,0,24,0,48,64,"batch_decode_kernels::mfma_gemm(float*, float const*, unsigned short const*, int, int, int, int)",1671,40,156596.0,0.0,7168.0,4.0,269897.0,2175176.0,109005.0,4912631031155284.0,4912631031241525.0
1671,1,320,64,0,0,16,0,48,64,"void moe_kernels::router_topk_wave64_kernel<64>(float*, float const*, int*, float*, int, int, int, int, int, float)",1672,57,38464.0,0.0,1840.0,5.0,51255.0,1981138.0,26423.0,4912631031405685.0,4912631031421685.0
1672,1,256,256,1024,0,12,4,64,64,"batch_decode_kernels::align_routes(int const*, int, int, int, int*, int*, int*)",1673,42,39968.0,18.0,424.0,4.0,36500.0,664550.0,4640.0,4912631031652566.0,4912631031669527.0
1673,1,349184,256,19968,0,36,4,48,64,"void batch_decode_kernels::grouped_expert_gate_up<16, 1>(float const*, char const*, unsigned long const*, unsigned long const*, int const*, int const*, float*, unsigned short*, int, int, int, int, int)",1674,25,233317.0,0.0,1486848.0,5456.0,6406105.0,22953310.0,15622872.0,4912631031873047.0,4912631032009848.0
1674,1,11264,256,19968,0,32,0,48,64,"batch_decode_kernels::mfma_gate_up_swiglu(float*, float const*, unsigned short const*, unsigned short const*, int, int, int)",1675,18,157517.0,0.0,495616.0,176.0,2517859.0,15403885.0,4653337.0,4912631032293689.0,4912631032381850.0
1675,1,507904,256,11264,0,24,0,48,64,"void batch_decode_kernels::grouped_expert_down<16, 1>(float const*, unsigned short const*, char const*, unsigned long const*, int const*, int const*, float*, int, int, int, int)",1676,24,139937.0,0.0,946176.0,7936.0,3678068.0,13391628.0,10598551.0,4912631032710171.0,4912631032790011.0
1676,1,1280,256,0,0,12,4,32,64,"batch_decode_kernels::reduce_routes_add(float*, float const*, float const*, int, int, int)",1677,20,61472.0,0.0,0.0,20.0,234769.0,3440557.0,218488.0,4912631033131773.0,4912631033161693.0
1677,1,8192,256,11264,0,24,0,48,64,"batch_decode_kernels::mfma_gemm(float*, float const*, unsigned short const*, int, int, int, int)",1678,40,192694.0,0.0,315392.0,128.0,3104572.0,18992151.0,4433379.0,4912631033350814.0,4912631033459454.0
1678,1,1280,256,1024,0,12,4,32,64,"batch_decode_kernels::rmsnorm(float*, float const*, unsigned short const*, int, int, float)",1679,36,31867.0,0.0,350.0,20.0,75628.0,1605308.0,70839.0,4912631033763296.0,4912631033775616.0
1679,1,12288,256,11264,0,24,0,48,64,"batch_decode_kernels::mfma_gemm(float*, float const*, unsigned short const*, int, int, int, int)",1680,40,141548.0,0.0,344064.0,192.0,2086400.0,13735634.0,4682834.0,4912631033982497.0,4912631034060737.0
1680,1,2304,256,11264,0,24,0,48,64,"batch_decode_kernels::mfma_gemm(float*, float const*, unsigned short const*, int, int, int, int)",1681,40,143877.0,0.0,64512.0,36.0,864613.0,13979319.0,888233.0,4912631034226338.0,4912631034305218.0
1681,1,1280,256,1024,0,24,0,32,64,"batch_decode_kernels::kv_norm_rope(unsigned short*, float const*, unsigned short const*, int, int, int, int, int, int, float const*, int, float)",1682,33,29208.0,0.0,350.0,20.0,93345.0,1404549.0,36070.0,4912631034644100.0,4912631034654660.0
1682,1,32768,256,11264,0,24,0,48,64,"batch_decode_kernels::mfma_head_gemm(float*, float const*, unsigned short const*, int, int, int, int, int, int, unsigned long)",1683,28,32534.0,0.0,57344.0,512.0,387623.0,2317500.0,1051352.0,4912631034866661.0,4912631034879461.0
1683,1,5120,256,0,0,24,0,32,64,"batch_decode_kernels::q_rope(float*, float const*, int, int, int, int, int, int, float const*, int)",1684,29,23086.0,0.0,0.0,80.0,88030.0,1379446.0,87250.0,4912631035109222.0,4912631035116262.0
1684,1,30720,256,0,0,16,0,32,64,"batch_decode_kernels::attention_score(float*, float const*, float const*, unsigned short const*, int, int, int, int, int, int, int, float)",1685,43,29123.0,0.0,23040.0,480.0,243309.0,2003576.0,980620.0,4912631035331943.0,4912631035342343.0
1685,1,20480,256,1024,0,20,4,48,64,"void attention_kernels::softmax_rows_kernel<256>(float*, int, int, int, int)",1686,52,24441.0,0.0,10240.0,320.0,97780.0,1577501.0,208822.0,4912631035569864.0,4912631035577704.0
1686,1,2621440,256,0,0,16,0,32,64,"batch_decode_kernels::latent_context(float*, float const*, unsigned short const*, int, int, int, int, int, int)",1687,26,66274.0,0.0,983040.0,40960.0,992236.0,5890498.0,4524803.0,4912631035791465.0,4912631035826025.0
1687,1,8192,256,11264,0,24,0,48,64,"batch_decode_kernels::mfma_head_gemm(float*, float const*, unsigned short const*, int, int, int, int, int, int, unsigned long)",1688,28,54527.0,0.0,57344.0,128.0,726314.0,4633229.0,870247.0,4912631036035946.0,4912631036061866.0
1688,1,8192,256,11264,0,24,0,48,64,"batch_decode_kernels::mfma_gemm(float*, float const*, unsigned short const*, int, int, int, int)",1689,40,146746.0,0.0,229376.0,128.0,1979796.0,14129391.0,3232552.0,4912631036261227.0,4912631036342187.0
1689,1,1280,256,1024,0,12,4,32,64,"batch_decode_kernels::rmsnorm(float*, float const*, unsigned short const*, int, int, float)",1690,36,31709.0,0.0,350.0,20.0,73556.0,1575083.0,68776.0,4912631036505388.0,4912631036517548.0
1690,1,256,256,11264,0,24,0,48,64,"batch_decode_kernels::mfma_gemm(float*, float const*, unsigned short const*, int, int, int, int)",1691,40,155014.0,0.0,7168.0,4.0,270871.0,2160135.0,107788.0,4912631036728749.0,4912631036814189.0
1691,1,320,64,0,0,16,0,48,64,"void moe_kernels::router_topk_wave64_kernel<64>(float*, float const*, int*, float*, int, int, int, int, int, float)",1692,57,37515.0,0.0,1840.0,5.0,49759.0,1950796.0,25755.0,4912631037154191.0,4912631037169871.0
1692,1,256,256,1024,0,12,4,64,64,"batch_decode_kernels::align_routes(int const*, int, int, int, int*, int*, int*)",1693,42,39816.0,8.0,414.0,4.0,36990.0,660533.0,4684.0,4912631037379311.0,4912631037396272.0
1693,1,349184,256,19968,0,36,4,48,64,"void batch_decode_kernels::grouped_expert_gate_up<16, 1>(float const*, char const*, unsigned long const*, unsigned long const*, int const*, int const*, float*, unsigned short*, int, int, int, int, int)",1694,25,226436.0,0.0,1486848.0,5456.0,6288440.0,22412731.0,15421676.0,4912631037605872.0,4912631037738513.0
1694,1,11264,256,19968,0,32,0,48,64,"batch_decode_kernels::mfma_gate_up_swiglu(float*, float const*, unsigned short const*, unsigned short const*, int, int, int)",1695,18,158356.0,0.0,495616.0,176.0,2590689.0,15493910.0,4668845.0,4912631038042674.0,4912631038131475.0
1695,1,507904,256,11264,0,24,0,48,64,"void batch_decode_kernels::grouped_expert_down<16, 1>(float const*, unsigned short const*, char const*, unsigned long const*, int const*, int const*, float*, int, int, int, int)",1696,24,140510.0,0.0,946176.0,7936.0,3679410.0,13467470.0,10630781.0,4912631038465076.0,4912631038544917.0
1696,1,1280,256,0,0,12,4,32,64,"batch_decode_kernels::reduce_routes_add(float*, float const*, float const*, int, int, int)",1697,20,62165.0,0.0,0.0,20.0,226565.0,3503919.0,223464.0,4912631038884598.0,4912631038914838.0
1697,1,8192,256,11264,0,24,0,48,64,"batch_decode_kernels::mfma_gemm(float*, float const*, unsigned short const*, int, int, int, int)",1698,40,193535.0,0.0,315392.0,128.0,3062632.0,19105102.0,4456761.0,4912631039117879.0,4912631039227160.0
1698,1,1280,256,1024,0,12,4,32,64,"batch_decode_kernels::rmsnorm(float*, float const*, unsigned short const*, int, int, float)",1699,36,32324.0,0.0,350.0,20.0,70573.0,1572990.0,68465.0,4912631039542521.0,4912631039554681.0
1699,1,12288,256,11264,0,24,0,48,64,"batch_decode_kernels::mfma_gemm(float*, float const*, unsigned short const*, int, int, int, int)",1700,40,143923.0,0.0,344064.0,192.0,2104459.0,14002719.0,4813669.0,4912631039769882.0,4912631039849722.0
1700,1,2304,256,11264,0,24,0,48,64,"batch_decode_kernels::mfma_gemm(float*, float const*, unsigned short const*, int, int, int, int)",1701,40,146385.0,0.0,64512.0,36.0,861972.0,14169730.0,900067.0,4912631040009723.0,4912631040089883.0
1701,1,1280,256,1024,0,24,0,32,64,"batch_decode_kernels::kv_norm_rope(unsigned short*, float const*, unsigned short const*, int, int, int, int, int, int, float const*, int, float)",1702,33,28664.0,0.0,350.0,20.0,86564.0,1364964.0,33660.0,4912631040257564.0,4912631040267644.0
1702,1,32768,256,11264,0,24,0,48,64,"batch_decode_kernels::mfma_head_gemm(float*, float const*, unsigned short const*, int, int, int, int, int, int, unsigned long)",1703,28,32850.0,0.0,57344.0,512.0,393377.0,2413817.0,1101998.0,4912631040482845.0,4912631040495805.0
1703,1,5120,256,0,0,24,0,32,64,"batch_decode_kernels::q_rope(float*, float const*, int, int, int, int, int, int, float const*, int)",1704,29,23180.0,0.0,0.0,80.0,92386.0,1417315.0,86276.0,4912631040723166.0,4912631040730366.0
1704,1,30720,256,0,0,16,0,32,64,"batch_decode_kernels::attention_score(float*, float const*, float const*, unsigned short const*, int, int, int, int, int, int, int, float)",1705,43,27796.0,0.0,23040.0,480.0,241838.0,1912420.0,972967.0,4912631040947007.0,4912631040956927.0
1705,1,20480,256,1024,0,20,4,48,64,"void attention_kernels::softmax_rows_kernel<256>(float*, int, int, int, int)",1706,52,25781.0,0.0,10240.0,320.0,102869.0,1721658.0,220236.0,4912631041199008.0,4912631041207488.0
1706,1,2621440,256,0,0,16,0,32,64,"batch_decode_kernels::latent_context(float*, float const*, unsigned short const*, int, int, int, int, int, int)",1707,26,66109.0,0.0,983040.0,40960.0,1006356.0,5905019.0,4495658.0,4912631041421569.0,4912631041456129.0
1707,1,8192,256,11264,0,24,0,48,64,"batch_decode_kernels::mfma_head_gemm(float*, float const*, unsigned short const*, int, int, int, int, int, int, unsigned long)",1708,28,53571.0,0.0,57344.0,128.0,654869.0,4592890.0,884471.0,4912631041662370.0,4912631041687650.0
1708,1,8192,256,11264,0,24,0,48,64,"batch_decode_kernels::mfma_gemm(float*, float const*, unsigned short const*, int, int, int, int)",1709,40,146701.0,0.0,229376.0,128.0,1956100.0,14224603.0,3191970.0,4912631041892771.0,4912631041973732.0
1709,1,1280,256,1024,0,12,4,32,64,"batch_decode_kernels::rmsnorm(float*, float const*, unsigned short const*, int, int, float)",1710,36,33024.0,0.0,350.0,20.0,74021.0,1626940.0,72764.0,4912631042311973.0,4912631042324613.0
1710,1,256,256,11264,0,24,0,48,64,"batch_decode_kernels::mfma_gemm(float*, float const*, unsigned short const*, int, int, int, int)",1711,40,157488.0,0.0,7168.0,4.0,273426.0,2190672.0,110196.0,4912631042539494.0,4912631042626534.0
1711,1,320,64,0,0,16,0,48,64,"void moe_kernels::router_topk_wave64_kernel<64>(float*, float const*, int*, float*, int, int, int, int, int, float)",1712,57,38175.0,0.0,1840.0,5.0,50813.0,2004772.0,26064.0,4912631042964776.0,4912631042980776.0
1712,1,256,256,1024,0,12,4,64,64,"batch_decode_kernels::align_routes(int const*, int, int, int, int*, int*, int*)",1713,42,39222.0,8.0,414.0,4.0,36544.0,655541.0,4857.0,4912631043196777.0,4912631043213257.0
1713,1,349184,256,19968,0,36,4,48,64,"void batch_decode_kernels::grouped_expert_gate_up<16, 1>(float const*, char const*, unsigned long const*, unsigned long const*, int const*, int const*, float*, unsigned short*, int, int, int, int, int)",1714,25,232428.0,0.0,1486848.0,5456.0,6456912.0,22991257.0,15808013.0,4912631043427018.0,4912631043563338.0
1714,1,11264,256,19968,0,32,0,48,64,"batch_decode_kernels::mfma_gate_up_swiglu(float*, float const*, unsigned short const*, unsigned short const*, int, int, int)",1715,18,156897.0,0.0,495616.0,176.0,2545174.0,15368460.0,4602594.0,4912631043842220.0,4912631043930220.0
1715,1,507904,256,11264,0,24,0,48,64,"void batch_decode_kernels::grouped_expert_down<16, 1>(float const*, unsigned short const*, char const*, unsigned long const*, int const*, int const*, float*, int, int, int, int)",1716,24,141722.0,0.0,946176.0,7936.0,3700801.0,13516688.0,10704729.0,4912631044087821.0,4912631044168301.0
1716,1,1280,256,0,0,12,4,32,64,"batch_decode_kernels::reduce_routes_add(float*, float const*, float const*, int, int, int)",1717,20,60250.0,0.0,0.0,20.0,202051.0,3358527.0,212169.0,4912631044328622.0,4912631044357742.0
1717,1,8192,256,11264,0,24,0,48,64,"batch_decode_kernels::mfma_gemm(float*, float const*, unsigned short const*, int, int, int, int)",1718,40,195767.0,0.0,315392.0,128.0,3134344.0,19353909.0,4537579.0,4912631044554383.0,4912631044664943.0
1718,1,1280,256,1024,0,12,4,32,64,"batch_decode_kernels::rmsnorm(float*, float const*, unsigned short const*, int, int, float)",1719,36,31943.0,0.0,350.0,20.0,72495.0,1589903.0,69695.0,4912631044981905.0,4912631044994385.0
1719,1,12288,256,11264,0,24,0,48,64,"batch_decode_kernels::mfma_gemm(float*, float const*, unsigned short const*, int, int, int, int)",1720,40,140094.0,0.0,344064.0,192.0,2054302.0,13596469.0,4631143.0,4912631045217426.0,4912631045295026.0
1720,1,2304,256,11264,0,24,0,48,64,"batch_decode_kernels::mfma_gemm(float*, float const*, unsigned short const*, int, int, int, int)",1721,40,146891.0,0.0,64512.0,36.0,856180.0,14316916.0,922910.0,4912631045461907.0,4912631045542707.0
1721,1,1280,256,1024,0,24,0,32,64,"batch_decode_kernels::kv_norm_rope(unsigned short*, float const*, unsigned short const*, int, int, int, int, int, int, float const*, int, float)",1722,33,29175.0,0.0,350.0,20.0,88245.0,1396203.0,33096.0,4912631045706388.0,4912631045716948.0
1722,1,32768,256,11264,0,24,0,48,64,"batch_decode_kernels::mfma_head_gemm(float*, float const*, unsigned short const*, int, int, int, int, int, int, unsigned long)",1723,28,32124.0,0.0,57344.0,512.0,393657.0,2341810.0,1062827.0,4912631045933589.0,4912631045945909.0
1723,1,5120,256,0,0,24,0,32,64,"batch_decode_kernels::q_rope(float*, float const*, int, int, int, int, int, int, float const*, int)",1724,29,23758.0,0.0,0.0,80.0,95201.0,1474632.0,90561.0,4912631046171510.0,4912631046179030.0
1724,1,30720,256,0,0,16,0,32,64,"batch_decode_kernels::attention_score(float*, float const*, float const*, unsigned short const*, int, int, int, int, int, int, int, float)",1725,43,27412.0,0.0,23040.0,480.0,237468.0,1844391.0,932186.0,4912631046402711.0,4912631046412311.0
1725,1,20480,256,1024,0,20,4,48,64,"void attention_kernels::softmax_rows_kernel<256>(float*, int, int, int, int)",1726,52,24459.0,0.0,10240.0,320.0,96984.0,1568726.0,208914.0,4912631046634552.0,4912631046642232.0
1726,1,2621440,256,0,0,16,0,32,64,"batch_decode_kernels::latent_context(float*, float const*, unsigned short const*, int, int, int, int, int, int)",1727,26,65828.0,0.0,983040.0,40960.0,998403.0,5877550.0,4520225.0,4912631046863353.0,4912631046897913.0
1727,1,8192,256,11264,0,24,0,48,64,"batch_decode_kernels::mfma_head_gemm(float*, float const*, unsigned short const*, int, int, int, int, int, int, unsigned long)",1728,28,54028.0,0.0,57344.0,128.0,752894.0,4629745.0,856066.0,4912631047100634.0,4912631047126074.0
1728,1,8192,256,11264,0,24,0,48,64,"batch_decode_kernels::mfma_gemm(float*, float const*, unsigned short const*, int, int, int, int)",1729,40,146710.0,0.0,229376.0,128.0,1928104.0,14200475.0,3278941.0,4912631047329275.0,4912631047410235.0
1729,1,1280,256,1024,0,12,4,32,64,"batch_decode_kernels::rmsnorm(float*, float const*, unsigned short const*, int, int, float)",1730,36,31692.0,0.0,350.0,20.0,72528.0,1571443.0,69824.0,4912631047574076.0,4912631047586236.0
1730,1,256,256,11264,0,24,0,48,64,"batch_decode_kernels::mfma_gemm(float*, float const*, unsigned short const*, int, int, int, int)",1731,40,155894.0,0.0,7168.0,4.0,271933.0,2192364.0,108236.0,4912631047804797.0,4912631047890557.0
1731,1,320,64,0,0,16,0,48,64,"void moe_kernels::router_topk_wave64_kernel<64>(float*, float const*, int*, float*, int, int, int, int, int, float)",1732,57,38194.0,0.0,1840.0,5.0,52067.0,1991044.0,26674.0,4912631048055998.0,4912631048071998.0
1732,1,256,256,1024,0,12,4,64,64,"batch_decode_kernels::align_routes(int const*, int, int, int, int*, int*, int*)",1733,42,39668.0,8.0,414.0,4.0,37548.0,658336.0,4912.0,4912631048283839.0,4912631048300639.0
1733,1,349184,256,19968,0,36,4,48,64,"void batch_decode_kernels::grouped_expert_gate_up<16, 1>(float const*, char const*, unsigned long const*, unsigned long const*, int const*, int const*, float*, unsigned short*, int, int, int, int, int)",1734,25,238928.0,0.0,1486848.0,5456.0,6403348.0,22849778.0,15446136.0,4912631048516640.0,4912631048656321.0
1734,1,11264,256,19968,0,32,0,48,64,"batch_decode_kernels::mfma_gate_up_swiglu(float*, float const*, unsigned short const*, unsigned short const*, int, int, int)",1735,18,158128.0,0.0,495616.0,176.0,2531697.0,15485928.0,4729309.0,4912631048932802.0,4912631049021442.0
1735,1,507904,256,11264,0,24,0,48,64,"void batch_decode_kernels::grouped_expert_down<16, 1>(float const*, unsigned short const*, char const*, unsigned long const*, int const*, int const*, float*, int, int, int, int)",1736,24,140363.0,0.0,946176.0,7936.0,3668578.0,13349287.0,10624479.0,4912631049182883.0,4912631049262883.0
1736,1,1280,256,0,0,12,4,32,64,"batch_decode_kernels::reduce_routes_add(float*, float const*, float const*, int, int, int)",1737,20,63634.0,0.0,0.0,20.0,237446.0,3607412.0,231501.0,4912631049435204.0,4912631049466404.0
1737,1,8192,256,11264,0,24,0,48,64,"batch_decode_kernels::mfma_gemm(float*, float const*, unsigned short const*, int, int, int, int)",1738,40,195503.0,0.0,315392.0,128.0,3133935.0,19338387.0,4543197.0,4912631049666245.0,4912631049776646.0
1738,1,1280,256,1024,0,12,4,32,64,"batch_decode_kernels::rmsnorm(float*, float const*, unsigned short const*, int, int, float)",1739,36,31978.0,0.0,350.0,20.0,68985.0,1594648.0,70081.0,4912631050105447.0,4912631050117607.0
1739,1,12288,256,11264,0,24,0,48,64,"batch_decode_kernels::mfma_gemm(float*, float const*, unsigned short const*, int, int, int, int)",1740,40,141263.0,0.0,344064.0,192.0,2120222.0,13736947.0,4665967.0,4912631050337928.0,4912631050416168.0
1740,1,2304,256,11264,0,24,0,48,64,"batch_decode_kernels::mfma_gemm(float*, float const*, unsigned short const*, int, int, int, int)",1741,40,142268.0,0.0,64512.0,36.0,854692.0,13823748.0,875410.0,4912631050776010.0,4912631050854090.0
1741,1,1280,256,1024,0,24,0,32,64,"batch_decode_kernels::kv_norm_rope(unsigned short*, float const*, unsigned short const*, int, int, int, int, int, int, float const*, int, float)",1742,33,28413.0,0.0,350.0,20.0,86689.0,1358633.0,35626.0,4912631051026571.0,4912631051036811.0
1742,1,32768,256,11264,0,24,0,48,64,"batch_decode_kernels::mfma_head_gemm(float*, float const*, unsigned short const*, int, int, int, int, int, int, unsigned long)",1743,28,32107.0,0.0,57344.0,512.0,397672.0,2362896.0,1090120.0,4912631051260172.0,4912631051272812.0
1743,1,5120,256,0,0,24,0,32,64,"batch_decode_kernels::q_rope(float*, float const*, int, int, int, int, int, int, float const*, int)",1744,29,22958.0,0.0,0.0,80.0,92539.0,1370177.0,84194.0,4912631051503533.0,4912631051510413.0
1744,1,30720,256,0,0,16,0,32,64,"batch_decode_kernels::attention_score(float*, float const*, float const*, unsigned short const*, int, int, int, int, int, int, int, float)",1745,43,27881.0,0.0,23040.0,480.0,248248.0,1888591.0,961138.0,4912631051733454.0,4912631051743374.0
1745,1,20480,256,1024,0,20,4,48,64,"void attention_kernels::softmax_rows_kernel<256>(float*, int, int, int, int)",1746,52,24397.0,0.0,10240.0,320.0,93545.0,1581843.0,206615.0,4912631051964815.0,4912631051972655.0
1746,1,2621440,256,0,0,16,0,32,64,"batch_decode_kernels::latent_context(float*, float const*, unsigned short const*, int, int, int, int, int, int)",1747,26,65488.0,0.0,983040.0,40960.0,1002978.0,5864550.0,4498113.0,4912631052218896.0,4912631052253136.0
1747,1,8192,256,11264,0,24,0,48,64,"batch_decode_kernels::mfma_head_gemm(float*, float const*, unsigned short const*, int, int, int, int, int, int, unsigned long)",1748,28,54979.0,0.0,57344.0,128.0,746627.0,4695135.0,869177.0,4912631052449937.0,4912631052476017.0
1748,1,8192,256,11264,0,24,0,48,64,"batch_decode_kernels::mfma_gemm(float*, float const*, unsigned short const*, int, int, int, int)",1749,40,143736.0,0.0,229376.0,128.0,1982150.0,13968594.0,3208973.0,4912631052683538.0,4912631052763059.0
1749,1,1280,256,1024,0,12,4,32,64,"batch_decode_kernels::rmsnorm(float*, float const*, unsigned short const*, int, int, float)",1750,36,32303.0,0.0,350.0,20.0,77930.0,1621935.0,72341.0,4912631052931059.0,4912631052943539.0
1750,1,256,256,11264,0,24,0,48,64,"batch_decode_kernels::mfma_gemm(float*, float const*, unsigned short const*, int, int, int, int)",1751,40,159022.0,0.0,7168.0,4.0,276040.0,2208209.0,111595.0,4912631053166580.0,4912631053254261.0
1751,1,320,64,0,0,16,0,48,64,"void moe_kernels::router_topk_wave64_kernel<64>(float*, float const*, int*, float*, int, int, int, int, int, float)",1752,57,37879.0,0.0,1840.0,5.0,50851.0,1969763.0,25696.0,4912631053601942.0,4912631053617622.0
1752,1,256,256,1024,0,12,4,64,64,"batch_decode_kernels::align_routes(int const*, int, int, int, int*, int*, int*)",1753,42,38972.0,18.0,424.0,4.0,37258.0,653357.0,4717.0,4912631053833783.0,4912631053850263.0
1753,1,349184,256,19968,0,36,4,48,64,"void batch_decode_kernels::grouped_expert_gate_up<16, 1>(float const*, char const*, unsigned long const*, unsigned long const*, int const*, int const*, float*, unsigned short*, int, int, int, int, int)",1754,25,234527.0,0.0,1486848.0,5456.0,6491896.0,23048158.0,15758656.0,4912631054088984.0,4912631054226425.0
1754,1,11264,256,19968,0,32,0,48,64,"batch_decode_kernels::mfma_gate_up_swiglu(float*, float const*, unsigned short const*, unsigned short const*, int, int, int)",1755,18,156858.0,0.0,495616.0,176.0,2558250.0,15360283.0,4621953.0,4912631054526266.0,4912631054614107.0
1755,1,507904,256,11264,0,24,0,48,64,"void batch_decode_kernels::grouped_expert_down<16, 1>(float const*, unsigned short const*, char const*, unsigned long const*, int const*, int const*, float*, int, int, int, int)",1756,24,142680.0,0.0,946176.0,7936.0,3685929.0,13527764.0,10739218.0,4912631054961628.0,4912631055042909.0
1756,1,1280,256,0,0,12,4,32,64,"batch_decode_kernels::reduce_routes_add(float*, float const*, float const*, int, int, int)",1757,20,62778.0,0.0,0.0,20.0,238687.0,3515307.0,224154.0,4912631055232029.0,4912631055262750.0
1757,1,8192,256,11264,0,24,0,48,64,"batch_decode_kernels::mfma_gemm(float*, float const*, unsigned short const*, int, int, int, int)",1758,40,192856.0,0.0,315392.0,128.0,3094282.0,19043573.0,4458301.0,4912631055467390.0,4912631055576191.0
1758,1,1280,256,1024,0,12,4,32,64,"batch_decode_kernels::rmsnorm(float*, float const*, unsigned short const*, int, int, float)",1759,36,33104.0,0.0,350.0,20.0,74977.0,1665979.0,75501.0,4912631055907392.0,4912631055920352.0
1759,1,12288,256,11264,0,24,0,48,64,"batch_decode_kernels::mfma_gemm(float*, float const*, unsigned short const*, int, int, int, int)",1760,40,143118.0,0.0,344064.0,192.0,2096592.0,13902528.0,4704722.0,4912631056152673.0,4912631056231874.0
1760,1,2304,256,11264,0,24,0,48,64,"batch_decode_kernels::mfma_gemm(float*, float const*, unsigned short const*, int, int, int, int)",1761,40,142809.0,0.0,64512.0,36.0,842653.0,13911745.0,877836.0,4912631056581635.0,4912631056660196.0
1761,1,1280,256,1024,0,24,0,32,64,"batch_decode_kernels::kv_norm_rope(unsigned short*, float const*, unsigned short const*, int, int, int, int, int, int, float const*, int, float)",1762,33,28348.0,0.0,350.0,20.0,86710.0,1351795.0,34935.0,4912631056832356.0,4912631056842436.0
1762,1,32768,256,11264,0,24,0,48,64,"batch_decode_kernels::mfma_head_gemm(float*, float const*, unsigned short const*, int, int, int, int, int, int, unsigned long)",1763,28,33673.0,0.0,57344.0,512.0,420974.0,2491518.0,1112365.0,4912631057084677.0,4912631057097958.0
1763,1,5120,256,0,0,24,0,32,64,"batch_decode_kernels::q_rope(float*, float const*, int, int, int, int, int, int, float const*, int)",1764,29,23288.0,0.0,0.0,80.0,90327.0,1406902.0,87260.0,4912631057321959.0,4912631057328999.0
1764,1,30720,256,0,0,16,0,32,64,"batch_decode_kernels::attention_score(float*, float const*, float const*, unsigned short const*, int, int, int, int, int, int, int, float)",1765,43,27807.0,0.0,23040.0,480.0,241428.0,1922430.0,965433.0,4912631057560200.0,4912631057570120.0
1765,1,20480,256,1024,0,20,4,48,64,"void attention_kernels::softmax_rows_kernel<256>(float*, int, int, int, int)",1766,52,25749.0,0.0,10240.0,320.0,101685.0,1644074.0,218331.0,4912631057793801.0,4912631057802121.0
1766,1,2621440,256,0,0,16,0,32,64,"batch_decode_kernels::latent_context(float*, float const*, unsigned short const*, int, int, int, int, int, int)",1767,26,65886.0,0.0,983040.0,40960.0,999011.0,5881957.0,4516036.0,4912631058058282.0,4912631058092842.0
1767,1,8192,256,11264,0,24,0,48,64,"batch_decode_kernels::mfma_head_gemm(float*, float const*, unsigned short const*, int, int, int, int, int, int, unsigned long)",1768,28,54303.0,0.0,57344.0,128.0,760717.0,4573858.0,854949.0,4912631058296043.0,4912631058321163.0
1768,1,8192,256,11264,0,24,0,48,64,"batch_decode_kernels::mfma_gemm(float*, float const*, unsigned short const*, int, int, int, int)",1769,40,142504.0,0.0,229376.0,128.0,1952090.0,13802311.0,3139178.0,4912631058530444.0,4912631058609324.0
1769,1,1280,256,1024,0,12,4,32,64,"batch_decode_kernels::rmsnorm(float*, float const*, unsigned short const*, int, int, float)",1770,36,32430.0,0.0,350.0,20.0,74795.0,1623625.0,72170.0,4912631058785325.0,4912631058797965.0
1770,1,256,256,11264,0,24,0,48,64,"batch_decode_kernels::mfma_gemm(float*, float const*, unsigned short const*, int, int, int, int)",1771,40,156766.0,0.0,7168.0,4.0,280994.0,2180610.0,109521.0,4912631059026286.0,4912631059112846.0
1771,1,320,64,0,0,16,0,48,64,"void moe_kernels::router_topk_wave64_kernel<64>(float*, float const*, int*, float*, int, int, int, int, int, float)",1772,57,38477.0,0.0,1840.0,5.0,50939.0,2009361.0,26052.0,4912631059278127.0,4912631059294287.0
1772,1,256,256,1024,0,12,4,64,64,"batch_decode_kernels::align_routes(int const*, int, int, int, int*, int*, int*)",1773,42,39742.0,18.0,424.0,4.0,37287.0,655450.0,4742.0,4912631059513808.0,4912631059530288.0
1773,1,349184,256,19968,0,36,4,48,64,"void batch_decode_kernels::grouped_expert_gate_up<16, 1>(float const*, char const*, unsigned long const*, unsigned long const*, int const*, int const*, float*, unsigned short*, int, int, int, int, int)",1774,25,229800.0,0.0,1486848.0,5456.0,6349798.0,22617884.0,15296405.0,4912631059750609.0,4912631059884850.0
1774,1,11264,256,19968,0,32,0,48,64,"batch_decode_kernels::mfma_gate_up_swiglu(float*, float const*, unsigned short const*, unsigned short const*, int, int, int)",1775,18,159278.0,0.0,495616.0,176.0,2640176.0,15595778.0,4652496.0,4912631060201651.0,4912631060291091.0
1775,1,507904,256,11264,0,24,0,48,64,"void batch_decode_kernels::grouped_expert_down<16, 1>(float const*, unsigned short const*, char const*, unsigned long const*, int const*, int const*, float*, int, int, int, int)",1776,24,138309.0,0.0,946176.0,7936.0,3616823.0,13302851.0,10509881.0,4912631060458452.0,4912631060537333.0
1776,1,1280,256,0,0,12,4,32,64,"batch_decode_kernels::reduce_routes_add(float*, float const*, float const*, int, int, int)",1777,20,61016.0,0.0,0.0,20.0,233024.0,3422214.0,216826.0,4912631060890774.0,4912631060920534.0
1777,1,8192,256,11264,0,24,0,48,64,"batch_decode_kernels::mfma_gemm(float*, float const*, unsigned short const*, int, int, int, int)",1778,40,193960.0,0.0,315392.0,128.0,3084575.0,19155022.0,4497246.0,4912631061137175.0,4912631061246616.0
1778,1,1280,256,1024,0,12,4,32,64,"batch_decode_kernels::rmsnorm(float*, float const*, unsigned short const*, int, int, float)",1779,36,32646.0,0.0,350.0,20.0,72966.0,1630853.0,72956.0,4912631061570297.0,4912631061582937.0
1779,1,12288,256,11264,0,24,0,48,64,"batch_decode_kernels::mfma_gemm(float*, float const*, unsigned short const*, int, int, int, int)",1780,40,142288.0,0.0,344064.0,192.0,2083141.0,13800998.0,4723088.0,4912631061811578.0,4912631061890458.0
1780,1,2304,256,11264,0,24,0,48,64,"batch_decode_kernels::mfma_gemm(float*, float const*, unsigned short const*, int, int, int, int)",1781,40,146130.0,0.0,64512.0,36.0,850554.0,14212890.0,903950.0,4912631062056219.0,4912631062136540.0
1781,1,1280,256,1024,0,24,0,32,64,"batch_decode_kernels::kv_norm_rope(unsigned short*, float const*, unsigned short const*, int, int, int, int, int, int, float const*, int, float)",1782,33,28840.0,0.0,350.0,20.0,90544.0,1350014.0,34989.0,4912631062314300.0,4912631062324540.0
1782,1,32768,256,11264,0,24,0,48,64,"batch_decode_kernels::mfma_head_gemm(float*, float const*, unsigned short const*, int, int, int, int, int, int, unsigned long)",1783,28,33538.0,0.0,57344.0,512.0,400416.0,2471199.0,1110407.0,4912631062547101.0,4912631062560221.0
1783,1,5120,256,0,0,24,0,32,64,"batch_decode_kernels::q_rope(float*, float const*, int, int, int, int, int, int, float const*, int)",1784,29,22660.0,0.0,0.0,80.0,90947.0,1377080.0,90098.0,4912631062791422.0,4912631062798302.0
1784,1,30720,256,0,0,16,0,32,64,"batch_decode_kernels::attention_score(float*, float const*, float const*, unsigned short const*, int, int, int, int, int, int, int, float)",1785,43,28301.0,0.0,23040.0,480.0,252060.0,1948040.0,972372.0,4912631063038303.0,4912631063048544.0
1785,1,20480,256,1024,0,20,4,48,64,"void attention_kernels::softmax_rows_kernel<256>(float*, int, int, int, int)",1786,52,24388.0,0.0,10240.0,320.0,100125.0,1568830.0,212312.0,4912631063280705.0,4912631063288545.0
1786,1,2621440,256,0,0,16,0,32,64,"batch_decode_kernels::latent_context(float*, float const*, unsigned short const*, int, int, int, int, int, int)",1787,26,65931.0,0.0,983040.0,40960.0,1008329.0,5877160.0,4506462.0,4912631063527586.0,4912631063561986.0
1787,1,8192,256,11264,0,24,0,48,64,"batch_decode_kernels::mfma_head_gemm(float*, float const*, unsigned short const*, int, int, int, int, int, int, unsigned long)",1788,28,54231.0,0.0,57344.0,128.0,751925.0,4598727.0,858273.0,4912631063765507.0,4912631063791107.0
1788,1,8192,256,11264,0,24,0,48,64,"batch_decode_kernels::mfma_gemm(float*, float const*, unsigned short const*, int, int, int, int)",1789,40,146674.0,0.0,229376.0,128.0,1965505.0,14248003.0,3282513.0,4912631064030148.0,4912631064111268.0
1789,1,1280,256,1024,0,12,4,32,64,"batch_decode_kernels::rmsnorm(float*, float const*, unsigned short const*, int, int, float)",1790,36,32464.0,0.0,350.0,20.0,75290.0,1622286.0,71808.0,4912631064278629.0,4912631064291109.0
1790,1,256,256,11264,0,24,0,48,64,"batch_decode_kernels::mfma_gemm(float*, float const*, unsigned short const*, int, int, int, int)",1791,40,157360.0,0.0,7168.0,4.0,271706.0,2188891.0,109659.0,4912631064523430.0,4912631064610310.0
1791,1,320,64,0,0,16,0,48,64,"void moe_kernels::router_topk_wave64_kernel<64>(float*, float const*, int*, float*, int, int, int, int, int, float)",1792,57,38683.0,0.0,1840.0,5.0,51815.0,2011467.0,27175.0,4912631064963432.0,4912631064979752.0
1792,1,256,256,1024,0,12,4,64,64,"batch_decode_kernels::align_routes(int const*, int, int, int, int*, int*, int*)",1793,42,39517.0,8.0,414.0,4.0,37305.0,658141.0,4868.0,4912631065207913.0,4912631065224553.0
1793,1,349184,256,19968,0,36,4,48,64,"void batch_decode_kernels::grouped_expert_gate_up<16, 1>(float const*, char const*, unsigned long const*, unsigned long const*, int const*, int const*, float*, unsigned short*, int, int, int, int, int)",1794,25,233523.0,0.0,1486848.0,5456.0,6402190.0,22804876.0,15447020.0,4912631065442314.0,4912631065579275.0
1794,1,11264,256,19968,0,32,0,48,64,"batch_decode_kernels::mfma_gate_up_swiglu(float*, float const*, unsigned short const*, unsigned short const*, int, int, int)",1795,18,158784.0,0.0,495616.0,176.0,2521176.0,15538006.0,4719511.0,4912631065869036.0,4912631065957996.0
1795,1,507904,256,11264,0,24,0,48,64,"void batch_decode_kernels::grouped_expert_down<16, 1>(float const*, unsigned short const*, char const*, unsigned long const*, int const*, int const*, float*, int, int, int, int)",1796,24,141408.0,0.0,946176.0,7936.0,3642458.0,13486918.0,10663413.0,4912631066312398.0,4912631066392718.0
1796,1,1280,256,0,0,12,4,32,64,"batch_decode_kernels::reduce_routes_add(float*, float const*, float const*, int, int, int)",1797,20,63467.0,0.0,0.0,20.0,248895.0,3493818.0,222710.0,4912631066735600.0,4912631066766640.0
1797,1,8192,256,11264,0,24,0,48,64,"batch_decode_kernels::mfma_gemm(float*, float const*, unsigned short const*, int, int, int, int)",1798,40,194060.0,0.0,315392.0,128.0,3099590.0,19196908.0,4516651.0,4912631066966321.0,4912631067075921.0
1798,1,1280,256,1024,0,12,4,32,64,"batch_decode_kernels::rmsnorm(float*, float const*, unsigned short const*, int, int, float)",1799,36,31211.0,0.0,350.0,20.0,74658.0,1542440.0,65834.0,4912631067418323.0,4912631067430003.0
1799,1,12288,256,11264,0,24,0,48,64,"batch_decode_kernels::mfma_gemm(float*, float const*, unsigned short const*, int, int, int, int)",1800,40,143342.0,0.0,344064.0,192.0,2087589.0,13824320.0,4699319.0,4912631067649684.0,4912631067728724.0
1800,1,2304,256,11264,0,24,0,48,64,"batch_decode_kernels::mfma_gemm(float*, float const*, unsigned short const*, int, int, int, int)",1801,40,146730.0,0.0,64512.0,36.0,874160.0,14284273.0,893682.0,4912631068081045.0,4912631068161686.0
1801,1,1280,256,1024,0,24,0,32,64,"batch_decode_kernels::kv_norm_rope(unsigned short*, float const*, unsigned short const*, int, int, int, int, int, int, float const*, int, float)",1802,33,27920.0,0.0,350.0,20.0,86473.0,1324066.0,33289.0,4912631068504727.0,4912631068514647.0
1802,1,32768,256,11264,0,24,0,48,64,"batch_decode_kernels::mfma_head_gemm(float*, float const*, unsigned short const*, int, int, int, int, int, int, unsigned long)",1803,28,33088.0,0.0,57344.0,512.0,390314.0,2426206.0,1059924.0,4912631068733048.0,4912631068746008.0
1803,1,5120,256,0,0,24,0,32,64,"batch_decode_kernels::q_rope(float*, float const*, int, int, int, int, int, int, float const*, int)",1804,29,23405.0,0.0,0.0,80.0,90919.0,1375923.0,88465.0,4912631068964569.0,4912631068971769.0
1804,1,30720,256,0,0,16,0,32,64,"batch_decode_kernels::attention_score(float*, float const*, float const*, unsigned short const*, int, int, int, int, int, int, int, float)",1805,43,27319.0,0.0,23040.0,480.0,240061.0,1856338.0,933025.0,4912631069200570.0,4912631069210170.0
1805,1,20480,256,1024,0,20,4,48,64,"void attention_kernels::softmax_rows_kernel<256>(float*, int, int, int, int)",1806,52,25574.0,0.0,10240.0,320.0,96851.0,1701963.0,196386.0,4912631069428891.0,4912631069437371.0
1806,1,2621440,256,0,0,16,0,32,64,"batch_decode_kernels::latent_context(float*, float const*, unsigned short const*, int, int, int, int, int, int)",1807,26,66058.0,0.0,983040.0,40960.0,1008771.0,5877017.0,4508016.0,4912631069657052.0,4912631069691613.0
1807,1,8192,256,11264,0,24,0,48,64,"batch_decode_kernels::mfma_head_gemm(float*, float const*, unsigned short const*, int, int, int, int, int, int, unsigned long)",1808,28,53595.0,0.0,57344.0,128.0,768545.0,4593306.0,853316.0,4912631069885213.0,4912631069910653.0
1808,1,8192,256,11264,0,24,0,48,64,"batch_decode_kernels::mfma_gemm(float*, float const*, unsigned short const*, int, int, int, int)",1809,40,145480.0,0.0,229376.0,128.0,2003299.0,14124776.0,3230454.0,4912631070120574.0,4912631070201055.0
1809,1,1280,256,1024,0,12,4,32,64,"batch_decode_kernels::rmsnorm(float*, float const*, unsigned short const*, int, int, float)",1810,36,34655.0,0.0,350.0,20.0,83363.0,1772332.0,83999.0,4912631070538496.0,4912631070552576.0
1810,1,256,256,11264,0,24,0,48,64,"batch_decode_kernels::mfma_gemm(float*, float const*, unsigned short const*, int, int, int, int)",1811,40,157192.0,0.0,7168.0,4.0,273120.0,2186928.0,109053.0,4912631070764417.0,4912631070851298.0
1811,1,320,64,0,0,16,0,48,64,"void moe_kernels::router_topk_wave64_kernel<64>(float*, float const*, int*, float*, int, int, int, int, int, float)",1812,57,37726.0,0.0,1840.0,5.0,50780.0,1983837.0,26256.0,4912631071186339.0,4912631071202179.0
1812,1,256,256,1024,0,12,4,64,64,"batch_decode_kernels::align_routes(int const*, int, int, int, int*, int*, int*)",1813,42,39823.0,8.0,414.0,4.0,37889.0,662834.0,4802.0,4912631071411620.0,4912631071428580.0
1813,1,349184,256,19968,0,36,4,48,64,"void batch_decode_kernels::grouped_expert_gate_up<16, 1>(float const*, char const*, unsigned long const*, unsigned long const*, int const*, int const*, float*, unsigned short*, int, int, int, int, int)",1814,25,233716.0,0.0,1486848.0,5456.0,6401027.0,22807060.0,15530827.0,4912631071637541.0,4912631071774822.0
1814,1,11264,256,19968,0,32,0,48,64,"batch_decode_kernels::mfma_gate_up_swiglu(float*, float const*, unsigned short const*, unsigned short const*, int, int, int)",1815,18,156202.0,0.0,495616.0,176.0,2555988.0,15269972.0,4575470.0,4912631072058823.0,4912631072146183.0
1815,1,507904,256,11264,0,24,0,48,64,"void batch_decode_kernels::grouped_expert_down<16, 1>(float const*, unsigned short const*, char const*, unsigned long const*, int const*, int const*, float*, int, int, int, int)",1816,24,140579.0,0.0,946176.0,7936.0,3654287.0,13459124.0,10728329.0,4912631072474985.0,4912631072555145.0
1816,1,1280,256,0,0,12,4,32,64,"batch_decode_kernels::reduce_routes_add(float*, float const*, float const*, int, int, int)",1817,20,63542.0,0.0,0.0,20.0,242452.0,3529295.0,225083.0,4912631072890186.0,4912631072921387.0
1817,1,8192,256,11264,0,24,0,48,64,"batch_decode_kernels::mfma_gemm(float*, float const*, unsigned short const*, int, int, int, int)",1818,40,195871.0,0.0,315392.0,128.0,3109749.0,19319823.0,4521164.0,4912631073125388.0,4912631073235948.0
1818,1,1280,256,1024,0,12,4,32,64,"batch_decode_kernels::rmsnorm(float*, float const*, unsigned short const*, int, int, float)",1819,36,33534.0,0.0,350.0,20.0,70647.0,1686896.0,74223.0,4912631073538989.0,4912631073552269.0
1819,1,12288,256,11264,0,24,0,48,64,"batch_decode_kernels::mfma_gemm(float*, float const*, unsigned short const*, int, int, int, int)",1820,40,141910.0,0.0,344064.0,192.0,2077680.0,13777702.0,4696777.0,4912631073763150.0,4912631073841711.0
1820,1,2304,256,11264,0,24,0,48,64,"batch_decode_kernels::mfma_gemm(float*, float const*, unsigned short const*, int, int, int, int)",1821,40,146319.0,0.0,64512.0,36.0,858082.0,14232208.0,901961.0,4912631074181712.0,4912631074262192.0
1821,1,1280,256,1024,0,24,0,32,64,"batch_decode_kernels::kv_norm_rope(unsigned short*, float const*, unsigned short const*, int, int, int, int, int, int, float const*, int, float)",1822,33,28285.0,0.0,350.0,20.0,85728.0,1372803.0,34403.0,4912631074591154.0,4912631074601394.0
1822,1,32768,256,11264,0,24,0,48,64,"batch_decode_kernels::mfma_head_gemm(float*, float const*, unsigned short const*, int, int, int, int, int, int, unsigned long)",1823,28,33083.0,0.0,57344.0,512.0,411974.0,2406212.0,1109646.0,4912631074815155.0,4912631074828115.0
1823,1,5120,256,0,0,24,0,32,64,"batch_decode_kernels::q_rope(float*, float const*, int, int, int, int, int, int, float const*, int)",1824,29,23216.0,0.0,0.0,80.0,90446.0,1368851.0,89765.0,4912631075045716.0,4912631075052756.0
1824,1,30720,256,0,0,16,0,32,64,"batch_decode_kernels::attention_score(float*, float const*, float const*, unsigned short const*, int, int, int, int, int, int, int, float)",1825,43,27381.0,0.0,23040.0,480.0,251296.0,1864996.0,953026.0,4912631075268277.0,4912631075277877.0
1825,1,20480,256,1024,0,20,4,48,64,"void attention_kernels::softmax_rows_kernel<256>(float*, int, int, int, int)",1826,52,24438.0,0.0,10240.0,320.0,99996.0,1573419.0,220490.0,4912631075493078.0,4912631075500918.0
1826,1,2621440,256,0,0,16,0,32,64,"batch_decode_kernels::latent_context(float*, float const*, unsigned short const*, int, int, int, int, int, int)",1827,26,67314.0,0.0,983040.0,40960.0,1013576.0,6008655.0,4599234.0,4912631075713879.0,4912631075749239.0
1827,1,8192,256,11264,0,24,0,48,64,"batch_decode_kernels::mfma_head_gemm(float*, float const*, unsigned short const*, int, int, int, int, int, int, unsigned long)",1828,28,53630.0,0.0,57344.0,128.0,690928.0,4600885.0,863722.0,4912631075935000.0,4912631075960440.0
1828,1,8192,256,11264,0,24,0,48,64,"batch_decode_kernels::mfma_gemm(float*, float const*, unsigned short const*, int, int, int, int)",1829,40,146895.0,0.0,229376.0,128.0,1952352.0,14263694.0,3285726.0,4912631076164921.0,4912631076246041.0
1829,1,1280,256,1024,0,12,4,32,64,"batch_decode_kernels::rmsnorm(float*, float const*, unsigned short const*, int, int, float)",1830,36,32732.0,0.0,350.0,20.0,75901.0,1642254.0,73646.0,4912631076571963.0,4912631076584923.0
1830,1,256,256,11264,0,24,0,48,64,"batch_decode_kernels::mfma_gemm(float*, float const*, unsigned short const*, int, int, int, int)",1831,40,158281.0,0.0,7168.0,4.0,269644.0,2194585.0,110239.0,4912631076796764.0,4912631076883804.0
1831,1,320,64,0,0,16,0,48,64,"void moe_kernels::router_topk_wave64_kernel<64>(float*, float const*, int*, float*, int, int, int, int, int, float)",1832,57,38515.0,0.0,1840.0,5.0,50311.0,2015029.0,26166.0,4912631077211485.0,4912631077227805.0
1832,1,256,256,1024,0,12,4,64,64,"batch_decode_kernels::align_routes(int const*, int, int, int, int*, int*, int*)",1833,42,39817.0,8.0,414.0,4.0,37402.0,657946.0,4712.0,4912631077433246.0,4912631077450046.0
1833,1,349184,256,19968,0,36,4,48,64,"void batch_decode_kernels::grouped_expert_gate_up<16, 1>(float const*, char const*, unsigned long const*, unsigned long const*, int const*, int const*, float*, unsigned short*, int, int, int, int, int)",1834,25,231388.0,0.0,1486848.0,5456.0,6341611.0,22641856.0,15356794.0,4912631077661247.0,4912631077796928.0
1834,1,11264,256,19968,0,32,0,48,64,"batch_decode_kernels::mfma_gate_up_swiglu(float*, float const*, unsigned short const*, unsigned short const*, int, int, int)",1835,18,156179.0,0.0,495616.0,176.0,2536768.0,15270674.0,4583905.0,4912631078074849.0,4912631078162369.0
1835,1,507904,256,11264,0,24,0,48,64,"void batch_decode_kernels::grouped_expert_down<16, 1>(float const*, unsigned short const*, char const*, unsigned long const*, int const*, int const*, float*, int, int, int, int)",1836,24,141360.0,0.0,946176.0,7936.0,3677240.0,13470070.0,10706122.0,4912631078482051.0,4912631078562531.0
1836,1,1280,256,0,0,12,4,32,64,"batch_decode_kernels::reduce_routes_add(float*, float const*, float const*, int, int, int)",1837,20,61389.0,0.0,0.0,20.0,219034.0,3446290.0,217822.0,4912631078885733.0,4912631078915493.0
1837,1,8192,256,11264,0,24,0,48,64,"batch_decode_kernels::mfma_gemm(float*, float const*, unsigned short const*, int, int, int, int)",1838,40,194228.0,0.0,315392.0,128.0,3087244.0,19202485.0,4485909.0,4912631079118054.0,4912631079227814.0
1838,1,1280,256,1024,0,12,4,32,64,"batch_decode_kernels::rmsnorm(float*, float const*, unsigned short const*, int, int, float)",1839,36,32689.0,0.0,350.0,20.0,71891.0,1637639.0,73198.0,4912631079521095.0,4912631079533735.0
1839,1,12288,256,11264,0,24,0,48,64,"batch_decode_kernels::mfma_gemm(float*, float const*, unsigned short const*, int, int, int, int)",1840,40,141728.0,0.0,344064.0,192.0,2080477.0,13735218.0,4697621.0,4912631079741096.0,4912631079819977.0
1840,1,2304,256,11264,0,24,0,48,64,"batch_decode_kernels::mfma_gemm(float*, float const*, unsigned short const*, int, int, int, int)",1841,40,146493.0,0.0,64512.0,36.0,847038.0,14256427.0,903753.0,4912631080149418.0,4912631080230059.0
1841,1,1280,256,1024,0,24,0,32,64,"batch_decode_kernels::kv_norm_rope(unsigned short*, float const*, unsigned short const*, int, int, int, int, int, int, float const*, int, float)",1842,33,29047.0,0.0,350.0,20.0,86421.0,1389859.0,35044.0,4912631080554060.0,4912631080564460.0
1842,1,32768,256,11264,0,24,0,48,64,"batch_decode_kernels::mfma_head_gemm(float*, float const*, unsigned short const*, int, int, int, int, int, int, unsigned long)",1843,28,32609.0,0.0,57344.0,512.0,395960.0,2405705.0,1074960.0,4912631080771821.0,4912631080784621.0
1843,1,5120,256,0,0,24,0,32,64,"batch_decode_kernels::q_rope(float*, float const*, int, int, int, int, int, int, float const*, int)",1844,29,23507.0,0.0,0.0,80.0,91599.0,1391653.0,81717.0,4912631080991022.0,4912631080998062.0
1844,1,30720,256,0,0,16,0,32,64,"batch_decode_kernels::attention_score(float*, float const*, float const*, unsigned short const*, int, int, int, int, int, int, int, float)",1845,43,28184.0,0.0,23040.0,480.0,258344.0,1933298.0,941081.0,4912631081216143.0,4912631081226223.0
1845,1,20480,256,1024,0,20,4,48,64,"void attention_kernels::softmax_rows_kernel<256>(float*, int, int, int, int)",1846,52,24072.0,0.0,10240.0,320.0,89366.0,1546483.0,180649.0,4912631081432944.0,4912631081440624.0
1846,1,2621440,256,0,0,16,0,32,64,"batch_decode_kernels::latent_context(float*, float const*, unsigned short const*, int, int, int, int, int, int)",1847,26,67816.0,0.0,983040.0,40960.0,1027968.0,6080363.0,4626778.0,4912631081648945.0,4912631081684625.0
1847,1,8192,256,11264,0,24,0,48,64,"batch_decode_kernels::mfma_head_gemm(float*, float const*, unsigned short const*, int, int, int, int, int, int, unsigned long)",1848,28,53516.0,0.0,57344.0,128.0,707846.0,4560494.0,851600.0,4912631081865426.0,4912631081890706.0
1848,1,8192,256,11264,0,24,0,48,64,"batch_decode_kernels::mfma_gemm(float*, float const*, unsigned short const*, int, int, int, int)",1849,40,144468.0,0.0,229376.0,128.0,1986029.0,14002095.0,3188613.0,4912631082094547.0,4912631082174227.0
1849,1,1280,256,1024,0,12,4,32,64,"batch_decode_kernels::rmsnorm(float*, float const*, unsigned short const*, int, int, float)",1850,36,31550.0,0.0,350.0,20.0,75593.0,1559951.0,66384.0,4912631082491028.0,4912631082503028.0
1850,1,256,256,11264,0,24,0,48,64,"batch_decode_kernels::mfma_gemm(float*, float const*, unsigned short const*, int, int, int, int)",1851,40,157559.0,0.0,7168.0,4.0,273470.0,2191010.0,110576.0,4912631082709269.0,4912631082796150.0
1851,1,320,64,0,0,16,0,48,64,"void moe_kernels::router_topk_wave64_kernel<64>(float*, float const*, int*, float*, int, int, int, int, int, float)",1852,57,37730.0,0.0,1840.0,5.0,50286.0,1977069.0,25679.0,4912631083110295.0,4912631083126135.0
1852,1,256,256,1024,0,12,4,64,64,"batch_decode_kernels::align_routes(int const*, int, int, int, int*, int*, int*)",1853,42,40865.0,8.0,414.0,4.0,38042.0,676289.0,4912.0,4912631083331735.0,4912631083349335.0
1853,1,349184,256,19968,0,36,4,48,64,"void batch_decode_kernels::grouped_expert_gate_up<16, 1>(float const*, char const*, unsigned long const*, unsigned long const*, int const*, int const*, float*, unsigned short*, int, int, int, int, int)",1854,25,232307.0,0.0,1486848.0,5456.0,6416630.0,22917963.0,15478243.0,4912631083548376.0,4912631083684376.0
1854,1,11264,256,19968,0,32,0,48,64,"batch_decode_kernels::mfma_gate_up_swiglu(float*, float const*, unsigned short const*, unsigned short const*, int, int, int)",1855,18,157187.0,0.0,495616.0,176.0,2540869.0,15365886.0,4657379.0,4912631083948057.0,4912631084036058.0
1855,1,507904,256,11264,0,24,0,48,64,"void batch_decode_kernels::grouped_expert_down<16, 1>(float const*, unsigned short const*, char const*, unsigned long const*, int const*, int const*, float*, int, int, int, int)",1856,24,142202.0,0.0,946176.0,7936.0,3681452.0,13549006.0,10759907.0,4912631084350779.0,4912631084431579.0
1856,1,1280,256,0,0,12,4,32,64,"batch_decode_kernels::reduce_routes_add(float*, float const*, float const*, int, int, int)",1857,20,60549.0,0.0,0.0,20.0,216669.0,3400621.0,215114.0,4912631084742301.0,4912631084771581.0
1857,1,8192,256,11264,0,24,0,48,64,"batch_decode_kernels::mfma_gemm(float*, float const*, unsigned short const*, int, int, int, int)",1858,40,196426.0,0.0,315392.0,128.0,3082270.0,19324178.0,4562122.0,4912631084957022.0,4912631085067422.0
1858,1,1280,256,1024,0,12,4,32,64,"batch_decode_kernels::rmsnorm(float*, float const*, unsigned short const*, int, int, float)",1859,36,32552.0,0.0,350.0,20.0,73077.0,1638107.0,73553.0,4912631085355743.0,4912631085368544.0
1859,1,12288,256,11264,0,24,0,48,64,"batch_decode_kernels::mfma_gemm(float*, float const*, unsigned short const*, int, int, int, int)",1860,40,142374.0,0.0,344064.0,192.0,2095153.0,13785593.0,4704682.0,4912631085569664.0,4912631085648545.0
1860,1,2304,256,11264,0,24,0,48,64,"batch_decode_kernels::mfma_gemm(float*, float const*, unsigned short const*, int, int, int, int)",1861,40,146090.0,0.0,64512.0,36.0,847027.0,14233365.0,899049.0,4912631085961826.0,4912631086042146.0
1861,1,1280,256,1024,0,24,0,32,64,"batch_decode_kernels::kv_norm_rope(unsigned short*, float const*, unsigned short const*, int, int, int, int, int, int, float const*, int, float)",1862,33,28924.0,0.0,350.0,20.0,82531.0,1377873.0,31942.0,4912631086358308.0,4912631086368708.0
1862,1,32768,256,11264,0,24,0,48,64,"batch_decode_kernels::mfma_head_gemm(float*, float const*, unsigned short const*, int, int, int, int, int, int, unsigned long)",1863,28,33458.0,0.0,57344.0,512.0,405844.0,2473006.0,1113412.0,4912631086571109.0,4912631086584549.0
1863,1,5120,256,0,0,24,0,32,64,"batch_decode_kernels::q_rope(float*, float const*, int, int, int, int, int, int, float const*, int)",1864,29,23781.0,0.0,0.0,80.0,90392.0,1406356.0,94899.0,4912631086782470.0,4912631086789990.0
1864,1,30720,256,0,0,16,0,32,64,"batch_decode_kernels::attention_score(float*, float const*, float const*, unsigned short const*, int, int, int, int, int, int, int, float)",1865,43,28299.0,0.0,23040.0,480.0,242318.0,1924848.0,949446.0,4912631086997991.0,4912631087008231.0
1865,1,20480,256,1024,0,20,4,48,64,"void attention_kernels::softmax_rows_kernel<256>(float*, int, int, int, int)",1866,52,24164.0,0.0,10240.0,320.0,103090.0,1552138.0,222649.0,4912631087219112.0,4912631087226792.0
1866,1,2621440,256,0,0,16,0,32,64,"batch_decode_kernels::latent_context(float*, float const*, unsigned short const*, int, int, int, int, int, int)",1867,26,65781.0,0.0,983040.0,40960.0,1015294.0,5875301.0,4511122.0,4912631087434793.0,4912631087469193.0
1867,1,8192,256,11264,0,24,0,48,64,"batch_decode_kernels::mfma_head_gemm(float*, float const*, unsigned short const*, int, int, int, int, int, int, unsigned long)",1868,28,53931.0,0.0,57344.0,128.0,639105.0,4646021.0,882355.0,4912631087644873.0,4912631087670474.0
1868,1,8192,256,11264,0,24,0,48,64,"batch_decode_kernels::mfma_gemm(float*, float const*, unsigned short const*, int, int, int, int)",1869,40,144241.0,0.0,229376.0,128.0,1968164.0,13938551.0,3162272.0,4912631087856554.0,4912631087936235.0
1869,1,1280,256,1024,0,12,4,32,64,"batch_decode_kernels::rmsnorm(float*, float const*, unsigned short const*, int, int, float)",1870,36,32093.0,0.0,350.0,20.0,73918.0,1606543.0,71084.0,4912631088251596.0,4912631088264076.0
1870,1,256,256,11264,0,24,0,48,64,"batch_decode_kernels::mfma_gemm(float*, float const*, unsigned short const*, int, int, int, int)",1871,40,156870.0,0.0,7168.0,4.0,272882.0,2183756.0,108795.0,4912631088461997.0,4912631088548397.0
1871,1,320,64,0,0,16,0,48,64,"void moe_kernels::router_topk_wave64_kernel<64>(float*, float const*, int*, float*, int, int, int, int, int, float)",1872,57,38496.0,0.0,1840.0,5.0,50859.0,2022127.0,26146.0,4912631088847919.0,4912631088864239.0
1872,1,256,256,1024,0,12,4,64,64,"batch_decode_kernels::align_routes(int const*, int, int, int, int*, int*, int*)",1873,42,39744.0,8.0,414.0,4.0,37412.0,661495.0,4458.0,4912631089067920.0,4912631089084720.0
1873,1,349184,256,19968,0,36,4,48,64,"void batch_decode_kernels::grouped_expert_gate_up<16, 1>(float const*, char const*, unsigned long const*, unsigned long const*, int const*, int const*, float*, unsigned short*, int, int, int, int, int)",1874,25,228004.0,0.0,1486848.0,5456.0,6234662.0,22309446.0,15281273.0,4912631089278641.0,4912631089412081.0
1874,1,11264,256,19968,0,32,0,48,64,"batch_decode_kernels::mfma_gate_up_swiglu(float*, float const*, unsigned short const*, unsigned short const*, int, int, int)",1875,18,155492.0,0.0,495616.0,176.0,2535896.0,15222808.0,4549260.0,4912631089662482.0,4912631089749523.0
1875,1,507904,256,11264,0,24,0,48,64,"void batch_decode_kernels::grouped_expert_down<16, 1>(float const*, unsigned short const*, char const*, unsigned long const*, int const*, int const*, float*, int, int, int, int)",1876,24,137476.0,0.0,946176.0,7936.0,3598043.0,13124595.0,10342929.0,4912631090055284.0,4912631090133524.0
1876,1,1280,256,0,0,12,4,32,64,"batch_decode_kernels::reduce_routes_add(float*, float const*, float const*, int, int, int)",1877,20,63554.0,0.0,0.0,20.0,227209.0,3571857.0,228758.0,4912631090440886.0,4912631090472246.0
1877,1,8192,256,11264,0,24,0,48,64,"batch_decode_kernels::mfma_gemm(float*, float const*, unsigned short const*, int, int, int, int)",1878,40,192076.0,0.0,315392.0,128.0,3087057.0,18925494.0,4409354.0,4912631090650807.0,4912631090759287.0
1878,1,1280,256,1024,0,12,4,32,64,"batch_decode_kernels::rmsnorm(float*, float const*, unsigned short const*, int, int, float)",1879,36,32471.0,0.0,350.0,20.0,75880.0,1631763.0,75473.0,4912631091039288.0,4912631091051928.0
1879,1,12288,256,11264,0,24,0,48,64,"batch_decode_kernels::mfma_gemm(float*, float const*, unsigned short const*, int, int, int, int)",1880,40,143860.0,0.0,344064.0,192.0,2116237.0,13955750.0,4813742.0,4912631091249849.0,4912631091329850.0
1880,1,2304,256,11264,0,24,0,48,64,"batch_decode_kernels::mfma_gemm(float*, float const*, unsigned short const*, int, int, int, int)",1881,40,145364.0,0.0,64512.0,36.0,852546.0,14148722.0,896431.0,4912631091632251.0,4912631091712251.0
1881,1,1280,256,1024,0,24,0,32,64,"batch_decode_kernels::kv_norm_rope(unsigned short*, float const*, unsigned short const*, int, int, int, int, int, int, float const*, int, float)",1882,33,28459.0,0.0,350.0,20.0,89216.0,1367850.0,32499.0,4912631092010493.0,4912631092020733.0
1882,1,32768,256,11264,0,24,0,48,64,"batch_decode_kernels::mfma_head_gemm(float*, float const*, unsigned short const*, int, int, int, int, int, int, unsigned long)",1883,28,31570.0,0.0,57344.0,512.0,388343.0,2304851.0,1056626.0,4912631092225374.0,4912631092237534.0
1883,1,5120,256,0,0,24,0,32,64,"batch_decode_kernels::q_rope(float*, float const*, int, int, int, int, int, int, float const*, int)",1884,29,22907.0,0.0,0.0,80.0,92258.0,1368877.0,88503.0,4912631092432734.0,4912631092439614.0
1884,1,30720,256,0,0,16,0,32,64,"batch_decode_kernels::attention_score(float*, float const*, float const*, unsigned short const*, int, int, int, int, int, int, int, float)",1885,43,28293.0,0.0,23040.0,480.0,247522.0,1922248.0,994226.0,4912631092638335.0,4912631092648415.0
1885,1,20480,256,1024,0,20,4,48,64,"void attention_kernels::softmax_rows_kernel<256>(float*, int, int, int, int)",1886,52,25023.0,0.0,10240.0,320.0,103260.0,1599952.0,224646.0,4912631092845376.0,4912631092853376.0
1886,1,2621440,256,0,0,16,0,32,64,"batch_decode_kernels::latent_context(float*, float const*, unsigned short const*, int, int, int, int, int, int)",1887,26,65472.0,0.0,983040.0,40960.0,1006013.0,5871583.0,4487814.0,4912631093058657.0,4912631093093057.0
1887,1,8192,256,11264,0,24,0,48,64,"batch_decode_kernels::mfma_head_gemm(float*, float const*, unsigned short const*, int, int, int, int, int, int, unsigned long)",1888,28,53125.0,0.0,57344.0,128.0,633356.0,4540604.0,861190.0,4912631093263138.0,4912631093288098.0
1888,1,8192,256,11264,0,24,0,48,64,"batch_decode_kernels::mfma_gemm(float*, float const*, unsigned short const*, int, int, int, int)",1889,40,146958.0,0.0,229376.0,128.0,1958427.0,14207768.0,3255803.0,4912631093469219.0,4912631093550339.0
1889,1,1280,256,1024,0,12,4,32,64,"batch_decode_kernels::rmsnorm(float*, float const*, unsigned short const*, int, int, float)",1890,36,32247.0,0.0,350.0,20.0,73299.0,1622299.0,69947.0,4912631093845861.0,4912631093858341.0
1890,1,256,256,11264,0,24,0,48,64,"batch_decode_kernels::mfma_gemm(float*, float const*, unsigned short const*, int, int, int, int)",1891,40,155919.0,0.0,7168.0,4.0,273178.0,2167116.0,108279.0,4912631094058182.0,4912631094143942.0
1891,1,320,64,0,0,16,0,48,64,"void moe_kernels::router_topk_wave64_kernel<64>(float*, float const*, int*, float*, int, int, int, int, int, float)",1892,57,37779.0,0.0,1840.0,5.0,49806.0,1965018.0,25921.0,4912631094437223.0,4912631094452903.0
1892,1,256,256,1024,0,12,4,64,64,"batch_decode_kernels::align_routes(int const*, int, int, int, int*, int*, int*)",1893,42,40250.0,8.0,414.0,4.0,38413.0,666448.0,4705.0,4912631094639784.0,4912631094656904.0
1893,1,349184,256,19968,0,36,4,48,64,"void batch_decode_kernels::grouped_expert_gate_up<16, 1>(float const*, char const*, unsigned long const*, unsigned long const*, int const*, int const*, float*, unsigned short*, int, int, int, int, int)",1894,25,231500.0,0.0,1486848.0,5456.0,6408985.0,22852014.0,15674696.0,4912631094846025.0,4912631094981546.0
1894,1,11264,256,19968,0,32,0,48,64,"batch_decode_kernels::mfma_gate_up_swiglu(float*, float const*, unsigned short const*, unsigned short const*, int, int, int)",1895,18,158284.0,0.0,495616.0,176.0,2546571.0,15471316.0,4650330.0,4912631095225867.0,4912631095314507.0
1895,1,507904,256,11264,0,24,0,48,64,"void batch_decode_kernels::grouped_expert_down<16, 1>(float const*, unsigned short const*, char const*, unsigned long const*, int const*, int const*, float*, int, int, int, int)",1896,24,140831.0,0.0,946176.0,7936.0,3667232.0,13492820.0,10731132.0,4912631095599628.0,4912631095679789.0
1896,1,1280,256,0,0,12,4,32,64,"batch_decode_kernels::reduce_routes_add(float*, float const*, float const*, int, int, int)",1897,20,61601.0,0.0,0.0,20.0,226795.0,3495001.0,222440.0,4912631095974190.0,4912631096004110.0
1897,1,8192,256,11264,0,24,0,48,64,"batch_decode_kernels::mfma_gemm(float*, float const*, unsigned short const*, int, int, int, int)",1898,40,193183.0,0.0,315392.0,128.0,3078546.0,19074838.0,4473514.0,4912631096182511.0,4912631096291631.0
1898,1,1280,256,1024,0,12,4,32,64,"batch_decode_kernels::rmsnorm(float*, float const*, unsigned short const*, int, int, float)",1899,36,32931.0,0.0,350.0,20.0,76726.0,1656502.0,73602.0,4912631096553232.0,4912631096566192.0
1899,1,12288,256,11264,0,24,0,48,64,"batch_decode_kernels::mfma_gemm(float*, float const*, unsigned short const*, int, int, int, int)",1900,40,142098.0,0.0,344064.0,192.0,2107278.0,13794264.0,4738388.0,4912631096756913.0,4912631096835634.0
1900,1,2304,256,11264,0,24,0,48,64,"batch_decode_kernels::mfma_gemm(float*, float const*, unsigned short const*, int, int, int, int)",1901,40,144626.0,0.0,64512.0,36.0,854967.0,14062805.0,902378.0,4912631097133075.0,4912631097212435.0
1901,1,1280,256,1024,0,24,0,32,64,"batch_decode_kernels::kv_norm_rope(unsigned short*, float const*, unsigned short const*, int, int, int, int, int, int, float const*, int, float)",1902,33,28030.0,0.0,350.0,20.0,83745.0,1340407.0,32502.0,4912631097503797.0,4912631097513877.0
1902,1,32768,256,11264,0,24,0,48,64,"batch_decode_kernels::mfma_head_gemm(float*, float const*, unsigned short const*, int, int, int, int, int, int, unsigned long)",1903,28,32470.0,0.0,57344.0,512.0,396801.0,2366419.0,1101296.0,4912631097706837.0,4912631097719478.0
1903,1,5120,256,0,0,24,0,32,64,"batch_decode_kernels::q_rope(float*, float const*, int, int, int, int, int, int, float const*, int)",1904,29,23919.0,0.0,0.0,80.0,90387.0,1410581.0,87666.0,4912631097908118.0,4912631097915318.0
1904,1,30720,256,0,0,16,0,32,64,"batch_decode_kernels::attention_score(float*, float const*, float const*, unsigned short const*, int, int, int, int, int, int, int, float)",1905,43,27983.0,0.0,23040.0,480.0,248883.0,1964095.0,985041.0,4912631098117079.0,4912631098127319.0
1905,1,20480,256,1024,0,20,4,48,64,"void attention_kernels::softmax_rows_kernel<256>(float*, int, int, int, int)",1906,52,24991.0,0.0,10240.0,320.0,97888.0,1643983.0,208582.0,4912631098319960.0,4912631098328120.0
1906,1,2621440,256,0,0,16,0,32,64,"batch_decode_kernels::latent_context(float*, float const*, unsigned short const*, int, int, int, int, int, int)",1907,26,66073.0,0.0,983040.0,40960.0,1010057.0,5889081.0,4591936.0,4912631098521881.0,4912631098556441.0
1907,1,8192,256,11264,0,24,0,48,64,"batch_decode_kernels::mfma_head_gemm(float*, float const*, unsigned short const*, int, int, int, int, int, int, unsigned long)",1908,28,54481.0,0.0,57344.0,128.0,662775.0,4587703.0,873928.0,4912631098722362.0,4912631098747642.0
1908,1,8192,256,11264,0,24,0,48,64,"batch_decode_kernels::mfma_gemm(float*, float const*, unsigned short const*, int, int, int, int)",1909,40,144668.0,0.0,229376.0,128.0,1972046.0,14039873.0,3205103.0,4912631098922683.0,4912631099002843.0
1909,1,1280,256,1024,0,12,4,32,64,"batch_decode_kernels::rmsnorm(float*, float const*, unsigned short const*, int, int, float)",1910,36,31204.0,0.0,350.0,20.0,69700.0,1548407.0,66624.0,4912631099295324.0,4912631099307324.0
1910,1,256,256,11264,0,24,0,48,64,"batch_decode_kernels::mfma_gemm(float*, float const*, unsigned short const*, int, int, int, int)",1911,40,157633.0,0.0,7168.0,4.0,276741.0,2195469.0,110730.0,4912631099496925.0,4912631099583966.0
1911,1,320,64,0,0,16,0,48,64,"void moe_kernels::router_topk_wave64_kernel<64>(float*, float const*, int*, float*, int, int, int, int, int, float)",1912,57,37727.0,0.0,1840.0,5.0,50779.0,1951576.0,25638.0,4912631099862047.0,4912631099877727.0
1912,1,256,256,1024,0,12,4,64,64,"batch_decode_kernels::align_routes(int const*, int, int, int, int*, int*, int*)",1913,42,41091.0,8.0,414.0,4.0,37948.0,678096.0,4752.0,4912631100070208.0,4912631100087808.0
1913,1,349184,256,19968,0,36,4,48,64,"void batch_decode_kernels::grouped_expert_gate_up<16, 1>(float const*, char const*, unsigned long const*, unsigned long const*, int const*, int const*, float*, unsigned short*, int, int, int, int, int)",1914,25,229980.0,0.0,1486848.0,5456.0,6342208.0,22664476.0,15447709.0,4912631100275649.0,4912631100410369.0
1914,1,11264,256,19968,0,32,0,48,64,"batch_decode_kernels::mfma_gate_up_swiglu(float*, float const*, unsigned short const*, unsigned short const*, int, int, int)",1915,18,157513.0,0.0,495616.0,176.0,2513711.0,15399166.0,4692768.0,4912631100638530.0,4912631100726691.0
1915,1,507904,256,11264,0,24,0,48,64,"void batch_decode_kernels::grouped_expert_down<16, 1>(float const*, unsigned short const*, char const*, unsigned long const*, int const*, int const*, float*, int, int, int, int)",1916,24,138176.0,0.0,946176.0,7936.0,3600314.0,13252853.0,10433810.0,4912631101003812.0,4912631101082372.0
1916,1,1280,256,0,0,12,4,32,64,"batch_decode_kernels::reduce_routes_add(float*, float const*, float const*, int, int, int)",1917,20,60216.0,0.0,0.0,20.0,220014.0,3366652.0,212445.0,4912631101374373.0,4912631101403494.0
1917,1,8192,256,11264,0,24,0,48,64,"batch_decode_kernels::mfma_gemm(float*, float const*, unsigned short const*, int, int, int, int)",1918,40,193284.0,0.0,315392.0,128.0,3101299.0,19058362.0,4446027.0,4912631101574534.0,4912631101683495.0
1918,1,1280,256,1024,0,12,4,32,64,"batch_decode_kernels::rmsnorm(float*, float const*, unsigned short const*, int, int, float)",1919,36,31812.0,0.0,350.0,20.0,72127.0,1585756.0,70228.0,4912631101937256.0,4912631101949416.0
1919,1,12288,256,11264,0,24,0,48,64,"batch_decode_kernels::mfma_gemm(float*, float const*, unsigned short const*, int, int, int, int)",1920,40,141245.0,0.0,344064.0,192.0,2097110.0,13706410.0,4639522.0,4912631102141097.0,4912631102219337.0
1920,1,2304,256,11264,0,24,0,48,64,"batch_decode_kernels::mfma_gemm(float*, float const*, unsigned short const*, int, int, int, int)",1921,40,145537.0,0.0,64512.0,36.0,839222.0,14170211.0,900356.0,4912631102499978.0,4912631102579979.0
1921,1,1280,256,1024,0,24,0,32,64,"batch_decode_kernels::kv_norm_rope(unsigned short*, float const*, unsigned short const*, int, int, int, int, int, int, float const*, int, float)",1922,33,27604.0,0.0,350.0,20.0,85056.0,1296766.0,32355.0,4912631102861420.0,4912631102871020.0
1922,1,32768,256,11264,0,24,0,48,64,"batch_decode_kernels::mfma_head_gemm(float*, float const*, unsigned short const*, int, int, int, int, int, int, unsigned long)",1923,28,31522.0,0.0,57344.0,512.0,382516.0,2266150.0,1035804.0,4912631103065741.0,4912631103077741.0
1923,1,5120,256,0,0,24,0,32,64,"batch_decode_kernels::q_rope(float*, float const*, int, int, int, int, int, int, float const*, int)",1924,29,22875.0,0.0,0.0,80.0,91099.0,1369501.0,90289.0,4912631103263022.0,4912631103270062.0
1924,1,30720,256,0,0,16,0,32,64,"batch_decode_kernels::attention_score(float*, float const*, float const*, unsigned short const*, int, int, int, int, int, int, int, float)",1925,43,27738.0,0.0,23040.0,480.0,237787.0,1928540.0,925920.0,4912631103459663.0,4912631103469743.0
1925,1,20480,256,1024,0,20,4,48,64,"void attention_kernels::softmax_rows_kernel<256>(float*, int, int, int, int)",1926,52,24840.0,0.0,10240.0,320.0,98267.0,1624483.0,204035.0,4912631103655983.0,4912631103663983.0
1926,1,2621440,256,0,0,16,0,32,64,"batch_decode_kernels::latent_context(float*, float const*, unsigned short const*, int, int, int, int, int, int)",1927,26,66293.0,0.0,983040.0,40960.0,1009810.0,5880891.0,4493863.0,4912631103850704.0,4912631103885264.0
1927,1,8192,256,11264,0,24,0,48,64,"batch_decode_kernels::mfma_head_gemm(float*, float const*, unsigned short const*, int, int, int, int, int, int, unsigned long)",1928,28,53358.0,0.0,57344.0,128.0,789147.0,4523223.0,838631.0,4912631104052145.0,4912631104077265.0
1928,1,8192,256,11264,0,24,0,48,64,"batch_decode_kernels::mfma_gemm(float*, float const*, unsigned short const*, int, int, int, int)",1929,40,144943.0,0.0,229376.0,128.0,1950031.0,14043318.0,3215139.0,4912631104247346.0,4912631104327506.0
1929,1,1280,256,1024,0,12,4,32,64,"batch_decode_kernels::rmsnorm(float*, float const*, unsigned short const*, int, int, float)",1930,36,32469.0,0.0,350.0,20.0,75080.0,1627967.0,72488.0,4912631104609748.0,4912631104622388.0
1930,1,256,256,11264,0,24,0,48,64,"batch_decode_kernels::mfma_gemm(float*, float const*, unsigned short const*, int, int, int, int)",1931,40,156726.0,0.0,7168.0,4.0,276188.0,2185732.0,109734.0,4912631104805908.0,4912631104892469.0
1931,1,320,64,0,0,16,0,48,64,"void moe_kernels::router_topk_wave64_kernel<64>(float*, float const*, int*, float*, int, int, int, int, int, float)",1932,57,38729.0,0.0,1840.0,5.0,51799.0,2020580.0,25901.0,4912631105169750.0,4912631105185910.0
1932,1,256,256,1024,0,12,4,64,64,"batch_decode_kernels::align_routes(int const*, int, int, int, int*, int*, int*)",1933,42,39161.0,8.0,414.0,4.0,37342.0,652902.0,4697.0,4912631105365431.0,4912631105381911.0
1933,1,349184,256,19968,0,36,4,48,64,"void batch_decode_kernels::grouped_expert_gate_up<16, 1>(float const*, char const*, unsigned long const*, unsigned long const*, int const*, int const*, float*, unsigned short*, int, int, int, int, int)",1934,25,231250.0,0.0,1486848.0,5456.0,6419672.0,22880042.0,15500159.0,4912631105560632.0,4912631105696152.0
1934,1,11264,256,19968,0,32,0,48,64,"batch_decode_kernels::mfma_gate_up_swiglu(float*, float const*, unsigned short const*, unsigned short const*, int, int, int)",1935,18,156750.0,0.0,495616.0,176.0,2525288.0,15320191.0,4602312.0,4912631105915353.0,4912631106003194.0
1935,1,507904,256,11264,0,24,0,48,64,"void batch_decode_kernels::grouped_expert_down<16, 1>(float const*, unsigned short const*, char const*, unsigned long const*, int const*, int const*, float*, int, int, int, int)",1936,24,140692.0,0.0,946176.0,7936.0,3683296.0,13539178.0,10762356.0,4912631106275515.0,4912631106355515.0
1936,1,1280,256,0,0,12,4,32,64,"batch_decode_kernels::reduce_routes_add(float*, float const*, float const*, int, int, int)",1937,20,62432.0,0.0,0.0,20.0,231170.0,3537433.0,225862.0,4912631106630876.0,4912631106661117.0
1937,1,8192,256,11264,0,24,0,48,64,"batch_decode_kernels::mfma_gemm(float*, float const*, unsigned short const*, int, int, int, int)",1938,40,192886.0,0.0,315392.0,128.0,3099202.0,19031379.0,4440670.0,4912631106823357.0,4912631106931998.0
1938,1,1280,256,1024,0,12,4,32,64,"batch_decode_kernels::rmsnorm(float*, float const*, unsigned short const*, int, int, float)",1939,36,31892.0,0.0,350.0,20.0,70911.0,1586315.0,67595.0,4912631107182239.0,4912631107194399.0
1939,1,12288,256,11264,0,24,0,48,64,"batch_decode_kernels::mfma_gemm(float*, float const*, unsigned short const*, int, int, int, int)",1940,40,141044.0,0.0,344064.0,192.0,2113767.0,13691915.0,4652021.0,4912631107374080.0,4912631107452160.0
1940,1,2304,256,11264,0,24,0,48,64,"batch_decode_kernels::mfma_gemm(float*, float const*, unsigned short const*, int, int, int, int)",1941,40,143675.0,0.0,64512.0,36.0,850196.0,13970830.0,890580.0,4912631107726721.0,4912631107805602.0
1941,1,1280,256,1024,0,24,0,32,64,"batch_decode_kernels::kv_norm_rope(unsigned short*, float const*, unsigned short const*, int, int, int, int, int, int, float const*, int, float)",1942,33,28593.0,0.0,350.0,20.0,87920.0,1347492.0,36298.0,4912631108084323.0,4912631108094563.0
1942,1,32768,256,11264,0,24,0,48,64,"batch_decode_kernels::mfma_head_gemm(float*, float const*, unsigned short const*, int, int, int, int, int, int, unsigned long)",1943,28,33892.0,0.0,57344.0,512.0,424235.0,2471771.0,1146416.0,4912631108275044.0,4912631108288324.0
1943,1,5120,256,0,0,24,0,32,64,"batch_decode_kernels::q_rope(float*, float const*, int, int, int, int, int, int, float const*, int)",1944,29,23282.0,0.0,0.0,80.0,89906.0,1401780.0,95261.0,4912631108467684.0,4912631108474884.0
1944,1,30720,256,0,0,16,0,32,64,"batch_decode_kernels::attention_score(float*, float const*, float const*, unsigned short const*, int, int, int, int, int, int, int, float)",1945,43,27488.0,0.0,23040.0,480.0,241346.0,1895728.0,956635.0,4912631108659525.0,4912631108669285.0
1945,1,20480,256,1024,0,20,4,48,64,"void attention_kernels::softmax_rows_kernel<256>(float*, int, int, int, int)",1946,52,24846.0,0.0,10240.0,320.0,98317.0,1642163.0,215498.0,4912631108850886.0,4912631108859046.0
1946,1,2621440,256,0,0,16,0,32,64,"batch_decode_kernels::latent_context(float*, float const*, unsigned short const*, int, int, int, int, int, int)",1947,26,65674.0,0.0,983040.0,40960.0,1020796.0,5880072.0,4508347.0,4912631109045607.0,4912631109080167.0
1947,1,8192,256,11264,0,24,0,48,64,"batch_decode_kernels::mfma_head_gemm(float*, float const*, unsigned short const*, int, int, int, int, int, int, unsigned long)",1948,28,54775.0,0.0,57344.0,128.0,752738.0,4700595.0,859600.0,4912631109235528.0,4912631109261448.0
1948,1,8192,256,11264,0,24,0,48,64,"batch_decode_kernels::mfma_gemm(float*, float const*, unsigned short const*, int, int, int, int)",1949,40,144798.0,0.0,229376.0,128.0,1955101.0,13999989.0,3200209.0,4912631109425609.0,4912631109505609.0
1949,1,1280,256,1024,0,12,4,32,64,"batch_decode_kernels::rmsnorm(float*, float const*, unsigned short const*, int, int, float)",1950,36,32710.0,0.0,350.0,20.0,77210.0,1642280.0,73882.0,4912631109771370.0,4912631109784170.0
1950,1,256,256,11264,0,24,0,48,64,"batch_decode_kernels::mfma_gemm(float*, float const*, unsigned short const*, int, int, int, int)",1951,40,157485.0,0.0,7168.0,4.0,274949.0,2193350.0,110530.0,4912631109961451.0,4912631110048491.0
1951,1,320,64,0,0,16,0,48,64,"void moe_kernels::router_topk_wave64_kernel<64>(float*, float const*, int*, float*, int, int, int, int, int, float)",1952,57,38116.0,0.0,1840.0,5.0,50018.0,1995503.0,27025.0,4912631110312653.0,4912631110328653.0
1952,1,256,256,1024,0,12,4,64,64,"batch_decode_kernels::align_routes(int const*, int, int, int, int*, int*, int*)",1953,42,40384.0,18.0,424.0,4.0,38118.0,669100.0,4607.0,4912631110501933.0,4912631110519213.0
1953,1,349184,256,19968,0,36,4,48,64,"void batch_decode_kernels::grouped_expert_gate_up<16, 1>(float const*, char const*, unsigned long const*, unsigned long const*, int const*, int const*, float*, unsigned short*, int, int, int, int, int)",1954,25,232944.0,0.0,1486848.0,5456.0,6445498.0,22971926.0,15443346.0,4912631110689614.0,4912631110826095.0
1954,1,11264,256,19968,0,32,0,48,64,"batch_decode_kernels::mfma_gate_up_swiglu(float*, float const*, unsigned short const*, unsigned short const*, int, int, int)",1955,18,159318.0,0.0,495616.0,176.0,2572909.0,15597741.0,4701075.0,4912631111038256.0,4912631111127536.0
1955,1,507904,256,11264,0,24,0,48,64,"void batch_decode_kernels::grouped_expert_down<16, 1>(float const*, unsigned short const*, char const*, unsigned long const*, int const*, int const*, float*, int, int, int, int)",1956,24,142497.0,0.0,946176.0,7936.0,3704689.0,13620038.0,10849262.0,4912631111382257.0,4912631111463058.0
1956,1,1280,256,0,0,12,4,32,64,"batch_decode_kernels::reduce_routes_add(float*, float const*, float const*, int, int, int)",1957,20,62294.0,0.0,0.0,20.0,222865.0,3476242.0,220938.0,4912631111725139.0,4912631111755539.0
1957,1,8192,256,11264,0,24,0,48,64,"batch_decode_kernels::mfma_gemm(float*, float const*, unsigned short const*, int, int, int, int)",1958,40,192494.0,0.0,315392.0,128.0,3135050.0,19031652.0,4476468.0,4912631111914260.0,4912631112023060.0
1958,1,1280,256,1024,0,12,4,32,64,"batch_decode_kernels::rmsnorm(float*, float const*, unsigned short const*, int, int, float)",1959,36,31952.0,0.0,350.0,20.0,74103.0,1596559.0,70319.0,4912631112259541.0,4912631112271861.0
1959,1,12288,256,11264,0,24,0,48,64,"batch_decode_kernels::mfma_gemm(float*, float const*, unsigned short const*, int, int, int, int)",1960,40,144236.0,0.0,344064.0,192.0,2121887.0,14051560.0,4815223.0,4912631112448662.0,4912631112528822.0
1960,1,2304,256,11264,0,24,0,48,64,"batch_decode_kernels::mfma_gemm(float*, float const*, unsigned short const*, int, int, int, int)",1961,40,144669.0,0.0,64512.0,36.0,877107.0,14079549.0,891926.0,4912631112788983.0,4912631112868344.0
1961,1,1280,256,1024,0,24,0,32,64,"batch_decode_kernels::kv_norm_rope(unsigned short*, float const*, unsigned short const*, int, int, int, int, int, int, float const*, int, float)",1962,33,27994.0,0.0,350.0,20.0,89139.0,1330189.0,34930.0,4912631113135225.0,4912631113145305.0
1962,1,32768,256,11264,0,24,0,48,64,"batch_decode_kernels::mfma_head_gemm(float*, float const*, unsigned short const*, int, int, int, int, int, int, unsigned long)",1963,28,33277.0,0.0,57344.0,512.0,423399.0,2498356.0,1156753.0,4912631113321466.0,4912631113334746.0
1963,1,5120,256,0,0,24,0,32,64,"batch_decode_kernels::q_rope(float*, float const*, int, int, int, int, int, int, float const*, int)",1964,29,23039.0,0.0,0.0,80.0,90104.0,1429392.0,86695.0,4912631113509146.0,4912631113516347.0
1964,1,30720,256,0,0,16,0,32,64,"batch_decode_kernels::attention_score(float*, float const*, float const*, unsigned short const*, int, int, int, int, int, int, int, float)",1965,43,27951.0,0.0,23040.0,480.0,248896.0,1908286.0,965860.0,4912631113695387.0,4912631113705467.0
1965,1,20480,256,1024,0,20,4,48,64,"void attention_kernels::softmax_rows_kernel<256>(float*, int, int, int, int)",1966,52,24763.0,0.0,10240.0,320.0,96895.0,1602877.0,197186.0,4912631113881308.0,4912631113889308.0
1966,1,2621440,256,0,0,16,0,32,64,"batch_decode_kernels::latent_context(float*, float const*, unsigned short const*, int, int, int, int, int, int)",1967,26,67178.0,0.0,983040.0,40960.0,1018138.0,5975310.0,4608081.0,4912631114076509.0,4912631114111709.0
1967,1,8192,256,11264,0,24,0,48,64,"batch_decode_kernels::mfma_head_gemm(float*, float const*, unsigned short const*, int, int, int, int, int, int, unsigned long)",1968,28,53446.0,0.0,57344.0,128.0,640441.0,4598142.0,856092.0,4912631114416510.0,4912631114441631.0
1968,1,8192,256,11264,0,24,0,48,64,"batch_decode_kernels::mfma_gemm(float*, float const*, unsigned short const*, int, int, int, int)",1969,40,143972.0,0.0,229376.0,128.0,1982871.0,13935938.0,3204250.0,4912631114600351.0,4912631114679872.0
1969,1,1280,256,1024,0,12,4,32,64,"batch_decode_kernels::rmsnorm(float*, float const*, unsigned short const*, int, int, float)",1970,36,31079.0,0.0,350.0,20.0,72292.0,1537422.0,66513.0,4912631114936033.0,4912631114947873.0
1970,1,256,256,11264,0,24,0,48,64,"batch_decode_kernels::mfma_gemm(float*, float const*, unsigned short const*, int, int, int, int)",1971,40,153462.0,0.0,7168.0,4.0,275145.0,2136813.0,108938.0,4912631115125794.0,4912631115210274.0
1971,1,320,64,0,0,16,0,48,64,"void moe_kernels::router_topk_wave64_kernel<64>(float*, float const*, int*, float*, int, int, int, int, int, float)",1972,57,37675.0,0.0,1840.0,5.0,50145.0,1968489.0,26202.0,4912631115466275.0,4912631115482115.0
1972,1,256,256,1024,0,12,4,64,64,"batch_decode_kernels::align_routes(int const*, int, int, int, int*, int*, int*)",1973,42,40479.0,8.0,414.0,4.0,37353.0,671648.0,4895.0,4912631115649476.0,4912631115666756.0
1973,1,349184,256,19968,0,36,4,48,64,"void batch_decode_kernels::grouped_expert_gate_up<16, 1>(float const*, char const*, unsigned long const*, unsigned long const*, int const*, int const*, float*, unsigned short*, int, int, int, int, int)",1974,25,235381.0,0.0,1486848.0,5456.0,6466969.0,23014241.0,15503449.0,4912631115833477.0,4912631115971397.0
1974,1,11264,256,19968,0,32,0,48,64,"batch_decode_kernels::mfma_gate_up_swiglu(float*, float const*, unsigned short const*, unsigned short const*, int, int, int)",1975,18,157871.0,0.0,495616.0,176.0,2639949.0,15435852.0,4608639.0,4912631116176038.0,4912631116264519.0
1975,1,507904,256,11264,0,24,0,48,64,"void batch_decode_kernels::grouped_expert_down<16, 1>(float const*, unsigned short const*, char const*, unsigned long const*, int const*, int const*, float*, int, int, int, int)",1976,24,140280.0,0.0,946176.0,7936.0,3682140.0,13483174.0,10611137.0,4912631116509960.0,4912631116589800.0
1976,1,1280,256,0,0,12,4,32,64,"batch_decode_kernels::reduce_routes_add(float*, float const*, float const*, int, int, int)",1977,20,62944.0,0.0,0.0,20.0,219432.0,3563680.0,226923.0,4912631116841961.0,4912631116872841.0
1977,1,8192,256,11264,0,24,0,48,64,"batch_decode_kernels::mfma_gemm(float*, float const*, unsigned short const*, int, int, int, int)",1978,40,192953.0,0.0,315392.0,128.0,3102733.0,19048019.0,4476269.0,4912631117178443.0,4912631117287723.0
1978,1,1280,256,1024,0,12,4,32,64,"batch_decode_kernels::rmsnorm(float*, float const*, unsigned short const*, int, int, float)",1979,36,31932.0,0.0,350.0,20.0,68023.0,1584742.0,69221.0,4912631117512524.0,4912631117524684.0
1979,1,12288,256,11264,0,24,0,48,64,"batch_decode_kernels::mfma_gemm(float*, float const*, unsigned short const*, int, int, int, int)",1980,40,141371.0,0.0,344064.0,192.0,2100179.0,13704122.0,4639823.0,4912631117695085.0,4912631117773165.0
1980,1,2304,256,11264,0,24,0,48,64,"batch_decode_kernels::mfma_gemm(float*, float const*, unsigned short const*, int, int, int, int)",1981,40,142953.0,0.0,64512.0,36.0,853816.0,13911017.0,877863.0,4912631118030606.0,4912631118109167.0
1981,1,1280,256,1024,0,24,0,32,64,"batch_decode_kernels::kv_norm_rope(unsigned short*, float const*, unsigned short const*, int, int, int, int, int, int, float const*, int, float)",1982,33,28056.0,0.0,350.0,20.0,87154.0,1338743.0,31650.0,4912631118359568.0,4912631118369648.0
1982,1,32768,256,11264,0,24,0,48,64,"batch_decode_kernels::mfma_head_gemm(float*, float const*, unsigned short const*, int, int, int, int, int, int, unsigned long)",1983,28,33098.0,0.0,57344.0,512.0,407732.0,2425088.0,1119113.0,4912631118540048.0,4912631118553489.0
1983,1,5120,256,0,0,24,0,32,64,"batch_decode_kernels::q_rope(float*, float const*, int, int, int, int, int, int, float const*, int)",1984,29,24097.0,0.0,0.0,80.0,91109.0,1417549.0,86448.0,4912631118721969.0,4912631118729329.0
1984,1,30720,256,0,0,16,0,32,64,"batch_decode_kernels::attention_score(float*, float const*, float const*, unsigned short const*, int, int, int, int, int, int, int, float)",1985,43,27335.0,0.0,23040.0,480.0,224375.0,1845093.0,887981.0,4912631118903250.0,4912631118912850.0
1985,1,20480,256,1024,0,20,4,48,64,"void attention_kernels::softmax_rows_kernel<256>(float*, int, int, int, int)",1986,52,24412.0,0.0,10240.0,320.0,99791.0,1579945.0,214000.0,4912631119089011.0,4912631119096691.0
1986,1,2621440,256,0,0,16,0,32,64,"batch_decode_kernels::latent_context(float*, float const*, unsigned short const*, int, int, int, int, int, int)",1987,26,66213.0,0.0,983040.0,40960.0,1004911.0,5926235.0,4499729.0,4912631119272372.0,4912631119307252.0
1987,1,8192,256,11264,0,24,0,48,64,"batch_decode_kernels::mfma_head_gemm(float*, float const*, unsigned short const*, int, int, int, int, int, int, unsigned long)",1988,28,54943.0,0.0,57344.0,128.0,775887.0,4685034.0,882393.0,4912631119599893.0,4912631119625973.0
1988,1,8192,256,11264,0,24,0,48,64,"batch_decode_kernels::mfma_gemm(float*, float const*, unsigned short const*, int, int, int, int)",1989,40,142785.0,0.0,229376.0,128.0,1976669.0,13845601.0,3134752.0,4912631119929175.0,4912631120008055.0
1989,1,1280,256,1024,0,12,4,32,64,"batch_decode_kernels::rmsnorm(float*, float const*, unsigned short const*, int, int, float)",1990,36,33989.0,0.0,350.0,20.0,77389.0,1724479.0,80754.0,4912631120259416.0,4912631120272856.0
1990,1,256,256,11264,0,24,0,48,64,"batch_decode_kernels::mfma_gemm(float*, float const*, unsigned short const*, int, int, int, int)",1991,40,156815.0,0.0,7168.0,4.0,282769.0,2182040.0,109583.0,4912631120439417.0,4912631120525817.0
1991,1,320,64,0,0,16,0,48,64,"void moe_kernels::router_topk_wave64_kernel<64>(float*, float const*, int*, float*, int, int, int, int, int, float)",1992,57,38843.0,0.0,1840.0,5.0,51417.0,2037246.0,25877.0,4912631120765818.0,4912631120782298.0
1992,1,256,256,1024,0,12,4,64,64,"batch_decode_kernels::align_routes(int const*, int, int, int, int*, int*, int*)",1993,42,39331.0,8.0,414.0,4.0,37140.0,656360.0,4839.0,4912631120944219.0,4912631120960859.0
1993,1,349184,256,19968,0,36,4,48,64,"void batch_decode_kernels::grouped_expert_gate_up<16, 1>(float const*, char const*, unsigned long const*, unsigned long const*, int const*, int const*, float*, unsigned short*, int, int, int, int, int)",1994,25,229714.0,0.0,1486848.0,5456.0,6318816.0,22642038.0,15443245.0,4912631121129660.0,4912631121264220.0
1994,1,11264,256,19968,0,32,0,48,64,"batch_decode_kernels::mfma_gate_up_swiglu(float*, float const*, unsigned short const*, unsigned short const*, int, int, int)",1995,18,159144.0,0.0,495616.0,176.0,2651005.0,15588095.0,4647825.0,4912631121457821.0,4912631121546942.0
1995,1,507904,256,11264,0,24,0,48,64,"void batch_decode_kernels::grouped_expert_down<16, 1>(float const*, unsigned short const*, char const*, unsigned long const*, int const*, int const*, float*, int, int, int, int)",1996,24,139360.0,0.0,946176.0,7936.0,3586351.0,13343086.0,10643241.0,4912631121781343.0,4912631121860223.0
1996,1,1280,256,0,0,12,4,32,64,"batch_decode_kernels::reduce_routes_add(float*, float const*, float const*, int, int, int)",1997,20,62098.0,0.0,0.0,20.0,225752.0,3527384.0,226240.0,4912631122110624.0,4912631122141024.0
1997,1,8192,256,11264,0,24,0,48,64,"batch_decode_kernels::mfma_gemm(float*, float const*, unsigned short const*, int, int, int, int)",1998,40,191823.0,0.0,315392.0,128.0,3180600.0,18915380.0,4424639.0,4912631122432225.0,4912631122540226.0
1998,1,1280,256,1024,0,12,4,32,64,"batch_decode_kernels::rmsnorm(float*, float const*, unsigned short const*, int, int, float)",1999,36,32584.0,0.0,350.0,20.0,73224.0,1642800.0,73997.0,4912631122754467.0,4912631122767107.0
1999,1,12288,256,11264,0,24,0,48,64,"batch_decode_kernels::mfma_gemm(float*, float const*, unsigned short const*, int, int, int, int)",2000,40,142344.0,0.0,344064.0,192.0,2078251.0,13831561.0,4746811.0,4912631122932068.0,4912631123010948.0
2000,1,2304,256,11264,0,24,0,48,64,"batch_decode_kernels::mfma_gemm(float*, float const*, unsigned short const*, int, int, int, int)",2001,40,143786.0,0.0,64512.0,36.0,861486.0,13969010.0,887054.0,4912631123257669.0,4912631123336389.0
2001,1,1280,256,1024,0,24,0,32,64,"batch_decode_kernels::kv_norm_rope(unsigned short*, float const*, unsigned short const*, int, int, int, int, int, int, float const*, int, float)",2002,33,28379.0,0.0,350.0,20.0,84774.0,1363456.0,32584.0,4912631123579110.0,4912631123589351.0
2002,1,32768,256,11264,0,24,0,48,64,"batch_decode_kernels::mfma_head_gemm(float*, float const*, unsigned short const*, int, int, int, int, int, int, unsigned long)",2003,28,33579.0,0.0,57344.0,512.0,414924.0,2446863.0,1134767.0,4912631123756711.0,4912631123769671.0
2003,1,5120,256,0,0,24,0,32,64,"batch_decode_kernels::q_rope(float*, float const*, int, int, int, int, int, int, float const*, int)",2004,29,24364.0,0.0,0.0,80.0,93298.0,1436659.0,85817.0,4912631123933192.0,4912631123940552.0
2004,1,30720,256,0,0,16,0,32,64,"batch_decode_kernels::attention_score(float*, float const*, float const*, unsigned short const*, int, int, int, int, int, int, int, float)",2005,43,28741.0,0.0,23040.0,480.0,247234.0,1934026.0,989496.0,4912631124122313.0,4912631124132393.0
2005,1,20480,256,1024,0,20,4,48,64,"void attention_kernels::softmax_rows_kernel<256>(float*, int, int, int, int)",2006,52,24852.0,0.0,10240.0,320.0,100898.0,1615409.0,213050.0,4912631124374154.0,4912631124382314.0
2006,1,2621440,256,0,0,16,0,32,64,"batch_decode_kernels::latent_context(float*, float const*, unsigned short const*, int, int, int, int, int, int)",2007,26,66284.0,0.0,983040.0,40960.0,999346.0,5924662.0,4494875.0,4912631124551915.0,4912631124586635.0
2007,1,8192,256,11264,0,24,0,48,64,"batch_decode_kernels::mfma_head_gemm(float*, float const*, unsigned short const*, int, int, int, int, int, int, unsigned long)",2008,28,54926.0,0.0,57344.0,128.0,702258.0,4702220.0,886804.0,4912631124868556.0,4912631124894636.0
2008,1,8192,256,11264,0,24,0,48,64,"batch_decode_kernels::mfma_gemm(float*, float const*, unsigned short const*, int, int, int, int)",2009,40,143169.0,0.0,229376.0,128.0,1997573.0,13855832.0,3133767.0,4912631125050957.0,4912631125129997.0
2009,1,1280,256,1024,0,12,4,32,64,"batch_decode_kernels::rmsnorm(float*, float const*, unsigned short const*, int, int, float)",2010,36,31470.0,0.0,350.0,20.0,71862.0,1563682.0,67238.0,4912631125367278.0,4912631125379278.0
2010,1,256,256,11264,0,24,0,48,64,"batch_decode_kernels::mfma_gemm(float*, float const*, unsigned short const*, int, int, int, int)",2011,40,152890.0,0.0,7168.0,4.0,271971.0,2130573.0,107960.0,4912631125543119.0,4912631125627279.0
2011,1,320,64,0,0,16,0,48,64,"void moe_kernels::router_topk_wave64_kernel<64>(float*, float const*, int*, float*, int, int, int, int, int, float)",2012,57,38813.0,0.0,1840.0,5.0,52644.0,2038988.0,25890.0,4912631125856240.0,4912631125872560.0
2012,1,256,256,1024,0,12,4,64,64,"batch_decode_kernels::align_routes(int const*, int, int, int, int*, int*, int*)",2013,42,40247.0,8.0,414.0,4.0,38724.0,668294.0,4675.0,4912631126036081.0,4912631126053201.0
2013,1,349184,256,19968,0,36,4,48,64,"void batch_decode_kernels::grouped_expert_gate_up<16, 1>(float const*, char const*, unsigned long const*, unsigned long const*, int const*, int const*, float*, unsigned short*, int, int, int, int, int)",2014,25,233890.0,0.0,1486848.0,5456.0,6431802.0,22973083.0,15521018.0,4912631126211122.0,4912631126348243.0
2014,1,11264,256,19968,0,32,0,48,64,"batch_decode_kernels::mfma_gate_up_swiglu(float*, float const*, unsigned short const*, unsigned short const*, int, int, int)",2015,18,159321.0,0.0,495616.0,176.0,2567082.0,15582232.0,4733906.0,4912631126524243.0,4912631126613524.0
2015,1,507904,256,11264,0,24,0,48,64,"void batch_decode_kernels::grouped_expert_down<16, 1>(float const*, unsigned short const*, char const*, unsigned long const*, int const*, int const*, float*, int, int, int, int)",2016,24,141173.0,0.0,946176.0,7936.0,3688592.0,13532899.0,10819803.0,4912631126836565.0,4912631126917045.0
2016,1,1280,256,0,0,12,4,32,64,"batch_decode_kernels::reduce_routes_add(float*, float const*, float const*, int, int, int)",2017,20,62204.0,0.0,0.0,20.0,230891.0,3542776.0,224878.0,4912631127158166.0,4912631127188566.0
2017,1,8192,256,11264,0,24,0,48,64,"batch_decode_kernels::mfma_gemm(float*, float const*, unsigned short const*, int, int, int, int)",2018,40,192481.0,0.0,315392.0,128.0,3061349.0,19015064.0,4447881.0,4912631127470007.0,4912631127578648.0
2018,1,1280,256,1024,0,12,4,32,64,"batch_decode_kernels::rmsnorm(float*, float const*, unsigned short const*, int, int, float)",2019,36,33624.0,0.0,350.0,20.0,76708.0,1704602.0,78745.0,4912631127779609.0,4912631127793049.0
2019,1,12288,256,11264,0,24,0,48,64,"batch_decode_kernels::mfma_gemm(float*, float const*, unsigned short const*, int, int, int, int)",2020,40,143575.0,0.0,344064.0,192.0,2081075.0,13828103.0,4727275.0,4912631127953690.0,4912631128033050.0
2020,1,2304,256,11264,0,24,0,48,64,"batch_decode_kernels::mfma_gemm(float*, float const*, unsigned short const*, int, int, int, int)",2021,40,145407.0,0.0,64512.0,36.0,852276.0,14138075.0,911782.0,4912631128269051.0,4912631128348731.0
2021,1,1280,256,1024,0,24,0,32,64,"batch_decode_kernels::kv_norm_rope(unsigned short*, float const*, unsigned short const*, int, int, int, int, int, int, float const*, int, float)",2022,33,29121.0,0.0,350.0,20.0,87512.0,1401039.0,32661.0,4912631128579612.0,4912631128590172.0
2022,1,32768,256,11264,0,24,0,48,64,"batch_decode_kernels::mfma_head_gemm(float*, float const*, unsigned short const*, int, int, int, int, int, int, unsigned long)",2023,28,31609.0,0.0,57344.0,512.0,388824.0,2325092.0,1071655.0,4912631128750493.0,4912631128762653.0
2023,1,5120,256,0,0,24,0,32,64,"batch_decode_kernels::q_rope(float*, float const*, int, int, int, int, int, int, float const*, int)",2024,29,23720.0,0.0,0.0,80.0,92631.0,1491987.0,85907.0,4912631128923774.0,4912631128931134.0
2024,1,30720,256,0,0,16,0,32,64,"batch_decode_kernels::attention_score(float*, float const*, float const*, unsigned short const*, int, int, int, int, int, int, int, float)",2025,43,28403.0,0.0,23040.0,480.0,253668.0,1964238.0,969521.0,4912631129097375.0,4912631129107455.0
2025,1,20480,256,1024,0,20,4,48,64,"void attention_kernels::softmax_rows_kernel<256>(float*, int, int, int, int)",2026,52,24148.0,0.0,10240.0,320.0,103065.0,1532911.0,219883.0,4912631129266495.0,4912631129274015.0
2026,1,2621440,256,0,0,16,0,32,64,"batch_decode_kernels::latent_context(float*, float const*, unsigned short const*, int, int, int, int, int, int)",2027,26,66173.0,0.0,983040.0,40960.0,1003228.0,5893280.0,4498722.0,4912631129439296.0,4912631129473856.0
2027,1,8192,256,11264,0,24,0,48,64,"batch_decode_kernels::mfma_head_gemm(float*, float const*, unsigned short const*, int, int, int, int, int, int, unsigned long)",2028,28,53554.0,0.0,57344.0,128.0,692476.0,4577615.0,859286.0,4912631129743617.0,4912631129768898.0
2028,1,8192,256,11264,0,24,0,48,64,"batch_decode_kernels::mfma_gemm(float*, float const*, unsigned short const*, int, int, int, int)",2029,40,145174.0,0.0,229376.0,128.0,1946024.0,14090313.0,3260429.0,4912631130057859.0,4912631130138019.0
2029,1,1280,256,1024,0,12,4,32,64,"batch_decode_kernels::rmsnorm(float*, float const*, unsigned short const*, int, int, float)",2030,36,32077.0,0.0,350.0,20.0,69941.0,1558274.0,67373.0,4912631130365060.0,4912631130377060.0
2030,1,256,256,11264,0,24,0,48,64,"batch_decode_kernels::mfma_gemm(float*, float const*, unsigned short const*, int, int, int, int)",2031,40,155452.0,0.0,7168.0,4.0,267782.0,2164776.0,108843.0,4912631130530821.0,4912631130616421.0
2031,1,320,64,0,0,16,0,48,64,"void moe_kernels::router_topk_wave64_kernel<64>(float*, float const*, int*, float*, int, int, int, int, int, float)",2032,57,38461.0,0.0,1840.0,5.0,51985.0,2019774.0,26315.0,4912631130836262.0,4912631130852422.0
2032,1,256,256,1024,0,12,4,64,64,"batch_decode_kernels::align_routes(int const*, int, int, int, int*, int*, int*)",2033,42,39461.0,8.0,414.0,4.0,36785.0,661664.0,4880.0,4912631131005863.0,4912631131022823.0
2033,1,349184,256,19968,0,36,4,48,64,"void batch_decode_kernels::grouped_expert_gate_up<16, 1>(float const*, char const*, unsigned long const*, unsigned long const*, int const*, int const*, float*, unsigned short*, int, int, int, int, int)",2034,25,232218.0,0.0,1486848.0,5456.0,6395139.0,22788522.0,15451422.0,4912631131179784.0,4912631131315624.0
2034,1,11264,256,19968,0,32,0,48,64,"batch_decode_kernels::mfma_gate_up_swiglu(float*, float const*, unsigned short const*, unsigned short const*, int, int, int)",2035,18,156508.0,0.0,495616.0,176.0,2517816.0,15295907.0,4578677.0,4912631131482505.0,4912631131570185.0
2035,1,507904,256,11264,0,24,0,48,64,"void batch_decode_kernels::grouped_expert_down<16, 1>(float const*, unsigned short const*, char const*, unsigned long const*, int const*, int const*, float*, int, int, int, int)",2036,24,141316.0,0.0,946176.0,7936.0,3708265.0,13496850.0,10736069.0,4912631131784746.0,4912631131865387.0
2036,1,1280,256,0,0,12,4,32,64,"batch_decode_kernels::reduce_routes_add(float*, float const*, float const*, int, int, int)",2037,20,63458.0,0.0,0.0,20.0,226235.0,3578825.0,229019.0,4912631132093868.0,4912631132124908.0
2037,1,8192,256,11264,0,24,0,48,64,"batch_decode_kernels::mfma_gemm(float*, float const*, unsigned short const*, int, int, int, int)",2038,40,193030.0,0.0,315392.0,128.0,3084150.0,19063008.0,4446978.0,4912631132397869.0,4912631132506669.0
2038,1,1280,256,1024,0,12,4,32,64,"batch_decode_kernels::rmsnorm(float*, float const*, unsigned short const*, int, int, float)",2039,36,34436.0,0.0,350.0,20.0,74018.0,1706071.0,78667.0,4912631132701550.0,4912631132714830.0
2039,1,12288,256,11264,0,24,0,48,64,"batch_decode_kernels::mfma_gemm(float*, float const*, unsigned short const*, int, int, int, int)",2040,40,143746.0,0.0,344064.0,192.0,2112272.0,13983128.0,4732810.0,4912631132866671.0,4912631132946351.0
2040,1,2304,256,11264,0,24,0,48,64,"batch_decode_kernels::mfma_gemm(float*, float const*, unsigned short const*, int, int, int, int)",2041,40,145680.0,0.0,64512.0,36.0,849609.0,14183757.0,898306.0,4912631133176912.0,4912631133256913.0
2041,1,1280,256,1024,0,24,0,32,64,"batch_decode_kernels::kv_norm_rope(unsigned short*, float const*, unsigned short const*, int, int, int, int, int, int, float const*, int, float)",2042,33,29242.0,0.0,350.0,20.0,88394.0,1388585.0,33529.0,4912631133475154.0,4912631133485554.0
2042,1,32768,256,11264,0,24,0,48,64,"batch_decode_kernels::mfma_head_gemm(float*, float const*, unsigned short const*, int, int, int, int, int, int, unsigned long)",2043,28,34015.0,0.0,57344.0,512.0,422123.0,2562316.0,1158217.0,4912631133642034.0,4912631133655634.0
2043,1,5120,256,0,0,24,0,32,64,"batch_decode_kernels::q_rope(float*, float const*, int, int, int, int, int, int, float const*, int)",2044,29,24474.0,0.0,0.0,80.0,91720.0,1449339.0,89181.0,4912631133938356.0,4912631133945716.0
2044,1,30720,256,0,0,16,0,32,64,"batch_decode_kernels::attention_score(float*, float const*, float const*, unsigned short const*, int, int, int, int, int, int, int, float)",2045,43,27699.0,0.0,23040.0,480.0,246427.0,1928033.0,985121.0,4912631134110676.0,4912631134120597.0
2045,1,20480,256,1024,0,20,4,48,64,"void attention_kernels::softmax_rows_kernel<256>(float*, int, int, int, int)",2046,52,24723.0,0.0,10240.0,320.0,96528.0,1602136.0,208305.0,4912631134276597.0,4912631134284597.0
2046,1,2621440,256,0,0,16,0,32,64,"batch_decode_kernels::latent_context(float*, float const*, unsigned short const*, int, int, int, int, int, int)",2047,26,66527.0,0.0,983040.0,40960.0,987544.0,5958761.0,4604594.0,4912631134437878.0,4912631134472918.0
2047,1,8192,256,11264,0,24,0,48,64,"batch_decode_kernels::mfma_head_gemm(float*, float const*, unsigned short const*, int, int, int, int, int, int, unsigned long)",2048,28,53635.0,0.0,57344.0,128.0,705863.0,4565122.0,847300.0,4912631134733079.0,4912631134758359.0
2048,1,8192,256,11264,0,24,0,48,64,"batch_decode_kernels::mfma_gemm(float*, float const*, unsigned short const*, int, int, int, int)",2049,40,146191.0,0.0,229376.0,128.0,1958659.0,14201632.0,3248664.0,4912631135035961.0,4912631135116761.0
2049,1,1280,256,1024,0,12,4,32,64,"batch_decode_kernels::rmsnorm(float*, float const*, unsigned short const*, int, int, float)",2050,36,31905.0,0.0,350.0,20.0,71020.0,1588668.0,70333.0,4912631135328122.0,4912631135340442.0
2050,1,256,256,11264,0,24,0,48,64,"batch_decode_kernels::mfma_gemm(float*, float const*, unsigned short const*, int, int, int, int)",2051,40,155716.0,0.0,7168.0,4.0,269736.0,2167402.0,108512.0,4912631135623163.0,4912631135709083.0
2051,1,320,64,0,0,16,0,48,64,"void moe_kernels::router_topk_wave64_kernel<64>(float*, float const*, int*, float*, int, int, int, int, int, float)",2052,57,38451.0,0.0,1840.0,5.0,51666.0,2017343.0,26950.0,4912631135914204.0,4912631135930524.0
2052,1,256,256,1024,0,12,4,64,64,"batch_decode_kernels::align_routes(int const*, int, int, int, int*, int*, int*)",2053,42,39298.0,18.0,424.0,4.0,37447.0,657829.0,4688.0,4912631136084605.0,4912631136101405.0
2053,1,349184,256,19968,0,36,4,48,64,"void batch_decode_kernels::grouped_expert_gate_up<16, 1>(float const*, char const*, unsigned long const*, unsigned long const*, int const*, int const*, float*, unsigned short*, int, int, int, int, int)",2054,25,233886.0,0.0,1486848.0,5456.0,6428285.0,23001865.0,15630184.0,4912631136377406.0,4912631136514367.0
2054,1,11264,256,19968,0,32,0,48,64,"batch_decode_kernels::mfma_gate_up_swiglu(float*, float const*, unsigned short const*, unsigned short const*, int, int, int)",2055,18,157859.0,0.0,495616.0,176.0,2536562.0,15445238.0,4684865.0,4912631136668608.0,4912631136756928.0
2055,1,507904,256,11264,0,24,0,48,64,"void batch_decode_kernels::grouped_expert_down<16, 1>(float const*, unsigned short const*, char const*, unsigned long const*, int const*, int const*, float*, int, int, int, int)",2056,24,139082.0,0.0,946176.0,7936.0,3668030.0,13355566.0,10546034.0,4912631136959169.0,4912631137038369.0
2056,1,1280,256,0,0,12,4,32,64,"batch_decode_kernels::reduce_routes_add(float*, float const*, float const*, int, int, int)",2057,20,61496.0,0.0,0.0,20.0,228434.0,3501696.0,223227.0,4912631137256450.0,4912631137286370.0
2057,1,8192,256,11264,0,24,0,48,64,"batch_decode_kernels::mfma_gemm(float*, float const*, unsigned short const*, int, int, int, int)",2058,40,192132.0,0.0,315392.0,128.0,3108754.0,18973113.0,4441708.0,4912631137548612.0,4912631137656932.0
2058,1,1280,256,1024,0,12,4,32,64,"batch_decode_kernels::rmsnorm(float*, float const*, unsigned short const*, int, int, float)",2059,36,32817.0,0.0,350.0,20.0,74267.0,1635247.0,74392.0,4912631139197739.0,4912631139210539.0
2059,1,12288,256,11264,0,24,0,48,64,"batch_decode_kernels::mfma_gemm(float*, float const*, unsigned short const*, int, int, int, int)",2060,40,142167.0,0.0,344064.0,192.0,2101891.0,13777286.0,4699199.0,4912631139362379.0,4912631139441100.0
2060,1,2304,256,11264,0,24,0,48,64,"batch_decode_kernels::mfma_gemm(float*, float const*, unsigned short const*, int, int, int, int)",2061,40,146663.0,0.0,64512.0,36.0,854372.0,14279684.0,909227.0,4912631139652941.0,4912631139733581.0
2061,1,1280,256,1024,0,24,0,32,64,"batch_decode_kernels::kv_norm_rope(unsigned short*, float const*, unsigned short const*, int, int, int, int, int, int, float const*, int, float)",2062,33,29127.0,0.0,350.0,20.0,87481.0,1389170.0,33243.0,4912631139941422.0,4912631139951822.0
2062,1,32768,256,11264,0,24,0,48,64,"batch_decode_kernels::mfma_head_gemm(float*, float const*, unsigned short const*, int, int, int, int, int, int, unsigned long)",2063,28,31377.0,0.0,57344.0,512.0,381484.0,2291929.0,1039677.0,4912631140108623.0,4912631140120783.0
2063,1,5120,256,0,0,24,0,32,64,"batch_decode_kernels::q_rope(float*, float const*, int, int, int, int, int, int, float const*, int)",2064,29,22703.0,0.0,0.0,80.0,88847.0,1374324.0,88166.0,4912631140395024.0,4912631140401904.0
2064,1,30720,256,0,0,16,0,32,64,"batch_decode_kernels::attention_score(float*, float const*, float const*, unsigned short const*, int, int, int, int, int, int, int, float)",2065,43,27825.0,0.0,23040.0,480.0,253284.0,1893453.0,960537.0,4912631140554225.0,4912631140564145.0
2065,1,20480,256,1024,0,20,4,48,64,"void attention_kernels::softmax_rows_kernel<256>(float*, int, int, int, int)",2066,52,24016.0,0.0,10240.0,320.0,98887.0,1523824.0,211602.0,4912631140839666.0,4912631140847186.0
2066,1,2621440,256,0,0,16,0,32,64,"batch_decode_kernels::latent_context(float*, float const*, unsigned short const*, int, int, int, int, int, int)",2067,26,66750.0,0.0,983040.0,40960.0,988630.0,5953925.0,4524843.0,4912631140997107.0,4912631141032147.0
2067,1,8192,256,11264,0,24,0,48,64,"batch_decode_kernels::mfma_head_gemm(float*, float const*, unsigned short const*, int, int, int, int, int, int, unsigned long)",2068,28,54012.0,0.0,57344.0,128.0,729249.0,4627249.0,858950.0,4912631141287348.0,4912631141312948.0
2068,1,8192,256,11264,0,24,0,48,64,"batch_decode_kernels::mfma_gemm(float*, float const*, unsigned short const*, int, int, int, int)",2069,40,145859.0,0.0,229376.0,128.0,1966917.0,14165076.0,3241516.0,4912631141573589.0,4912631141654069.0
2069,1,1280,256,1024,0,12,4,32,64,"batch_decode_kernels::rmsnorm(float*, float const*, unsigned short const*, int, int, float)",2070,36,31635.0,0.0,350.0,20.0,72490.0,1575681.0,69081.0,4912631141856630.0,4912631141868790.0
2070,1,256,256,11264,0,24,0,48,64,"batch_decode_kernels::mfma_gemm(float*, float const*, unsigned short const*, int, int, int, int)",2071,40,158226.0,0.0,7168.0,4.0,273932.0,2195820.0,110333.0,4912631142146712.0,4912631142233912.0
2071,1,320,64,0,0,16,0,48,64,"void moe_kernels::router_topk_wave64_kernel<64>(float*, float const*, int*, float*, int, int, int, int, int, float)",2072,57,38093.0,0.0,1840.0,5.0,49251.0,1989354.0,26188.0,4912631142427193.0,4912631142443353.0
2072,1,256,256,1024,0,12,4,64,64,"batch_decode_kernels::align_routes(int const*, int, int, int, int*, int*, int*)",2073,42,40715.0,18.0,424.0,4.0,40743.0,670517.0,4786.0,4912631142711834.0,4912631142729114.0
2073,1,349184,256,19968,0,36,4,48,64,"void batch_decode_kernels::grouped_expert_gate_up<16, 1>(float const*, char const*, unsigned long const*, unsigned long const*, int const*, int const*, float*, unsigned short*, int, int, int, int, int)",2074,25,232035.0,0.0,1486848.0,5456.0,6365898.0,22647394.0,15415778.0,4912631142992315.0,4912631143128156.0
2074,1,11264,256,19968,0,32,0,48,64,"batch_decode_kernels::mfma_gate_up_swiglu(float*, float const*, unsigned short const*, unsigned short const*, int, int, int)",2075,18,159858.0,0.0,495616.0,176.0,2548458.0,15645516.0,4720302.0,4912631143277757.0,4912631143367357.0
2075,1,507904,256,11264,0,24,0,48,64,"void batch_decode_kernels::grouped_expert_down<16, 1>(float const*, unsigned short const*, char const*, unsigned long const*, int const*, int const*, float*, int, int, int, int)",2076,24,138486.0,0.0,946176.0,7936.0,3589790.0,13321285.0,10529351.0,4912631143557438.0,4912631143636158.0
2076,1,1280,256,0,0,12,4,32,64,"batch_decode_kernels::reduce_routes_add(float*, float const*, float const*, int, int, int)",2077,20,60011.0,0.0,0.0,20.0,232830.0,3368771.0,212434.0,4912631143836319.0,4912631143865439.0
2077,1,8192,256,11264,0,24,0,48,64,"batch_decode_kernels::mfma_gemm(float*, float const*, unsigned short const*, int, int, int, int)",2078,40,196980.0,0.0,315392.0,128.0,3060324.0,19390946.0,4542355.0,4912631144120480.0,4912631144231681.0
2078,1,1280,256,1024,0,12,4,32,64,"batch_decode_kernels::rmsnorm(float*, float const*, unsigned short const*, int, int, float)",2079,36,32587.0,0.0,350.0,20.0,74654.0,1632946.0,73242.0,4912631144400481.0,4912631144413121.0
2079,1,409600,256,11264,0,24,0,48,64,"batch_decode_kernels::mfma_gemm(float*, float const*, unsigned short const*, int, int, int, int)",2080,40,803780.0,0.0,11468800.0,6400.0,24371228.0,82115426.0,75282237.0,4912631144679683.0,4912631145182885.0
2080,1,1280,256,2048,0,8,0,32,64,"batch_decode_kernels::argmax(float const*, int, int*, int)",2081,17,323025.0,0.0,520.0,20.0,2556894.0,20187963.0,1418923.0,4912631145457766.0,4912631145643527.0
2081,1,10240,256,0,0,8,0,32,64,"batch_decode_kernels::embedding(float*, unsigned short const*, int const*, int*, int, int, int, int)",2082,34,18400.0,0.0,0.0,160.0,55994.0,888670.0,94929.0,4912631145860145.0,4912631145864465.0
2082,1,1280,256,1024,0,12,4,32,64,"batch_decode_kernels::rmsnorm(float*, float const*, unsigned short const*, int, int, float)",2083,36,31590.0,0.0,350.0,20.0,70393.0,1572652.0,68482.0,4912631146147666.0,4912631146159826.0
2083,1,12288,256,11264,0,24,0,48,64,"batch_decode_kernels::mfma_gemm(float*, float const*, unsigned short const*, int, int, int, int)",2084,40,143744.0,0.0,344064.0,192.0,2087501.0,13985117.0,4758004.0,4912631146425267.0,4912631146505107.0
2084,1,2304,256,11264,0,24,0,48,64,"batch_decode_kernels::mfma_gemm(float*, float const*, unsigned short const*, int, int, int, int)",2085,40,145363.0,0.0,64512.0,36.0,850906.0,14132862.0,894634.0,4912631146701268.0,4912631146781108.0
2085,1,1280,256,1024,0,24,0,32,64,"batch_decode_kernels::kv_norm_rope(unsigned short*, float const*, unsigned short const*, int, int, int, int, int, int, float const*, int, float)",2086,33,28435.0,0.0,350.0,20.0,87637.0,1360947.0,33638.0,4912631146975349.0,4912631146985589.0
2086,1,32768,256,11264,0,24,0,48,64,"batch_decode_kernels::mfma_head_gemm(float*, float const*, unsigned short const*, int, int, int, int, int, int, unsigned long)",2087,28,33663.0,0.0,57344.0,512.0,404763.0,2415260.0,1113020.0,4912631147257910.0,4912631147271191.0
2087,1,5120,256,0,0,24,0,32,64,"batch_decode_kernels::q_rope(float*, float const*, int, int, int, int, int, int, float const*, int)",2088,29,22588.0,0.0,0.0,80.0,91851.0,1371256.0,88948.0,4912631147533112.0,4912631147539832.0
2088,1,35840,256,0,0,16,0,32,64,"batch_decode_kernels::attention_score(float*, float const*, float const*, unsigned short const*, int, int, int, int, int, int, int, float)",2089,43,28283.0,0.0,26880.0,560.0,277365.0,1960117.0,1023766.0,4912631147807033.0,4912631147817273.0
2089,1,20480,256,1024,0,20,4,48,64,"void attention_kernels::softmax_rows_kernel<256>(float*, int, int, int, int)",2090,52,25021.0,0.0,10240.0,320.0,97143.0,1635650.0,204224.0,4912631148089114.0,4912631148097274.0
2090,1,2621440,256,0,0,16,0,32,64,"batch_decode_kernels::latent_context(float*, float const*, unsigned short const*, int, int, int, int, int, int)",2091,26,66571.0,0.0,983040.0,40960.0,1095156.0,5918162.0,4578091.0,4912631148360955.0,4912631148395675.0
2091,1,8192,256,11264,0,24,0,48,64,"batch_decode_kernels::mfma_head_gemm(float*, float const*, unsigned short const*, int, int, int, int, int, int, unsigned long)",2092,28,54215.0,0.0,57344.0,128.0,604014.0,4664117.0,884644.0,4912631148637117.0,4912631148662717.0
2092,1,8192,256,11264,0,24,0,48,64,"batch_decode_kernels::mfma_gemm(float*, float const*, unsigned short const*, int, int, int, int)",2093,40,144496.0,0.0,229376.0,128.0,1952322.0,14045736.0,3229479.0,4912631148910078.0,4912631148990078.0
2093,1,1280,256,1024,0,12,4,32,64,"batch_decode_kernels::rmsnorm(float*, float const*, unsigned short const*, int, int, float)",2094,36,34222.0,0.0,350.0,20.0,75734.0,1736907.0,81228.0,4912631149190559.0,4912631149204319.0
2094,1,43776,256,19968,0,32,0,48,64,"batch_decode_kernels::mfma_gate_up_swiglu(float*, float const*, unsigned short const*, unsigned short const*, int, int, int)",2095,18,202521.0,0.0,1926144.0,684.0,5708203.0,19855501.0,15974241.0,4912631149465920.0,4912631149585121.0
2095,1,8192,256,11264,0,24,0,48,64,"batch_decode_kernels::mfma_gemm(float*, float const*, unsigned short const*, int, int, int, int)",2096,40,688451.0,0.0,1225728.0,128.0,11562905.0,70652533.0,17144992.0,4912631149736161.0,4912631150142883.0
2096,1,1280,256,1024,0,12,4,32,64,"batch_decode_kernels::rmsnorm(float*, float const*, unsigned short const*, int, int, float)",2097,36,32851.0,0.0,350.0,20.0,72152.0,1661403.0,75418.0,4912631150372324.0,4912631150385284.0
2097,1,12288,256,11264,0,24,0,48,64,"batch_decode_kernels::mfma_gemm(float*, float const*, unsigned short const*, int, int, int, int)",2098,40,141842.0,0.0,344064.0,192.0,2092405.0,13752989.0,4650755.0,4912631150644965.0,4912631150723366.0
2098,1,2304,256,11264,0,24,0,48,64,"batch_decode_kernels::mfma_gemm(float*, float const*, unsigned short const*, int, int, int, int)",2099,40,146291.0,0.0,64512.0,36.0,848644.0,14179558.0,907824.0,4912631150912966.0,4912631150993127.0
2099,1,1280,256,1024,0,24,0,32,64,"batch_decode_kernels::kv_norm_rope(unsigned short*, float const*, unsigned short const*, int, int, int, int, int, int, float const*, int, float)",2100,33,29067.0,0.0,350.0,20.0,86010.0,1401351.0,38995.0,4912631151187848.0,4912631151198408.0
2100,1,32768,256,11264,0,24,0,48,64,"batch_decode_kernels::mfma_head_gemm(float*, float const*, unsigned short const*, int, int, int, int, int, int, unsigned long)",2101,28,32822.0,0.0,57344.0,512.0,398007.0,2442196.0,1080815.0,4912631151454409.0,4912631151467369.0
2101,1,5120,256,0,0,24,0,32,64,"batch_decode_kernels::q_rope(float*, float const*, int, int, int, int, int, int, float const*, int)",2102,29,23481.0,0.0,0.0,80.0,92018.0,1392667.0,87599.0,4912631151722250.0,4912631151729450.0
2102,1,35840,256,0,0,16,0,32,64,"batch_decode_kernels::attention_score(float*, float const*, float const*, unsigned short const*, int, int, int, int, int, int, int, float)",2103,43,28753.0,0.0,26880.0,560.0,273903.0,1963419.0,976335.0,4912631151992491.0,4912631152002571.0
2103,1,20480,256,1024,0,20,4,48,64,"void attention_kernels::softmax_rows_kernel<256>(float*, int, int, int, int)",2104,52,25211.0,0.0,10240.0,320.0,105205.0,1656268.0,231260.0,4912631152263532.0,4912631152271852.0
2104,1,2621440,256,0,0,16,0,32,64,"batch_decode_kernels::latent_context(float*, float const*, unsigned short const*, int, int, int, int, int, int)",2105,26,66745.0,0.0,983040.0,40960.0,1092575.0,5971098.0,4642853.0,4912631152531214.0,4912631152566094.0
2105,1,8192,256,11264,0,24,0,48,64,"batch_decode_kernels::mfma_head_gemm(float*, float const*, unsigned short const*, int, int, int, int, int, int, unsigned long)",2106,28,54161.0,0.0,57344.0,128.0,766953.0,4639014.0,877621.0,4912631152797775.0,4912631152823375.0
2106,1,8192,256,11264,0,24,0,48,64,"batch_decode_kernels::mfma_gemm(float*, float const*, unsigned short const*, int, int, int, int)",2107,40,143929.0,0.0,229376.0,128.0,1951226.0,13964798.0,3187461.0,4912631153071856.0,4912631153151376.0
2107,1,1280,256,1024,0,12,4,32,64,"batch_decode_kernels::rmsnorm(float*, float const*, unsigned short const*, int, int, float)",2108,36,32964.0,0.0,350.0,20.0,76466.0,1659687.0,75261.0,4912631153333777.0,4912631153346737.0
2108,1,256,256,11264,0,24,0,48,64,"batch_decode_kernels::mfma_gemm(float*, float const*, unsigned short const*, int, int, int, int)",2109,40,156141.0,0.0,7168.0,4.0,279066.0,2175761.0,109263.0,4912631153596818.0,4912631153683059.0
2109,1,320,64,0,0,16,0,48,64,"void moe_kernels::router_topk_wave64_kernel<64>(float*, float const*, int*, float*, int, int, int, int, int, float)",2110,57,39046.0,0.0,1840.0,5.0,51445.0,2037259.0,25228.0,4912631153860659.0,4912631153877139.0
2110,1,256,256,1024,0,12,4,64,64,"batch_decode_kernels::align_routes(int const*, int, int, int, int*, int*, int*)",2111,42,39984.0,18.0,424.0,4.0,37745.0,658687.0,4172.0,4912631154133301.0,4912631154150261.0
2111,1,349184,256,19968,0,36,4,48,64,"void batch_decode_kernels::grouped_expert_gate_up<16, 1>(float const*, char const*, unsigned long const*, unsigned long const*, int const*, int const*, float*, unsigned short*, int, int, int, int, int)",2112,25,227414.0,0.0,1486848.0,5456.0,6295832.0,22538363.0,15742993.0,4912631154397302.0,4912631154530422.0
2112,1,11264,256,19968,0,32,0,48,64,"batch_decode_kernels::mfma_gate_up_swiglu(float*, float const*, unsigned short const*, unsigned short const*, int, int, int)",2113,18,157077.0,0.0,495616.0,176.0,2582767.0,15372152.0,4562862.0,4912631154777143.0,4912631154864984.0
2113,1,507904,256,11264,0,24,0,48,64,"void batch_decode_kernels::grouped_expert_down<16, 1>(float const*, unsigned short const*, char const*, unsigned long const*, int const*, int const*, float*, int, int, int, int)",2114,24,139203.0,0.0,946176.0,7936.0,3658111.0,13353252.0,10644845.0,4912631155044184.0,4912631155123545.0
2114,1,1280,256,0,0,12,4,32,64,"batch_decode_kernels::reduce_routes_add(float*, float const*, float const*, int, int, int)",2115,20,60739.0,0.0,0.0,20.0,228998.0,3394173.0,215228.0,4912631155309786.0,4912631155339226.0
2115,1,8192,256,11264,0,24,0,48,64,"batch_decode_kernels::mfma_gemm(float*, float const*, unsigned short const*, int, int, int, int)",2116,40,193602.0,0.0,315392.0,128.0,3047750.0,19138330.0,4427680.0,4912631155572347.0,4912631155681787.0
2116,1,1280,256,1024,0,12,4,32,64,"batch_decode_kernels::rmsnorm(float*, float const*, unsigned short const*, int, int, float)",2117,36,31889.0,0.0,350.0,20.0,69045.0,1569831.0,68496.0,4912631155832348.0,4912631155844508.0
2117,1,12288,256,11264,0,24,0,48,64,"batch_decode_kernels::mfma_gemm(float*, float const*, unsigned short const*, int, int, int, int)",2118,40,140206.0,0.0,344064.0,192.0,2064471.0,13637445.0,4612453.0,4912631156098269.0,4912631156176029.0
2118,1,2304,256,11264,0,24,0,48,64,"batch_decode_kernels::mfma_gemm(float*, float const*, unsigned short const*, int, int, int, int)",2119,40,147006.0,0.0,64512.0,36.0,864829.0,14327823.0,915603.0,4912631156358910.0,4912631156439711.0
2119,1,1280,256,1024,0,24,0,32,64,"batch_decode_kernels::kv_norm_rope(unsigned short*, float const*, unsigned short const*, int, int, int, int, int, int, float const*, int, float)",2120,33,28945.0,0.0,350.0,20.0,91802.0,1386024.0,40810.0,4912631156615871.0,4912631156626271.0
2120,1,32768,256,11264,0,24,0,48,64,"batch_decode_kernels::mfma_head_gemm(float*, float const*, unsigned short const*, int, int, int, int, int, int, unsigned long)",2121,28,31910.0,0.0,57344.0,512.0,396691.0,2339470.0,1064233.0,4912631156875072.0,4912631156887553.0
2121,1,5120,256,0,0,24,0,32,64,"batch_decode_kernels::q_rope(float*, float const*, int, int, int, int, int, int, float const*, int)",2122,29,22856.0,0.0,0.0,80.0,89449.0,1365081.0,82831.0,4912631157142594.0,4912631157149634.0
2122,1,35840,256,0,0,16,0,32,64,"batch_decode_kernels::attention_score(float*, float const*, float const*, unsigned short const*, int, int, int, int, int, int, int, float)",2123,43,27985.0,0.0,26880.0,560.0,259202.0,1958167.0,1004707.0,4912631157401635.0,4912631157411715.0
2123,1,20480,256,1024,0,20,4,48,64,"void attention_kernels::softmax_rows_kernel<256>(float*, int, int, int, int)",2124,52,25929.0,0.0,10240.0,320.0,103653.0,1646661.0,227293.0,4912631157658116.0,4912631157666276.0
2124,1,2621440,256,0,0,16,0,32,64,"batch_decode_kernels::latent_context(float*, float const*, unsigned short const*, int, int, int, int, int, int)",2125,26,66195.0,0.0,983040.0,40960.0,1097630.0,5912975.0,4587941.0,4912631157914597.0,4912631157949317.0
2125,1,8192,256,11264,0,24,0,48,64,"batch_decode_kernels::mfma_head_gemm(float*, float const*, unsigned short const*, int, int, int, int, int, int, unsigned long)",2126,28,54623.0,0.0,57344.0,128.0,707128.0,4643720.0,879486.0,4912631158178438.0,4912631158204358.0
2126,1,8192,256,11264,0,24,0,48,64,"batch_decode_kernels::mfma_gemm(float*, float const*, unsigned short const*, int, int, int, int)",2127,40,147377.0,0.0,229376.0,128.0,2011615.0,14266866.0,3302911.0,4912631158433319.0,4912631158514760.0
2127,1,1280,256,1024,0,12,4,32,64,"batch_decode_kernels::rmsnorm(float*, float const*, unsigned short const*, int, int, float)",2128,36,33239.0,0.0,350.0,20.0,78210.0,1681540.0,76699.0,4912631158688200.0,4912631158701160.0
2128,1,256,256,11264,0,24,0,48,64,"batch_decode_kernels::mfma_gemm(float*, float const*, unsigned short const*, int, int, int, int)",2129,40,155806.0,0.0,7168.0,4.0,270784.0,2166804.0,107050.0,4912631158939562.0,4912631159025482.0
2129,1,320,64,0,0,16,0,48,64,"void moe_kernels::router_topk_wave64_kernel<64>(float*, float const*, int*, float*, int, int, int, int, int, float)",2130,57,38053.0,0.0,1840.0,5.0,52417.0,1980800.0,25762.0,4912631159199723.0,4912631159215723.0
2130,1,256,256,1024,0,12,4,64,64,"batch_decode_kernels::align_routes(int const*, int, int, int, int*, int*, int*)",2131,42,40921.0,8.0,414.0,4.0,37504.0,677095.0,4550.0,4912631159452684.0,4912631159470284.0
2131,1,349184,256,19968,0,36,4,48,64,"void batch_decode_kernels::grouped_expert_gate_up<16, 1>(float const*, char const*, unsigned long const*, unsigned long const*, int const*, int const*, float*, unsigned short*, int, int, int, int, int)",2132,25,230696.0,0.0,1486848.0,5456.0,6328710.0,22600633.0,15627311.0,4912631159705325.0,4912631159840525.0
2132,1,11264,256,19968,0,32,0,48,64,"batch_decode_kernels::mfma_gate_up_swiglu(float*, float const*, unsigned short const*, unsigned short const*, int, int, int)",2133,18,157772.0,0.0,495616.0,176.0,2542612.0,15434422.0,4680334.0,4912631160074766.0,4912631160163247.0
2133,1,507904,256,11264,0,24,0,48,64,"void batch_decode_kernels::grouped_expert_down<16, 1>(float const*, unsigned short const*, char const*, unsigned long const*, int const*, int const*, float*, int, int, int, int)",2134,24,139092.0,0.0,946176.0,7936.0,3658819.0,13423894.0,10666008.0,4912631160327568.0,4912631160406448.0
2134,1,1280,256,0,0,12,4,32,64,"batch_decode_kernels::reduce_routes_add(float*, float const*, float const*, int, int, int)",2135,20,63881.0,0.0,0.0,20.0,230527.0,3629928.0,234527.0,4912631160578769.0,4912631160610129.0
2135,1,8192,256,11264,0,24,0,48,64,"batch_decode_kernels::mfma_gemm(float*, float const*, unsigned short const*, int, int, int, int)",2136,40,195546.0,0.0,315392.0,128.0,3123250.0,19310034.0,4510392.0,4912631160830770.0,4912631160941330.0
2136,1,1280,256,1024,0,12,4,32,64,"batch_decode_kernels::rmsnorm(float*, float const*, unsigned short const*, int, int, float)",2137,36,33719.0,0.0,350.0,20.0,76385.0,1722217.0,79948.0,4912631161200211.0,4912631161213811.0
2137,1,12288,256,11264,0,24,0,48,64,"batch_decode_kernels::mfma_gemm(float*, float const*, unsigned short const*, int, int, int, int)",2138,40,141628.0,0.0,344064.0,192.0,2089551.0,13738234.0,4658859.0,4912631161449172.0,4912631161527733.0
2138,1,2304,256,11264,0,24,0,48,64,"batch_decode_kernels::mfma_gemm(float*, float const*, unsigned short const*, int, int, int, int)",2139,40,146238.0,0.0,64512.0,36.0,859199.0,14225045.0,903885.0,4912631161703414.0,4912631161783734.0
2139,1,1280,256,1024,0,24,0,32,64,"batch_decode_kernels::kv_norm_rope(unsigned short*, float const*, unsigned short const*, int, int, int, int, int, int, float const*, int, float)",2140,33,28887.0,0.0,350.0,20.0,85220.0,1370502.0,33365.0,4912631161953015.0,4912631161963255.0
2140,1,32768,256,11264,0,24,0,48,64,"batch_decode_kernels::mfma_head_gemm(float*, float const*, unsigned short const*, int, int, int, int, int, int, unsigned long)",2141,28,32816.0,0.0,57344.0,512.0,389741.0,2351950.0,1067297.0,4912631162208536.0,4912631162221496.0
2141,1,5120,256,0,0,24,0,32,64,"batch_decode_kernels::q_rope(float*, float const*, int, int, int, int, int, int, float const*, int)",2142,29,22720.0,0.0,0.0,80.0,92765.0,1407591.0,87811.0,4912631162458137.0,4912631162464857.0
2142,1,35840,256,0,0,16,0,32,64,"batch_decode_kernels::attention_score(float*, float const*, float const*, unsigned short const*, int, int, int, int, int, int, int, float)",2143,43,28732.0,0.0,26880.0,560.0,258512.0,1919583.0,945874.0,4912631162703578.0,4912631162713658.0
2143,1,20480,256,1024,0,20,4,48,64,"void attention_kernels::softmax_rows_kernel<256>(float*, int, int, int, int)",2144,52,24272.0,0.0,10240.0,320.0,101690.0,1565866.0,227043.0,4912631162950139.0,4912631162957819.0
2144,1,2621440,256,0,0,16,0,32,64,"batch_decode_kernels::latent_context(float*, float const*, unsigned short const*, int, int, int, int, int, int)",2145,26,66879.0,0.0,983040.0,40960.0,1088200.0,5919202.0,4588439.0,4912631163202940.0,4912631163237500.0
2145,1,8192,256,11264,0,24,0,48,64,"batch_decode_kernels::mfma_head_gemm(float*, float const*, unsigned short const*, int, int, int, int, int, int, unsigned long)",2146,28,54010.0,0.0,57344.0,128.0,813471.0,4548066.0,850933.0,4912631163449501.0,4912631163474941.0
2146,1,8192,256,11264,0,24,0,48,64,"batch_decode_kernels::mfma_gemm(float*, float const*, unsigned short const*, int, int, int, int)",2147,40,145577.0,0.0,229376.0,128.0,1945600.0,14126362.0,3235195.0,4912631163693502.0,4912631163773823.0
2147,1,1280,256,1024,0,12,4,32,64,"batch_decode_kernels::rmsnorm(float*, float const*, unsigned short const*, int, int, float)",2148,36,32623.0,0.0,350.0,20.0,71766.0,1642124.0,74216.0,4912631163939743.0,4912631163952543.0
2148,1,256,256,11264,0,24,0,48,64,"batch_decode_kernels::mfma_gemm(float*, float const*, unsigned short const*, int, int, int, int)",2149,40,155785.0,0.0,7168.0,4.0,273773.0,2165530.0,108577.0,4912631164191424.0,4912631164277025.0
2149,1,320,64,0,0,16,0,48,64,"void moe_kernels::router_topk_wave64_kernel<64>(float*, float const*, int*, float*, int, int, int, int, int, float)",2150,57,38341.0,0.0,1840.0,5.0,49313.0,2024142.0,25254.0,4912631164435426.0,4912631164451746.0
2150,1,256,256,1024,0,12,4,64,64,"batch_decode_kernels::align_routes(int const*, int, int, int, int*, int*, int*)",2151,42,40073.0,8.0,414.0,4.0,36321.0,666916.0,4392.0,4912631164681507.0,4912631164698627.0
2151,1,349184,256,19968,0,36,4,48,64,"void batch_decode_kernels::grouped_expert_gate_up<16, 1>(float const*, char const*, unsigned long const*, unsigned long const*, int const*, int const*, float*, unsigned short*, int, int, int, int, int)",2152,25,231249.0,0.0,1486848.0,5456.0,6377331.0,22931470.0,15662790.0,4912631164925348.0,4912631165060868.0
2152,1,11264,256,19968,0,32,0,48,64,"batch_decode_kernels::mfma_gate_up_swiglu(float*, float const*, unsigned short const*, unsigned short const*, int, int, int)",2153,18,158739.0,0.0,495616.0,176.0,2559791.0,15520352.0,4681443.0,4912631165283109.0,4912631165372070.0
2153,1,507904,256,11264,0,24,0,48,64,"void batch_decode_kernels::grouped_expert_down<16, 1>(float const*, unsigned short const*, char const*, unsigned long const*, int const*, int const*, float*, int, int, int, int)",2154,24,141536.0,0.0,946176.0,7936.0,3674186.0,13460073.0,10713934.0,4912631165527110.0,4912631165607111.0
2154,1,1280,256,0,0,12,4,32,64,"batch_decode_kernels::reduce_routes_add(float*, float const*, float const*, int, int, int)",2155,20,61177.0,0.0,0.0,20.0,228228.0,3393419.0,214919.0,4912631165767271.0,4912631165796711.0
2155,1,8192,256,11264,0,24,0,48,64,"batch_decode_kernels::mfma_gemm(float*, float const*, unsigned short const*, int, int, int, int)",2156,40,194025.0,0.0,315392.0,128.0,3082355.0,19174236.0,4493338.0,4912631166009832.0,4912631166119433.0
2156,1,1280,256,1024,0,12,4,32,64,"batch_decode_kernels::rmsnorm(float*, float const*, unsigned short const*, int, int, float)",2157,36,33255.0,0.0,350.0,20.0,77508.0,1669047.0,75799.0,4912631166362314.0,4912631166375274.0
2157,1,12288,256,11264,0,24,0,48,64,"batch_decode_kernels::mfma_gemm(float*, float const*, unsigned short const*, int, int, int, int)",2158,40,142774.0,0.0,344064.0,192.0,2099406.0,13871315.0,4727831.0,4912631166603595.0,4912631166682795.0
2158,1,2304,256,11264,0,24,0,48,64,"batch_decode_kernels::mfma_gemm(float*, float const*, unsigned short const*, int, int, int, int)",2159,40,146349.0,0.0,64512.0,36.0,848156.0,14261328.0,909064.0,4912631166841516.0,4912631166922156.0
2159,1,1280,256,1024,0,24,0,32,64,"batch_decode_kernels::kv_norm_rope(unsigned short*, float const*, unsigned short const*, int, int, int, int, int, int, float const*, int, float)",2160,33,27920.0,0.0,350.0,20.0,84943.0,1321661.0,32648.0,4912631167087437.0,4912631167097357.0
2160,1,32768,256,11264,0,24,0,48,64,"batch_decode_kernels::mfma_head_gemm(float*, float const*, unsigned short const*, int, int, int, int, int, int, unsigned long)",2161,28,32093.0,0.0,57344.0,512.0,386676.0,2315745.0,1079915.0,4912631167325358.0,4912631167337998.0
2161,1,5120,256,0,0,24,0,32,64,"batch_decode_kernels::q_rope(float*, float const*, int, int, int, int, int, int, float const*, int)",2162,29,23483.0,0.0,0.0,80.0,91481.0,1397685.0,85513.0,4912631167564399.0,4912631167571599.0
2162,1,35840,256,0,0,16,0,32,64,"batch_decode_kernels::attention_score(float*, float const*, float const*, unsigned short const*, int, int, int, int, int, int, int, float)",2163,43,28252.0,0.0,26880.0,560.0,268838.0,1982789.0,998417.0,4912631167803760.0,4912631167814000.0
2163,1,20480,256,1024,0,20,4,48,64,"void attention_kernels::softmax_rows_kernel<256>(float*, int, int, int, int)",2164,52,24322.0,0.0,10240.0,320.0,102867.0,1584586.0,227373.0,4912631168045521.0,4912631168053361.0
2164,1,2621440,256,0,0,16,0,32,64,"batch_decode_kernels::latent_context(float*, float const*, unsigned short const*, int, int, int, int, int, int)",2165,26,66673.0,0.0,983040.0,40960.0,1099444.0,5961634.0,4598083.0,4912631168283922.0,4912631168318962.0
2165,1,8192,256,11264,0,24,0,48,64,"batch_decode_kernels::mfma_head_gemm(float*, float const*, unsigned short const*, int, int, int, int, int, int, unsigned long)",2166,28,53887.0,0.0,57344.0,128.0,758361.0,4559584.0,864466.0,4912631168520403.0,4912631168545843.0
2166,1,8192,256,11264,0,24,0,48,64,"batch_decode_kernels::mfma_gemm(float*, float const*, unsigned short const*, int, int, int, int)",2167,40,146387.0,0.0,229376.0,128.0,1972583.0,14205532.0,3227899.0,4912631168757204.0,4912631168838005.0
2167,1,1280,256,1024,0,12,4,32,64,"batch_decode_kernels::rmsnorm(float*, float const*, unsigned short const*, int, int, float)",2168,36,31136.0,0.0,350.0,20.0,71906.0,1545391.0,67080.0,4912631168989205.0,4912631169001045.0
2168,1,256,256,11264,0,24,0,48,64,"batch_decode_kernels::mfma_gemm(float*, float const*, unsigned short const*, int, int, int, int)",2169,40,155661.0,0.0,7168.0,4.0,272549.0,2167948.0,108475.0,4912631169233206.0,4912631169318967.0
2169,1,320,64,0,0,16,0,48,64,"void moe_kernels::router_topk_wave64_kernel<64>(float*, float const*, int*, float*, int, int, int, int, int, float)",2170,57,39901.0,0.0,1840.0,5.0,52756.0,2077689.0,25851.0,4912631169570488.0,4912631169587128.0
2170,1,256,256,1024,0,12,4,64,64,"batch_decode_kernels::align_routes(int const*, int, int, int, int*, int*, int*)",2171,42,39520.0,8.0,414.0,4.0,37104.0,659025.0,4348.0,4912631169806169.0,4912631169822969.0
2171,1,349184,256,19968,0,36,4,48,64,"void batch_decode_kernels::grouped_expert_gate_up<16, 1>(float const*, char const*, unsigned long const*, unsigned long const*, int const*, int const*, float*, unsigned short*, int, int, int, int, int)",2172,25,230041.0,0.0,1486848.0,5456.0,6383084.0,22748092.0,15434017.0,4912631170049050.0,4912631170183771.0
2172,1,11264,256,19968,0,32,0,48,64,"batch_decode_kernels::mfma_gate_up_swiglu(float*, float const*, unsigned short const*, unsigned short const*, int, int, int)",2173,18,159016.0,0.0,495616.0,176.0,2521596.0,15551877.0,4641171.0,4912631170383931.0,4912631170473052.0
2173,1,507904,256,11264,0,24,0,48,64,"void batch_decode_kernels::grouped_expert_down<16, 1>(float const*, unsigned short const*, char const*, unsigned long const*, int const*, int const*, float*, int, int, int, int)",2174,24,140138.0,0.0,946176.0,7936.0,3659896.0,13408450.0,10640775.0,4912631170719133.0,4912631170799133.0
2174,1,1280,256,0,0,12,4,32,64,"batch_decode_kernels::reduce_routes_add(float*, float const*, float const*, int, int, int)",2175,20,64667.0,0.0,0.0,20.0,231759.0,3649350.0,235213.0,4912631170954014.0,4912631170985854.0
2175,1,8192,256,11264,0,24,0,48,64,"batch_decode_kernels::mfma_gemm(float*, float const*, unsigned short const*, int, int, int, int)",2176,40,194238.0,0.0,315392.0,128.0,3077013.0,19164811.0,4480052.0,4912631171191135.0,4912631171300895.0
2176,1,1280,256,1024,0,12,4,32,64,"batch_decode_kernels::rmsnorm(float*, float const*, unsigned short const*, int, int, float)",2177,36,34559.0,0.0,350.0,20.0,77912.0,1762582.0,83029.0,4912631171527456.0,4912631171541217.0
2177,1,12288,256,11264,0,24,0,48,64,"batch_decode_kernels::mfma_gemm(float*, float const*, unsigned short const*, int, int, int, int)",2178,40,141276.0,0.0,344064.0,192.0,2088924.0,13706293.0,4664108.0,4912631171758977.0,4912631171837218.0
2178,1,2304,256,11264,0,24,0,48,64,"batch_decode_kernels::mfma_gemm(float*, float const*, unsigned short const*, int, int, int, int)",2179,40,146198.0,0.0,64512.0,36.0,872638.0,14247262.0,916051.0,4912631171987458.0,4912631172068099.0
2179,1,1280,256,1024,0,24,0,32,64,"batch_decode_kernels::kv_norm_rope(unsigned short*, float const*, unsigned short const*, int, int, int, int, int, int, float const*, int, float)",2180,33,29199.0,0.0,350.0,20.0,87373.0,1413818.0,34988.0,4912631172222820.0,4912631172233540.0
2180,1,32768,256,11264,0,24,0,48,64,"batch_decode_kernels::mfma_head_gemm(float*, float const*, unsigned short const*, int, int, int, int, int, int, unsigned long)",2181,28,31515.0,0.0,57344.0,512.0,387723.0,2299729.0,1051259.0,4912631172452741.0,4912631172464901.0
2181,1,5120,256,0,0,24,0,32,64,"batch_decode_kernels::q_rope(float*, float const*, int, int, int, int, int, int, float const*, int)",2182,29,23648.0,0.0,0.0,80.0,89962.0,1442574.0,84130.0,4912631172681062.0,4912631172688422.0
2182,1,35840,256,0,0,16,0,32,64,"batch_decode_kernels::attention_score(float*, float const*, float const*, unsigned short const*, int, int, int, int, int, int, int, float)",2183,43,27945.0,0.0,26880.0,560.0,255864.0,1941670.0,968213.0,4912631172909703.0,4912631172919783.0
2183,1,20480,256,1024,0,20,4,48,64,"void attention_kernels::softmax_rows_kernel<256>(float*, int, int, int, int)",2184,52,24641.0,0.0,10240.0,320.0,105333.0,1601148.0,233242.0,4912631173146504.0,4912631173154664.0
2184,1,2621440,256,0,0,16,0,32,64,"batch_decode_kernels::latent_context(float*, float const*, unsigned short const*, int, int, int, int, int, int)",2185,26,66313.0,0.0,983040.0,40960.0,1077097.0,5940210.0,4594557.0,4912631173373065.0,4912631173407945.0
2185,1,8192,256,11264,0,24,0,48,64,"batch_decode_kernels::mfma_head_gemm(float*, float const*, unsigned short const*, int, int, int, int, int, int, unsigned long)",2186,28,53670.0,0.0,57344.0,128.0,702776.0,4596569.0,874922.0,4912631173601066.0,4912631173626186.0
2186,1,8192,256,11264,0,24,0,48,64,"batch_decode_kernels::mfma_gemm(float*, float const*, unsigned short const*, int, int, int, int)",2187,40,146475.0,0.0,229376.0,128.0,1957791.0,14217687.0,3233095.0,4912631173827947.0,4912631173909067.0
2187,1,1280,256,1024,0,12,4,32,64,"batch_decode_kernels::rmsnorm(float*, float const*, unsigned short const*, int, int, float)",2188,36,32520.0,0.0,350.0,20.0,70823.0,1579152.0,69261.0,4912631174063948.0,4912631174076108.0
2188,1,256,256,11264,0,24,0,48,64,"batch_decode_kernels::mfma_gemm(float*, float const*, unsigned short const*, int, int, int, int)",2189,40,156312.0,0.0,7168.0,4.0,277233.0,2176346.0,109336.0,4912631174286669.0,4912631174372909.0
2189,1,320,64,0,0,16,0,48,64,"void moe_kernels::router_topk_wave64_kernel<64>(float*, float const*, int*, float*, int, int, int, int, int, float)",2190,57,38522.0,0.0,1840.0,5.0,52501.0,2014561.0,24843.0,4912631174611150.0,4912631174627470.0
2190,1,256,256,1024,0,12,4,64,64,"batch_decode_kernels::align_routes(int const*, int, int, int, int*, int*, int*)",2191,42,39602.0,8.0,414.0,4.0,38329.0,661742.0,4296.0,4912631174836591.0,4912631174853551.0
2191,1,349184,256,19968,0,36,4,48,64,"void batch_decode_kernels::grouped_expert_gate_up<16, 1>(float const*, char const*, unsigned long const*, unsigned long const*, int const*, int const*, float*, unsigned short*, int, int, int, int, int)",2192,25,230781.0,0.0,1486848.0,5456.0,6369117.0,22598995.0,15285924.0,4912631175069392.0,4912631175204593.0
2192,1,11264,256,19968,0,32,0,48,64,"batch_decode_kernels::mfma_gate_up_swiglu(float*, float const*, unsigned short const*, unsigned short const*, int, int, int)",2193,18,158364.0,0.0,495616.0,176.0,2513384.0,15489737.0,4648399.0,4912631175390833.0,4912631175479634.0
2193,1,507904,256,11264,0,24,0,48,64,"void batch_decode_kernels::grouped_expert_down<16, 1>(float const*, unsigned short const*, char const*, unsigned long const*, int const*, int const*, float*, int, int, int, int)",2194,24,140908.0,0.0,946176.0,7936.0,3660343.0,13488348.0,10748616.0,4912631175711635.0,4912631175791795.0
2194,1,1280,256,0,0,12,4,32,64,"batch_decode_kernels::reduce_routes_add(float*, float const*, float const*, int, int, int)",2195,20,62047.0,0.0,0.0,20.0,224928.0,3492180.0,222458.0,4912631176037716.0,4912631176067956.0
2195,1,8192,256,11264,0,24,0,48,64,"batch_decode_kernels::mfma_gemm(float*, float const*, unsigned short const*, int, int, int, int)",2196,40,194934.0,0.0,315392.0,128.0,3065000.0,19292913.0,4532747.0,4912631176260277.0,4912631176370678.0
2196,1,1280,256,1024,0,12,4,32,64,"batch_decode_kernels::rmsnorm(float*, float const*, unsigned short const*, int, int, float)",2197,36,33743.0,0.0,350.0,20.0,74161.0,1708593.0,78407.0,4912631176580759.0,4912631176594199.0
2197,1,12288,256,11264,0,24,0,48,64,"batch_decode_kernels::mfma_gemm(float*, float const*, unsigned short const*, int, int, int, int)",2198,40,143414.0,0.0,344064.0,192.0,2134778.0,13891426.0,4730713.0,4912631176801720.0,4912631176881080.0
2198,1,2304,256,11264,0,24,0,48,64,"batch_decode_kernels::mfma_gemm(float*, float const*, unsigned short const*, int, int, int, int)",2199,40,145028.0,0.0,64512.0,36.0,842698.0,14100661.0,892535.0,4912631177125881.0,4912631177205561.0
2199,1,1280,256,1024,0,24,0,32,64,"batch_decode_kernels::kv_norm_rope(unsigned short*, float const*, unsigned short const*, int, int, int, int, int, int, float const*, int, float)",2200,33,28542.0,0.0,350.0,20.0,85616.0,1363755.0,33352.0,4912631177443162.0,4912631177453242.0
2200,1,32768,256,11264,0,24,0,48,64,"batch_decode_kernels::mfma_head_gemm(float*, float const*, unsigned short const*, int, int, int, int, int, int, unsigned long)",2201,28,31701.0,0.0,57344.0,512.0,388920.0,2310779.0,1063649.0,4912631177665083.0,4912631177677243.0
2201,1,5120,256,0,0,24,0,32,64,"batch_decode_kernels::q_rope(float*, float const*, int, int, int, int, int, int, float const*, int)",2202,29,22907.0,0.0,0.0,80.0,89791.0,1420344.0,92847.0,4912631177883644.0,4912631177890684.0
2202,1,35840,256,0,0,16,0,32,64,"batch_decode_kernels::attention_score(float*, float const*, float const*, unsigned short const*, int, int, int, int, int, int, int, float)",2203,43,27676.0,0.0,26880.0,560.0,259326.0,1904867.0,983599.0,4912631178108285.0,4912631178118205.0
2203,1,20480,256,1024,0,20,4,48,64,"void attention_kernels::softmax_rows_kernel<256>(float*, int, int, int, int)",2204,52,24718.0,0.0,10240.0,320.0,98643.0,1607232.0,224251.0,4912631178328446.0,4912631178336606.0
2204,1,2621440,256,0,0,16,0,32,64,"batch_decode_kernels::latent_context(float*, float const*, unsigned short const*, int, int, int, int, int, int)",2205,26,66124.0,0.0,983040.0,40960.0,1094255.0,5922790.0,4583567.0,4912631178544447.0,4912631178579167.0
2205,1,8192,256,11264,0,24,0,48,64,"batch_decode_kernels::mfma_head_gemm(float*, float const*, unsigned short const*, int, int, int, int, int, int, unsigned long)",2206,28,54355.0,0.0,57344.0,128.0,675028.0,4600755.0,858646.0,4912631178759488.0,4912631178784928.0
2206,1,8192,256,11264,0,24,0,48,64,"batch_decode_kernels::mfma_gemm(float*, float const*, unsigned short const*, int, int, int, int)",2207,40,146078.0,0.0,229376.0,128.0,1947678.0,14166545.0,3254988.0,4912631178979329.0,4912631179059969.0
2207,1,1280,256,1024,0,12,4,32,64,"batch_decode_kernels::rmsnorm(float*, float const*, unsigned short const*, int, int, float)",2208,36,31717.0,0.0,350.0,20.0,71982.0,1587407.0,69595.0,4912631179295170.0,4912631179307490.0
2208,1,256,256,11264,0,24,0,48,64,"batch_decode_kernels::mfma_gemm(float*, float const*, unsigned short const*, int, int, int, int)",2209,40,154780.0,0.0,7168.0,4.0,272265.0,2158328.0,107569.0,4912631179510531.0,4912631179595812.0
2209,1,320,64,0,0,16,0,48,64,"void moe_kernels::router_topk_wave64_kernel<64>(float*, float const*, int*, float*, int, int, int, int, int, float)",2210,57,37165.0,0.0,1840.0,5.0,49842.0,1922131.0,25561.0,4912631179820453.0,4912631179835973.0
2210,1,256,256,1024,0,12,4,64,64,"batch_decode_kernels::align_routes(int const*, int, int, int, int*, int*, int*)",2211,42,39541.0,8.0,414.0,4.0,37006.0,661412.0,4524.0,4912631180040774.0,4912631180057734.0
2211,1,349184,256,19968,0,36,4,48,64,"void batch_decode_kernels::grouped_expert_gate_up<16, 1>(float const*, char const*, unsigned long const*, unsigned long const*, int const*, int const*, float*, unsigned short*, int, int, int, int, int)",2212,25,231824.0,0.0,1486848.0,5456.0,6383793.0,22908928.0,15820086.0,4912631180254055.0,4912631180389895.0
2212,1,11264,256,19968,0,32,0,48,64,"batch_decode_kernels::mfma_gate_up_swiglu(float*, float const*, unsigned short const*, unsigned short const*, int, int, int)",2213,18,156398.0,0.0,495616.0,176.0,2508423.0,15302719.0,4574391.0,4912631180560456.0,4912631180648136.0
2213,1,507904,256,11264,0,24,0,48,64,"void batch_decode_kernels::grouped_expert_down<16, 1>(float const*, unsigned short const*, char const*, unsigned long const*, int const*, int const*, float*, int, int, int, int)",2214,24,137866.0,0.0,946176.0,7936.0,3633937.0,13305490.0,10663535.0,4912631180872937.0,4912631180951338.0
2214,1,1280,256,0,0,12,4,32,64,"batch_decode_kernels::reduce_routes_add(float*, float const*, float const*, int, int, int)",2215,20,60745.0,0.0,0.0,20.0,213827.0,3338715.0,210765.0,4912631181182699.0,4912631181211819.0
2215,1,8192,256,11264,0,24,0,48,64,"batch_decode_kernels::mfma_gemm(float*, float const*, unsigned short const*, int, int, int, int)",2216,40,195583.0,0.0,315392.0,128.0,3120222.0,19320382.0,4479738.0,4912631181394700.0,4912631181505100.0
2216,1,1280,256,1024,0,12,4,32,64,"batch_decode_kernels::rmsnorm(float*, float const*, unsigned short const*, int, int, float)",2217,36,31986.0,0.0,350.0,20.0,72285.0,1606985.0,71494.0,4912631181701741.0,4912631181714221.0
2217,1,12288,256,11264,0,24,0,48,64,"batch_decode_kernels::mfma_gemm(float*, float const*, unsigned short const*, int, int, int, int)",2218,40,140760.0,0.0,344064.0,192.0,2101042.0,13653604.0,4639084.0,4912631181912782.0,4912631181990542.0
2218,1,2304,256,11264,0,24,0,48,64,"batch_decode_kernels::mfma_gemm(float*, float const*, unsigned short const*, int, int, int, int)",2219,40,146538.0,0.0,64512.0,36.0,860819.0,14237018.0,909935.0,4912631182222543.0,4912631182303024.0
2219,1,1280,256,1024,0,24,0,32,64,"batch_decode_kernels::kv_norm_rope(unsigned short*, float const*, unsigned short const*, int, int, int, int, int, int, float const*, int, float)",2220,33,28505.0,0.0,350.0,20.0,87051.0,1369748.0,35289.0,4912631182527985.0,4912631182538385.0
2220,1,32768,256,11264,0,24,0,48,64,"batch_decode_kernels::mfma_head_gemm(float*, float const*, unsigned short const*, int, int, int, int, int, int, unsigned long)",2221,28,32008.0,0.0,57344.0,512.0,388414.0,2335284.0,1078784.0,4912631182735665.0,4912631182748145.0
2221,1,5120,256,0,0,24,0,32,64,"batch_decode_kernels::q_rope(float*, float const*, int, int, int, int, int, int, float const*, int)",2222,29,23932.0,0.0,0.0,80.0,92062.0,1420708.0,87428.0,4912631182946066.0,4912631182953426.0
2222,1,35840,256,0,0,16,0,32,64,"batch_decode_kernels::attention_score(float*, float const*, float const*, unsigned short const*, int, int, int, int, int, int, int, float)",2223,43,28523.0,0.0,26880.0,560.0,274957.0,1955346.0,1017984.0,4912631183160467.0,4912631183170707.0
2223,1,20480,256,1024,0,20,4,48,64,"void attention_kernels::softmax_rows_kernel<256>(float*, int, int, int, int)",2224,52,26405.0,0.0,10240.0,320.0,99412.0,1693032.0,219179.0,4912631183371188.0,4912631183379668.0
2224,1,2621440,256,0,0,16,0,32,64,"batch_decode_kernels::latent_context(float*, float const*, unsigned short const*, int, int, int, int, int, int)",2225,26,66465.0,0.0,983040.0,40960.0,1077620.0,5940444.0,4593781.0,4912631183578549.0,4912631183613429.0
2225,1,8192,256,11264,0,24,0,48,64,"batch_decode_kernels::mfma_head_gemm(float*, float const*, unsigned short const*, int, int, int, int, int, int, unsigned long)",2226,28,54656.0,0.0,57344.0,128.0,642747.0,4695096.0,861665.0,4912631183784790.0,4912631183810710.0
2226,1,8192,256,11264,0,24,0,48,64,"batch_decode_kernels::mfma_gemm(float*, float const*, unsigned short const*, int, int, int, int)",2227,40,145058.0,0.0,229376.0,128.0,1975079.0,14003798.0,3169910.0,4912631183992791.0,4912631184073111.0
2227,1,1280,256,1024,0,12,4,32,64,"batch_decode_kernels::rmsnorm(float*, float const*, unsigned short const*, int, int, float)",2228,36,32469.0,0.0,350.0,20.0,74073.0,1622052.0,72511.0,4912631184296472.0,4912631184309112.0
2228,1,256,256,11264,0,24,0,48,64,"batch_decode_kernels::mfma_gemm(float*, float const*, unsigned short const*, int, int, int, int)",2229,40,156627.0,0.0,7168.0,4.0,272011.0,2179076.0,109343.0,4912631184501273.0,4912631184587674.0
2229,1,320,64,0,0,16,0,48,64,"void moe_kernels::router_topk_wave64_kernel<64>(float*, float const*, int*, float*, int, int, int, int, int, float)",2230,57,38573.0,0.0,1840.0,5.0,50921.0,2015120.0,25133.0,4912631184796794.0,4912631184813115.0
2230,1,256,256,1024,0,12,4,64,64,"batch_decode_kernels::align_routes(int const*, int, int, int, int*, int*, int*)",2231,42,39911.0,18.0,424.0,4.0,37112.0,664485.0,4364.0,4912631185001595.0,4912631185018555.0
2231,1,349184,256,19968,0,36,4,48,64,"void batch_decode_kernels::grouped_expert_gate_up<16, 1>(float const*, char const*, unsigned long const*, unsigned long const*, int const*, int const*, float*, unsigned short*, int, int, int, int, int)",2232,25,230331.0,0.0,1486848.0,5456.0,6376083.0,22754371.0,15374265.0,4912631185214876.0,4912631185349757.0
2232,1,11264,256,19968,0,32,0,48,64,"batch_decode_kernels::mfma_gate_up_swiglu(float*, float const*, unsigned short const*, unsigned short const*, int, int, int)",2233,18,157622.0,0.0,495616.0,176.0,2565100.0,15429378.0,4668971.0,4912631185507998.0,4912631185596318.0
2233,1,507904,256,11264,0,24,0,48,64,"void batch_decode_kernels::grouped_expert_down<16, 1>(float const*, unsigned short const*, char const*, unsigned long const*, int const*, int const*, float*, int, int, int, int)",2234,24,140249.0,0.0,946176.0,7936.0,3633867.0,13471955.0,10752220.0,4912631185802559.0,4912631185882399.0
2234,1,1280,256,0,0,12,4,32,64,"batch_decode_kernels::reduce_routes_add(float*, float const*, float const*, int, int, int)",2235,20,64411.0,0.0,0.0,20.0,226707.0,3571753.0,228831.0,4912631186099360.0,4912631186130880.0
2235,1,8192,256,11264,0,24,0,48,64,"batch_decode_kernels::mfma_gemm(float*, float const*, unsigned short const*, int, int, int, int)",2236,40,194061.0,0.0,315392.0,128.0,3155067.0,19182855.0,4479555.0,4912631186298561.0,4912631186408321.0
2236,1,1280,256,1024,0,12,4,32,64,"batch_decode_kernels::rmsnorm(float*, float const*, unsigned short const*, int, int, float)",2237,36,32389.0,0.0,350.0,20.0,72699.0,1617645.0,72014.0,4912631186591042.0,4912631186603682.0
2237,1,12288,256,11264,0,24,0,48,64,"batch_decode_kernels::mfma_gemm(float*, float const*, unsigned short const*, int, int, int, int)",2238,40,142515.0,0.0,344064.0,192.0,2097380.0,13819601.0,4704340.0,4912631186794883.0,4912631186873924.0
2238,1,2304,256,11264,0,24,0,48,64,"batch_decode_kernels::mfma_gemm(float*, float const*, unsigned short const*, int, int, int, int)",2239,40,144322.0,0.0,64512.0,36.0,855196.0,14044904.0,894667.0,4912631187087844.0,4912631187167205.0
2239,1,1280,256,1024,0,24,0,32,64,"batch_decode_kernels::kv_norm_rope(unsigned short*, float const*, unsigned short const*, int, int, int, int, int, int, float const*, int, float)",2240,33,28814.0,0.0,350.0,20.0,82987.0,1377808.0,32103.0,4912631187378246.0,4912631187388486.0
2240,1,32768,256,11264,0,24,0,48,64,"batch_decode_kernels::mfma_head_gemm(float*, float const*, unsigned short const*, int, int, int, int, int, int, unsigned long)",2241,28,32469.0,0.0,57344.0,512.0,390271.0,2403625.0,1084840.0,4912631187580007.0,4912631187592647.0
2241,1,5120,256,0,0,24,0,32,64,"batch_decode_kernels::q_rope(float*, float const*, int, int, int, int, int, int, float const*, int)",2242,29,23226.0,0.0,0.0,80.0,92054.0,1440039.0,81188.0,4912631187776967.0,4912631187784007.0
2242,1,35840,256,0,0,16,0,32,64,"batch_decode_kernels::attention_score(float*, float const*, float const*, unsigned short const*, int, int, int, int, int, int, int, float)",2243,43,28393.0,0.0,26880.0,560.0,254214.0,1951056.0,986547.0,4912631187977768.0,4912631187987848.0
2243,1,20480,256,1024,0,20,4,48,64,"void attention_kernels::softmax_rows_kernel<256>(float*, int, int, int, int)",2244,52,24944.0,0.0,10240.0,320.0,101851.0,1638510.0,231802.0,4912631188183849.0,4912631188192009.0
2244,1,2621440,256,0,0,16,0,32,64,"batch_decode_kernels::latent_context(float*, float const*, unsigned short const*, int, int, int, int, int, int)",2245,26,66710.0,0.0,983040.0,40960.0,1092102.0,5967367.0,4612091.0,4912631188380170.0,4912631188415210.0
2245,1,8192,256,11264,0,24,0,48,64,"batch_decode_kernels::mfma_head_gemm(float*, float const*, unsigned short const*, int, int, int, int, int, int, unsigned long)",2246,28,54038.0,0.0,57344.0,128.0,772019.0,4607255.0,871753.0,4912631188579531.0,4912631188605131.0
2246,1,8192,256,11264,0,24,0,48,64,"batch_decode_kernels::mfma_gemm(float*, float const*, unsigned short const*, int, int, int, int)",2247,40,147315.0,0.0,229376.0,128.0,1965715.0,14249355.0,3244118.0,4912631188864812.0,4912631188946253.0
2247,1,1280,256,1024,0,12,4,32,64,"batch_decode_kernels::rmsnorm(float*, float const*, unsigned short const*, int, int, float)",2248,36,31745.0,0.0,350.0,20.0,70269.0,1587537.0,69731.0,4912631189156013.0,4912631189168174.0
2248,1,256,256,11264,0,24,0,48,64,"batch_decode_kernels::mfma_gemm(float*, float const*, unsigned short const*, int, int, int, int)",2249,40,156957.0,0.0,7168.0,4.0,272609.0,2182521.0,109625.0,4912631189352334.0,4912631189438735.0
2249,1,320,64,0,0,16,0,48,64,"void moe_kernels::router_topk_wave64_kernel<64>(float*, float const*, int*, float*, int, int, int, int, int, float)",2250,57,38644.0,0.0,1840.0,5.0,51553.0,2022114.0,25726.0,4912631189633616.0,4912631189649936.0
2250,1,256,256,1024,0,12,4,64,64,"batch_decode_kernels::align_routes(int const*, int, int, int, int*, int*, int*)",2251,42,39535.0,8.0,414.0,4.0,37462.0,656204.0,4440.0,4912631189830416.0,4912631189847056.0
2251,1,349184,256,19968,0,36,4,48,64,"void batch_decode_kernels::grouped_expert_gate_up<16, 1>(float const*, char const*, unsigned long const*, unsigned long const*, int const*, int const*, float*, unsigned short*, int, int, int, int, int)",2252,25,232574.0,0.0,1486848.0,5456.0,6414450.0,22738914.0,15323988.0,4912631190029617.0,4912631190165938.0
2252,1,11264,256,19968,0,32,0,48,64,"batch_decode_kernels::mfma_gate_up_swiglu(float*, float const*, unsigned short const*, unsigned short const*, int, int, int)",2253,18,157069.0,0.0,495616.0,176.0,2482077.0,15347634.0,4577124.0,4912631190394259.0,4912631190482259.0
2253,1,507904,256,11264,0,24,0,48,64,"void batch_decode_kernels::grouped_expert_down<16, 1>(float const*, unsigned short const*, char const*, unsigned long const*, int const*, int const*, float*, int, int, int, int)",2254,24,139428.0,0.0,946176.0,7936.0,3646246.0,13391004.0,10618246.0,4912631190671700.0,4912631190751220.0
2254,1,1280,256,0,0,12,4,32,64,"batch_decode_kernels::reduce_routes_add(float*, float const*, float const*, int, int, int)",2255,20,60800.0,0.0,0.0,20.0,215225.0,3430638.0,219161.0,4912631190949141.0,4912631190978581.0
2255,1,8192,256,11264,0,24,0,48,64,"batch_decode_kernels::mfma_gemm(float*, float const*, unsigned short const*, int, int, int, int)",2256,40,194562.0,0.0,315392.0,128.0,3124004.0,19237169.0,4512677.0,4912631191149942.0,4912631191259703.0
2256,1,1280,256,1024,0,12,4,32,64,"batch_decode_kernels::rmsnorm(float*, float const*, unsigned short const*, int, int, float)",2257,36,33601.0,0.0,350.0,20.0,75117.0,1700559.0,77748.0,4912631191426743.0,4912631191440023.0
2257,1,12288,256,11264,0,24,0,48,64,"batch_decode_kernels::mfma_gemm(float*, float const*, unsigned short const*, int, int, int, int)",2258,40,141097.0,0.0,344064.0,192.0,2075495.0,13705097.0,4706734.0,4912631191617944.0,4912631191696025.0
2258,1,2304,256,11264,0,24,0,48,64,"batch_decode_kernels::mfma_gemm(float*, float const*, unsigned short const*, int, int, int, int)",2259,40,145731.0,0.0,64512.0,36.0,858545.0,14195288.0,906032.0,4912631191893305.0,4912631191973466.0
2259,1,1280,256,1024,0,24,0,32,64,"batch_decode_kernels::kv_norm_rope(unsigned short*, float const*, unsigned short const*, int, int, int, int, int, int, float const*, int, float)",2260,33,28013.0,0.0,350.0,20.0,85256.0,1333335.0,32597.0,4912631192176347.0,4912631192186267.0
2260,1,32768,256,11264,0,24,0,48,64,"batch_decode_kernels::mfma_head_gemm(float*, float const*, unsigned short const*, int, int, int, int, int, int, unsigned long)",2261,28,31736.0,0.0,57344.0,512.0,383155.0,2298169.0,1040475.0,4912631192365627.0,4912631192377788.0
2261,1,5120,256,0,0,24,0,32,64,"batch_decode_kernels::q_rope(float*, float const*, int, int, int, int, int, int, float const*, int)",2262,29,24435.0,0.0,0.0,80.0,92588.0,1511981.0,87524.0,4912631192555228.0,4912631192562748.0
2262,1,35840,256,0,0,16,0,32,64,"batch_decode_kernels::attention_score(float*, float const*, float const*, unsigned short const*, int, int, int, int, int, int, int, float)",2263,43,27759.0,0.0,26880.0,560.0,264389.0,1913044.0,1005037.0,4912631192746749.0,4912631192756669.0
2263,1,20480,256,1024,0,20,4,48,64,"void attention_kernels::softmax_rows_kernel<256>(float*, int, int, int, int)",2264,52,25256.0,0.0,10240.0,320.0,95798.0,1642540.0,215399.0,4912631192935550.0,4912631192943710.0
2264,1,2621440,256,0,0,16,0,32,64,"batch_decode_kernels::latent_context(float*, float const*, unsigned short const*, int, int, int, int, int, int)",2265,26,66394.0,0.0,983040.0,40960.0,1103627.0,5923089.0,4619522.0,4912631193132511.0,4912631193167231.0
2265,1,8192,256,11264,0,24,0,48,64,"batch_decode_kernels::mfma_head_gemm(float*, float const*, unsigned short const*, int, int, int, int, int, int, unsigned long)",2266,28,54937.0,0.0,57344.0,128.0,791930.0,4664338.0,855508.0,4912631193319392.0,4912631193345472.0
2266,1,8192,256,11264,0,24,0,48,64,"batch_decode_kernels::mfma_gemm(float*, float const*, unsigned short const*, int, int, int, int)",2267,40,147268.0,0.0,229376.0,128.0,1968831.0,14254386.0,3279595.0,4912631193507072.0,4912631193588673.0
2267,1,1280,256,1024,0,12,4,32,64,"batch_decode_kernels::rmsnorm(float*, float const*, unsigned short const*, int, int, float)",2268,36,32675.0,0.0,350.0,20.0,78433.0,1618529.0,72325.0,4912631193774434.0,4912631193787074.0
2268,1,256,256,11264,0,24,0,48,64,"batch_decode_kernels::mfma_gemm(float*, float const*, unsigned short const*, int, int, int, int)",2269,40,156311.0,0.0,7168.0,4.0,275101.0,2172706.0,109872.0,4912631193961634.0,4912631194047715.0
2269,1,320,64,0,0,16,0,48,64,"void moe_kernels::router_topk_wave64_kernel<64>(float*, float const*, int*, float*, int, int, int, int, int, float)",2270,57,37895.0,0.0,1840.0,5.0,50973.0,1971180.0,25489.0,4912631194234916.0,4912631194250916.0
2270,1,256,256,1024,0,12,4,64,64,"batch_decode_kernels::align_routes(int const*, int, int, int, int*, int*, int*)",2271,42,39437.0,8.0,414.0,4.0,36083.0,656035.0,4172.0,4912631194421476.0,4912631194437957.0
2271,1,349184,256,19968,0,36,4,48,64,"void batch_decode_kernels::grouped_expert_gate_up<16, 1>(float const*, char const*, unsigned long const*, unsigned long const*, int const*, int const*, float*, unsigned short*, int, int, int, int, int)",2272,25,233063.0,0.0,1486848.0,5456.0,6445053.0,22877988.0,15513398.0,4912631194606917.0,4912631194743398.0
2272,1,11264,256,19968,0,32,0,48,64,"batch_decode_kernels::mfma_gate_up_swiglu(float*, float const*, unsigned short const*, unsigned short const*, int, int, int)",2273,18,156589.0,0.0,495616.0,176.0,2539164.0,15303148.0,4551551.0,4912631195039879.0,4912631195127560.0
2273,1,507904,256,11264,0,24,0,48,64,"void batch_decode_kernels::grouped_expert_down<16, 1>(float const*, unsigned short const*, char const*, unsigned long const*, int const*, int const*, float*, int, int, int, int)",2274,24,143379.0,0.0,946176.0,7936.0,3690085.0,13642684.0,10794849.0,4912631195303560.0,4912631195385321.0
2274,1,1280,256,0,0,12,4,32,64,"batch_decode_kernels::reduce_routes_add(float*, float const*, float const*, int, int, int)",2275,20,61845.0,0.0,0.0,20.0,230545.0,3443638.0,219032.0,4912631195568201.0,4912631195597802.0
2275,1,8192,256,11264,0,24,0,48,64,"batch_decode_kernels::mfma_gemm(float*, float const*, unsigned short const*, int, int, int, int)",2276,40,193819.0,0.0,315392.0,128.0,3087835.0,19155971.0,4505530.0,4912631195750122.0,4912631195859403.0
2276,1,1280,256,1024,0,12,4,32,64,"batch_decode_kernels::rmsnorm(float*, float const*, unsigned short const*, int, int, float)",2277,36,31862.0,0.0,350.0,20.0,72237.0,1584937.0,69323.0,4912631196011243.0,4912631196023403.0
2277,1,12288,256,11264,0,24,0,48,64,"batch_decode_kernels::mfma_gemm(float*, float const*, unsigned short const*, int, int, int, int)",2278,40,143582.0,0.0,344064.0,192.0,2130978.0,13966163.0,4784484.0,4912631196203244.0,4912631196282925.0
2278,1,2304,256,11264,0,24,0,48,64,"batch_decode_kernels::mfma_gemm(float*, float const*, unsigned short const*, int, int, int, int)",2279,40,144703.0,0.0,64512.0,36.0,875540.0,14046698.0,889603.0,4912631196462765.0,4912631196542286.0
2279,1,1280,256,1024,0,24,0,32,64,"batch_decode_kernels::kv_norm_rope(unsigned short*, float const*, unsigned short const*, int, int, int, int, int, int, float const*, int, float)",2280,33,28828.0,0.0,350.0,20.0,86510.0,1388962.0,34829.0,4912631196727727.0,4912631196738127.0
2280,1,32768,256,11264,0,24,0,48,64,"batch_decode_kernels::mfma_head_gemm(float*, float const*, unsigned short const*, int, int, int, int, int, int, unsigned long)",2281,28,34046.0,0.0,57344.0,512.0,420002.0,2536173.0,1175826.0,4912631196908367.0,4912631196921967.0
2281,1,5120,256,0,0,24,0,32,64,"batch_decode_kernels::q_rope(float*, float const*, int, int, int, int, int, int, float const*, int)",2282,29,22920.0,0.0,0.0,80.0,89769.0,1397542.0,85170.0,4912631197096368.0,4912631197103248.0
2282,1,35840,256,0,0,16,0,32,64,"batch_decode_kernels::attention_score(float*, float const*, float const*, unsigned short const*, int, int, int, int, int, int, int, float)",2283,43,27968.0,0.0,26880.0,560.0,257312.0,1927617.0,997964.0,4912631197276529.0,4912631197286609.0
2283,1,20480,256,1024,0,20,4,48,64,"void attention_kernels::softmax_rows_kernel<256>(float*, int, int, int, int)",2284,52,24599.0,0.0,10240.0,320.0,98478.0,1609676.0,222075.0,4912631197457170.0,4912631197465170.0
2284,1,2621440,256,0,0,16,0,32,64,"batch_decode_kernels::latent_context(float*, float const*, unsigned short const*, int, int, int, int, int, int)",2285,26,67025.0,0.0,983040.0,40960.0,1092391.0,5987725.0,4581599.0,4912631197634290.0,4912631197669331.0
2285,1,8192,256,11264,0,24,0,48,64,"batch_decode_kernels::mfma_head_gemm(float*, float const*, unsigned short const*, int, int, int, int, int, int, unsigned long)",2286,28,54253.0,0.0,57344.0,128.0,763889.0,4598025.0,877044.0,4912631197890772.0,4912631197916212.0
2286,1,8192,256,11264,0,24,0,48,64,"batch_decode_kernels::mfma_gemm(float*, float const*, unsigned short const*, int, int, int, int)",2287,40,144985.0,0.0,229376.0,128.0,1954264.0,13989342.0,3190500.0,4912631198075572.0,4912631198155253.0
2287,1,1280,256,1024,0,12,4,32,64,"batch_decode_kernels::rmsnorm(float*, float const*, unsigned short const*, int, int, float)",2288,36,33342.0,0.0,350.0,20.0,72762.0,1690484.0,77521.0,4912631198329814.0,4912631198343094.0
2288,1,256,256,11264,0,24,0,48,64,"batch_decode_kernels::mfma_gemm(float*, float const*, unsigned short const*, int, int, int, int)",2289,40,152695.0,0.0,7168.0,4.0,266494.0,2128766.0,107546.0,4912631198508854.0,4912631198592855.0
2289,1,320,64,0,0,16,0,48,64,"void moe_kernels::router_topk_wave64_kernel<64>(float*, float const*, int*, float*, int, int, int, int, int, float)",2290,57,38259.0,0.0,1840.0,5.0,51184.0,1999936.0,26229.0,4912631198760535.0,4912631198776535.0
2290,1,256,256,1024,0,12,4,64,64,"batch_decode_kernels::align_routes(int const*, int, int, int, int*, int*, int*)",2291,42,39193.0,8.0,414.0,4.0,36892.0,653591.0,4356.0,4912631198937496.0,4912631198954136.0
2291,1,349184,256,19968,0,36,4,48,64,"void batch_decode_kernels::grouped_expert_gate_up<16, 1>(float const*, char const*, unsigned long const*, unsigned long const*, int const*, int const*, float*, unsigned short*, int, int, int, int, int)",2292,25,230405.0,0.0,1486848.0,5456.0,6352050.0,22661200.0,15532369.0,4912631199125017.0,4912631199259898.0
2292,1,11264,256,19968,0,32,0,48,64,"batch_decode_kernels::mfma_gate_up_swiglu(float*, float const*, unsigned short const*, unsigned short const*, int, int, int)",2293,18,160018.0,0.0,495616.0,176.0,2645533.0,15686570.0,4663845.0,4912631199454938.0,4912631199544539.0
2293,1,507904,256,11264,0,24,0,48,64,"void batch_decode_kernels::grouped_expert_down<16, 1>(float const*, unsigned short const*, char const*, unsigned long const*, int const*, int const*, float*, int, int, int, int)",2294,24,139409.0,0.0,946176.0,7936.0,3620322.0,13285132.0,10408640.0,4912631199702620.0,4912631199781980.0
2294,1,1280,256,0,0,12,4,32,64,"batch_decode_kernels::reduce_routes_add(float*, float const*, float const*, int, int, int)",2295,20,63352.0,0.0,0.0,20.0,246825.0,3578643.0,229057.0,4912631199953021.0,4912631199983901.0
2295,1,8192,256,11264,0,24,0,48,64,"batch_decode_kernels::mfma_gemm(float*, float const*, unsigned short const*, int, int, int, int)",2296,40,193063.0,0.0,315392.0,128.0,3052950.0,19005964.0,4449714.0,4912631200135101.0,4912631200243742.0
2296,1,1280,256,1024,0,12,4,32,64,"batch_decode_kernels::rmsnorm(float*, float const*, unsigned short const*, int, int, float)",2297,36,33312.0,0.0,350.0,20.0,73189.0,1683867.0,76876.0,4912631200458463.0,4912631200471423.0
2297,1,12288,256,11264,0,24,0,48,64,"batch_decode_kernels::mfma_gemm(float*, float const*, unsigned short const*, int, int, int, int)",2298,40,142685.0,0.0,344064.0,192.0,2122002.0,13879323.0,4745916.0,4912631200632544.0,4912631200711584.0
2298,1,2304,256,11264,0,24,0,48,64,"batch_decode_kernels::mfma_gemm(float*, float const*, unsigned short const*, int, int, int, int)",2299,40,143317.0,0.0,64512.0,36.0,876235.0,13914735.0,870658.0,4912631200878625.0,4912631200957345.0
2299,1,1280,256,1024,0,24,0,32,64,"batch_decode_kernels::kv_norm_rope(unsigned short*, float const*, unsigned short const*, int, int, int, int, int, int, float const*, int, float)",2300,33,28056.0,0.0,350.0,20.0,85849.0,1335857.0,32753.0,4912631201132226.0,4912631201142146.0
2300,1,32768,256,11264,0,24,0,48,64,"batch_decode_kernels::mfma_head_gemm(float*, float const*, unsigned short const*, int, int, int, int, int, int, unsigned long)",2301,28,34239.0,0.0,57344.0,512.0,429869.0,2513761.0,1120781.0,4912631201305347.0,4912631201318787.0
2301,1,5120,256,0,0,24,0,32,64,"batch_decode_kernels::q_rope(float*, float const*, int, int, int, int, int, int, float const*, int)",2302,29,23491.0,0.0,0.0,80.0,89112.0,1372270.0,82960.0,4912631201474147.0,4912631201481187.0
2302,1,35840,256,0,0,16,0,32,64,"batch_decode_kernels::attention_score(float*, float const*, float const*, unsigned short const*, int, int, int, int, int, int, int, float)",2303,43,29097.0,0.0,26880.0,560.0,287318.0,2034880.0,1048870.0,4912631201643908.0,4912631201654468.0
2303,1,20480,256,1024,0,20,4,48,64,"void attention_kernels::softmax_rows_kernel<256>(float*, int, int, int, int)",2304,52,25055.0,0.0,10240.0,320.0,104884.0,1616475.0,227834.0,4912631201887429.0,4912631201895589.0
2304,1,2621440,256,0,0,16,0,32,64,"batch_decode_kernels::latent_context(float*, float const*, unsigned short const*, int, int, int, int, int, int)",2305,26,67133.0,0.0,983040.0,40960.0,1103064.0,5986295.0,4600025.0,4912631202067430.0,4912631202102630.0
2305,1,8192,256,11264,0,24,0,48,64,"batch_decode_kernels::mfma_head_gemm(float*, float const*, unsigned short const*, int, int, int, int, int, int, unsigned long)",2306,28,52923.0,0.0,57344.0,128.0,719200.0,4540110.0,849571.0,4912631202309351.0,4912631202334311.0
2306,1,8192,256,11264,0,24,0,48,64,"batch_decode_kernels::mfma_gemm(float*, float const*, unsigned short const*, int, int, int, int)",2307,40,144969.0,0.0,229376.0,128.0,1972976.0,14043162.0,3182341.0,4912631202552392.0,4912631202632552.0
2307,1,1280,256,1024,0,12,4,32,64,"batch_decode_kernels::rmsnorm(float*, float const*, unsigned short const*, int, int, float)",2308,36,32282.0,0.0,350.0,20.0,72067.0,1613945.0,72792.0,4912631202871273.0,4912631202883753.0
2308,1,256,256,11264,0,24,0,48,64,"batch_decode_kernels::mfma_gemm(float*, float const*, unsigned short const*, int, int, int, int)",2309,40,151781.0,0.0,7168.0,4.0,276275.0,2116858.0,105942.0,4912631203115914.0,4912631203199435.0
2309,1,320,64,0,0,16,0,48,64,"void moe_kernels::router_topk_wave64_kernel<64>(float*, float const*, int*, float*, int, int, int, int, int, float)",2310,57,38512.0,0.0,1840.0,5.0,52352.0,2006579.0,26056.0,4912631203354475.0,4912631203370476.0
2310,1,256,256,1024,0,12,4,64,64,"batch_decode_kernels::align_routes(int const*, int, int, int, int*, int*, int*)",2311,42,40345.0,8.0,414.0,4.0,36872.0,668060.0,4296.0,4912631203521676.0,4912631203538796.0
2311,1,349184,256,19968,0,36,4,48,64,"void batch_decode_kernels::grouped_expert_gate_up<16, 1>(float const*, char const*, unsigned long const*, unsigned long const*, int const*, int const*, float*, unsigned short*, int, int, int, int, int)",2312,25,232475.0,0.0,1486848.0,5456.0,6435823.0,22837064.0,15639046.0,4912631203688237.0,4912631203823918.0
2312,1,11264,256,19968,0,32,0,48,64,"batch_decode_kernels::mfma_gate_up_swiglu(float*, float const*, unsigned short const*, unsigned short const*, int, int, int)",2313,18,158562.0,0.0,495616.0,176.0,2635993.0,15511395.0,4610988.0,4912631204074799.0,4912631204163599.0
2313,1,507904,256,11264,0,24,0,48,64,"void batch_decode_kernels::grouped_expert_down<16, 1>(float const*, unsigned short const*, char const*, unsigned long const*, int const*, int const*, float*, int, int, int, int)",2314,24,139732.0,0.0,946176.0,7936.0,3680301.0,13472540.0,10587062.0,4912631204312240.0,4912631204391760.0
2314,1,1280,256,0,0,12,4,32,64,"batch_decode_kernels::reduce_routes_add(float*, float const*, float const*, int, int, int)",2315,20,63932.0,0.0,0.0,20.0,227781.0,3600327.0,229395.0,4912631204550001.0,4912631204581361.0
2315,1,8192,256,11264,0,24,0,48,64,"batch_decode_kernels::mfma_gemm(float*, float const*, unsigned short const*, int, int, int, int)",2316,40,192790.0,0.0,315392.0,128.0,3059328.0,19029390.0,4450919.0,4912631204858162.0,4912631204966803.0
2316,1,1280,256,1024,0,12,4,32,64,"batch_decode_kernels::rmsnorm(float*, float const*, unsigned short const*, int, int, float)",2317,36,31677.0,0.0,350.0,20.0,73793.0,1548459.0,67401.0,4912631205167603.0,4912631205179603.0
2317,1,12288,256,11264,0,24,0,48,64,"batch_decode_kernels::mfma_gemm(float*, float const*, unsigned short const*, int, int, int, int)",2318,40,144903.0,0.0,344064.0,192.0,2122713.0,13941021.0,4782514.0,4912631205330804.0,4912631205410644.0
2318,1,2304,256,11264,0,24,0,48,64,"batch_decode_kernels::mfma_gemm(float*, float const*, unsigned short const*, int, int, int, int)",2319,40,145280.0,0.0,64512.0,36.0,864881.0,14127688.0,895816.0,4912631205565045.0,4912631205644885.0
2319,1,1280,256,1024,0,24,0,32,64,"batch_decode_kernels::kv_norm_rope(unsigned short*, float const*, unsigned short const*, int, int, int, int, int, int, float const*, int, float)",2320,33,28413.0,0.0,350.0,20.0,85572.0,1309116.0,32538.0,4912631205798486.0,4912631205808086.0
2320,1,32768,256,11264,0,24,0,48,64,"batch_decode_kernels::mfma_head_gemm(float*, float const*, unsigned short const*, int, int, int, int, int, int, unsigned long)",2321,28,33066.0,0.0,57344.0,512.0,391446.0,2399413.0,1076020.0,4912631205958807.0,4912631205971607.0
2321,1,5120,256,0,0,24,0,32,64,"batch_decode_kernels::q_rope(float*, float const*, int, int, int, int, int, int, float const*, int)",2322,29,23125.0,0.0,0.0,80.0,90813.0,1399375.0,86901.0,4912631206126968.0,4912631206133848.0
2322,1,35840,256,0,0,16,0,32,64,"batch_decode_kernels::attention_score(float*, float const*, float const*, unsigned short const*, int, int, int, int, int, int, int, float)",2323,43,27966.0,0.0,26880.0,560.0,258585.0,1951433.0,972154.0,4912631206286648.0,4912631206296728.0
2323,1,20480,256,1024,0,20,4,48,64,"void attention_kernels::softmax_rows_kernel<256>(float*, int, int, int, int)",2324,52,24228.0,0.0,10240.0,320.0,102825.0,1563279.0,225604.0,4912631206449209.0,4912631206457049.0
2324,1,2621440,256,0,0,16,0,32,64,"batch_decode_kernels::latent_context(float*, float const*, unsigned short const*, int, int, int, int, int, int)",2325,26,66982.0,0.0,983040.0,40960.0,1084461.0,5979028.0,4591146.0,4912631206609690.0,4912631206644890.0
2325,1,8192,256,11264,0,24,0,48,64,"batch_decode_kernels::mfma_head_gemm(float*, float const*, unsigned short const*, int, int, int, int, int, int, unsigned long)",2326,28,53794.0,0.0,57344.0,128.0,768990.0,4612325.0,872108.0,4912631206838171.0,4912631206863771.0
2326,1,8192,256,11264,0,24,0,48,64,"batch_decode_kernels::mfma_gemm(float*, float const*, unsigned short const*, int, int, int, int)",2327,40,147424.0,0.0,229376.0,128.0,1944407.0,14346478.0,3312552.0,4912631207070652.0,4912631207152412.0
2327,1,1280,256,1024,0,12,4,32,64,"batch_decode_kernels::rmsnorm(float*, float const*, unsigned short const*, int, int, float)",2328,36,31729.0,0.0,350.0,20.0,75225.0,1566503.0,68148.0,4912631207436253.0,4912631207448253.0
2328,1,256,256,11264,0,24,0,48,64,"batch_decode_kernels::mfma_gemm(float*, float const*, unsigned short const*, int, int, int, int)",2329,40,156588.0,0.0,7168.0,4.0,271053.0,2179687.0,109424.0,4912631207662014.0,4912631207748255.0
2329,1,320,64,0,0,16,0,48,64,"void moe_kernels::router_topk_wave64_kernel<64>(float*, float const*, int*, float*, int, int, int, int, int, float)",2330,57,38785.0,0.0,1840.0,5.0,52015.0,2021919.0,25745.0,4912631207954976.0,4912631207971296.0
2330,1,256,256,1024,0,12,4,64,64,"batch_decode_kernels::align_routes(int const*, int, int, int, int*, int*, int*)",2331,42,39866.0,8.0,414.0,4.0,37656.0,665837.0,4344.0,4912631208118016.0,4912631208134976.0
2331,1,349184,256,19968,0,36,4,48,64,"void batch_decode_kernels::grouped_expert_gate_up<16, 1>(float const*, char const*, unsigned long const*, unsigned long const*, int const*, int const*, float*, unsigned short*, int, int, int, int, int)",2332,25,230420.0,0.0,1486848.0,5456.0,6359468.0,22758102.0,15572937.0,4912631208340737.0,4912631208475778.0
2332,1,11264,256,19968,0,32,0,48,64,"batch_decode_kernels::mfma_gate_up_swiglu(float*, float const*, unsigned short const*, unsigned short const*, int, int, int)",2333,18,156601.0,0.0,495616.0,176.0,2568921.0,15329928.0,4621476.0,4912631208630747.0,4912631208718428.0
2333,1,507904,256,11264,0,24,0,48,64,"void batch_decode_kernels::grouped_expert_down<16, 1>(float const*, unsigned short const*, char const*, unsigned long const*, int const*, int const*, float*, int, int, int, int)",2334,24,141824.0,0.0,946176.0,7936.0,3662477.0,13551242.0,10691251.0,4912631208924508.0,4912631209005148.0
2334,1,1280,256,0,0,12,4,32,64,"batch_decode_kernels::reduce_routes_add(float*, float const*, float const*, int, int, int)",2335,20,61336.0,0.0,0.0,20.0,234885.0,3392652.0,214908.0,4912631209218589.0,4912631209248349.0
2335,1,8192,256,11264,0,24,0,48,64,"batch_decode_kernels::mfma_gemm(float*, float const*, unsigned short const*, int, int, int, int)",2336,40,194016.0,0.0,315392.0,128.0,3136778.0,19196453.0,4485374.0,4912631209440990.0,4912631209550590.0
2336,1,1280,256,1024,0,12,4,32,64,"batch_decode_kernels::rmsnorm(float*, float const*, unsigned short const*, int, int, float)",2337,36,32970.0,0.0,350.0,20.0,76246.0,1673935.0,76409.0,4912631209726911.0,4912631209739871.0
2337,1,12288,256,11264,0,24,0,48,64,"batch_decode_kernels::mfma_gemm(float*, float const*, unsigned short const*, int, int, int, int)",2338,40,142296.0,0.0,344064.0,192.0,2090751.0,13822006.0,4744959.0,4912631210012992.0,4912631210092033.0
2338,1,2304,256,11264,0,24,0,48,64,"batch_decode_kernels::mfma_gemm(float*, float const*, unsigned short const*, int, int, int, int)",2339,40,146280.0,0.0,64512.0,36.0,879681.0,14193910.0,895153.0,4912631210306434.0,4912631210386754.0
2339,1,1280,256,1024,0,24,0,32,64,"batch_decode_kernels::kv_norm_rope(unsigned short*, float const*, unsigned short const*, int, int, int, int, int, int, float const*, int, float)",2340,33,28282.0,0.0,350.0,20.0,87083.0,1316435.0,32846.0,4912631210592195.0,4912631210601955.0
2340,1,32768,256,11264,0,24,0,48,64,"batch_decode_kernels::mfma_head_gemm(float*, float const*, unsigned short const*, int, int, int, int, int, int, unsigned long)",2341,28,32719.0,0.0,57344.0,512.0,388903.0,2373192.0,1056282.0,4912631210808196.0,4912631210821156.0
2341,1,5120,256,0,0,24,0,32,64,"batch_decode_kernels::q_rope(float*, float const*, int, int, int, int, int, int, float const*, int)",2342,29,23094.0,0.0,0.0,80.0,91852.0,1405069.0,87943.0,4912631211029957.0,4912631211036997.0
2342,1,35840,256,0,0,16,0,32,64,"batch_decode_kernels::attention_score(float*, float const*, float const*, unsigned short const*, int, int, int, int, int, int, int, float)",2343,43,27847.0,0.0,26880.0,560.0,269869.0,1920441.0,986853.0,4912631211246438.0,4912631211256358.0
2343,1,20480,256,1024,0,20,4,48,64,"void attention_kernels::softmax_rows_kernel<256>(float*, int, int, int, int)",2344,52,25216.0,0.0,10240.0,320.0,102629.0,1640070.0,227195.0,4912631211459559.0,4912631211467719.0
2344,1,2621440,256,0,0,16,0,32,64,"batch_decode_kernels::latent_context(float*, float const*, unsigned short const*, int, int, int, int, int, int)",2345,26,66638.0,0.0,983040.0,40960.0,1097510.0,5972164.0,4574386.0,4912631211672680.0,4912631211707720.0
2345,1,8192,256,11264,0,24,0,48,64,"batch_decode_kernels::mfma_head_gemm(float*, float const*, unsigned short const*, int, int, int, int, int, int, unsigned long)",2346,28,53858.0,0.0,57344.0,128.0,618554.0,4622868.0,872651.0,4912631211885641.0,4912631211910921.0
2346,1,8192,256,11264,0,24,0,48,64,"batch_decode_kernels::mfma_gemm(float*, float const*, unsigned short const*, int, int, int, int)",2347,40,145924.0,0.0,229376.0,128.0,1961896.0,14149918.0,3228659.0,4912631212103241.0,4912631212183722.0
2347,1,1280,256,1024,0,12,4,32,64,"batch_decode_kernels::rmsnorm(float*, float const*, unsigned short const*, int, int, float)",2348,36,32857.0,0.0,350.0,20.0,77678.0,1652537.0,74630.0,4912631212443723.0,4912631212456683.0
2348,1,256,256,11264,0,24,0,48,64,"batch_decode_kernels::mfma_gemm(float*, float const*, unsigned short const*, int, int, int, int)",2349,40,156202.0,0.0,7168.0,4.0,271982.0,2176931.0,109067.0,4912631212719084.0,4912631212805325.0
2349,1,320,64,0,0,16,0,48,64,"void moe_kernels::router_topk_wave64_kernel<64>(float*, float const*, int*, float*, int, int, int, int, int, float)",2350,57,37645.0,0.0,1840.0,5.0,49831.0,1960052.0,25528.0,4912631212993325.0,4912631213009005.0
2350,1,256,256,1024,0,12,4,64,64,"batch_decode_kernels::align_routes(int const*, int, int, int, int*, int*, int*)",2351,42,39447.0,18.0,424.0,4.0,36509.0,658635.0,4288.0,4912631213272207.0,4912631213288847.0
2351,1,349184,256,19968,0,36,4,48,64,"void batch_decode_kernels::grouped_expert_gate_up<16, 1>(float const*, char const*, unsigned long const*, unsigned long const*, int const*, int const*, float*, unsigned short*, int, int, int, int, int)",2352,25,228791.0,0.0,1486848.0,5456.0,6349362.0,22519318.0,15365250.0,4912631213478767.0,4912631213612848.0
2352,1,11264,256,19968,0,32,0,48,64,"batch_decode_kernels::mfma_gate_up_swiglu(float*, float const*, unsigned short const*, unsigned short const*, int, int, int)",2353,18,155551.0,0.0,495616.0,176.0,2461168.0,15216503.0,4601827.0,4912631213873649.0,4912631213960850.0
2353,1,507904,256,11264,0,24,0,48,64,"void batch_decode_kernels::grouped_expert_down<16, 1>(float const*, unsigned short const*, char const*, unsigned long const*, int const*, int const*, float*, int, int, int, int)",2354,24,139361.0,0.0,946176.0,7936.0,3666906.0,13454418.0,10651364.0,4912631214211091.0,4912631214290611.0
2354,1,1280,256,0,0,12,4,32,64,"batch_decode_kernels::reduce_routes_add(float*, float const*, float const*, int, int, int)",2355,20,62981.0,0.0,0.0,20.0,239591.0,3551798.0,225012.0,4912631214480852.0,4912631214511892.0
2355,1,8192,256,11264,0,24,0,48,64,"batch_decode_kernels::mfma_gemm(float*, float const*, unsigned short const*, int, int, int, int)",2356,40,194981.0,0.0,315392.0,128.0,3100893.0,19244488.0,4511735.0,4912631214685973.0,4912631214796053.0
2356,1,1280,256,1024,0,12,4,32,64,"batch_decode_kernels::rmsnorm(float*, float const*, unsigned short const*, int, int, float)",2357,36,33354.0,0.0,350.0,20.0,70176.0,1632426.0,72780.0,4912631214954294.0,4912631214966934.0
2357,1,12288,256,11264,0,24,0,48,64,"batch_decode_kernels::mfma_gemm(float*, float const*, unsigned short const*, int, int, int, int)",2358,40,142051.0,0.0,344064.0,192.0,2084293.0,13748452.0,4678015.0,4912631215164215.0,4912631215242615.0
2358,1,2304,256,11264,0,24,0,48,64,"batch_decode_kernels::mfma_gemm(float*, float const*, unsigned short const*, int, int, int, int)",2359,40,145299.0,0.0,64512.0,36.0,864782.0,14116794.0,895176.0,4912631215430296.0,4912631215510136.0
2359,1,1280,256,1024,0,24,0,32,64,"batch_decode_kernels::kv_norm_rope(unsigned short*, float const*, unsigned short const*, int, int, int, int, int, int, float const*, int, float)",2360,33,28894.0,0.0,350.0,20.0,85679.0,1374181.0,35974.0,4912631215693657.0,4912631215704057.0
2360,1,32768,256,11264,0,24,0,48,64,"batch_decode_kernels::mfma_head_gemm(float*, float const*, unsigned short const*, int, int, int, int, int, int, unsigned long)",2361,28,33268.0,0.0,57344.0,512.0,405070.0,2451725.0,1112043.0,4912631215896858.0,4912631215909978.0
2361,1,5120,256,0,0,24,0,32,64,"batch_decode_kernels::q_rope(float*, float const*, int, int, int, int, int, int, float const*, int)",2362,29,23236.0,0.0,0.0,80.0,91050.0,1383788.0,86900.0,4912631216102619.0,4912631216109819.0
2362,1,35840,256,0,0,16,0,32,64,"batch_decode_kernels::attention_score(float*, float const*, float const*, unsigned short const*, int, int, int, int, int, int, int, float)",2363,43,27539.0,0.0,26880.0,560.0,263629.0,1898718.0,1000386.0,4912631216309020.0,4912631216318780.0
2363,1,20480,256,1024,0,20,4,48,64,"void attention_kernels::softmax_rows_kernel<256>(float*, int, int, int, int)",2364,52,24771.0,0.0,10240.0,320.0,98998.0,1604554.0,223079.0,4912631216508541.0,4912631216516541.0
2364,1,2621440,256,0,0,16,0,32,64,"batch_decode_kernels::latent_context(float*, float const*, unsigned short const*, int, int, int, int, int, int)",2365,26,66694.0,0.0,983040.0,40960.0,1092266.0,5942186.0,4615403.0,4912631216771262.0,4912631216805982.0
2365,1,8192,256,11264,0,24,0,48,64,"batch_decode_kernels::mfma_head_gemm(float*, float const*, unsigned short const*, int, int, int, int, int, int, unsigned long)",2366,28,54450.0,0.0,57344.0,128.0,712371.0,4652937.0,874364.0,4912631217033503.0,4912631217059103.0
2366,1,8192,256,11264,0,24,0,48,64,"batch_decode_kernels::mfma_gemm(float*, float const*, unsigned short const*, int, int, int, int)",2367,40,144089.0,0.0,229376.0,128.0,1957933.0,13941333.0,3161209.0,4912631217293344.0,4912631217372864.0
2367,1,1280,256,1024,0,12,4,32,64,"batch_decode_kernels::rmsnorm(float*, float const*, unsigned short const*, int, int, float)",2368,36,32448.0,0.0,350.0,20.0,75852.0,1629059.0,72937.0,4912631217607746.0,4912631217620386.0
2368,1,256,256,11264,0,24,0,48,64,"batch_decode_kernels::mfma_gemm(float*, float const*, unsigned short const*, int, int, int, int)",2369,40,157160.0,0.0,7168.0,4.0,277967.0,2187201.0,110175.0,4912631217805186.0,4912631217891747.0
2369,1,320,64,0,0,16,0,48,64,"void moe_kernels::router_topk_wave64_kernel<64>(float*, float const*, int*, float*, int, int, int, int, int, float)",2370,57,38742.0,0.0,1840.0,5.0,52696.0,2022010.0,26183.0,4912631218066148.0,4912631218082468.0
2370,1,256,256,1024,0,12,4,64,64,"batch_decode_kernels::align_routes(int const*, int, int, int, int*, int*, int*)",2371,42,39605.0,8.0,414.0,4.0,37609.0,662509.0,4223.0,4912631218328709.0,4912631218345509.0
2371,1,349184,256,19968,0,36,4,48,64,"void batch_decode_kernels::grouped_expert_gate_up<16, 1>(float const*, char const*, unsigned long const*, unsigned long const*, int const*, int const*, float*, unsigned short*, int, int, int, int, int)",2372,25,232495.0,0.0,1486848.0,5456.0,6348849.0,22707051.0,15376669.0,4912631218598150.0,4912631218734470.0
2372,1,11264,256,19968,0,32,0,48,64,"batch_decode_kernels::mfma_gate_up_swiglu(float*, float const*, unsigned short const*, unsigned short const*, int, int, int)",2373,18,156872.0,0.0,495616.0,176.0,2531388.0,15340770.0,4620296.0,4912631218967911.0,4912631219055752.0
2373,1,507904,256,11264,0,24,0,48,64,"void batch_decode_kernels::grouped_expert_down<16, 1>(float const*, unsigned short const*, char const*, unsigned long const*, int const*, int const*, float*, int, int, int, int)",2374,24,140377.0,0.0,946176.0,7936.0,3667664.0,13522330.0,10714401.0,4912631219283273.0,4912631219363113.0
2374,1,1280,256,0,0,12,4,32,64,"batch_decode_kernels::reduce_routes_add(float*, float const*, float const*, int, int, int)",2375,20,60763.0,0.0,0.0,20.0,206243.0,3425061.0,216046.0,4912631219590794.0,4912631219620234.0
2375,1,8192,256,11264,0,24,0,48,64,"batch_decode_kernels::mfma_gemm(float*, float const*, unsigned short const*, int, int, int, int)",2376,40,193917.0,0.0,315392.0,128.0,3094209.0,19097055.0,4461396.0,4912631219782475.0,4912631219891755.0
2376,1,1280,256,1024,0,12,4,32,64,"batch_decode_kernels::rmsnorm(float*, float const*, unsigned short const*, int, int, float)",2377,36,31897.0,0.0,350.0,20.0,70612.0,1595480.0,70638.0,4912631220092716.0,4912631220105036.0
2377,1,12288,256,11264,0,24,0,48,64,"batch_decode_kernels::mfma_gemm(float*, float const*, unsigned short const*, int, int, int, int)",2378,40,140961.0,0.0,344064.0,192.0,2080063.0,13640630.0,4622570.0,4912631220281837.0,4912631220359598.0
2378,1,2304,256,11264,0,24,0,48,64,"batch_decode_kernels::mfma_gemm(float*, float const*, unsigned short const*, int, int, int, int)",2379,40,145085.0,0.0,64512.0,36.0,846924.0,14083956.0,895484.0,4912631220585998.0,4912631220665679.0
2379,1,1280,256,1024,0,24,0,32,64,"batch_decode_kernels::kv_norm_rope(unsigned short*, float const*, unsigned short const*, int, int, int, int, int, int, float const*, int, float)",2380,33,28496.0,0.0,350.0,20.0,85925.0,1348467.0,38449.0,4912631220890800.0,4912631220901040.0
2380,1,32768,256,11264,0,24,0,48,64,"batch_decode_kernels::mfma_head_gemm(float*, float const*, unsigned short const*, int, int, int, int, int, int, unsigned long)",2381,28,31837.0,0.0,57344.0,512.0,384520.0,2293996.0,1058763.0,4912631221083921.0,4912631221096241.0
2381,1,5120,256,0,0,24,0,32,64,"batch_decode_kernels::q_rope(float*, float const*, int, int, int, int, int, int, float const*, int)",2382,29,24217.0,0.0,0.0,80.0,92714.0,1423139.0,87650.0,4912631221331442.0,4912631221338962.0
2382,1,35840,256,0,0,16,0,32,64,"batch_decode_kernels::attention_score(float*, float const*, float const*, unsigned short const*, int, int, int, int, int, int, int, float)",2383,43,28703.0,0.0,26880.0,560.0,270262.0,1974924.0,993536.0,4912631221576563.0,4912631221586963.0
2383,1,20480,256,1024,0,20,4,48,64,"void attention_kernels::softmax_rows_kernel<256>(float*, int, int, int, int)",2384,52,24405.0,0.0,10240.0,320.0,92098.0,1595519.0,205205.0,4912631221821204.0,4912631221829204.0
2384,1,2621440,256,0,0,16,0,32,64,"batch_decode_kernels::latent_context(float*, float const*, unsigned short const*, int, int, int, int, int, int)",2385,26,66926.0,0.0,983040.0,40960.0,1098543.0,5991664.0,4658648.0,4912631222068245.0,4912631222103285.0
2385,1,8192,256,11264,0,24,0,48,64,"batch_decode_kernels::mfma_head_gemm(float*, float const*, unsigned short const*, int, int, int, int, int, int, unsigned long)",2386,28,53431.0,0.0,57344.0,128.0,736690.0,4584037.0,859580.0,4912631222308406.0,4912631222333686.0
2386,1,8192,256,11264,0,24,0,48,64,"batch_decode_kernels::mfma_gemm(float*, float const*, unsigned short const*, int, int, int, int)",2387,40,145875.0,0.0,229376.0,128.0,1967724.0,14158082.0,3248445.0,4912631222546807.0,4912631222627447.0
2387,1,1280,256,1024,0,12,4,32,64,"batch_decode_kernels::rmsnorm(float*, float const*, unsigned short const*, int, int, float)",2388,36,32554.0,0.0,350.0,20.0,73964.0,1630814.0,73408.0,4912631222783928.0,4912631222796568.0
2388,1,256,256,11264,0,24,0,48,64,"batch_decode_kernels::mfma_gemm(float*, float const*, unsigned short const*, int, int, int, int)",2389,40,154750.0,0.0,7168.0,4.0,268951.0,2155091.0,106105.0,4912631223028729.0,4912631223114010.0
2389,1,320,64,0,0,16,0,48,64,"void moe_kernels::router_topk_wave64_kernel<64>(float*, float const*, int*, float*, int, int, int, int, int, float)",2390,57,38747.0,0.0,1840.0,5.0,51339.0,2020320.0,24959.0,4912631223262970.0,4912631223279290.0
2390,1,256,256,1024,0,12,4,64,64,"batch_decode_kernels::align_routes(int const*, int, int, int, int*, int*, int*)",2391,42,40010.0,8.0,414.0,4.0,37000.0,665382.0,4176.0,4912631223502331.0,4912631223519291.0
2391,1,349184,256,19968,0,36,4,48,64,"void batch_decode_kernels::grouped_expert_gate_up<16, 1>(float const*, char const*, unsigned long const*, unsigned long const*, int const*, int const*, float*, unsigned short*, int, int, int, int, int)",2392,25,227887.0,0.0,1486848.0,5456.0,6288598.0,22448416.0,15542764.0,4912631223735612.0,4912631223869213.0
2392,1,11264,256,19968,0,32,0,48,64,"batch_decode_kernels::mfma_gate_up_swiglu(float*, float const*, unsigned short const*, unsigned short const*, int, int, int)",2393,18,157924.0,0.0,495616.0,176.0,2509343.0,15451023.0,4641977.0,4912631224028894.0,4912631224117374.0
2393,1,507904,256,11264,0,24,0,48,64,"void batch_decode_kernels::grouped_expert_down<16, 1>(float const*, unsigned short const*, char const*, unsigned long const*, int const*, int const*, float*, int, int, int, int)",2394,24,140067.0,0.0,946176.0,7936.0,3634709.0,13297846.0,10488711.0,4912631224314975.0,4912631224394655.0
2394,1,1280,256,0,0,12,4,32,64,"batch_decode_kernels::reduce_routes_add(float*, float const*, float const*, int, int, int)",2395,20,61594.0,0.0,0.0,20.0,218552.0,3480233.0,221355.0,4912631224601856.0,4912631224631776.0
2395,1,8192,256,11264,0,24,0,48,64,"batch_decode_kernels::mfma_gemm(float*, float const*, unsigned short const*, int, int, int, int)",2396,40,193270.0,0.0,315392.0,128.0,3119882.0,19115346.0,4457111.0,4912631224832577.0,4912631224941858.0
2396,1,1280,256,1024,0,12,4,32,64,"batch_decode_kernels::rmsnorm(float*, float const*, unsigned short const*, int, int, float)",2397,36,32109.0,0.0,350.0,20.0,71627.0,1603176.0,70883.0,4912631225175139.0,4912631225187459.0
2397,1,12288,256,11264,0,24,0,48,64,"batch_decode_kernels::mfma_gemm(float*, float const*, unsigned short const*, int, int, int, int)",2398,40,144877.0,0.0,344064.0,192.0,2126867.0,14069682.0,4806819.0,4912631225405380.0,4912631225485700.0
2398,1,2304,256,11264,0,24,0,48,64,"batch_decode_kernels::mfma_gemm(float*, float const*, unsigned short const*, int, int, int, int)",2399,40,145398.0,0.0,64512.0,36.0,858118.0,14162229.0,899112.0,4912631225687461.0,4912631225767461.0
2399,1,1280,256,1024,0,24,0,32,64,"batch_decode_kernels::kv_norm_rope(unsigned short*, float const*, unsigned short const*, int, int, int, int, int, int, float const*, int, float)",2400,33,27963.0,0.0,350.0,20.0,85721.0,1338028.0,32603.0,4912631225912902.0,4912631225922822.0
2400,1,32768,256,11264,0,24,0,48,64,"batch_decode_kernels::mfma_head_gemm(float*, float const*, unsigned short const*, int, int, int, int, int, int, unsigned long)",2401,28,31276.0,0.0,57344.0,512.0,394042.0,2305384.0,1062686.0,4912631226146983.0,4912631226159303.0
2401,1,5120,256,0,0,24,0,32,64,"batch_decode_kernels::q_rope(float*, float const*, int, int, int, int, int, int, float const*, int)",2402,29,23023.0,0.0,0.0,80.0,90672.0,1401260.0,89461.0,4912631226320584.0,4912631226327464.0
2402,1,35840,256,0,0,16,0,32,64,"batch_decode_kernels::attention_score(float*, float const*, float const*, unsigned short const*, int, int, int, int, int, int, int, float)",2403,43,27375.0,0.0,26880.0,560.0,253627.0,1864892.0,971163.0,4912631226546985.0,4912631226556585.0
2403,1,20480,256,1024,0,20,4,48,64,"void attention_kernels::softmax_rows_kernel<256>(float*, int, int, int, int)",2404,52,25682.0,0.0,10240.0,320.0,98197.0,1658270.0,217195.0,4912631226718825.0,4912631226727145.0
2404,1,2621440,256,0,0,16,0,32,64,"batch_decode_kernels::latent_context(float*, float const*, unsigned short const*, int, int, int, int, int, int)",2405,26,66627.0,0.0,983040.0,40960.0,1079490.0,5959476.0,4613544.0,4912631226941866.0,4912631226976906.0
2405,1,8192,256,11264,0,24,0,48,64,"batch_decode_kernels::mfma_head_gemm(float*, float const*, unsigned short const*, int, int, int, int, int, int, unsigned long)",2406,28,53262.0,0.0,57344.0,128.0,754655.0,4541306.0,854451.0,4912631227221067.0,4912631227246348.0
2406,1,8192,256,11264,0,24,0,48,64,"batch_decode_kernels::mfma_gemm(float*, float const*, unsigned short const*, int, int, int, int)",2407,40,145575.0,0.0,229376.0,128.0,1974492.0,14106368.0,3214487.0,4912631227445548.0,4912631227526029.0
2407,1,1280,256,1024,0,12,4,32,64,"batch_decode_kernels::rmsnorm(float*, float const*, unsigned short const*, int, int, float)",2408,36,31960.0,0.0,350.0,20.0,75994.0,1591775.0,70413.0,4912631227765550.0,4912631227777870.0
2408,1,256,256,11264,0,24,0,48,64,"batch_decode_kernels::mfma_gemm(float*, float const*, unsigned short const*, int, int, int, int)",2409,40,157485.0,0.0,7168.0,4.0,272223.0,2190815.0,111042.0,4912631227984271.0,4912631228071151.0
2409,1,320,64,0,0,16,0,48,64,"void moe_kernels::router_topk_wave64_kernel<64>(float*, float const*, int*, float*, int, int, int, int, int, float)",2410,57,38263.0,0.0,1840.0,5.0,50828.0,1999065.0,25442.0,4912631228307632.0,4912631228323632.0
2410,1,256,256,1024,0,12,4,64,64,"batch_decode_kernels::align_routes(int const*, int, int, int, int*, int*, int*)",2411,42,39617.0,8.0,414.0,4.0,37249.0,660611.0,4380.0,4912631228525553.0,4912631228542513.0
2411,1,349184,256,19968,0,36,4,48,64,"void batch_decode_kernels::grouped_expert_gate_up<16, 1>(float const*, char const*, unsigned long const*, unsigned long const*, int const*, int const*, float*, unsigned short*, int, int, int, int, int)",2412,25,232400.0,0.0,1486848.0,5456.0,6368029.0,22604936.0,15429423.0,4912631228742034.0,4912631228878355.0
2412,1,11264,256,19968,0,32,0,48,64,"batch_decode_kernels::mfma_gate_up_swiglu(float*, float const*, unsigned short const*, unsigned short const*, int, int, int)",2413,18,158164.0,0.0,495616.0,176.0,2537305.0,15498317.0,4653010.0,4912631229115316.0,4912631229204116.0
2413,1,507904,256,11264,0,24,0,48,64,"void batch_decode_kernels::grouped_expert_down<16, 1>(float const*, unsigned short const*, char const*, unsigned long const*, int const*, int const*, float*, int, int, int, int)",2414,24,139552.0,0.0,946176.0,7936.0,3652809.0,13357776.0,10637656.0,4912631229427957.0,4912631229507317.0
2414,1,1280,256,0,0,12,4,32,64,"batch_decode_kernels::reduce_routes_add(float*, float const*, float const*, int, int, int)",2415,20,64323.0,0.0,0.0,20.0,232139.0,3526721.0,224982.0,4912631229689238.0,4912631229720758.0
2415,1,8192,256,11264,0,24,0,48,64,"batch_decode_kernels::mfma_gemm(float*, float const*, unsigned short const*, int, int, int, int)",2416,40,193883.0,0.0,315392.0,128.0,3077289.0,19109886.0,4451980.0,4912631229951639.0,4912631230060920.0
2416,1,1280,256,1024,0,12,4,32,64,"batch_decode_kernels::rmsnorm(float*, float const*, unsigned short const*, int, int, float)",2417,36,32017.0,0.0,350.0,20.0,74732.0,1600173.0,71618.0,4912631230264921.0,4912631230277241.0
2417,1,12288,256,11264,0,24,0,48,64,"batch_decode_kernels::mfma_gemm(float*, float const*, unsigned short const*, int, int, int, int)",2418,40,144471.0,0.0,344064.0,192.0,2112281.0,14051222.0,4834933.0,4912631230476762.0,4912631230556922.0
2418,1,2304,256,11264,0,24,0,48,64,"batch_decode_kernels::mfma_gemm(float*, float const*, unsigned short const*, int, int, int, int)",2419,40,145560.0,0.0,64512.0,36.0,847994.0,14169418.0,897477.0,4912631230732443.0,4912631230812603.0
2419,1,1280,256,1024,0,24,0,32,64,"batch_decode_kernels::kv_norm_rope(unsigned short*, float const*, unsigned short const*, int, int, int, int, int, int, float const*, int, float)",2420,33,28578.0,0.0,350.0,20.0,88344.0,1350703.0,32411.0,4912631231045884.0,4912631231055964.0
2420,1,32768,256,11264,0,24,0,48,64,"batch_decode_kernels::mfma_head_gemm(float*, float const*, unsigned short const*, int, int, int, int, int, int, unsigned long)",2421,28,31770.0,0.0,57344.0,512.0,386504.0,2331293.0,1047769.0,4912631231251005.0,4912631231263325.0
2421,1,5120,256,0,0,24,0,32,64,"batch_decode_kernels::q_rope(float*, float const*, int, int, int, int, int, int, float const*, int)",2422,29,23245.0,0.0,0.0,80.0,92107.0,1397477.0,84974.0,4912631231410046.0,4912631231417086.0
2422,1,35840,256,0,0,16,0,32,64,"batch_decode_kernels::attention_score(float*, float const*, float const*, unsigned short const*, int, int, int, int, int, int, int, float)",2423,43,27140.0,0.0,26880.0,560.0,240783.0,1861499.0,943448.0,4912631231568766.0,4912631231578366.0
2423,1,20480,256,1024,0,20,4,48,64,"void attention_kernels::softmax_rows_kernel<256>(float*, int, int, int, int)",2424,52,24505.0,0.0,10240.0,320.0,102172.0,1579295.0,224970.0,4912631231774207.0,4912631231782047.0
2424,1,2621440,256,0,0,16,0,32,64,"batch_decode_kernels::latent_context(float*, float const*, unsigned short const*, int, int, int, int, int, int)",2425,26,66081.0,0.0,983040.0,40960.0,1096803.0,5912221.0,4650651.0,4912631231979808.0,4912631232014528.0
2425,1,8192,256,11264,0,24,0,48,64,"batch_decode_kernels::mfma_head_gemm(float*, float const*, unsigned short const*, int, int, int, int, int, int, unsigned long)",2426,28,54883.0,0.0,57344.0,128.0,758368.0,4696071.0,868896.0,4912631232240289.0,4912631232266209.0
2426,1,8192,256,11264,0,24,0,48,64,"batch_decode_kernels::mfma_gemm(float*, float const*, unsigned short const*, int, int, int, int)",2427,40,145719.0,0.0,229376.0,128.0,1947420.0,14150451.0,3223997.0,4912631232488930.0,4912631232569571.0
2427,1,1280,256,1024,0,12,4,32,64,"batch_decode_kernels::rmsnorm(float*, float const*, unsigned short const*, int, int, float)",2428,36,31431.0,0.0,350.0,20.0,69681.0,1562330.0,67737.0,4912631232780612.0,4912631232792452.0
2428,1,256,256,11264,0,24,0,48,64,"batch_decode_kernels::mfma_gemm(float*, float const*, unsigned short const*, int, int, int, int)",2429,40,157689.0,0.0,7168.0,4.0,275455.0,2193493.0,110408.0,4912631233033093.0,4912631233119973.0
2429,1,320,64,0,0,16,0,48,64,"void moe_kernels::router_topk_wave64_kernel<64>(float*, float const*, int*, float*, int, int, int, int, int, float)",2430,57,38308.0,0.0,1840.0,5.0,50575.0,1989120.0,26543.0,4912631233324454.0,4912631233340614.0
2430,1,256,256,1024,0,12,4,64,64,"batch_decode_kernels::align_routes(int const*, int, int, int, int*, int*, int*)",2431,42,39892.0,8.0,414.0,4.0,36975.0,665837.0,4388.0,4912631233569735.0,4912631233586695.0
2431,1,349184,256,19968,0,36,4,48,64,"void batch_decode_kernels::grouped_expert_gate_up<16, 1>(float const*, char const*, unsigned long const*, unsigned long const*, int const*, int const*, float*, unsigned short*, int, int, int, int, int)",2432,25,234257.0,0.0,1486848.0,5456.0,6369517.0,22844890.0,15557382.0,4912631233812776.0,4912631233949897.0
2432,1,11264,256,19968,0,32,0,48,64,"batch_decode_kernels::mfma_gate_up_swiglu(float*, float const*, unsigned short const*, unsigned short const*, int, int, int)",2433,18,157490.0,0.0,495616.0,176.0,2536993.0,15425153.0,4618232.0,4912631234147338.0,4912631234235818.0
2433,1,507904,256,11264,0,24,0,48,64,"void batch_decode_kernels::grouped_expert_down<16, 1>(float const*, unsigned short const*, char const*, unsigned long const*, int const*, int const*, float*, int, int, int, int)",2434,24,140916.0,0.0,946176.0,7936.0,3664305.0,13539022.0,10669425.0,4912631234388299.0,4912631234468459.0
2434,1,1280,256,0,0,12,4,32,64,"batch_decode_kernels::reduce_routes_add(float*, float const*, float const*, int, int, int)",2435,20,63547.0,0.0,0.0,20.0,232635.0,3602121.0,230588.0,4912631234672620.0,4912631234703660.0
2435,1,8192,256,11264,0,24,0,48,64,"batch_decode_kernels::mfma_gemm(float*, float const*, unsigned short const*, int, int, int, int)",2436,40,195039.0,0.0,315392.0,128.0,3135547.0,19211130.0,4501526.0,4912631234912301.0,4912631235022541.0
2436,1,1280,256,1024,0,12,4,32,64,"batch_decode_kernels::rmsnorm(float*, float const*, unsigned short const*, int, int, float)",2437,36,32606.0,0.0,350.0,20.0,73867.0,1628825.0,69973.0,4912631235243982.0,4912631235256623.0
2437,1,12288,256,11264,0,24,0,48,64,"batch_decode_kernels::mfma_gemm(float*, float const*, unsigned short const*, int, int, int, int)",2438,40,143232.0,0.0,344064.0,192.0,2104579.0,13874396.0,4747928.0,4912631235437743.0,4912631235517264.0
2438,1,2304,256,11264,0,24,0,48,64,"batch_decode_kernels::mfma_gemm(float*, float const*, unsigned short const*, int, int, int, int)",2439,40,146165.0,0.0,64512.0,36.0,860618.0,14217583.0,899310.0,4912631235714865.0,4912631235795185.0
2439,1,1280,256,1024,0,24,0,32,64,"batch_decode_kernels::kv_norm_rope(unsigned short*, float const*, unsigned short const*, int, int, int, int, int, int, float const*, int, float)",2440,33,28568.0,0.0,350.0,20.0,85375.0,1362130.0,33718.0,4912631235992626.0,4912631236002706.0
2440,1,32768,256,11264,0,24,0,48,64,"batch_decode_kernels::mfma_head_gemm(float*, float const*, unsigned short const*, int, int, int, int, int, int, unsigned long)",2441,28,32757.0,0.0,57344.0,512.0,394979.0,2354680.0,1107532.0,4912631236231507.0,4912631236244147.0
2441,1,5120,256,0,0,24,0,32,64,"batch_decode_kernels::q_rope(float*, float const*, int, int, int, int, int, int, float const*, int)",2442,29,22869.0,0.0,0.0,80.0,92109.0,1380343.0,86152.0,4912631236463988.0,4912631236471028.0
2442,1,35840,256,0,0,16,0,32,64,"batch_decode_kernels::attention_score(float*, float const*, float const*, unsigned short const*, int, int, int, int, int, int, int, float)",2443,43,28113.0,0.0,26880.0,560.0,254518.0,1953019.0,1008393.0,4912631236693749.0,4912631236703669.0
2443,1,20480,256,1024,0,20,4,48,64,"void attention_kernels::softmax_rows_kernel<256>(float*, int, int, int, int)",2444,52,24737.0,0.0,10240.0,320.0,96563.0,1617060.0,216070.0,4912631236923030.0,4912631236931030.0
2444,1,2621440,256,0,0,16,0,32,64,"batch_decode_kernels::latent_context(float*, float const*, unsigned short const*, int, int, int, int, int, int)",2445,26,66572.0,0.0,983040.0,40960.0,1109903.0,5939131.0,4623698.0,4912631237156311.0,4912631237191031.0
2445,1,8192,256,11264,0,24,0,48,64,"batch_decode_kernels::mfma_head_gemm(float*, float const*, unsigned short const*, int, int, int, int, int, int, unsigned long)",2446,28,54035.0,0.0,57344.0,128.0,679582.0,4599429.0,852305.0,4912631237387352.0,4912631237412952.0
2446,1,8192,256,11264,0,24,0,48,64,"batch_decode_kernels::mfma_gemm(float*, float const*, unsigned short const*, int, int, int, int)",2447,40,146312.0,0.0,229376.0,128.0,1944675.0,14189048.0,3231173.0,4912631237612793.0,4912631237693593.0
2447,1,1280,256,1024,0,12,4,32,64,"batch_decode_kernels::rmsnorm(float*, float const*, unsigned short const*, int, int, float)",2448,36,31180.0,0.0,350.0,20.0,66799.0,1558599.0,67553.0,4912631237921274.0,4912631237933274.0
2448,1,256,256,11264,0,24,0,48,64,"batch_decode_kernels::mfma_gemm(float*, float const*, unsigned short const*, int, int, int, int)",2449,40,158768.0,0.0,7168.0,4.0,276676.0,2205726.0,111833.0,4912631238150715.0,4912631238238236.0
2449,1,320,64,0,0,16,0,48,64,"void moe_kernels::router_topk_wave64_kernel<64>(float*, float const*, int*, float*, int, int, int, int, int, float)",2450,57,38457.0,0.0,1840.0,5.0,51765.0,1972233.0,25775.0,4912631238455676.0,4912631238471517.0
2450,1,256,256,1024,0,12,4,64,64,"batch_decode_kernels::align_routes(int const*, int, int, int, int*, int*, int*)",2451,42,40060.0,8.0,414.0,4.0,36959.0,665733.0,4312.0,4912631238676637.0,4912631238693757.0
2451,1,349184,256,19968,0,36,4,48,64,"void batch_decode_kernels::grouped_expert_gate_up<16, 1>(float const*, char const*, unsigned long const*, unsigned long const*, int const*, int const*, float*, unsigned short*, int, int, int, int, int)",2452,25,229940.0,0.0,1486848.0,5456.0,6335586.0,22723119.0,15382100.0,4912631238897118.0,4912631239031999.0
2452,1,11264,256,19968,0,32,0,48,64,"batch_decode_kernels::mfma_gate_up_swiglu(float*, float const*, unsigned short const*, unsigned short const*, int, int, int)",2453,18,156661.0,0.0,495616.0,176.0,2532542.0,15319086.0,4634093.0,4912631239243360.0,4912631239331040.0
2453,1,507904,256,11264,0,24,0,48,64,"void batch_decode_kernels::grouped_expert_down<16, 1>(float const*, unsigned short const*, char const*, unsigned long const*, int const*, int const*, float*, int, int, int, int)",2454,24,141325.0,0.0,946176.0,7936.0,3657648.0,13537605.0,10699077.0,4912631239541121.0,4912631239621602.0
2454,1,1280,256,0,0,12,4,32,64,"batch_decode_kernels::reduce_routes_add(float*, float const*, float const*, int, int, int)",2455,20,61441.0,0.0,0.0,20.0,219122.0,3460668.0,220158.0,4912631239838082.0,4912631239867843.0
2455,1,8192,256,11264,0,24,0,48,64,"batch_decode_kernels::mfma_gemm(float*, float const*, unsigned short const*, int, int, int, int)",2456,40,194833.0,0.0,315392.0,128.0,3125455.0,19196102.0,4492124.0,4912631240058883.0,4912631240168804.0
2456,1,1280,256,1024,0,12,4,32,64,"batch_decode_kernels::rmsnorm(float*, float const*, unsigned short const*, int, int, float)",2457,36,32218.0,0.0,350.0,20.0,73811.0,1601512.0,71725.0,4912631240333125.0,4912631240345605.0
2457,1,12288,256,11264,0,24,0,48,64,"batch_decode_kernels::mfma_gemm(float*, float const*, unsigned short const*, int, int, int, int)",2458,40,141180.0,0.0,344064.0,192.0,2070852.0,13686611.0,4715460.0,4912631240551846.0,4912631240629926.0
2458,1,2304,256,11264,0,24,0,48,64,"batch_decode_kernels::mfma_gemm(float*, float const*, unsigned short const*, int, int, int, int)",2459,40,146495.0,0.0,64512.0,36.0,847248.0,14235848.0,908538.0,4912631240846087.0,4912631240926407.0
2459,1,1280,256,1024,0,24,0,32,64,"batch_decode_kernels::kv_norm_rope(unsigned short*, float const*, unsigned short const*, int, int, int, int, int, int, float const*, int, float)",2460,33,28730.0,0.0,350.0,20.0,86934.0,1357944.0,32898.0,4912631241140808.0,4912631241151048.0
2460,1,32768,256,11264,0,24,0,48,64,"batch_decode_kernels::mfma_head_gemm(float*, float const*, unsigned short const*, int, int, int, int, int, int, unsigned long)",2461,28,31986.0,0.0,57344.0,512.0,389388.0,2289693.0,1057390.0,4912631241351529.0,4912631241363849.0
2461,1,5120,256,0,0,24,0,32,64,"batch_decode_kernels::q_rope(float*, float const*, int, int, int, int, int, int, float const*, int)",2462,29,23022.0,0.0,0.0,80.0,92250.0,1400025.0,84645.0,4912631241559050.0,4912631241565930.0
2462,1,35840,256,0,0,16,0,32,64,"batch_decode_kernels::attention_score(float*, float const*, float const*, unsigned short const*, int, int, int, int, int, int, int, float)",2463,43,27515.0,0.0,26880.0,560.0,259764.0,1911601.0,949860.0,4912631241768331.0,4912631241778091.0
2463,1,20480,256,1024,0,20,4,48,64,"void attention_kernels::softmax_rows_kernel<256>(float*, int, int, int, int)",2464,52,25118.0,0.0,10240.0,320.0,101278.0,1643645.0,231415.0,4912631241995692.0,4912631242003852.0
2464,1,2621440,256,0,0,16,0,32,64,"batch_decode_kernels::latent_context(float*, float const*, unsigned short const*, int, int, int, int, int, int)",2465,26,66139.0,0.0,983040.0,40960.0,1103842.0,5905734.0,4688070.0,4912631242208493.0,4912631242243053.0
2465,1,8192,256,11264,0,24,0,48,64,"batch_decode_kernels::mfma_head_gemm(float*, float const*, unsigned short const*, int, int, int, int, int, int, unsigned long)",2466,28,54909.0,0.0,57344.0,128.0,812788.0,4670448.0,877452.0,4912631242450894.0,4912631242476974.0
2466,1,8192,256,11264,0,24,0,48,64,"batch_decode_kernels::mfma_gemm(float*, float const*, unsigned short const*, int, int, int, int)",2467,40,146691.0,0.0,229376.0,128.0,1976048.0,14235731.0,3277513.0,4912631242694095.0,4912631242775215.0
2467,1,1280,256,1024,0,12,4,32,64,"batch_decode_kernels::rmsnorm(float*, float const*, unsigned short const*, int, int, float)",2468,36,31498.0,0.0,350.0,20.0,69286.0,1566568.0,67488.0,4912631242969296.0,4912631242981296.0
2468,1,256,256,11264,0,24,0,48,64,"batch_decode_kernels::mfma_gemm(float*, float const*, unsigned short const*, int, int, int, int)",2469,40,158342.0,0.0,7168.0,4.0,275261.0,2193454.0,110187.0,4912631243174737.0,4912631243261617.0
2469,1,320,64,0,0,16,0,48,64,"void moe_kernels::router_topk_wave64_kernel<64>(float*, float const*, int*, float*, int, int, int, int, int, float)",2470,57,38795.0,0.0,1840.0,5.0,51883.0,2026898.0,24998.0,4912631243448818.0,4912631243465138.0
2470,1,256,256,1024,0,12,4,64,64,"batch_decode_kernels::align_routes(int const*, int, int, int, int*, int*, int*)",2471,42,39761.0,8.0,414.0,4.0,36078.0,660884.0,4364.0,4912631243648339.0,4912631243665299.0
2471,1,349184,256,19968,0,36,4,48,64,"void batch_decode_kernels::grouped_expert_gate_up<16, 1>(float const*, char const*, unsigned long const*, unsigned long const*, int const*, int const*, float*, unsigned short*, int, int, int, int, int)",2472,25,230326.0,0.0,1486848.0,5456.0,6374990.0,22753331.0,15186981.0,4912631243882900.0,4912631244018101.0
2472,1,11264,256,19968,0,32,0,48,64,"batch_decode_kernels::mfma_gate_up_swiglu(float*, float const*, unsigned short const*, unsigned short const*, int, int, int)",2473,18,156402.0,0.0,495616.0,176.0,2526559.0,15291890.0,4587943.0,4912631244228982.0,4912631244316662.0
2473,1,507904,256,11264,0,24,0,48,64,"void batch_decode_kernels::grouped_expert_down<16, 1>(float const*, unsigned short const*, char const*, unsigned long const*, int const*, int const*, float*, int, int, int, int)",2474,24,140872.0,0.0,946176.0,7936.0,3666019.0,13497500.0,10722594.0,4912631244530583.0,4912631244610583.0
2474,1,1280,256,0,0,12,4,32,64,"batch_decode_kernels::reduce_routes_add(float*, float const*, float const*, int, int, int)",2475,20,62348.0,0.0,0.0,20.0,229065.0,3502333.0,222724.0,4912631244795544.0,4912631244825944.0
2475,1,8192,256,11264,0,24,0,48,64,"batch_decode_kernels::mfma_gemm(float*, float const*, unsigned short const*, int, int, int, int)",2476,40,194932.0,0.0,315392.0,128.0,3052530.0,19261024.0,4485684.0,4912631245029625.0,4912631245139546.0
2476,1,1280,256,1024,0,12,4,32,64,"batch_decode_kernels::rmsnorm(float*, float const*, unsigned short const*, int, int, float)",2477,36,32758.0,0.0,350.0,20.0,75432.0,1652004.0,74480.0,4912631245326266.0,4912631245339066.0
2477,1,12288,256,11264,0,24,0,48,64,"batch_decode_kernels::mfma_gemm(float*, float const*, unsigned short const*, int, int, int, int)",2478,40,142896.0,0.0,344064.0,192.0,2103306.0,13868962.0,4795023.0,4912631245551547.0,4912631245630748.0
2478,1,2304,256,11264,0,24,0,48,64,"batch_decode_kernels::mfma_gemm(float*, float const*, unsigned short const*, int, int, int, int)",2479,40,144106.0,0.0,64512.0,36.0,856721.0,14016512.0,884081.0,4912631245844989.0,4912631245924189.0
2479,1,1280,256,1024,0,24,0,32,64,"batch_decode_kernels::kv_norm_rope(unsigned short*, float const*, unsigned short const*, int, int, int, int, int, int, float const*, int, float)",2480,33,27776.0,0.0,350.0,20.0,84755.0,1324456.0,37300.0,4912631246107870.0,4912631246117790.0
2480,1,32768,256,11264,0,24,0,48,64,"batch_decode_kernels::mfma_head_gemm(float*, float const*, unsigned short const*, int, int, int, int, int, int, unsigned long)",2481,28,35058.0,0.0,57344.0,512.0,425594.0,2574237.0,1149546.0,4912631246329471.0,4912631246343711.0
2481,1,5120,256,0,0,24,0,32,64,"batch_decode_kernels::q_rope(float*, float const*, int, int, int, int, int, int, float const*, int)",2482,29,22834.0,0.0,0.0,80.0,92808.0,1404211.0,85451.0,4912631246552032.0,4912631246558912.0
2482,1,35840,256,0,0,16,0,32,64,"batch_decode_kernels::attention_score(float*, float const*, float const*, unsigned short const*, int, int, int, int, int, int, int, float)",2483,43,28155.0,0.0,26880.0,560.0,262719.0,1943126.0,974410.0,4912631246767233.0,4912631246777313.0
2483,1,20480,256,1024,0,20,4,48,64,"void attention_kernels::softmax_rows_kernel<256>(float*, int, int, int, int)",2484,52,24448.0,0.0,10240.0,320.0,104026.0,1584456.0,227268.0,4912631246980514.0,4912631246988514.0
2484,1,2621440,256,0,0,16,0,32,64,"batch_decode_kernels::latent_context(float*, float const*, unsigned short const*, int, int, int, int, int, int)",2485,26,67087.0,0.0,983040.0,40960.0,1083621.0,5923856.0,4588699.0,4912631247168034.0,4912631247202755.0
2485,1,8192,256,11264,0,24,0,48,64,"batch_decode_kernels::mfma_head_gemm(float*, float const*, unsigned short const*, int, int, int, int, int, int, unsigned long)",2486,28,53914.0,0.0,57344.0,128.0,769025.0,4620047.0,873030.0,4912631247411236.0,4912631247436836.0
2486,1,8192,256,11264,0,24,0,48,64,"batch_decode_kernels::mfma_gemm(float*, float const*, unsigned short const*, int, int, int, int)",2487,40,144490.0,0.0,229376.0,128.0,2001242.0,13998390.0,3198029.0,4912631247621796.0,4912631247701637.0
2487,1,1280,256,1024,0,12,4,32,64,"batch_decode_kernels::rmsnorm(float*, float const*, unsigned short const*, int, int, float)",2488,36,32023.0,0.0,350.0,20.0,78106.0,1601668.0,70809.0,4912631247893958.0,4912631247906438.0
2488,1,256,256,11264,0,24,0,48,64,"batch_decode_kernels::mfma_gemm(float*, float const*, unsigned short const*, int, int, int, int)",2489,40,152648.0,0.0,7168.0,4.0,271984.0,2127284.0,107435.0,4912631248109319.0,4912631248193319.0
2489,1,320,64,0,0,16,0,48,64,"void moe_kernels::router_topk_wave64_kernel<64>(float*, float const*, int*, float*, int, int, int, int, int, float)",2490,57,38580.0,0.0,1840.0,5.0,51235.0,2020359.0,25878.0,4912631248379400.0,4912631248395720.0
2490,1,256,256,1024,0,12,4,64,64,"batch_decode_kernels::align_routes(int const*, int, int, int, int*, int*, int*)",2491,42,39023.0,8.0,414.0,4.0,36744.0,653032.0,4130.0,4912631248587721.0,4912631248604201.0
2491,1,349184,256,19968,0,36,4,48,64,"void batch_decode_kernels::grouped_expert_gate_up<16, 1>(float const*, char const*, unsigned long const*, unsigned long const*, int const*, int const*, float*, unsigned short*, int, int, int, int, int)",2492,25,232012.0,0.0,1486848.0,5456.0,6359636.0,22678048.0,15596019.0,4912631248791722.0,4912631248927882.0
2492,1,11264,256,19968,0,32,0,48,64,"batch_decode_kernels::mfma_gate_up_swiglu(float*, float const*, unsigned short const*, unsigned short const*, int, int, int)",2493,18,159417.0,0.0,495616.0,176.0,2594085.0,15625132.0,4695469.0,4912631249121963.0,4912631249211403.0
2493,1,507904,256,11264,0,24,0,48,64,"void batch_decode_kernels::grouped_expert_down<16, 1>(float const*, unsigned short const*, char const*, unsigned long const*, int const*, int const*, float*, int, int, int, int)",2494,24,143867.0,0.0,946176.0,7936.0,3691803.0,13711012.0,10787897.0,4912631249416684.0,4912631249498605.0
2494,1,1280,256,0,0,12,4,32,64,"batch_decode_kernels::reduce_routes_add(float*, float const*, float const*, int, int, int)",2495,20,63954.0,0.0,0.0,20.0,228212.0,3622167.0,230364.0,4912631249676365.0,4912631249707726.0
2495,1,8192,256,11264,0,24,0,48,64,"batch_decode_kernels::mfma_gemm(float*, float const*, unsigned short const*, int, int, int, int)",2496,40,193224.0,0.0,315392.0,128.0,3099640.0,19059823.0,4473198.0,4912631249903886.0,4912631250013007.0
2496,1,1280,256,1024,0,12,4,32,64,"batch_decode_kernels::rmsnorm(float*, float const*, unsigned short const*, int, int, float)",2497,36,33345.0,0.0,350.0,20.0,69530.0,1685284.0,76839.0,4912631250197008.0,4912631250210128.0
2497,1,12288,256,11264,0,24,0,48,64,"batch_decode_kernels::mfma_gemm(float*, float const*, unsigned short const*, int, int, int, int)",2498,40,142863.0,0.0,344064.0,192.0,2118678.0,13877711.0,4721308.0,4912631250393169.0,4912631250472369.0
2498,1,2304,256,11264,0,24,0,48,64,"batch_decode_kernels::mfma_gemm(float*, float const*, unsigned short const*, int, int, int, int)",2499,40,143227.0,0.0,64512.0,36.0,878916.0,13923172.0,884157.0,4912631250675090.0,4912631250753650.0
2499,1,1280,256,1024,0,24,0,32,64,"batch_decode_kernels::kv_norm_rope(unsigned short*, float const*, unsigned short const*, int, int, int, int, int, int, float const*, int, float)",2500,33,29003.0,0.0,350.0,20.0,87576.0,1371971.0,39342.0,4912631250956851.0,4912631250967091.0
2500,1,32768,256,11264,0,24,0,48,64,"batch_decode_kernels::mfma_head_gemm(float*, float const*, unsigned short const*, int, int, int, int, int, int, unsigned long)",2501,28,33526.0,0.0,57344.0,512.0,419202.0,2469730.0,1152180.0,4912631251155412.0,4912631251168692.0
2501,1,5120,256,0,0,24,0,32,64,"batch_decode_kernels::q_rope(float*, float const*, int, int, int, int, int, int, float const*, int)",2502,29,22690.0,0.0,0.0,80.0,92001.0,1387389.0,86034.0,4912631251344533.0,4912631251351413.0
2502,1,35840,256,0,0,16,0,32,64,"batch_decode_kernels::attention_score(float*, float const*, float const*, unsigned short const*, int, int, int, int, int, int, int, float)",2503,43,28886.0,0.0,26880.0,560.0,286885.0,2020710.0,1051427.0,4912631251531094.0,4912631251541494.0
2503,1,20480,256,1024,0,20,4,48,64,"void attention_kernels::softmax_rows_kernel<256>(float*, int, int, int, int)",2504,52,25059.0,0.0,10240.0,320.0,103036.0,1643710.0,229344.0,4912631251720374.0,4912631251728534.0
2504,1,2621440,256,0,0,16,0,32,64,"batch_decode_kernels::latent_context(float*, float const*, unsigned short const*, int, int, int, int, int, int)",2505,26,67012.0,0.0,983040.0,40960.0,1091257.0,6000101.0,4653720.0,4912631251905495.0,4912631251940695.0
2505,1,8192,256,11264,0,24,0,48,64,"batch_decode_kernels::mfma_head_gemm(float*, float const*, unsigned short const*, int, int, int, int, int, int, unsigned long)",2506,28,56068.0,0.0,57344.0,128.0,722382.0,4760694.0,888749.0,4912631252094296.0,4912631252120696.0
2506,1,8192,256,11264,0,24,0,48,64,"batch_decode_kernels::mfma_gemm(float*, float const*, unsigned short const*, int, int, int, int)",2507,40,143790.0,0.0,229376.0,128.0,2013072.0,13929048.0,3138106.0,4912631252306457.0,4912631252385817.0
2507,1,1280,256,1024,0,12,4,32,64,"batch_decode_kernels::rmsnorm(float*, float const*, unsigned short const*, int, int, float)",2508,36,33058.0,0.0,350.0,20.0,78868.0,1628435.0,72508.0,4912631252569338.0,4912631252581818.0
2508,1,256,256,11264,0,24,0,48,64,"batch_decode_kernels::mfma_gemm(float*, float const*, unsigned short const*, int, int, int, int)",2509,40,153026.0,0.0,7168.0,4.0,276840.0,2133004.0,105995.0,4912631252778619.0,4912631252862939.0
2509,1,320,64,0,0,16,0,48,64,"void moe_kernels::router_topk_wave64_kernel<64>(float*, float const*, int*, float*, int, int, int, int, int, float)",2510,57,38967.0,0.0,1840.0,5.0,50706.0,2036791.0,25592.0,4912631253044380.0,4912631253060860.0
2510,1,256,256,1024,0,12,4,64,64,"batch_decode_kernels::align_routes(int const*, int, int, int, int*, int*, int*)",2511,42,40034.0,18.0,424.0,4.0,37489.0,664914.0,4240.0,4912631253248381.0,4912631253265501.0
2511,1,349184,256,19968,0,36,4,48,64,"void batch_decode_kernels::grouped_expert_gate_up<16, 1>(float const*, char const*, unsigned long const*, unsigned long const*, int const*, int const*, float*, unsigned short*, int, int, int, int, int)",2512,25,230460.0,0.0,1486848.0,5456.0,6349122.0,22746610.0,15431517.0,4912631253450942.0,4912631253586142.0
2512,1,11264,256,19968,0,32,0,48,64,"batch_decode_kernels::mfma_gate_up_swiglu(float*, float const*, unsigned short const*, unsigned short const*, int, int, int)",2513,18,159390.0,0.0,495616.0,176.0,2660648.0,15613614.0,4706361.0,4912631253757183.0,4912631253846464.0
2513,1,507904,256,11264,0,24,0,48,64,"void batch_decode_kernels::grouped_expert_down<16, 1>(float const*, unsigned short const*, char const*, unsigned long const*, int const*, int const*, float*, int, int, int, int)",2514,24,139088.0,0.0,946176.0,7936.0,3643702.0,13361858.0,10510575.0,4912631254041504.0,4912631254120705.0
2514,1,1280,256,0,0,12,4,32,64,"batch_decode_kernels::reduce_routes_add(float*, float const*, float const*, int, int, int)",2515,20,62298.0,0.0,0.0,20.0,230627.0,3488683.0,222457.0,4912631254316066.0,4912631254346466.0
2515,1,8192,256,11264,0,24,0,48,64,"batch_decode_kernels::mfma_gemm(float*, float const*, unsigned short const*, int, int, int, int)",2516,40,192598.0,0.0,315392.0,128.0,3107488.0,18966158.0,4437804.0,4912631254539427.0,4912631254648067.0
2516,1,1280,256,1024,0,12,4,32,64,"batch_decode_kernels::rmsnorm(float*, float const*, unsigned short const*, int, int, float)",2517,36,34435.0,0.0,350.0,20.0,80969.0,1755224.0,82088.0,4912631254835268.0,4912631254849028.0
2517,1,12288,256,11264,0,24,0,48,64,"batch_decode_kernels::mfma_gemm(float*, float const*, unsigned short const*, int, int, int, int)",2518,40,143187.0,0.0,344064.0,192.0,2088149.0,13930829.0,4698332.0,4912631255033189.0,4912631255112549.0
2518,1,2304,256,11264,0,24,0,48,64,"batch_decode_kernels::mfma_gemm(float*, float const*, unsigned short const*, int, int, int, int)",2519,40,144305.0,0.0,64512.0,36.0,859613.0,14040653.0,885345.0,4912631255300550.0,4912631255379910.0
2519,1,1280,256,1024,0,24,0,32,64,"batch_decode_kernels::kv_norm_rope(unsigned short*, float const*, unsigned short const*, int, int, int, int, int, int, float const*, int, float)",2520,33,28183.0,0.0,350.0,20.0,86246.0,1341902.0,33076.0,4912631255565351.0,4912631255575271.0
2520,1,32768,256,11264,0,24,0,48,64,"batch_decode_kernels::mfma_head_gemm(float*, float const*, unsigned short const*, int, int, int, int, int, int, unsigned long)",2521,28,31628.0,0.0,57344.0,512.0,389520.0,2297935.0,1063495.0,4912631255752712.0,4912631255765032.0
2521,1,5120,256,0,0,24,0,32,64,"batch_decode_kernels::q_rope(float*, float const*, int, int, int, int, int, int, float const*, int)",2522,29,23030.0,0.0,0.0,80.0,86954.0,1374272.0,87287.0,4912631255943273.0,4912631255950153.0
2522,1,35840,256,0,0,16,0,32,64,"batch_decode_kernels::attention_score(float*, float const*, float const*, unsigned short const*, int, int, int, int, int, int, int, float)",2523,43,27308.0,0.0,26880.0,560.0,251864.0,1896274.0,960406.0,4912631256134954.0,4912631256144714.0
2523,1,20480,256,1024,0,20,4,48,64,"void attention_kernels::softmax_rows_kernel<256>(float*, int, int, int, int)",2524,52,24275.0,0.0,10240.0,320.0,100388.0,1565307.0,221592.0,4912631256318154.0,4912631256325834.0
2524,1,2621440,256,0,0,16,0,32,64,"batch_decode_kernels::latent_context(float*, float const*, unsigned short const*, int, int, int, int, int, int)",2525,26,66456.0,0.0,983040.0,40960.0,1084636.0,5931149.0,4586661.0,4912631256499755.0,4912631256534475.0
2525,1,8192,256,11264,0,24,0,48,64,"batch_decode_kernels::mfma_head_gemm(float*, float const*, unsigned short const*, int, int, int, int, int, int, unsigned long)",2526,28,55759.0,0.0,57344.0,128.0,801994.0,4721447.0,862027.0,4912631256704876.0,4912631256731436.0
2526,1,8192,256,11264,0,24,0,48,64,"batch_decode_kernels::mfma_gemm(float*, float const*, unsigned short const*, int, int, int, int)",2527,40,144281.0,0.0,229376.0,128.0,2012916.0,13951005.0,3174123.0,4912631256907917.0,4912631256987597.0
2527,1,1280,256,1024,0,12,4,32,64,"batch_decode_kernels::rmsnorm(float*, float const*, unsigned short const*, int, int, float)",2528,36,31748.0,0.0,350.0,20.0,69875.0,1586952.0,69396.0,4912631257164078.0,4912631257176238.0
2528,1,256,256,11264,0,24,0,48,64,"batch_decode_kernels::mfma_gemm(float*, float const*, unsigned short const*, int, int, int, int)",2529,40,158078.0,0.0,7168.0,4.0,283336.0,2201072.0,112014.0,4912631257364399.0,4912631257451599.0
2529,1,320,64,0,0,16,0,48,64,"void moe_kernels::router_topk_wave64_kernel<64>(float*, float const*, int*, float*, int, int, int, int, int, float)",2530,57,38205.0,0.0,1840.0,5.0,51059.0,1976094.0,25547.0,4912631257627280.0,4912631257643120.0
2530,1,256,256,1024,0,12,4,64,64,"batch_decode_kernels::align_routes(int const*, int, int, int, int*, int*, int*)",2531,42,40387.0,8.0,414.0,4.0,37853.0,669464.0,4508.0,4912631257823121.0,4912631257840401.0
2531,1,349184,256,19968,0,36,4,48,64,"void batch_decode_kernels::grouped_expert_gate_up<16, 1>(float const*, char const*, unsigned long const*, unsigned long const*, int const*, int const*, float*, unsigned short*, int, int, int, int, int)",2532,25,228495.0,0.0,1486848.0,5456.0,6269998.0,22511128.0,15283878.0,4912631258019602.0,4912631258153522.0
2532,1,11264,256,19968,0,32,0,48,64,"batch_decode_kernels::mfma_gate_up_swiglu(float*, float const*, unsigned short const*, unsigned short const*, int, int, int)",2533,18,159412.0,0.0,495616.0,176.0,2590278.0,15537395.0,4695508.0,4912631258320883.0,4912631258409844.0
2533,1,507904,256,11264,0,24,0,48,64,"void batch_decode_kernels::grouped_expert_down<16, 1>(float const*, unsigned short const*, char const*, unsigned long const*, int const*, int const*, float*, int, int, int, int)",2534,24,138416.0,0.0,946176.0,7936.0,3592005.0,13284287.0,10533520.0,4912631258597844.0,4912631258676565.0
2534,1,1280,256,0,0,12,4,32,64,"batch_decode_kernels::reduce_routes_add(float*, float const*, float const*, int, int, int)",2535,20,61986.0,0.0,0.0,20.0,221641.0,3468611.0,220772.0,4912631258851285.0,4912631258881526.0
2535,1,8192,256,11264,0,24,0,48,64,"batch_decode_kernels::mfma_gemm(float*, float const*, unsigned short const*, int, int, int, int)",2536,40,192588.0,0.0,315392.0,128.0,3057516.0,18962947.0,4437726.0,4912631259062006.0,4912631259170647.0
2536,1,1280,256,1024,0,12,4,32,64,"batch_decode_kernels::rmsnorm(float*, float const*, unsigned short const*, int, int, float)",2537,36,33581.0,0.0,350.0,20.0,78516.0,1675131.0,76279.0,4912631259354648.0,4912631259367768.0
2537,1,12288,256,11264,0,24,0,48,64,"batch_decode_kernels::mfma_gemm(float*, float const*, unsigned short const*, int, int, int, int)",2538,40,142171.0,0.0,344064.0,192.0,2119046.0,13818184.0,4684633.0,4912631259538488.0,4912631259617209.0
2538,1,2304,256,11264,0,24,0,48,64,"batch_decode_kernels::mfma_gemm(float*, float const*, unsigned short const*, int, int, int, int)",2539,40,143044.0,0.0,64512.0,36.0,859001.0,13907182.0,886204.0,4912631259799610.0,4912631259878170.0
2539,1,1280,256,1024,0,24,0,32,64,"batch_decode_kernels::kv_norm_rope(unsigned short*, float const*, unsigned short const*, int, int, int, int, int, int, float const*, int, float)",2540,33,28346.0,0.0,350.0,20.0,81772.0,1342487.0,32664.0,4912631260067451.0,4912631260077531.0
2540,1,32768,256,11264,0,24,0,48,64,"batch_decode_kernels::mfma_head_gemm(float*, float const*, unsigned short const*, int, int, int, int, int, int, unsigned long)",2541,28,32663.0,0.0,57344.0,512.0,412777.0,2383631.0,1100370.0,4912631260245372.0,4912631260258172.0
2541,1,5120,256,0,0,24,0,32,64,"batch_decode_kernels::q_rope(float*, float const*, int, int, int, int, int, int, float const*, int)",2542,29,23523.0,0.0,0.0,80.0,91005.0,1436698.0,97061.0,4912631260440412.0,4912631260447612.0
2542,1,35840,256,0,0,16,0,32,64,"batch_decode_kernels::attention_score(float*, float const*, float const*, unsigned short const*, int, int, int, int, int, int, int, float)",2543,43,27915.0,0.0,26880.0,560.0,267122.0,1923262.0,979005.0,4912631260614013.0,4912631260624093.0
2543,1,20480,256,1024,0,20,4,48,64,"void attention_kernels::softmax_rows_kernel<256>(float*, int, int, int, int)",2544,52,26500.0,0.0,10240.0,320.0,103146.0,1567257.0,224248.0,4912631260807614.0,4912631260815454.0
2544,1,2621440,256,0,0,16,0,32,64,"batch_decode_kernels::latent_context(float*, float const*, unsigned short const*, int, int, int, int, int, int)",2545,26,65804.0,0.0,983040.0,40960.0,1093184.0,5882841.0,4669943.0,4912631260994335.0,4912631261028895.0
2545,1,8192,256,11264,0,24,0,48,64,"batch_decode_kernels::mfma_head_gemm(float*, float const*, unsigned short const*, int, int, int, int, int, int, unsigned long)",2546,28,54911.0,0.0,57344.0,128.0,736250.0,4700465.0,886864.0,4912631261205376.0,4912631261231456.0
2546,1,8192,256,11264,0,24,0,48,64,"batch_decode_kernels::mfma_gemm(float*, float const*, unsigned short const*, int, int, int, int)",2547,40,146045.0,0.0,229376.0,128.0,2007713.0,14148319.0,3188707.0,4912631261408417.0,4912631261489217.0
2547,1,1280,256,1024,0,12,4,32,64,"batch_decode_kernels::rmsnorm(float*, float const*, unsigned short const*, int, int, float)",2548,36,31404.0,0.0,350.0,20.0,71135.0,1551059.0,66775.0,4912631261664898.0,4912631261676898.0
2548,1,256,256,11264,0,24,0,48,64,"batch_decode_kernels::mfma_gemm(float*, float const*, unsigned short const*, int, int, int, int)",2549,40,152542.0,0.0,7168.0,4.0,278851.0,2127141.0,106535.0,4912631261847619.0,4912631261931619.0
2549,1,320,64,0,0,16,0,48,64,"void moe_kernels::router_topk_wave64_kernel<64>(float*, float const*, int*, float*, int, int, int, int, int, float)",2550,57,38133.0,0.0,1840.0,5.0,49879.0,2001782.0,25609.0,4912631262103940.0,4912631262120100.0
2550,1,256,256,1024,0,12,4,64,64,"batch_decode_kernels::align_routes(int const*, int, int, int, int*, int*, int*)",2551,42,39546.0,18.0,424.0,4.0,36486.0,659480.0,4177.0,4912631262299300.0,4912631262316101.0
2551,1,349184,256,19968,0,36,4,48,64,"void batch_decode_kernels::grouped_expert_gate_up<16, 1>(float const*, char const*, unsigned long const*, unsigned long const*, int const*, int const*, float*, unsigned short*, int, int, int, int, int)",2552,25,238039.0,0.0,1486848.0,5456.0,6488292.0,23060222.0,15613343.0,4912631262491461.0,4912631262631142.0
2552,1,11264,256,19968,0,32,0,48,64,"batch_decode_kernels::mfma_gate_up_swiglu(float*, float const*, unsigned short const*, unsigned short const*, int, int, int)",2553,18,158055.0,0.0,495616.0,176.0,2568854.0,15464257.0,4608183.0,4912631262804583.0,4912631262893223.0
2553,1,507904,256,11264,0,24,0,48,64,"void batch_decode_kernels::grouped_expert_down<16, 1>(float const*, unsigned short const*, char const*, unsigned long const*, int const*, int const*, float*, int, int, int, int)",2554,24,141582.0,0.0,946176.0,7936.0,3699527.0,13511962.0,10756311.0,4912631263068264.0,4912631263148904.0
2554,1,1280,256,0,0,12,4,32,64,"batch_decode_kernels::reduce_routes_add(float*, float const*, float const*, int, int, int)",2555,20,60256.0,0.0,0.0,20.0,226695.0,3418080.0,216347.0,4912631263323945.0,4912631263353225.0
2555,1,8192,256,11264,0,24,0,48,64,"batch_decode_kernels::mfma_gemm(float*, float const*, unsigned short const*, int, int, int, int)",2556,40,193942.0,0.0,315392.0,128.0,3067791.0,19170778.0,4515079.0,4912631263520906.0,4912631263630346.0
2556,1,1280,256,1024,0,12,4,32,64,"batch_decode_kernels::rmsnorm(float*, float const*, unsigned short const*, int, int, float)",2557,36,32297.0,0.0,350.0,20.0,71749.0,1579464.0,69162.0,4912631263802027.0,4912631263814187.0
2557,1,12288,256,11264,0,24,0,48,64,"batch_decode_kernels::mfma_gemm(float*, float const*, unsigned short const*, int, int, int, int)",2558,40,141930.0,0.0,344064.0,192.0,2102321.0,13795551.0,4683235.0,4912631263979788.0,4912631264058508.0
2558,1,2304,256,11264,0,24,0,48,64,"batch_decode_kernels::mfma_gemm(float*, float const*, unsigned short const*, int, int, int, int)",2559,40,145901.0,0.0,64512.0,36.0,849869.0,14209991.0,902185.0,4912631264227309.0,4912631264307629.0
2559,1,1280,256,1024,0,24,0,32,64,"batch_decode_kernels::kv_norm_rope(unsigned short*, float const*, unsigned short const*, int, int, int, int, int, int, float const*, int, float)",2560,33,28592.0,0.0,350.0,20.0,88045.0,1352211.0,33893.0,4912631264479630.0,4912631264489710.0
2560,1,32768,256,11264,0,24,0,48,64,"batch_decode_kernels::mfma_head_gemm(float*, float const*, unsigned short const*, int, int, int, int, int, int, unsigned long)",2561,28,32363.0,0.0,57344.0,512.0,412235.0,2393537.0,1138411.0,4912631264650191.0,4912631264662831.0
2561,1,5120,256,0,0,24,0,32,64,"batch_decode_kernels::q_rope(float*, float const*, int, int, int, int, int, int, float const*, int)",2562,29,23512.0,0.0,0.0,80.0,92661.0,1458590.0,84708.0,4912631264833712.0,4912631264841072.0
2562,1,35840,256,0,0,16,0,32,64,"batch_decode_kernels::attention_score(float*, float const*, float const*, unsigned short const*, int, int, int, int, int, int, int, float)",2563,43,27577.0,0.0,26880.0,560.0,256359.0,1911471.0,968811.0,4912631265020592.0,4912631265030352.0
2563,1,20480,256,1024,0,20,4,48,64,"void attention_kernels::softmax_rows_kernel<256>(float*, int, int, int, int)",2564,52,24461.0,0.0,10240.0,320.0,97108.0,1576240.0,224020.0,4912631265201713.0,4912631265209553.0
2564,1,2621440,256,0,0,16,0,32,64,"batch_decode_kernels::latent_context(float*, float const*, unsigned short const*, int, int, int, int, int, int)",2565,26,66840.0,0.0,983040.0,40960.0,1111620.0,5990273.0,4597033.0,4912631265380754.0,4912631265415794.0
2565,1,8192,256,11264,0,24,0,48,64,"batch_decode_kernels::mfma_head_gemm(float*, float const*, unsigned short const*, int, int, int, int, int, int, unsigned long)",2566,28,54488.0,0.0,57344.0,128.0,673460.0,4637636.0,865623.0,4912631265585235.0,4912631265611155.0
2566,1,8192,256,11264,0,24,0,48,64,"batch_decode_kernels::mfma_gemm(float*, float const*, unsigned short const*, int, int, int, int)",2567,40,145062.0,0.0,229376.0,128.0,1960204.0,14076026.0,3217168.0,4912631265771636.0,4912631265851796.0
2567,1,1280,256,1024,0,12,4,32,64,"batch_decode_kernels::rmsnorm(float*, float const*, unsigned short const*, int, int, float)",2568,36,30928.0,0.0,350.0,20.0,69713.0,1529895.0,65268.0,4912631266011637.0,4912631266023317.0
2568,1,256,256,11264,0,24,0,48,64,"batch_decode_kernels::mfma_gemm(float*, float const*, unsigned short const*, int, int, int, int)",2569,40,153567.0,0.0,7168.0,4.0,267420.0,2140596.0,105453.0,4912631266185717.0,4912631266270358.0
2569,1,320,64,0,0,16,0,48,64,"void moe_kernels::router_topk_wave64_kernel<64>(float*, float const*, int*, float*, int, int, int, int, int, float)",2570,57,37453.0,0.0,1840.0,5.0,51227.0,1950016.0,25586.0,4912631266433879.0,4912631266449559.0
2570,1,256,256,1024,0,12,4,64,64,"batch_decode_kernels::align_routes(int const*, int, int, int, int*, int*, int*)",2571,42,39107.0,18.0,424.0,4.0,36778.0,655523.0,4360.0,4912631266609559.0,4912631266626199.0
2571,1,349184,256,19968,0,36,4,48,64,"void batch_decode_kernels::grouped_expert_gate_up<16, 1>(float const*, char const*, unsigned long const*, unsigned long const*, int const*, int const*, float*, unsigned short*, int, int, int, int, int)",2572,25,230344.0,0.0,1486848.0,5456.0,6342758.0,22714526.0,15546307.0,4912631266794840.0,4912631266930041.0
2572,1,11264,256,19968,0,32,0,48,64,"batch_decode_kernels::mfma_gate_up_swiglu(float*, float const*, unsigned short const*, unsigned short const*, int, int, int)",2573,18,158386.0,0.0,495616.0,176.0,2494473.0,15516712.0,4745517.0,4912631267088921.0,4912631267177722.0
2573,1,507904,256,11264,0,24,0,48,64,"void batch_decode_kernels::grouped_expert_down<16, 1>(float const*, unsigned short const*, char const*, unsigned long const*, int const*, int const*, float*, int, int, int, int)",2574,24,140656.0,0.0,946176.0,7936.0,3639053.0,13390783.0,10631907.0,4912631267346843.0,4912631267426843.0
2574,1,1280,256,0,0,12,4,32,64,"batch_decode_kernels::reduce_routes_add(float*, float const*, float const*, int, int, int)",2575,20,59634.0,0.0,0.0,20.0,210144.0,3337883.0,210714.0,4912631267586844.0,4912631267615644.0
2575,1,8192,256,11264,0,24,0,48,64,"batch_decode_kernels::mfma_gemm(float*, float const*, unsigned short const*, int, int, int, int)",2576,40,194049.0,0.0,315392.0,128.0,3072931.0,19161821.0,4489424.0,4912631267775004.0,4912631267884605.0
2576,1,1280,256,1024,0,12,4,32,64,"batch_decode_kernels::rmsnorm(float*, float const*, unsigned short const*, int, int, float)",2577,36,33158.0,0.0,350.0,20.0,76850.0,1682840.0,76943.0,4912631268046846.0,4912631268059806.0
2577,1,12288,256,11264,0,24,0,48,64,"batch_decode_kernels::mfma_gemm(float*, float const*, unsigned short const*, int, int, int, int)",2578,40,141941.0,0.0,344064.0,192.0,2072255.0,13790832.0,4726593.0,4912631268215966.0,4912631268294687.0
2578,1,2304,256,11264,0,24,0,48,64,"batch_decode_kernels::mfma_gemm(float*, float const*, unsigned short const*, int, int, int, int)",2579,40,146327.0,0.0,64512.0,36.0,858801.0,14249082.0,904530.0,4912631268452287.0,4912631268532768.0
2579,1,1280,256,1024,0,24,0,32,64,"batch_decode_kernels::kv_norm_rope(unsigned short*, float const*, unsigned short const*, int, int, int, int, int, int, float const*, int, float)",2580,33,28281.0,0.0,350.0,20.0,85514.0,1342474.0,33845.0,4912631268695648.0,4912631268705728.0
2580,1,32768,256,11264,0,24,0,48,64,"batch_decode_kernels::mfma_head_gemm(float*, float const*, unsigned short const*, int, int, int, int, int, int, unsigned long)",2581,28,32279.0,0.0,57344.0,512.0,399437.0,2371840.0,1084156.0,4912631268869729.0,4912631268882369.0
2581,1,5120,256,0,0,24,0,32,64,"batch_decode_kernels::q_rope(float*, float const*, int, int, int, int, int, int, float const*, int)",2582,29,22788.0,0.0,0.0,80.0,91045.0,1393720.0,85915.0,4912631269054690.0,4912631269061570.0
2582,1,35840,256,0,0,16,0,32,64,"batch_decode_kernels::attention_score(float*, float const*, float const*, unsigned short const*, int, int, int, int, int, int, int, float)",2583,43,28024.0,0.0,26880.0,560.0,279132.0,1956126.0,1002344.0,4912631269220771.0,4912631269230851.0
2583,1,20480,256,1024,0,20,4,48,64,"void attention_kernels::softmax_rows_kernel<256>(float*, int, int, int, int)",2584,52,24594.0,0.0,10240.0,320.0,105443.0,1582818.0,238794.0,4912631269394051.0,4912631269401891.0
2584,1,2621440,256,0,0,16,0,32,64,"batch_decode_kernels::latent_context(float*, float const*, unsigned short const*, int, int, int, int, int, int)",2585,26,67074.0,0.0,983040.0,40960.0,1095202.0,6001232.0,4691276.0,4912631269563652.0,4912631269598852.0
2585,1,8192,256,11264,0,24,0,48,64,"batch_decode_kernels::mfma_head_gemm(float*, float const*, unsigned short const*, int, int, int, int, int, int, unsigned long)",2586,28,54689.0,0.0,57344.0,128.0,696441.0,4684046.0,856646.0,4912631269760453.0,4912631269786373.0
2586,1,8192,256,11264,0,24,0,48,64,"batch_decode_kernels::mfma_gemm(float*, float const*, unsigned short const*, int, int, int, int)",2587,40,147830.0,0.0,229376.0,128.0,1990242.0,14354850.0,3309024.0,4912631269941734.0,4912631270023334.0
2587,1,1280,256,1024,0,12,4,32,64,"batch_decode_kernels::rmsnorm(float*, float const*, unsigned short const*, int, int, float)",2588,36,31840.0,0.0,350.0,20.0,76211.0,1566100.0,67936.0,4912631270187335.0,4912631270199495.0
2588,1,256,256,11264,0,24,0,48,64,"batch_decode_kernels::mfma_gemm(float*, float const*, unsigned short const*, int, int, int, int)",2589,40,155515.0,0.0,7168.0,4.0,271840.0,2166167.0,107724.0,4912631270353736.0,4912631270439496.0
2589,1,320,64,0,0,16,0,48,64,"void moe_kernels::router_topk_wave64_kernel<64>(float*, float const*, int*, float*, int, int, int, int, int, float)",2590,57,37871.0,0.0,1840.0,5.0,50565.0,1965031.0,25071.0,4912631270598537.0,4912631270614377.0
2590,1,256,256,1024,0,12,4,64,64,"batch_decode_kernels::align_routes(int const*, int, int, int, int*, int*, int*)",2591,42,39891.0,18.0,424.0,4.0,37180.0,659285.0,4348.0,4912631270776457.0,4912631270793098.0
2591,1,349184,256,19968,0,36,4,48,64,"void batch_decode_kernels::grouped_expert_gate_up<16, 1>(float const*, char const*, unsigned long const*, unsigned long const*, int const*, int const*, float*, unsigned short*, int, int, int, int, int)",2592,25,232812.0,0.0,1486848.0,5456.0,6409280.0,22922396.0,15695450.0,4912631270948458.0,4912631271084939.0
2592,1,11264,256,19968,0,32,0,48,64,"batch_decode_kernels::mfma_gate_up_swiglu(float*, float const*, unsigned short const*, unsigned short const*, int, int, int)",2593,18,158727.0,0.0,495616.0,176.0,2542362.0,15504739.0,4681706.0,4912631271239819.0,4912631271328620.0
2593,1,507904,256,11264,0,24,0,48,64,"void batch_decode_kernels::grouped_expert_down<16, 1>(float const*, unsigned short const*, char const*, unsigned long const*, int const*, int const*, float*, int, int, int, int)",2594,24,138789.0,0.0,946176.0,7936.0,3653312.0,13406214.0,10528088.0,4912631271486765.0,4912631271565805.0
2594,1,1280,256,0,0,12,4,32,64,"batch_decode_kernels::reduce_routes_add(float*, float const*, float const*, int, int, int)",2595,20,62251.0,0.0,0.0,20.0,236297.0,3469274.0,220649.0,4912631271725325.0,4912631271755725.0
2595,1,8192,256,11264,0,24,0,48,64,"batch_decode_kernels::mfma_gemm(float*, float const*, unsigned short const*, int, int, int, int)",2596,40,194474.0,0.0,315392.0,128.0,3110911.0,19173833.0,4467317.0,4912631271914765.0,4912631272024526.0
2596,1,1280,256,1024,0,12,4,32,64,"batch_decode_kernels::rmsnorm(float*, float const*, unsigned short const*, int, int, float)",2597,36,34897.0,0.0,350.0,20.0,76428.0,1798748.0,85920.0,4912631272181647.0,4912631272195727.0
2597,1,12288,256,11264,0,24,0,48,64,"batch_decode_kernels::mfma_gemm(float*, float const*, unsigned short const*, int, int, int, int)",2598,40,142340.0,0.0,344064.0,192.0,2100149.0,13827349.0,4654637.0,4912631272353007.0,4912631272431728.0
2598,1,2304,256,11264,0,24,0,48,64,"batch_decode_kernels::mfma_gemm(float*, float const*, unsigned short const*, int, int, int, int)",2599,40,145911.0,0.0,64512.0,36.0,853016.0,14194196.0,905404.0,4912631272585168.0,4912631272665169.0
2599,1,1280,256,1024,0,24,0,32,64,"batch_decode_kernels::kv_norm_rope(unsigned short*, float const*, unsigned short const*, int, int, int, int, int, int, float const*, int, float)",2600,33,28746.0,0.0,350.0,20.0,86133.0,1376248.0,35863.0,4912631272821009.0,4912631272831249.0
2600,1,32768,256,11264,0,24,0,48,64,"batch_decode_kernels::mfma_head_gemm(float*, float const*, unsigned short const*, int, int, int, int, int, int, unsigned long)",2601,28,33537.0,0.0,57344.0,512.0,395966.0,2493351.0,1105107.0,4912631272986290.0,4912631272999730.0
2601,1,5120,256,0,0,24,0,32,64,"batch_decode_kernels::q_rope(float*, float const*, int, int, int, int, int, int, float const*, int)",2602,29,23573.0,0.0,0.0,80.0,91853.0,1394422.0,86712.0,4912631273151091.0,4912631273158451.0
2602,1,35840,256,0,0,16,0,32,64,"batch_decode_kernels::attention_score(float*, float const*, float const*, unsigned short const*, int, int, int, int, int, int, int, float)",2603,43,27824.0,0.0,26880.0,560.0,253244.0,1888422.0,989750.0,4912631273309012.0,4912631273318772.0
2603,1,20480,256,1024,0,20,4,48,64,"void attention_kernels::softmax_rows_kernel<256>(float*, int, int, int, int)",2604,52,24891.0,0.0,10240.0,320.0,104679.0,1576825.0,228678.0,4912631273472372.0,4912631273480212.0
2604,1,2621440,256,0,0,16,0,32,64,"batch_decode_kernels::latent_context(float*, float const*, unsigned short const*, int, int, int, int, int, int)",2605,26,66492.0,0.0,983040.0,40960.0,1083429.0,5939612.0,4619608.0,4912631273633333.0,4912631273668213.0
2605,1,8192,256,11264,0,24,0,48,64,"batch_decode_kernels::mfma_head_gemm(float*, float const*, unsigned short const*, int, int, int, int, int, int, unsigned long)",2606,28,55166.0,0.0,57344.0,128.0,680920.0,4695707.0,878483.0,4912631273818134.0,4912631273844054.0
2606,1,8192,256,11264,0,24,0,48,64,"batch_decode_kernels::mfma_gemm(float*, float const*, unsigned short const*, int, int, int, int)",2607,40,145186.0,0.0,229376.0,128.0,1964433.0,14049090.0,3233564.0,4912631273997655.0,4912631274077975.0
2607,1,1280,256,1024,0,12,4,32,64,"batch_decode_kernels::rmsnorm(float*, float const*, unsigned short const*, int, int, float)",2608,36,32448.0,0.0,350.0,20.0,75344.0,1634675.0,73395.0,4912631274230136.0,4912631274242776.0
2608,1,256,256,11264,0,24,0,48,64,"batch_decode_kernels::mfma_gemm(float*, float const*, unsigned short const*, int, int, int, int)",2609,40,158295.0,0.0,7168.0,4.0,275551.0,2200760.0,110789.0,4912631274393976.0,4912631274481337.0
2609,1,320,64,0,0,16,0,48,64,"void moe_kernels::router_topk_wave64_kernel<64>(float*, float const*, int*, float*, int, int, int, int, int, float)",2610,57,37291.0,0.0,1840.0,5.0,50332.0,1950068.0,25800.0,4912631274634297.0,4912631274649977.0
2610,1,256,256,1024,0,12,4,64,64,"batch_decode_kernels::align_routes(int const*, int, int, int, int*, int*, int*)",2611,42,38926.0,18.0,424.0,4.0,36336.0,653487.0,4424.0,4912631274798138.0,4912631274814778.0
2611,1,349184,256,19968,0,36,4,48,64,"void batch_decode_kernels::grouped_expert_gate_up<16, 1>(float const*, char const*, unsigned long const*, unsigned long const*, int const*, int const*, float*, unsigned short*, int, int, int, int, int)",2612,25,228473.0,0.0,1486848.0,5456.0,6293787.0,22403748.0,15355002.0,4912631274963099.0,4912631275097179.0
2612,1,11264,256,19968,0,32,0,48,64,"batch_decode_kernels::mfma_gate_up_swiglu(float*, float const*, unsigned short const*, unsigned short const*, int, int, int)",2613,18,156294.0,0.0,495616.0,176.0,2534614.0,15282192.0,4546439.0,4912631275244700.0,4912631275332220.0
2613,1,507904,256,11264,0,24,0,48,64,"void batch_decode_kernels::grouped_expert_down<16, 1>(float const*, unsigned short const*, char const*, unsigned long const*, int const*, int const*, float*, int, int, int, int)",2614,24,140808.0,0.0,946176.0,7936.0,3662937.0,13529324.0,10693606.0,4912631275486141.0,4912631275565981.0
2614,1,1280,256,0,0,12,4,32,64,"batch_decode_kernels::reduce_routes_add(float*, float const*, float const*, int, int, int)",2615,20,63693.0,0.0,0.0,20.0,238667.0,3564889.0,229059.0,4912631275713982.0,4912631275745182.0
2615,1,8192,256,11264,0,24,0,48,64,"batch_decode_kernels::mfma_gemm(float*, float const*, unsigned short const*, int, int, int, int)",2616,40,194514.0,0.0,315392.0,128.0,3097076.0,19245138.0,4533019.0,4912631275894303.0,4912631276004223.0
2616,1,1280,256,1024,0,12,4,32,64,"batch_decode_kernels::rmsnorm(float*, float const*, unsigned short const*, int, int, float)",2617,36,33464.0,0.0,350.0,20.0,76119.0,1656346.0,74604.0,4912631276151584.0,4912631276164384.0
2617,1,409600,256,11264,0,24,0,48,64,"batch_decode_kernels::mfma_gemm(float*, float const*, unsigned short const*, int, int, int, int)",2618,40,807904.0,0.0,11468800.0,6400.0,24524305.0,82355276.0,75499252.0,4912631276309985.0,4912631276816067.0
2618,1,1280,256,2048,0,8,0,32,64,"batch_decode_kernels::argmax(float const*, int, int*, int)",2619,17,321347.0,0.0,540.0,20.0,2473925.0,20087655.0,1389694.0,4912631276969668.0,4912631277154148.0
2619,1,512,512,0,0,20,4,32,64,__amd_rocclr_copyBuffer,2620,6,28571.0,0.0,0.0,8.0,44653.0,394358.0,2913.0,4912631277303589.0,4912631277308869.0
2620,1,512,512,0,0,20,4,32,64,__amd_rocclr_copyBuffer,2621,6,26799.0,0.0,0.0,8.0,42742.0,399402.0,3252.0,4912631277464230.0,4912631277469670.0
2621,1,512,512,0,0,20,4,32,64,__amd_rocclr_copyBuffer,2622,6,27203.0,0.0,0.0,8.0,43964.0,401222.0,3542.0,4912631277623750.0,4912631277629190.0
2622,1,512,512,0,0,20,4,32,64,__amd_rocclr_copyBuffer,2623,6,27051.0,0.0,0.0,8.0,43068.0,399961.0,3505.0,4912631277786631.0,4912631277792071.0
2623,1,512,512,0,0,20,4,32,64,__amd_rocclr_copyBuffer,2624,6,26385.0,0.0,0.0,8.0,42564.0,393526.0,3153.0,4912631277949512.0,4912631277954632.0
