Dispatch_ID,GPU_ID,Grid_Size,Workgroup_Size,LDS_Per_Workgroup,Scratch_Per_Workitem,Arch_VGPR,Accum_VGPR,SGPR,Wave_Size,Kernel_Name,Correlation_ID,Kernel_ID,GRBM_GUI_ACTIVE,SQ_INSTS_VALU_MFMA_MOPS_BF16,SQ_INSTS_VALU_MFMA_MOPS_F16,SQ_INSTS_VALU_MFMA_MOPS_F32,SQ_INSTS_VALU_MFMA_MOPS_F64,SQ_INSTS_VALU_MFMA_MOPS_I8,SQ_WAVES,Start_Timestamp,End_Timestamp
0,1,512,512,0,0,20,4,32,64,__amd_rocclr_copyBuffer,1,7,21111.0,0.0,0.0,0.0,0.0,0.0,8.0,4912586596535473.0,4912586596540433.0
1,1,512,512,0,0,20,4,32,64,__amd_rocclr_copyBuffer,2,7,19659.0,0.0,0.0,0.0,0.0,0.0,8.0,4912586725915372.0,4912586725920012.0
2,1,512,512,0,0,20,4,32,64,__amd_rocclr_copyBuffer,3,7,22041.0,0.0,0.0,0.0,0.0,0.0,8.0,4912586744844412.0,4912586744849692.0
3,1,512,512,0,0,20,4,32,64,__amd_rocclr_copyBuffer,4,7,18491.0,0.0,0.0,0.0,0.0,0.0,8.0,4912586744968573.0,4912586744972893.0
4,1,512,512,0,0,20,4,32,64,__amd_rocclr_copyBuffer,5,7,18289.0,0.0,0.0,0.0,0.0,0.0,8.0,4912586745088574.0,4912586745092734.0
5,1,512,512,0,0,20,4,32,64,__amd_rocclr_copyBuffer,6,7,20617.0,0.0,0.0,0.0,0.0,0.0,8.0,4912586797215252.0,4912586797220372.0
6,1,512,512,0,0,20,4,32,64,__amd_rocclr_copyBuffer,7,7,18195.0,0.0,0.0,0.0,0.0,0.0,8.0,4912586797282932.0,4912586797287252.0
7,1,512,512,0,0,20,4,32,64,__amd_rocclr_copyBuffer,8,7,18325.0,0.0,0.0,0.0,0.0,0.0,8.0,4912586797346292.0,4912586797350452.0
8,1,512,512,0,0,20,4,32,64,__amd_rocclr_copyBuffer,9,7,20331.0,0.0,0.0,0.0,0.0,0.0,8.0,4912587415171336.0,4912587415176456.0
9,1,512,512,0,0,20,4,32,64,__amd_rocclr_copyBuffer,10,7,18255.0,0.0,0.0,0.0,0.0,0.0,8.0,4912587415248776.0,4912587415253096.0
10,1,512,512,0,0,20,4,32,64,__amd_rocclr_copyBuffer,11,7,17387.0,0.0,0.0,0.0,0.0,0.0,8.0,4912587415307656.0,4912587415311816.0
11,1,512,512,0,0,20,4,32,64,__amd_rocclr_copyBuffer,12,7,20777.0,0.0,0.0,0.0,0.0,0.0,8.0,4912588037500132.0,4912588037505092.0
12,1,512,512,0,0,20,4,32,64,__amd_rocclr_copyBuffer,13,7,17813.0,0.0,0.0,0.0,0.0,0.0,8.0,4912588037569252.0,4912588037573412.0
13,1,512,512,0,0,20,4,32,64,__amd_rocclr_copyBuffer,14,7,18003.0,0.0,0.0,0.0,0.0,0.0,8.0,4912588037627972.0,4912588037632132.0
14,1,512,512,0,0,20,4,32,64,__amd_rocclr_copyBuffer,15,7,20529.0,0.0,0.0,0.0,0.0,0.0,8.0,4912588666089920.0,4912588666095200.0
15,1,512,512,0,0,20,4,32,64,__amd_rocclr_copyBuffer,16,7,17895.0,0.0,0.0,0.0,0.0,0.0,8.0,4912588666168160.0,4912588666172320.0
16,1,512,512,0,0,20,4,32,64,__amd_rocclr_copyBuffer,17,7,17819.0,0.0,0.0,0.0,0.0,0.0,8.0,4912588666231520.0,4912588666235680.0
17,1,512,512,0,0,20,4,32,64,__amd_rocclr_copyBuffer,18,7,20247.0,0.0,0.0,0.0,0.0,0.0,8.0,4912589294239340.0,4912589294244460.0
18,1,512,512,0,0,20,4,32,64,__amd_rocclr_copyBuffer,19,7,18005.0,0.0,0.0,0.0,0.0,0.0,8.0,4912589294313580.0,4912589294317740.0
19,1,512,512,0,0,20,4,32,64,__amd_rocclr_copyBuffer,20,7,19273.0,0.0,0.0,0.0,0.0,0.0,8.0,4912589294373580.0,4912589294378220.0
20,1,512,512,0,0,20,4,32,64,__amd_rocclr_copyBuffer,21,7,21271.0,0.0,0.0,0.0,0.0,0.0,8.0,4912589898650092.0,4912589898655372.0
21,1,512,512,0,0,20,4,32,64,__amd_rocclr_copyBuffer,22,7,17775.0,0.0,0.0,0.0,0.0,0.0,8.0,4912589898724492.0,4912589898728492.0
22,1,512,512,0,0,20,4,32,64,__amd_rocclr_copyBuffer,23,7,18643.0,0.0,0.0,0.0,0.0,0.0,8.0,4912589898783852.0,4912589898788332.0
23,1,512,512,0,0,20,4,32,64,__amd_rocclr_copyBuffer,24,7,20429.0,0.0,0.0,0.0,0.0,0.0,8.0,4912590561512305.0,4912590561517425.0
24,1,512,512,0,0,20,4,32,64,__amd_rocclr_copyBuffer,25,7,17781.0,0.0,0.0,0.0,0.0,0.0,8.0,4912590561587825.0,4912590561591985.0
25,1,512,512,0,0,20,4,32,64,__amd_rocclr_copyBuffer,26,7,18663.0,0.0,0.0,0.0,0.0,0.0,8.0,4912590561662225.0,4912590561666865.0
26,1,512,512,0,0,20,4,32,64,__amd_rocclr_copyBuffer,27,7,23445.0,0.0,0.0,0.0,0.0,0.0,8.0,4912591199165467.0,4912591199171867.0
27,1,512,512,0,0,20,4,32,64,__amd_rocclr_copyBuffer,28,7,21097.0,0.0,0.0,0.0,0.0,0.0,8.0,4912591199249787.0,4912591199255867.0
28,1,512,512,0,0,20,4,32,64,__amd_rocclr_copyBuffer,29,7,19013.0,0.0,0.0,0.0,0.0,0.0,8.0,4912591199312827.0,4912591199317307.0
29,1,512,512,0,0,20,4,32,64,__amd_rocclr_copyBuffer,30,7,23277.0,0.0,0.0,0.0,0.0,0.0,8.0,4912591826766092.0,4912591826772652.0
30,1,512,512,0,0,20,4,32,64,__amd_rocclr_copyBuffer,31,7,21097.0,0.0,0.0,0.0,0.0,0.0,8.0,4912591826842252.0,4912591826848012.0
31,1,512,512,0,0,20,4,32,64,__amd_rocclr_copyBuffer,32,7,18860.0,0.0,0.0,0.0,0.0,0.0,8.0,4912591826907692.0,4912591826912172.0
32,1,512,512,0,0,20,4,32,64,__amd_rocclr_copyBuffer,33,7,22781.0,0.0,0.0,0.0,0.0,0.0,8.0,4912592452644660.0,4912592452650900.0
33,1,512,512,0,0,20,4,32,64,__amd_rocclr_copyBuffer,34,7,21837.0,0.0,0.0,0.0,0.0,0.0,8.0,4912592452724660.0,4912592452730900.0
34,1,512,512,0,0,20,4,32,64,__amd_rocclr_copyBuffer,35,7,19336.0,0.0,0.0,0.0,0.0,0.0,8.0,4912592452795700.0,4912592452800340.0
35,1,512,512,0,0,20,4,32,64,__amd_rocclr_copyBuffer,36,7,23913.0,0.0,0.0,0.0,0.0,0.0,8.0,4912593049859236.0,4912593049866116.0
36,1,512,512,0,0,20,4,32,64,__amd_rocclr_copyBuffer,37,7,21231.0,0.0,0.0,0.0,0.0,0.0,8.0,4912593049940196.0,4912593049946276.0
37,1,512,512,0,0,20,4,32,64,__amd_rocclr_copyBuffer,38,7,18933.0,0.0,0.0,0.0,0.0,0.0,8.0,4912593050004836.0,4912593050009316.0
38,1,512,512,0,0,20,4,32,64,__amd_rocclr_copyBuffer,39,7,24641.0,0.0,0.0,0.0,0.0,0.0,8.0,4912593646042983.0,4912593646050343.0
39,1,512,512,0,0,20,4,32,64,__amd_rocclr_copyBuffer,40,7,22113.0,0.0,0.0,0.0,0.0,0.0,8.0,4912593646125703.0,4912593646131943.0
40,1,512,512,0,0,20,4,32,64,__amd_rocclr_copyBuffer,41,7,19343.0,0.0,0.0,0.0,0.0,0.0,8.0,4912593646188583.0,4912593646193383.0
41,1,512,512,0,0,20,4,32,64,__amd_rocclr_copyBuffer,42,7,23397.0,0.0,0.0,0.0,0.0,0.0,8.0,4912594206674539.0,4912594206681099.0
42,1,512,512,0,0,20,4,32,64,__amd_rocclr_copyBuffer,43,7,22049.0,0.0,0.0,0.0,0.0,0.0,8.0,4912594206752779.0,4912594206759179.0
43,1,512,512,0,0,20,4,32,64,__amd_rocclr_copyBuffer,44,7,18989.0,0.0,0.0,0.0,0.0,0.0,8.0,4912594206819819.0,4912594206824459.0
44,1,512,512,0,0,20,4,32,64,__amd_rocclr_copyBuffer,45,7,23975.0,0.0,0.0,0.0,0.0,0.0,8.0,4912594761751049.0,4912594761757929.0
45,1,512,512,0,0,20,4,32,64,__amd_rocclr_copyBuffer,46,7,22179.0,0.0,0.0,0.0,0.0,0.0,8.0,4912594761874409.0,4912594761880809.0
46,1,512,512,0,0,20,4,32,64,__amd_rocclr_copyBuffer,47,7,19359.0,0.0,0.0,0.0,0.0,0.0,8.0,4912594761940009.0,4912594761944809.0
47,1,512,512,0,0,20,4,32,64,__amd_rocclr_copyBuffer,48,7,24049.0,0.0,0.0,0.0,0.0,0.0,8.0,4912595324234054.0,4912595324240934.0
48,1,512,512,0,0,20,4,32,64,__amd_rocclr_copyBuffer,49,7,22721.0,0.0,0.0,0.0,0.0,0.0,8.0,4912595324309414.0,4912595324316134.0
49,1,512,512,0,0,20,4,32,64,__amd_rocclr_copyBuffer,50,7,19873.0,0.0,0.0,0.0,0.0,0.0,8.0,4912595324373574.0,4912595324378854.0
50,1,512,512,0,0,20,4,32,64,__amd_rocclr_copyBuffer,51,7,22947.0,0.0,0.0,0.0,0.0,0.0,8.0,4912595911895051.0,4912595911901451.0
51,1,512,512,0,0,20,4,32,64,__amd_rocclr_copyBuffer,52,7,21101.0,0.0,0.0,0.0,0.0,0.0,8.0,4912595911976171.0,4912595911982091.0
52,1,512,512,0,0,20,4,32,64,__amd_rocclr_copyBuffer,53,7,19107.0,0.0,0.0,0.0,0.0,0.0,8.0,4912595912042731.0,4912595912047531.0
53,1,512,512,0,0,20,4,32,64,__amd_rocclr_copyBuffer,54,7,23351.0,0.0,0.0,0.0,0.0,0.0,8.0,4912596488364185.0,4912596488370905.0
54,1,512,512,0,0,20,4,32,64,__amd_rocclr_copyBuffer,55,7,22105.0,0.0,0.0,0.0,0.0,0.0,8.0,4912596488443705.0,4912596488450265.0
55,1,512,512,0,0,20,4,32,64,__amd_rocclr_copyBuffer,56,7,19973.0,0.0,0.0,0.0,0.0,0.0,8.0,4912596488511385.0,4912596488516345.0
56,1,512,512,0,0,20,4,32,64,__amd_rocclr_copyBuffer,57,7,21395.0,0.0,0.0,0.0,0.0,0.0,8.0,4912597051632812.0,4912597051638572.0
57,1,512,512,0,0,20,4,32,64,__amd_rocclr_copyBuffer,58,7,18941.0,0.0,0.0,0.0,0.0,0.0,8.0,4912597051706252.0,4912597051710892.0
58,1,512,512,0,0,20,4,32,64,__amd_rocclr_copyBuffer,59,7,18263.0,0.0,0.0,0.0,0.0,0.0,8.0,4912597051768332.0,4912597051772652.0
59,1,512,512,0,0,20,4,32,64,__amd_rocclr_copyBuffer,60,7,24259.0,0.0,0.0,0.0,0.0,0.0,8.0,4912597598614504.0,4912597598621864.0
60,1,512,512,0,0,20,4,32,64,__amd_rocclr_copyBuffer,61,7,20977.0,0.0,0.0,0.0,0.0,0.0,8.0,4912597598693384.0,4912597598699144.0
61,1,512,512,0,0,20,4,32,64,__amd_rocclr_copyBuffer,62,7,20023.0,0.0,0.0,0.0,0.0,0.0,8.0,4912597598755144.0,4912597598760424.0
62,1,512,512,0,0,20,4,32,64,__amd_rocclr_copyBuffer,63,7,20875.0,0.0,0.0,0.0,0.0,0.0,8.0,4912598167003589.0,4912598167008709.0
63,1,512,512,0,0,20,4,32,64,__amd_rocclr_copyBuffer,64,7,18607.0,0.0,0.0,0.0,0.0,0.0,8.0,4912598167080709.0,4912598167085189.0
64,1,512,512,0,0,20,4,32,64,__amd_rocclr_copyBuffer,65,7,18521.0,0.0,0.0,0.0,0.0,0.0,8.0,4912598167145349.0,4912598167149829.0
65,1,512,512,0,0,20,4,32,64,__amd_rocclr_copyBuffer,66,7,23511.0,0.0,0.0,0.0,0.0,0.0,8.0,4912598709122256.0,4912598709128976.0
66,1,512,512,0,0,20,4,32,64,__amd_rocclr_copyBuffer,67,7,21589.0,0.0,0.0,0.0,0.0,0.0,8.0,4912598709199536.0,4912598709205776.0
67,1,512,512,0,0,20,4,32,64,__amd_rocclr_copyBuffer,68,7,18921.0,0.0,0.0,0.0,0.0,0.0,8.0,4912598709283536.0,4912598709288176.0
68,1,512,512,0,0,20,4,32,64,__amd_rocclr_copyBuffer,69,7,23153.0,0.0,0.0,0.0,0.0,0.0,8.0,4912599288645520.0,4912599288652080.0
69,1,512,512,0,0,20,4,32,64,__amd_rocclr_copyBuffer,70,7,22023.0,0.0,0.0,0.0,0.0,0.0,8.0,4912599288723920.0,4912599288730480.0
70,1,512,512,0,0,20,4,32,64,__amd_rocclr_copyBuffer,71,7,18709.0,0.0,0.0,0.0,0.0,0.0,8.0,4912599288788400.0,4912599288793040.0
71,1,512,512,0,0,20,4,32,64,__amd_rocclr_copyBuffer,72,7,20943.0,0.0,0.0,0.0,0.0,0.0,8.0,4912599851784421.0,4912599851789701.0
72,1,512,512,0,0,20,4,32,64,__amd_rocclr_copyBuffer,73,7,18427.0,0.0,0.0,0.0,0.0,0.0,8.0,4912599851857701.0,4912599851862021.0
73,1,512,512,0,0,20,4,32,64,__amd_rocclr_copyBuffer,74,7,18308.0,0.0,0.0,0.0,0.0,0.0,8.0,4912599851918021.0,4912599851922181.0
74,1,512,512,0,0,20,4,32,64,__amd_rocclr_copyBuffer,75,7,23963.0,0.0,0.0,0.0,0.0,0.0,8.0,4912600408929532.0,4912600408936572.0
75,1,512,512,0,0,20,4,32,64,__amd_rocclr_copyBuffer,76,7,21849.0,0.0,0.0,0.0,0.0,0.0,8.0,4912600409007932.0,4912600409014012.0
76,1,512,512,0,0,20,4,32,64,__amd_rocclr_copyBuffer,77,7,19661.0,0.0,0.0,0.0,0.0,0.0,8.0,4912600409074972.0,4912600409079772.0
77,1,512,512,0,0,20,4,32,64,__amd_rocclr_copyBuffer,78,7,23649.0,0.0,0.0,0.0,0.0,0.0,8.0,4912600985782184.0,4912600985788904.0
78,1,512,512,0,0,20,4,32,64,__amd_rocclr_copyBuffer,79,7,20565.0,0.0,0.0,0.0,0.0,0.0,8.0,4912600985859304.0,4912600985864904.0
79,1,512,512,0,0,20,4,32,64,__amd_rocclr_copyBuffer,80,7,18827.0,0.0,0.0,0.0,0.0,0.0,8.0,4912600985926664.0,4912600985931304.0
80,1,512,512,0,0,20,4,32,64,__amd_rocclr_copyBuffer,81,7,24843.0,0.0,0.0,0.0,0.0,0.0,8.0,4912601561347867.0,4912601561355227.0
81,1,512,512,0,0,20,4,32,64,__amd_rocclr_copyBuffer,82,7,21715.0,0.0,0.0,0.0,0.0,0.0,8.0,4912601561425307.0,4912601561431227.0
82,1,512,512,0,0,20,4,32,64,__amd_rocclr_copyBuffer,83,7,19164.0,0.0,0.0,0.0,0.0,0.0,8.0,4912601561489147.0,4912601561493947.0
83,1,256,256,0,0,12,4,32,64,__amd_rocclr_fillBufferAligned,84,4,21559.0,0.0,0.0,0.0,0.0,0.0,4.0,4912602123998342.0,4912602124003782.0
84,1,256,256,0,0,12,4,32,64,__amd_rocclr_fillBufferAligned,85,4,19763.0,0.0,0.0,0.0,0.0,0.0,4.0,4912602124068422.0,4912602124073382.0
85,1,2048,256,0,0,8,0,32,64,"batch_decode_kernels::embedding(float*, unsigned short const*, int const*, int*, int, int, int, int)",86,35,22925.0,0.0,0.0,0.0,0.0,0.0,32.0,4912602127191796.0,4912602127197396.0
86,1,256,256,1024,0,12,4,32,64,"batch_decode_kernels::rmsnorm(float*, float const*, unsigned short const*, int, int, float)",87,36,33925.0,0.0,0.0,0.0,0.0,0.0,4.0,4912602127258036.0,4912602127271316.0
87,1,233472,256,0,0,16,0,32,64,"batch_decode_kernels::dual_gemv(float*, unsigned short const*, int, float*, unsigned short const*, int, float const*, int, int)",88,18,72895.0,0.0,0.0,0.0,0.0,0.0,3648.0,4912602127329876.0,4912602127368276.0
88,1,256,256,1024,0,24,0,32,64,"batch_decode_kernels::kv_norm_rope(unsigned short*, float const*, unsigned short const*, int, int, int, int, int, int, float const*, int, float)",89,43,33575.0,0.0,0.0,0.0,0.0,0.0,4.0,4912602127435477.0,4912602127448277.0
89,1,524288,256,0,0,36,4,32,64,"batch_decode_kernels::q_absorb_rope(float*, float*, float const*, unsigned short const*, int, int, int, int, int, int, int, float const*, int)",90,44,35611.0,0.0,0.0,0.0,0.0,0.0,8192.0,4912602127507637.0,4912602127522997.0
90,1,1024,256,0,0,16,0,32,64,"batch_decode_kernels::attention_score(float*, float const*, float const*, unsigned short const*, int, int, int, int, int, int, int, float)",91,27,27611.0,0.0,0.0,0.0,0.0,0.0,16.0,4912602127592277.0,4912602127601877.0
91,1,4096,256,1024,0,20,4,48,64,"void attention_kernels::softmax_rows_kernel<256>(float*, int, int, int, int)",92,52,26089.0,0.0,0.0,0.0,0.0,0.0,64.0,4912602128432921.0,4912602128440921.0
92,1,524288,256,0,0,16,0,32,64,"batch_decode_kernels::latent_context(float*, float const*, unsigned short const*, int, int, int, int, int, int)",93,41,27441.0,0.0,0.0,0.0,0.0,0.0,8192.0,4912602128508761.0,4912602128518841.0
93,1,131072,256,0,0,20,4,32,64,"batch_decode_kernels::value_up(float*, float const*, unsigned short const*, int, int, int, int, unsigned long)",94,45,31371.0,0.0,0.0,0.0,0.0,0.0,2048.0,4912602128578362.0,4912602128590362.0
94,1,131072,256,0,0,16,0,32,64,"batch_decode_kernels::gemv(float*, float const*, unsigned short const*, int, int, int, int)",95,24,48517.0,0.0,0.0,0.0,0.0,0.0,2048.0,4912602128653722.0,4912602128676602.0
95,1,256,256,1024,0,12,4,32,64,"batch_decode_kernels::rmsnorm(float*, float const*, unsigned short const*, int, int, float)",96,36,34874.0,0.0,0.0,0.0,0.0,0.0,4.0,4912602128742362.0,4912602128756123.0
96,1,700416,256,0,0,24,0,32,64,"batch_decode_kernels::gate_up_swiglu(float*, float const*, unsigned short const*, unsigned short const*, int, int, int)",97,37,190913.0,0.0,0.0,0.0,0.0,0.0,10944.0,4912602128816283.0,4912602128931163.0
97,1,131072,256,0,0,16,0,32,64,"batch_decode_kernels::gemv(float*, float const*, unsigned short const*, int, int, int, int)",98,24,151553.0,0.0,0.0,0.0,0.0,0.0,2048.0,4912602128990684.0,4912602129079004.0
98,1,256,256,1024,0,12,4,32,64,"batch_decode_kernels::rmsnorm(float*, float const*, unsigned short const*, int, int, float)",99,36,34705.0,0.0,0.0,0.0,0.0,0.0,4.0,4912602129144924.0,4912602129158684.0
99,1,233472,256,0,0,16,0,32,64,"batch_decode_kernels::dual_gemv(float*, unsigned short const*, int, float*, unsigned short const*, int, float const*, int, int)",100,18,73222.0,0.0,0.0,0.0,0.0,0.0,3648.0,4912602129222205.0,4912602129260445.0
100,1,256,256,1024,0,24,0,32,64,"batch_decode_kernels::kv_norm_rope(unsigned short*, float const*, unsigned short const*, int, int, int, int, int, int, float const*, int, float)",101,43,29603.0,0.0,0.0,0.0,0.0,0.0,4.0,4912602129328125.0,4912602129338845.0
101,1,524288,256,0,0,36,4,32,64,"batch_decode_kernels::q_absorb_rope(float*, float*, float const*, unsigned short const*, int, int, int, int, int, int, int, float const*, int)",102,44,36838.0,0.0,0.0,0.0,0.0,0.0,8192.0,4912602129397085.0,4912602129412765.0
102,1,1024,256,0,0,16,0,32,64,"batch_decode_kernels::attention_score(float*, float const*, float const*, unsigned short const*, int, int, int, int, int, int, int, float)",103,27,29381.0,0.0,0.0,0.0,0.0,0.0,16.0,4912602129475326.0,4912602129485886.0
103,1,4096,256,1024,0,20,4,48,64,"void attention_kernels::softmax_rows_kernel<256>(float*, int, int, int, int)",104,52,25309.0,0.0,0.0,0.0,0.0,0.0,64.0,4912602129549406.0,4912602129557246.0
104,1,524288,256,0,0,16,0,32,64,"batch_decode_kernels::latent_context(float*, float const*, unsigned short const*, int, int, int, int, int, int)",105,41,26865.0,0.0,0.0,0.0,0.0,0.0,8192.0,4912602129619166.0,4912602129628766.0
105,1,131072,256,0,0,20,4,32,64,"batch_decode_kernels::value_up(float*, float const*, unsigned short const*, int, int, int, int, unsigned long)",106,45,32132.0,0.0,0.0,0.0,0.0,0.0,2048.0,4912602129689247.0,4912602129701407.0
106,1,131072,256,0,0,16,0,32,64,"batch_decode_kernels::gemv(float*, float const*, unsigned short const*, int, int, int, int)",107,24,49465.0,0.0,0.0,0.0,0.0,0.0,2048.0,4912602129760287.0,4912602129783647.0
107,1,256,256,1024,0,12,4,32,64,"batch_decode_kernels::rmsnorm(float*, float const*, unsigned short const*, int, int, float)",108,36,35063.0,0.0,0.0,0.0,0.0,0.0,4.0,4912602129842847.0,4912602129857087.0
108,1,4096,256,0,0,16,0,32,64,"batch_decode_kernels::gemv(float*, float const*, unsigned short const*, int, int, int, int)",109,24,45090.0,0.0,0.0,0.0,0.0,0.0,64.0,4912602129913568.0,4912602129933248.0
109,1,64,64,0,0,16,0,48,64,"void moe_kernels::router_topk_wave64_kernel<64>(float*, float const*, int*, float*, int, int, int, int, int, float)",110,55,39100.0,0.0,0.0,0.0,0.0,0.0,1.0,4912602130355010.0,4912602130370530.0
110,1,540672,256,0,0,20,4,48,64,"batch_decode_kernels::routed_shared_gate_up(float*, float*, float const*, char const*, unsigned long const*, unsigned long const*, int const*, unsigned short const*, unsigned short const*, int, int, int, int, int)",111,46,158133.0,0.0,0.0,0.0,0.0,0.0,8448.0,4912602130433250.0,4912602130525890.0
111,1,180224,256,0,0,24,0,32,64,"batch_decode_kernels::gate_up_swiglu(float*, float const*, unsigned short const*, unsigned short const*, int, int, int)",112,37,68449.0,0.0,0.0,0.0,0.0,0.0,2816.0,4912602130588131.0,4912602130623331.0
112,1,131072,256,0,0,24,0,48,64,"batch_decode_kernels::routed_shared_down(float*, float const*, float const*, char const*, unsigned long const*, int const*, float const*, unsigned short const*, int, int, int, int, int)",113,21,116598.0,0.0,0.0,0.0,0.0,0.0,2048.0,4912602130689251.0,4912602130755011.0
113,1,131072,256,0,0,16,0,32,64,"batch_decode_kernels::gemv(float*, float const*, unsigned short const*, int, int, int, int)",114,24,57053.0,0.0,0.0,0.0,0.0,0.0,2048.0,4912602130823172.0,4912602130851812.0
114,1,256,256,1024,0,12,4,32,64,"batch_decode_kernels::rmsnorm(float*, float const*, unsigned short const*, int, int, float)",115,36,35733.0,0.0,0.0,0.0,0.0,0.0,4.0,4912602130913412.0,4912602130927652.0
115,1,233472,256,0,0,16,0,32,64,"batch_decode_kernels::dual_gemv(float*, unsigned short const*, int, float*, unsigned short const*, int, float const*, int, int)",116,18,73531.0,0.0,0.0,0.0,0.0,0.0,3648.0,4912602130993892.0,4912602131032293.0
116,1,256,256,1024,0,24,0,32,64,"batch_decode_kernels::kv_norm_rope(unsigned short*, float const*, unsigned short const*, int, int, int, int, int, int, float const*, int, float)",117,43,31220.0,0.0,0.0,0.0,0.0,0.0,4.0,4912602131099653.0,4912602131111173.0
117,1,524288,256,0,0,36,4,32,64,"batch_decode_kernels::q_absorb_rope(float*, float*, float const*, unsigned short const*, int, int, int, int, int, int, int, float const*, int)",118,44,36404.0,0.0,0.0,0.0,0.0,0.0,8192.0,4912602131177733.0,4912602131193253.0
118,1,1024,256,0,0,16,0,32,64,"batch_decode_kernels::attention_score(float*, float const*, float const*, unsigned short const*, int, int, int, int, int, int, int, float)",119,27,28869.0,0.0,0.0,0.0,0.0,0.0,16.0,4912602131262214.0,4912602131272294.0
119,1,4096,256,1024,0,20,4,48,64,"void attention_kernels::softmax_rows_kernel<256>(float*, int, int, int, int)",120,52,24666.0,0.0,0.0,0.0,0.0,0.0,64.0,4912602131335014.0,4912602131342694.0
120,1,524288,256,0,0,16,0,32,64,"batch_decode_kernels::latent_context(float*, float const*, unsigned short const*, int, int, int, int, int, int)",121,41,29760.0,0.0,0.0,0.0,0.0,0.0,8192.0,4912602131407174.0,4912602131418054.0
121,1,131072,256,0,0,20,4,32,64,"batch_decode_kernels::value_up(float*, float const*, unsigned short const*, int, int, int, int, unsigned long)",122,45,30529.0,0.0,0.0,0.0,0.0,0.0,2048.0,4912602131482215.0,4912602131493895.0
122,1,131072,256,0,0,16,0,32,64,"batch_decode_kernels::gemv(float*, float const*, unsigned short const*, int, int, int, int)",123,24,48922.0,0.0,0.0,0.0,0.0,0.0,2048.0,4912602131560935.0,4912602131583815.0
123,1,256,256,1024,0,12,4,32,64,"batch_decode_kernels::rmsnorm(float*, float const*, unsigned short const*, int, int, float)",124,36,34707.0,0.0,0.0,0.0,0.0,0.0,4.0,4912602131650215.0,4912602131663495.0
124,1,4096,256,0,0,16,0,32,64,"batch_decode_kernels::gemv(float*, float const*, unsigned short const*, int, int, int, int)",125,24,45268.0,0.0,0.0,0.0,0.0,0.0,64.0,4912602131728456.0,4912602131748456.0
125,1,64,64,0,0,16,0,48,64,"void moe_kernels::router_topk_wave64_kernel<64>(float*, float const*, int*, float*, int, int, int, int, int, float)",126,55,39189.0,0.0,0.0,0.0,0.0,0.0,1.0,4912602131810376.0,4912602131826856.0
126,1,540672,256,0,0,20,4,48,64,"batch_decode_kernels::routed_shared_gate_up(float*, float*, float const*, char const*, unsigned long const*, unsigned long const*, int const*, unsigned short const*, unsigned short const*, int, int, int, int, int)",127,46,157151.0,0.0,0.0,0.0,0.0,0.0,8448.0,4912602131893896.0,4912602131986377.0
127,1,180224,256,0,0,24,0,32,64,"batch_decode_kernels::gate_up_swiglu(float*, float const*, unsigned short const*, unsigned short const*, int, int, int)",128,37,67017.0,0.0,0.0,0.0,0.0,0.0,2816.0,4912602132050057.0,4912602132085097.0
128,1,131072,256,0,0,24,0,48,64,"batch_decode_kernels::routed_shared_down(float*, float const*, float const*, char const*, unsigned long const*, int const*, float const*, unsigned short const*, int, int, int, int, int)",129,21,114307.0,0.0,0.0,0.0,0.0,0.0,2048.0,4912602132154377.0,4912602132219018.0
129,1,131072,256,0,0,16,0,32,64,"batch_decode_kernels::gemv(float*, float const*, unsigned short const*, int, int, int, int)",130,24,56407.0,0.0,0.0,0.0,0.0,0.0,2048.0,4912602132281418.0,4912602132309098.0
130,1,256,256,1024,0,12,4,32,64,"batch_decode_kernels::rmsnorm(float*, float const*, unsigned short const*, int, int, float)",131,36,34694.0,0.0,0.0,0.0,0.0,0.0,4.0,4912602132374698.0,4912602132388459.0
131,1,233472,256,0,0,16,0,32,64,"batch_decode_kernels::dual_gemv(float*, unsigned short const*, int, float*, unsigned short const*, int, float const*, int, int)",132,18,74082.0,0.0,0.0,0.0,0.0,0.0,3648.0,4912602132453899.0,4912602132492779.0
132,1,256,256,1024,0,24,0,32,64,"batch_decode_kernels::kv_norm_rope(unsigned short*, float const*, unsigned short const*, int, int, int, int, int, int, float const*, int, float)",133,43,32210.0,0.0,0.0,0.0,0.0,0.0,4.0,4912602132558539.0,4912602132570539.0
133,1,524288,256,0,0,36,4,32,64,"batch_decode_kernels::q_absorb_rope(float*, float*, float const*, unsigned short const*, int, int, int, int, int, int, int, float const*, int)",134,44,36293.0,0.0,0.0,0.0,0.0,0.0,8192.0,4912602132635340.0,4912602132650860.0
134,1,1024,256,0,0,16,0,32,64,"batch_decode_kernels::attention_score(float*, float const*, float const*, unsigned short const*, int, int, int, int, int, int, int, float)",135,27,28354.0,0.0,0.0,0.0,0.0,0.0,16.0,4912602132723340.0,4912602132733100.0
135,1,4096,256,1024,0,20,4,48,64,"void attention_kernels::softmax_rows_kernel<256>(float*, int, int, int, int)",136,52,24433.0,0.0,0.0,0.0,0.0,0.0,64.0,4912602132799820.0,4912602132807660.0
136,1,524288,256,0,0,16,0,32,64,"batch_decode_kernels::latent_context(float*, float const*, unsigned short const*, int, int, int, int, int, int)",137,41,28682.0,0.0,0.0,0.0,0.0,0.0,8192.0,4912602132871661.0,4912602132881741.0
137,1,131072,256,0,0,20,4,32,64,"batch_decode_kernels::value_up(float*, float const*, unsigned short const*, int, int, int, int, unsigned long)",138,45,30807.0,0.0,0.0,0.0,0.0,0.0,2048.0,4912602132946221.0,4912602132958221.0
138,1,131072,256,0,0,16,0,32,64,"batch_decode_kernels::gemv(float*, float const*, unsigned short const*, int, int, int, int)",139,24,49741.0,0.0,0.0,0.0,0.0,0.0,2048.0,4912602133026861.0,4912602133050221.0
139,1,256,256,1024,0,12,4,32,64,"batch_decode_kernels::rmsnorm(float*, float const*, unsigned short const*, int, int, float)",140,36,35015.0,0.0,0.0,0.0,0.0,0.0,4.0,4912602133116782.0,4912602133130702.0
140,1,4096,256,0,0,16,0,32,64,"batch_decode_kernels::gemv(float*, float const*, unsigned short const*, int, int, int, int)",141,24,44924.0,0.0,0.0,0.0,0.0,0.0,64.0,4912602133198062.0,4912602133217742.0
141,1,64,64,0,0,16,0,48,64,"void moe_kernels::router_topk_wave64_kernel<64>(float*, float const*, int*, float*, int, int, int, int, int, float)",142,55,37433.0,0.0,0.0,0.0,0.0,0.0,1.0,4912602133279982.0,4912602133295502.0
142,1,540672,256,0,0,20,4,48,64,"batch_decode_kernels::routed_shared_gate_up(float*, float*, float const*, char const*, unsigned long const*, unsigned long const*, int const*, unsigned short const*, unsigned short const*, int, int, int, int, int)",143,46,157870.0,0.0,0.0,0.0,0.0,0.0,8448.0,4912602133361263.0,4912602133454063.0
143,1,180224,256,0,0,24,0,32,64,"batch_decode_kernels::gate_up_swiglu(float*, float const*, unsigned short const*, unsigned short const*, int, int, int)",144,37,67730.0,0.0,0.0,0.0,0.0,0.0,2816.0,4912602133520463.0,4912602133555504.0
144,1,131072,256,0,0,24,0,48,64,"batch_decode_kernels::routed_shared_down(float*, float const*, float const*, char const*, unsigned long const*, int const*, float const*, unsigned short const*, int, int, int, int, int)",145,21,114391.0,0.0,0.0,0.0,0.0,0.0,2048.0,4912602133616464.0,4912602133681264.0
145,1,131072,256,0,0,16,0,32,64,"batch_decode_kernels::gemv(float*, float const*, unsigned short const*, int, int, int, int)",146,24,59731.0,0.0,0.0,0.0,0.0,0.0,2048.0,4912602133747664.0,4912602133776785.0
146,1,256,256,1024,0,12,4,32,64,"batch_decode_kernels::rmsnorm(float*, float const*, unsigned short const*, int, int, float)",147,36,34683.0,0.0,0.0,0.0,0.0,0.0,4.0,4912602133846385.0,4912602133859985.0
147,1,233472,256,0,0,16,0,32,64,"batch_decode_kernels::dual_gemv(float*, unsigned short const*, int, float*, unsigned short const*, int, float const*, int, int)",148,18,74449.0,0.0,0.0,0.0,0.0,0.0,3648.0,4912602133930385.0,4912602133969425.0
148,1,256,256,1024,0,24,0,32,64,"batch_decode_kernels::kv_norm_rope(unsigned short*, float const*, unsigned short const*, int, int, int, int, int, int, float const*, int, float)",149,43,29668.0,0.0,0.0,0.0,0.0,0.0,4.0,4912602134042066.0,4912602134052946.0
149,1,524288,256,0,0,36,4,32,64,"batch_decode_kernels::q_absorb_rope(float*, float*, float const*, unsigned short const*, int, int, int, int, int, int, int, float const*, int)",150,44,36296.0,0.0,0.0,0.0,0.0,0.0,8192.0,4912602134123506.0,4912602134138866.0
150,1,1024,256,0,0,16,0,32,64,"batch_decode_kernels::attention_score(float*, float const*, float const*, unsigned short const*, int, int, int, int, int, int, int, float)",151,27,29584.0,0.0,0.0,0.0,0.0,0.0,16.0,4912602134209587.0,4912602134219827.0
151,1,4096,256,1024,0,20,4,48,64,"void attention_kernels::softmax_rows_kernel<256>(float*, int, int, int, int)",152,52,24887.0,0.0,0.0,0.0,0.0,0.0,64.0,4912602134288307.0,4912602134296307.0
152,1,524288,256,0,0,16,0,32,64,"batch_decode_kernels::latent_context(float*, float const*, unsigned short const*, int, int, int, int, int, int)",153,41,28674.0,0.0,0.0,0.0,0.0,0.0,8192.0,4912602134360947.0,4912602134371027.0
153,1,131072,256,0,0,20,4,32,64,"batch_decode_kernels::value_up(float*, float const*, unsigned short const*, int, int, int, int, unsigned long)",154,45,30485.0,0.0,0.0,0.0,0.0,0.0,2048.0,4912602134433428.0,4912602134445268.0
154,1,131072,256,0,0,16,0,32,64,"batch_decode_kernels::gemv(float*, float const*, unsigned short const*, int, int, int, int)",155,24,49070.0,0.0,0.0,0.0,0.0,0.0,2048.0,4912602134513748.0,4912602134536788.0
155,1,256,256,1024,0,12,4,32,64,"batch_decode_kernels::rmsnorm(float*, float const*, unsigned short const*, int, int, float)",156,36,32859.0,0.0,0.0,0.0,0.0,0.0,4.0,4912602134607668.0,4912602134620308.0
156,1,4096,256,0,0,16,0,32,64,"batch_decode_kernels::gemv(float*, float const*, unsigned short const*, int, int, int, int)",157,24,48309.0,0.0,0.0,0.0,0.0,0.0,64.0,4912602134687669.0,4912602134708949.0
157,1,64,64,0,0,16,0,48,64,"void moe_kernels::router_topk_wave64_kernel<64>(float*, float const*, int*, float*, int, int, int, int, int, float)",158,55,39924.0,0.0,0.0,0.0,0.0,0.0,1.0,4912602134774069.0,4912602134790869.0
158,1,540672,256,0,0,20,4,48,64,"batch_decode_kernels::routed_shared_gate_up(float*, float*, float const*, char const*, unsigned long const*, unsigned long const*, int const*, unsigned short const*, unsigned short const*, int, int, int, int, int)",159,46,156893.0,0.0,0.0,0.0,0.0,0.0,8448.0,4912602134858869.0,4912602134951350.0
159,1,180224,256,0,0,24,0,32,64,"batch_decode_kernels::gate_up_swiglu(float*, float const*, unsigned short const*, unsigned short const*, int, int, int)",160,37,69377.0,0.0,0.0,0.0,0.0,0.0,2816.0,4912602135023510.0,4912602135059510.0
160,1,131072,256,0,0,24,0,48,64,"batch_decode_kernels::routed_shared_down(float*, float const*, float const*, char const*, unsigned long const*, int const*, float const*, unsigned short const*, int, int, int, int, int)",161,21,114668.0,0.0,0.0,0.0,0.0,0.0,2048.0,4912602135125751.0,4912602135190551.0
161,1,131072,256,0,0,16,0,32,64,"batch_decode_kernels::gemv(float*, float const*, unsigned short const*, int, int, int, int)",162,24,57359.0,0.0,0.0,0.0,0.0,0.0,2048.0,4912602135260471.0,4912602135289111.0
162,1,256,256,1024,0,12,4,32,64,"batch_decode_kernels::rmsnorm(float*, float const*, unsigned short const*, int, int, float)",163,36,35382.0,0.0,0.0,0.0,0.0,0.0,4.0,4912602135355192.0,4912602135368952.0
163,1,233472,256,0,0,16,0,32,64,"batch_decode_kernels::dual_gemv(float*, unsigned short const*, int, float*, unsigned short const*, int, float const*, int, int)",164,18,74073.0,0.0,0.0,0.0,0.0,0.0,3648.0,4912602135433432.0,4912602135471992.0
164,1,256,256,1024,0,24,0,32,64,"batch_decode_kernels::kv_norm_rope(unsigned short*, float const*, unsigned short const*, int, int, int, int, int, int, float const*, int, float)",165,43,30343.0,0.0,0.0,0.0,0.0,0.0,4.0,4912602135536472.0,4912602135547512.0
165,1,524288,256,0,0,36,4,32,64,"batch_decode_kernels::q_absorb_rope(float*, float*, float const*, unsigned short const*, int, int, int, int, int, int, int, float const*, int)",166,44,36871.0,0.0,0.0,0.0,0.0,0.0,8192.0,4912602135612153.0,4912602135627993.0
166,1,1024,256,0,0,16,0,32,64,"batch_decode_kernels::attention_score(float*, float const*, float const*, unsigned short const*, int, int, int, int, int, int, int, float)",167,27,29061.0,0.0,0.0,0.0,0.0,0.0,16.0,4912602135703513.0,4912602135713593.0
167,1,4096,256,1024,0,20,4,48,64,"void attention_kernels::softmax_rows_kernel<256>(float*, int, int, int, int)",168,52,26184.0,0.0,0.0,0.0,0.0,0.0,64.0,4912602135781753.0,4912602135789913.0
168,1,524288,256,0,0,16,0,32,64,"batch_decode_kernels::latent_context(float*, float const*, unsigned short const*, int, int, int, int, int, int)",169,41,28582.0,0.0,0.0,0.0,0.0,0.0,8192.0,4912602135859514.0,4912602135869434.0
169,1,131072,256,0,0,20,4,32,64,"batch_decode_kernels::value_up(float*, float const*, unsigned short const*, int, int, int, int, unsigned long)",170,45,31420.0,0.0,0.0,0.0,0.0,0.0,2048.0,4912602135935674.0,4912602135947834.0
170,1,131072,256,0,0,16,0,32,64,"batch_decode_kernels::gemv(float*, float const*, unsigned short const*, int, int, int, int)",171,24,49025.0,0.0,0.0,0.0,0.0,0.0,2048.0,4912602136023514.0,4912602136046395.0
171,1,256,256,1024,0,12,4,32,64,"batch_decode_kernels::rmsnorm(float*, float const*, unsigned short const*, int, int, float)",172,36,34684.0,0.0,0.0,0.0,0.0,0.0,4.0,4912602136127035.0,4912602136140635.0
172,1,4096,256,0,0,16,0,32,64,"batch_decode_kernels::gemv(float*, float const*, unsigned short const*, int, int, int, int)",173,24,45471.0,0.0,0.0,0.0,0.0,0.0,64.0,4912602136202555.0,4912602136222875.0
173,1,64,64,0,0,16,0,48,64,"void moe_kernels::router_topk_wave64_kernel<64>(float*, float const*, int*, float*, int, int, int, int, int, float)",174,55,39487.0,0.0,0.0,0.0,0.0,0.0,1.0,4912602136289276.0,4912602136305596.0
174,1,540672,256,0,0,20,4,48,64,"batch_decode_kernels::routed_shared_gate_up(float*, float*, float const*, char const*, unsigned long const*, unsigned long const*, int const*, unsigned short const*, unsigned short const*, int, int, int, int, int)",175,46,157348.0,0.0,0.0,0.0,0.0,0.0,8448.0,4912602136373276.0,4912602136465916.0
175,1,180224,256,0,0,24,0,32,64,"batch_decode_kernels::gate_up_swiglu(float*, float const*, unsigned short const*, unsigned short const*, int, int, int)",176,37,68075.0,0.0,0.0,0.0,0.0,0.0,2816.0,4912602136532637.0,4912602136568157.0
176,1,131072,256,0,0,24,0,48,64,"batch_decode_kernels::routed_shared_down(float*, float const*, float const*, char const*, unsigned long const*, int const*, float const*, unsigned short const*, int, int, int, int, int)",177,21,115041.0,0.0,0.0,0.0,0.0,0.0,2048.0,4912602136631357.0,4912602136696157.0
177,1,131072,256,0,0,16,0,32,64,"batch_decode_kernels::gemv(float*, float const*, unsigned short const*, int, int, int, int)",178,24,57186.0,0.0,0.0,0.0,0.0,0.0,2048.0,4912602136760798.0,4912602136789118.0
178,1,256,256,1024,0,12,4,32,64,"batch_decode_kernels::rmsnorm(float*, float const*, unsigned short const*, int, int, float)",179,36,34881.0,0.0,0.0,0.0,0.0,0.0,4.0,4912602136856798.0,4912602136870558.0
179,1,233472,256,0,0,16,0,32,64,"batch_decode_kernels::dual_gemv(float*, unsigned short const*, int, float*, unsigned short const*, int, float const*, int, int)",180,18,73829.0,0.0,0.0,0.0,0.0,0.0,3648.0,4912602136938559.0,4912602136977119.0
180,1,256,256,1024,0,24,0,32,64,"batch_decode_kernels::kv_norm_rope(unsigned short*, float const*, unsigned short const*, int, int, int, int, int, int, float const*, int, float)",181,43,30854.0,0.0,0.0,0.0,0.0,0.0,4.0,4912602137042879.0,4912602137054079.0
181,1,524288,256,0,0,36,4,32,64,"batch_decode_kernels::q_absorb_rope(float*, float*, float const*, unsigned short const*, int, int, int, int, int, int, int, float const*, int)",182,44,35195.0,0.0,0.0,0.0,0.0,0.0,8192.0,4912602137119999.0,4912602137135039.0
182,1,1024,256,0,0,16,0,32,64,"batch_decode_kernels::attention_score(float*, float const*, float const*, unsigned short const*, int, int, int, int, int, int, int, float)",183,27,29354.0,0.0,0.0,0.0,0.0,0.0,16.0,4912602137199040.0,4912602137209280.0
183,1,4096,256,1024,0,20,4,48,64,"void attention_kernels::softmax_rows_kernel<256>(float*, int, int, int, int)",184,52,24289.0,0.0,0.0,0.0,0.0,0.0,64.0,4912602137284480.0,4912602137292320.0
184,1,524288,256,0,0,16,0,32,64,"batch_decode_kernels::latent_context(float*, float const*, unsigned short const*, int, int, int, int, int, int)",185,41,28765.0,0.0,0.0,0.0,0.0,0.0,8192.0,4912602137355360.0,4912602137365440.0
185,1,131072,256,0,0,20,4,32,64,"batch_decode_kernels::value_up(float*, float const*, unsigned short const*, int, int, int, int, unsigned long)",186,45,31995.0,0.0,0.0,0.0,0.0,0.0,2048.0,4912602137427521.0,4912602137439681.0
186,1,131072,256,0,0,16,0,32,64,"batch_decode_kernels::gemv(float*, float const*, unsigned short const*, int, int, int, int)",187,24,49643.0,0.0,0.0,0.0,0.0,0.0,2048.0,4912602137497441.0,4912602137520801.0
187,1,256,256,1024,0,12,4,32,64,"batch_decode_kernels::rmsnorm(float*, float const*, unsigned short const*, int, int, float)",188,36,33675.0,0.0,0.0,0.0,0.0,0.0,4.0,4912602137590881.0,4912602137603841.0
188,1,4096,256,0,0,16,0,32,64,"batch_decode_kernels::gemv(float*, float const*, unsigned short const*, int, int, int, int)",189,24,46228.0,0.0,0.0,0.0,0.0,0.0,64.0,4912602137669762.0,4912602137690082.0
189,1,64,64,0,0,16,0,48,64,"void moe_kernels::router_topk_wave64_kernel<64>(float*, float const*, int*, float*, int, int, int, int, int, float)",190,55,40011.0,0.0,0.0,0.0,0.0,0.0,1.0,4912602137754402.0,4912602137770882.0
190,1,540672,256,0,0,20,4,48,64,"batch_decode_kernels::routed_shared_gate_up(float*, float*, float const*, char const*, unsigned long const*, unsigned long const*, int const*, unsigned short const*, unsigned short const*, int, int, int, int, int)",191,46,160228.0,0.0,0.0,0.0,0.0,0.0,8448.0,4912602137841442.0,4912602137935843.0
191,1,180224,256,0,0,24,0,32,64,"batch_decode_kernels::gate_up_swiglu(float*, float const*, unsigned short const*, unsigned short const*, int, int, int)",192,37,68516.0,0.0,0.0,0.0,0.0,0.0,2816.0,4912602138001283.0,4912602138036963.0
192,1,131072,256,0,0,24,0,48,64,"batch_decode_kernels::routed_shared_down(float*, float const*, float const*, char const*, unsigned long const*, int const*, float const*, unsigned short const*, int, int, int, int, int)",193,21,114127.0,0.0,0.0,0.0,0.0,0.0,2048.0,4912602138105124.0,4912602138169924.0
193,1,131072,256,0,0,16,0,32,64,"batch_decode_kernels::gemv(float*, float const*, unsigned short const*, int, int, int, int)",194,24,56995.0,0.0,0.0,0.0,0.0,0.0,2048.0,4912602138236644.0,4912602138264644.0
194,1,256,256,1024,0,12,4,32,64,"batch_decode_kernels::rmsnorm(float*, float const*, unsigned short const*, int, int, float)",195,36,33026.0,0.0,0.0,0.0,0.0,0.0,4.0,4912602138332485.0,4912602138344965.0
195,1,233472,256,0,0,16,0,32,64,"batch_decode_kernels::dual_gemv(float*, unsigned short const*, int, float*, unsigned short const*, int, float const*, int, int)",196,18,73966.0,0.0,0.0,0.0,0.0,0.0,3648.0,4912602138414565.0,4912602138453445.0
196,1,256,256,1024,0,24,0,32,64,"batch_decode_kernels::kv_norm_rope(unsigned short*, float const*, unsigned short const*, int, int, int, int, int, int, float const*, int, float)",197,43,29867.0,0.0,0.0,0.0,0.0,0.0,4.0,4912602138518885.0,4912602138529606.0
197,1,524288,256,0,0,36,4,32,64,"batch_decode_kernels::q_absorb_rope(float*, float*, float const*, unsigned short const*, int, int, int, int, int, int, int, float const*, int)",198,44,36091.0,0.0,0.0,0.0,0.0,0.0,8192.0,4912602138590406.0,4912602138605766.0
198,1,1024,256,0,0,16,0,32,64,"batch_decode_kernels::attention_score(float*, float const*, float const*, unsigned short const*, int, int, int, int, int, int, int, float)",199,27,28739.0,0.0,0.0,0.0,0.0,0.0,16.0,4912602138672486.0,4912602138682726.0
199,1,4096,256,1024,0,20,4,48,64,"void attention_kernels::softmax_rows_kernel<256>(float*, int, int, int, int)",200,52,24665.0,0.0,0.0,0.0,0.0,0.0,64.0,4912602138745446.0,4912602138753287.0
200,1,524288,256,0,0,16,0,32,64,"batch_decode_kernels::latent_context(float*, float const*, unsigned short const*, int, int, int, int, int, int)",201,41,28813.0,0.0,0.0,0.0,0.0,0.0,8192.0,4912602138814407.0,4912602138824967.0
201,1,131072,256,0,0,20,4,32,64,"batch_decode_kernels::value_up(float*, float const*, unsigned short const*, int, int, int, int, unsigned long)",202,45,31435.0,0.0,0.0,0.0,0.0,0.0,2048.0,4912602138890727.0,4912602138902727.0
202,1,131072,256,0,0,16,0,32,64,"batch_decode_kernels::gemv(float*, float const*, unsigned short const*, int, int, int, int)",203,24,48754.0,0.0,0.0,0.0,0.0,0.0,2048.0,4912602138978727.0,4912602139001448.0
203,1,256,256,1024,0,12,4,32,64,"batch_decode_kernels::rmsnorm(float*, float const*, unsigned short const*, int, int, float)",204,36,33567.0,0.0,0.0,0.0,0.0,0.0,4.0,4912602139069768.0,4912602139083048.0
204,1,4096,256,0,0,16,0,32,64,"batch_decode_kernels::gemv(float*, float const*, unsigned short const*, int, int, int, int)",205,24,46436.0,0.0,0.0,0.0,0.0,0.0,64.0,4912602139153928.0,4912602139174248.0
205,1,64,64,0,0,16,0,48,64,"void moe_kernels::router_topk_wave64_kernel<64>(float*, float const*, int*, float*, int, int, int, int, int, float)",206,55,37774.0,0.0,0.0,0.0,0.0,0.0,1.0,4912602139239049.0,4912602139254889.0
206,1,540672,256,0,0,20,4,48,64,"batch_decode_kernels::routed_shared_gate_up(float*, float*, float const*, char const*, unsigned long const*, unsigned long const*, int const*, unsigned short const*, unsigned short const*, int, int, int, int, int)",207,46,154789.0,0.0,0.0,0.0,0.0,0.0,8448.0,4912602139322089.0,4912602139413129.0
207,1,180224,256,0,0,24,0,32,64,"batch_decode_kernels::gate_up_swiglu(float*, float const*, unsigned short const*, unsigned short const*, int, int, int)",208,37,68603.0,0.0,0.0,0.0,0.0,0.0,2816.0,4912602139476810.0,4912602139512810.0
208,1,131072,256,0,0,24,0,48,64,"batch_decode_kernels::routed_shared_down(float*, float const*, float const*, char const*, unsigned long const*, int const*, float const*, unsigned short const*, int, int, int, int, int)",209,21,115291.0,0.0,0.0,0.0,0.0,0.0,2048.0,4912602139580330.0,4912602139645450.0
209,1,131072,256,0,0,16,0,32,64,"batch_decode_kernels::gemv(float*, float const*, unsigned short const*, int, int, int, int)",210,24,58076.0,0.0,0.0,0.0,0.0,0.0,2048.0,4912602139713771.0,4912602139742411.0
210,1,256,256,1024,0,12,4,32,64,"batch_decode_kernels::rmsnorm(float*, float const*, unsigned short const*, int, int, float)",211,36,35720.0,0.0,0.0,0.0,0.0,0.0,4.0,4912602139812811.0,4912602139827051.0
211,1,233472,256,0,0,16,0,32,64,"batch_decode_kernels::dual_gemv(float*, unsigned short const*, int, float*, unsigned short const*, int, float const*, int, int)",212,18,74608.0,0.0,0.0,0.0,0.0,0.0,3648.0,4912602139889452.0,4912602139928652.0
212,1,256,256,1024,0,24,0,32,64,"batch_decode_kernels::kv_norm_rope(unsigned short*, float const*, unsigned short const*, int, int, int, int, int, int, float const*, int, float)",213,43,30496.0,0.0,0.0,0.0,0.0,0.0,4.0,4912602139999532.0,4912602140010412.0
213,1,524288,256,0,0,36,4,32,64,"batch_decode_kernels::q_absorb_rope(float*, float*, float const*, unsigned short const*, int, int, int, int, int, int, int, float const*, int)",214,44,35929.0,0.0,0.0,0.0,0.0,0.0,8192.0,4912602140079852.0,4912602140094892.0
214,1,1024,256,0,0,16,0,32,64,"batch_decode_kernels::attention_score(float*, float const*, float const*, unsigned short const*, int, int, int, int, int, int, int, float)",215,27,30018.0,0.0,0.0,0.0,0.0,0.0,16.0,4912602140163693.0,4912602140174413.0
215,1,4096,256,1024,0,20,4,48,64,"void attention_kernels::softmax_rows_kernel<256>(float*, int, int, int, int)",216,52,25144.0,0.0,0.0,0.0,0.0,0.0,64.0,4912602140240493.0,4912602140248653.0
216,1,524288,256,0,0,16,0,32,64,"batch_decode_kernels::latent_context(float*, float const*, unsigned short const*, int, int, int, int, int, int)",217,41,28321.0,0.0,0.0,0.0,0.0,0.0,8192.0,4912602140317293.0,4912602140327373.0
217,1,131072,256,0,0,20,4,32,64,"batch_decode_kernels::value_up(float*, float const*, unsigned short const*, int, int, int, int, unsigned long)",218,45,30938.0,0.0,0.0,0.0,0.0,0.0,2048.0,4912602140391374.0,4912602140403054.0
218,1,131072,256,0,0,16,0,32,64,"batch_decode_kernels::gemv(float*, float const*, unsigned short const*, int, int, int, int)",219,24,48544.0,0.0,0.0,0.0,0.0,0.0,2048.0,4912602140474254.0,4912602140497134.0
219,1,256,256,1024,0,12,4,32,64,"batch_decode_kernels::rmsnorm(float*, float const*, unsigned short const*, int, int, float)",220,36,33140.0,0.0,0.0,0.0,0.0,0.0,4.0,4912602140562414.0,4912602140575055.0
220,1,4096,256,0,0,16,0,32,64,"batch_decode_kernels::gemv(float*, float const*, unsigned short const*, int, int, int, int)",221,24,46465.0,0.0,0.0,0.0,0.0,0.0,64.0,4912602140637295.0,4912602140657775.0
221,1,64,64,0,0,16,0,48,64,"void moe_kernels::router_topk_wave64_kernel<64>(float*, float const*, int*, float*, int, int, int, int, int, float)",222,55,38247.0,0.0,0.0,0.0,0.0,0.0,1.0,4912602140718095.0,4912602140733775.0
222,1,540672,256,0,0,20,4,48,64,"batch_decode_kernels::routed_shared_gate_up(float*, float*, float const*, char const*, unsigned long const*, unsigned long const*, int const*, unsigned short const*, unsigned short const*, int, int, int, int, int)",223,46,155869.0,0.0,0.0,0.0,0.0,0.0,8448.0,4912602140810576.0,4912602140902416.0
223,1,180224,256,0,0,24,0,32,64,"batch_decode_kernels::gate_up_swiglu(float*, float const*, unsigned short const*, unsigned short const*, int, int, int)",224,37,68853.0,0.0,0.0,0.0,0.0,0.0,2816.0,4912602140973136.0,4912602141008976.0
224,1,131072,256,0,0,24,0,48,64,"batch_decode_kernels::routed_shared_down(float*, float const*, float const*, char const*, unsigned long const*, int const*, float const*, unsigned short const*, int, int, int, int, int)",225,21,114601.0,0.0,0.0,0.0,0.0,0.0,2048.0,4912602141080017.0,4912602141144817.0
225,1,131072,256,0,0,16,0,32,64,"batch_decode_kernels::gemv(float*, float const*, unsigned short const*, int, int, int, int)",226,24,57555.0,0.0,0.0,0.0,0.0,0.0,2048.0,4912602141209457.0,4912602141237617.0
226,1,256,256,1024,0,12,4,32,64,"batch_decode_kernels::rmsnorm(float*, float const*, unsigned short const*, int, int, float)",227,36,33148.0,0.0,0.0,0.0,0.0,0.0,4.0,4912602141302098.0,4912602141314738.0
227,1,233472,256,0,0,16,0,32,64,"batch_decode_kernels::dual_gemv(float*, unsigned short const*, int, float*, unsigned short const*, int, float const*, int, int)",228,18,73799.0,0.0,0.0,0.0,0.0,0.0,3648.0,4912602141381138.0,4912602141419538.0
228,1,256,256,1024,0,24,0,32,64,"batch_decode_kernels::kv_norm_rope(unsigned short*, float const*, unsigned short const*, int, int, int, int, int, int, float const*, int, float)",229,43,30642.0,0.0,0.0,0.0,0.0,0.0,4.0,4912602141485139.0,4912602141496339.0
229,1,524288,256,0,0,36,4,32,64,"batch_decode_kernels::q_absorb_rope(float*, float*, float const*, unsigned short const*, int, int, int, int, int, int, int, float const*, int)",230,44,36387.0,0.0,0.0,0.0,0.0,0.0,8192.0,4912602141575859.0,4912602141591699.0
230,1,1024,256,0,0,16,0,32,64,"batch_decode_kernels::attention_score(float*, float const*, float const*, unsigned short const*, int, int, int, int, int, int, int, float)",231,27,28815.0,0.0,0.0,0.0,0.0,0.0,16.0,4912602141659859.0,4912602141669939.0
231,1,4096,256,1024,0,20,4,48,64,"void attention_kernels::softmax_rows_kernel<256>(float*, int, int, int, int)",232,52,24855.0,0.0,0.0,0.0,0.0,0.0,64.0,4912602141737140.0,4912602141744980.0
232,1,524288,256,0,0,16,0,32,64,"batch_decode_kernels::latent_context(float*, float const*, unsigned short const*, int, int, int, int, int, int)",233,41,29211.0,0.0,0.0,0.0,0.0,0.0,8192.0,4912602141814580.0,4912602141824980.0
233,1,131072,256,0,0,20,4,32,64,"batch_decode_kernels::value_up(float*, float const*, unsigned short const*, int, int, int, int, unsigned long)",234,45,33135.0,0.0,0.0,0.0,0.0,0.0,2048.0,4912602141893780.0,4912602141906420.0
234,1,131072,256,0,0,16,0,32,64,"batch_decode_kernels::gemv(float*, float const*, unsigned short const*, int, int, int, int)",235,24,49406.0,0.0,0.0,0.0,0.0,0.0,2048.0,4912602141973301.0,4912602141996501.0
235,1,256,256,1024,0,12,4,32,64,"batch_decode_kernels::rmsnorm(float*, float const*, unsigned short const*, int, int, float)",236,36,36314.0,0.0,0.0,0.0,0.0,0.0,4.0,4912602142059061.0,4912602142073461.0
236,1,4096,256,0,0,16,0,32,64,"batch_decode_kernels::gemv(float*, float const*, unsigned short const*, int, int, int, int)",237,24,46522.0,0.0,0.0,0.0,0.0,0.0,64.0,4912602142137941.0,4912602142158581.0
237,1,64,64,0,0,16,0,48,64,"void moe_kernels::router_topk_wave64_kernel<64>(float*, float const*, int*, float*, int, int, int, int, int, float)",238,55,39468.0,0.0,0.0,0.0,0.0,0.0,1.0,4912602142228502.0,4912602142244822.0
238,1,540672,256,0,0,20,4,48,64,"batch_decode_kernels::routed_shared_gate_up(float*, float*, float const*, char const*, unsigned long const*, unsigned long const*, int const*, unsigned short const*, unsigned short const*, int, int, int, int, int)",239,46,156596.0,0.0,0.0,0.0,0.0,0.0,8448.0,4912602142311062.0,4912602142403063.0
239,1,180224,256,0,0,24,0,32,64,"batch_decode_kernels::gate_up_swiglu(float*, float const*, unsigned short const*, unsigned short const*, int, int, int)",240,37,66455.0,0.0,0.0,0.0,0.0,0.0,2816.0,4912602142472503.0,4912602142507383.0
240,1,131072,256,0,0,24,0,48,64,"batch_decode_kernels::routed_shared_down(float*, float const*, float const*, char const*, unsigned long const*, int const*, float const*, unsigned short const*, int, int, int, int, int)",241,21,113411.0,0.0,0.0,0.0,0.0,0.0,2048.0,4912602142568503.0,4912602142632664.0
241,1,131072,256,0,0,16,0,32,64,"batch_decode_kernels::gemv(float*, float const*, unsigned short const*, int, int, int, int)",242,24,56263.0,0.0,0.0,0.0,0.0,0.0,2048.0,4912602142700344.0,4912602142728344.0
242,1,256,256,1024,0,12,4,32,64,"batch_decode_kernels::rmsnorm(float*, float const*, unsigned short const*, int, int, float)",243,36,33986.0,0.0,0.0,0.0,0.0,0.0,4.0,4912602142799544.0,4912602142812664.0
243,1,233472,256,0,0,16,0,32,64,"batch_decode_kernels::dual_gemv(float*, unsigned short const*, int, float*, unsigned short const*, int, float const*, int, int)",244,18,74696.0,0.0,0.0,0.0,0.0,0.0,3648.0,4912602142882905.0,4912602142921625.0
244,1,256,256,1024,0,24,0,32,64,"batch_decode_kernels::kv_norm_rope(unsigned short*, float const*, unsigned short const*, int, int, int, int, int, int, float const*, int, float)",245,43,31486.0,0.0,0.0,0.0,0.0,0.0,4.0,4912602142991385.0,4912602143003065.0
245,1,524288,256,0,0,36,4,32,64,"batch_decode_kernels::q_absorb_rope(float*, float*, float const*, unsigned short const*, int, int, int, int, int, int, int, float const*, int)",246,44,37431.0,0.0,0.0,0.0,0.0,0.0,8192.0,4912602143075226.0,4912602143091386.0
246,1,1024,256,0,0,16,0,32,64,"batch_decode_kernels::attention_score(float*, float const*, float const*, unsigned short const*, int, int, int, int, int, int, int, float)",247,27,29691.0,0.0,0.0,0.0,0.0,0.0,16.0,4912602143164026.0,4912602143174586.0
247,1,4096,256,1024,0,20,4,48,64,"void attention_kernels::softmax_rows_kernel<256>(float*, int, int, int, int)",248,52,25236.0,0.0,0.0,0.0,0.0,0.0,64.0,4912602143245466.0,4912602143253466.0
248,1,524288,256,0,0,16,0,32,64,"batch_decode_kernels::latent_context(float*, float const*, unsigned short const*, int, int, int, int, int, int)",249,41,28079.0,0.0,0.0,0.0,0.0,0.0,8192.0,4912602143319227.0,4912602143329307.0
249,1,131072,256,0,0,20,4,32,64,"batch_decode_kernels::value_up(float*, float const*, unsigned short const*, int, int, int, int, unsigned long)",250,45,33255.0,0.0,0.0,0.0,0.0,0.0,2048.0,4912602143395547.0,4912602143408347.0
250,1,131072,256,0,0,16,0,32,64,"batch_decode_kernels::gemv(float*, float const*, unsigned short const*, int, int, int, int)",251,24,51105.0,0.0,0.0,0.0,0.0,0.0,2048.0,4912602143476347.0,4912602143500507.0
251,1,256,256,1024,0,12,4,32,64,"batch_decode_kernels::rmsnorm(float*, float const*, unsigned short const*, int, int, float)",252,36,35425.0,0.0,0.0,0.0,0.0,0.0,4.0,4912602143569948.0,4912602143583868.0
252,1,4096,256,0,0,16,0,32,64,"batch_decode_kernels::gemv(float*, float const*, unsigned short const*, int, int, int, int)",253,24,45370.0,0.0,0.0,0.0,0.0,0.0,64.0,4912602143652028.0,4912602143671868.0
253,1,64,64,0,0,16,0,48,64,"void moe_kernels::router_topk_wave64_kernel<64>(float*, float const*, int*, float*, int, int, int, int, int, float)",254,55,40705.0,0.0,0.0,0.0,0.0,0.0,1.0,4912602143746268.0,4912602143763869.0
254,1,540672,256,0,0,20,4,48,64,"batch_decode_kernels::routed_shared_gate_up(float*, float*, float const*, char const*, unsigned long const*, unsigned long const*, int const*, unsigned short const*, unsigned short const*, int, int, int, int, int)",255,46,155539.0,0.0,0.0,0.0,0.0,0.0,8448.0,4912602143828989.0,4912602143920509.0
255,1,180224,256,0,0,24,0,32,64,"batch_decode_kernels::gate_up_swiglu(float*, float const*, unsigned short const*, unsigned short const*, int, int, int)",256,37,70074.0,0.0,0.0,0.0,0.0,0.0,2816.0,4912602143983870.0,4912602144020190.0
256,1,131072,256,0,0,24,0,48,64,"batch_decode_kernels::routed_shared_down(float*, float const*, float const*, char const*, unsigned long const*, int const*, float const*, unsigned short const*, int, int, int, int, int)",257,21,115453.0,0.0,0.0,0.0,0.0,0.0,2048.0,4912602144095550.0,4912602144161150.0
257,1,131072,256,0,0,16,0,32,64,"batch_decode_kernels::gemv(float*, float const*, unsigned short const*, int, int, int, int)",258,24,56705.0,0.0,0.0,0.0,0.0,0.0,2048.0,4912602144231871.0,4912602144259871.0
258,1,256,256,1024,0,12,4,32,64,"batch_decode_kernels::rmsnorm(float*, float const*, unsigned short const*, int, int, float)",259,36,34183.0,0.0,0.0,0.0,0.0,0.0,4.0,4912602144335551.0,4912602144348991.0
259,1,233472,256,0,0,16,0,32,64,"batch_decode_kernels::dual_gemv(float*, unsigned short const*, int, float*, unsigned short const*, int, float const*, int, int)",260,18,73581.0,0.0,0.0,0.0,0.0,0.0,3648.0,4912602144418751.0,4912602144457312.0
260,1,256,256,1024,0,24,0,32,64,"batch_decode_kernels::kv_norm_rope(unsigned short*, float const*, unsigned short const*, int, int, int, int, int, int, float const*, int, float)",261,43,32086.0,0.0,0.0,0.0,0.0,0.0,4.0,4912602144530432.0,4912602144542272.0
261,1,524288,256,0,0,36,4,32,64,"batch_decode_kernels::q_absorb_rope(float*, float*, float const*, unsigned short const*, int, int, int, int, int, int, int, float const*, int)",262,44,36780.0,0.0,0.0,0.0,0.0,0.0,8192.0,4912602144610112.0,4912602144625632.0
262,1,1024,256,0,0,16,0,32,64,"batch_decode_kernels::attention_score(float*, float const*, float const*, unsigned short const*, int, int, int, int, int, int, int, float)",263,27,28421.0,0.0,0.0,0.0,0.0,0.0,16.0,4912602144702913.0,4912602144712833.0
263,1,4096,256,1024,0,20,4,48,64,"void attention_kernels::softmax_rows_kernel<256>(float*, int, int, int, int)",264,52,25264.0,0.0,0.0,0.0,0.0,0.0,64.0,4912602144780513.0,4912602144788353.0
264,1,524288,256,0,0,16,0,32,64,"batch_decode_kernels::latent_context(float*, float const*, unsigned short const*, int, int, int, int, int, int)",265,41,28036.0,0.0,0.0,0.0,0.0,0.0,8192.0,4912602144857633.0,4912602144867713.0
265,1,131072,256,0,0,20,4,32,64,"batch_decode_kernels::value_up(float*, float const*, unsigned short const*, int, int, int, int, unsigned long)",266,45,32656.0,0.0,0.0,0.0,0.0,0.0,2048.0,4912602144930594.0,4912602144943234.0
266,1,131072,256,0,0,16,0,32,64,"batch_decode_kernels::gemv(float*, float const*, unsigned short const*, int, int, int, int)",267,24,48939.0,0.0,0.0,0.0,0.0,0.0,2048.0,4912602145019234.0,4912602145042594.0
267,1,256,256,1024,0,12,4,32,64,"batch_decode_kernels::rmsnorm(float*, float const*, unsigned short const*, int, int, float)",268,36,32883.0,0.0,0.0,0.0,0.0,0.0,4.0,4912602145116514.0,4912602145128995.0
268,1,4096,256,0,0,16,0,32,64,"batch_decode_kernels::gemv(float*, float const*, unsigned short const*, int, int, int, int)",269,24,47752.0,0.0,0.0,0.0,0.0,0.0,64.0,4912602145206275.0,4912602145227715.0
269,1,64,64,0,0,16,0,48,64,"void moe_kernels::router_topk_wave64_kernel<64>(float*, float const*, int*, float*, int, int, int, int, int, float)",270,55,38065.0,0.0,0.0,0.0,0.0,0.0,1.0,4912602145297475.0,4912602145312995.0
270,1,540672,256,0,0,20,4,48,64,"batch_decode_kernels::routed_shared_gate_up(float*, float*, float const*, char const*, unsigned long const*, unsigned long const*, int const*, unsigned short const*, unsigned short const*, int, int, int, int, int)",271,46,155856.0,0.0,0.0,0.0,0.0,0.0,8448.0,4912602145377636.0,4912602145469316.0
271,1,180224,256,0,0,24,0,32,64,"batch_decode_kernels::gate_up_swiglu(float*, float const*, unsigned short const*, unsigned short const*, int, int, int)",272,37,67802.0,0.0,0.0,0.0,0.0,0.0,2816.0,4912602145549796.0,4912602145584997.0
272,1,131072,256,0,0,24,0,48,64,"batch_decode_kernels::routed_shared_down(float*, float const*, float const*, char const*, unsigned long const*, int const*, float const*, unsigned short const*, int, int, int, int, int)",273,21,115540.0,0.0,0.0,0.0,0.0,0.0,2048.0,4912602145657317.0,4912602145722597.0
273,1,131072,256,0,0,16,0,32,64,"batch_decode_kernels::gemv(float*, float const*, unsigned short const*, int, int, int, int)",274,24,56831.0,0.0,0.0,0.0,0.0,0.0,2048.0,4912602145794437.0,4912602145822598.0
274,1,256,256,1024,0,12,4,32,64,"batch_decode_kernels::rmsnorm(float*, float const*, unsigned short const*, int, int, float)",275,36,34083.0,0.0,0.0,0.0,0.0,0.0,4.0,4912602145892518.0,4912602145905798.0
275,1,233472,256,0,0,16,0,32,64,"batch_decode_kernels::dual_gemv(float*, unsigned short const*, int, float*, unsigned short const*, int, float const*, int, int)",276,18,73250.0,0.0,0.0,0.0,0.0,0.0,3648.0,4912602145970278.0,4912602146008518.0
276,1,256,256,1024,0,24,0,32,64,"batch_decode_kernels::kv_norm_rope(unsigned short*, float const*, unsigned short const*, int, int, int, int, int, int, float const*, int, float)",277,43,30387.0,0.0,0.0,0.0,0.0,0.0,4.0,4912602146081799.0,4912602146092519.0
277,1,524288,256,0,0,36,4,32,64,"batch_decode_kernels::q_absorb_rope(float*, float*, float const*, unsigned short const*, int, int, int, int, int, int, int, float const*, int)",278,44,35955.0,0.0,0.0,0.0,0.0,0.0,8192.0,4912602146162279.0,4912602146177479.0
278,1,1024,256,0,0,16,0,32,64,"batch_decode_kernels::attention_score(float*, float const*, float const*, unsigned short const*, int, int, int, int, int, int, int, float)",279,27,30213.0,0.0,0.0,0.0,0.0,0.0,16.0,4912602146251879.0,4912602146262600.0
279,1,4096,256,1024,0,20,4,48,64,"void attention_kernels::softmax_rows_kernel<256>(float*, int, int, int, int)",280,52,25303.0,0.0,0.0,0.0,0.0,0.0,64.0,4912602146334920.0,4912602146342920.0
280,1,524288,256,0,0,16,0,32,64,"batch_decode_kernels::latent_context(float*, float const*, unsigned short const*, int, int, int, int, int, int)",281,41,28496.0,0.0,0.0,0.0,0.0,0.0,8192.0,4912602146415560.0,4912602146425640.0
281,1,131072,256,0,0,20,4,32,64,"batch_decode_kernels::value_up(float*, float const*, unsigned short const*, int, int, int, int, unsigned long)",282,45,31739.0,0.0,0.0,0.0,0.0,0.0,2048.0,4912602146493481.0,4912602146505961.0
282,1,131072,256,0,0,16,0,32,64,"batch_decode_kernels::gemv(float*, float const*, unsigned short const*, int, int, int, int)",283,24,48835.0,0.0,0.0,0.0,0.0,0.0,2048.0,4912602146572041.0,4912602146595241.0
283,1,256,256,1024,0,12,4,32,64,"batch_decode_kernels::rmsnorm(float*, float const*, unsigned short const*, int, int, float)",284,36,33487.0,0.0,0.0,0.0,0.0,0.0,4.0,4912602146669161.0,4912602146681961.0
284,1,4096,256,0,0,16,0,32,64,"batch_decode_kernels::gemv(float*, float const*, unsigned short const*, int, int, int, int)",285,24,45444.0,0.0,0.0,0.0,0.0,0.0,64.0,4912602146749962.0,4912602146769802.0
285,1,64,64,0,0,16,0,48,64,"void moe_kernels::router_topk_wave64_kernel<64>(float*, float const*, int*, float*, int, int, int, int, int, float)",286,55,38610.0,0.0,0.0,0.0,0.0,0.0,1.0,4912602146841322.0,4912602146857002.0
286,1,540672,256,0,0,20,4,48,64,"batch_decode_kernels::routed_shared_gate_up(float*, float*, float const*, char const*, unsigned long const*, unsigned long const*, int const*, unsigned short const*, unsigned short const*, int, int, int, int, int)",287,46,158617.0,0.0,0.0,0.0,0.0,0.0,8448.0,4912602146922442.0,4912602147015723.0
287,1,180224,256,0,0,24,0,32,64,"batch_decode_kernels::gate_up_swiglu(float*, float const*, unsigned short const*, unsigned short const*, int, int, int)",288,37,69409.0,0.0,0.0,0.0,0.0,0.0,2816.0,4912602147083883.0,4912602147119883.0
288,1,131072,256,0,0,24,0,48,64,"batch_decode_kernels::routed_shared_down(float*, float const*, float const*, char const*, unsigned long const*, int const*, float const*, unsigned short const*, int, int, int, int, int)",289,21,115297.0,0.0,0.0,0.0,0.0,0.0,2048.0,4912602147192844.0,4912602147258124.0
289,1,131072,256,0,0,16,0,32,64,"batch_decode_kernels::gemv(float*, float const*, unsigned short const*, int, int, int, int)",290,24,57051.0,0.0,0.0,0.0,0.0,0.0,2048.0,4912602147330444.0,4912602147358604.0
290,1,256,256,1024,0,12,4,32,64,"batch_decode_kernels::rmsnorm(float*, float const*, unsigned short const*, int, int, float)",291,36,32660.0,0.0,0.0,0.0,0.0,0.0,4.0,4912602147436685.0,4912602147449005.0
291,1,233472,256,0,0,16,0,32,64,"batch_decode_kernels::dual_gemv(float*, unsigned short const*, int, float*, unsigned short const*, int, float const*, int, int)",292,18,74102.0,0.0,0.0,0.0,0.0,0.0,3648.0,4912602147518925.0,4912602147557485.0
292,1,256,256,1024,0,24,0,32,64,"batch_decode_kernels::kv_norm_rope(unsigned short*, float const*, unsigned short const*, int, int, int, int, int, int, float const*, int, float)",293,43,31223.0,0.0,0.0,0.0,0.0,0.0,4.0,4912602147630766.0,4912602147641966.0
293,1,524288,256,0,0,36,4,32,64,"batch_decode_kernels::q_absorb_rope(float*, float*, float const*, unsigned short const*, int, int, int, int, int, int, int, float const*, int)",294,44,36888.0,0.0,0.0,0.0,0.0,0.0,8192.0,4912602147712846.0,4912602147728686.0
294,1,1024,256,0,0,16,0,32,64,"batch_decode_kernels::attention_score(float*, float const*, float const*, unsigned short const*, int, int, int, int, int, int, int, float)",295,27,28498.0,0.0,0.0,0.0,0.0,0.0,16.0,4912602147802446.0,4912602147812366.0
295,1,4096,256,1024,0,20,4,48,64,"void attention_kernels::softmax_rows_kernel<256>(float*, int, int, int, int)",296,52,24356.0,0.0,0.0,0.0,0.0,0.0,64.0,4912602147885647.0,4912602147893327.0
296,1,524288,256,0,0,16,0,32,64,"batch_decode_kernels::latent_context(float*, float const*, unsigned short const*, int, int, int, int, int, int)",297,41,28743.0,0.0,0.0,0.0,0.0,0.0,8192.0,4912602147968367.0,4912602147978607.0
297,1,131072,256,0,0,20,4,32,64,"batch_decode_kernels::value_up(float*, float const*, unsigned short const*, int, int, int, int, unsigned long)",298,45,31191.0,0.0,0.0,0.0,0.0,0.0,2048.0,4912602148050767.0,4912602148062927.0
298,1,131072,256,0,0,16,0,32,64,"batch_decode_kernels::gemv(float*, float const*, unsigned short const*, int, int, int, int)",299,24,48886.0,0.0,0.0,0.0,0.0,0.0,2048.0,4912602148131088.0,4912602148153968.0
299,1,256,256,1024,0,12,4,32,64,"batch_decode_kernels::rmsnorm(float*, float const*, unsigned short const*, int, int, float)",300,36,34557.0,0.0,0.0,0.0,0.0,0.0,4.0,4912602148229968.0,4912602148243408.0
300,1,4096,256,0,0,16,0,32,64,"batch_decode_kernels::gemv(float*, float const*, unsigned short const*, int, int, int, int)",301,24,47281.0,0.0,0.0,0.0,0.0,0.0,64.0,4912602148312049.0,4912602148332849.0
301,1,64,64,0,0,16,0,48,64,"void moe_kernels::router_topk_wave64_kernel<64>(float*, float const*, int*, float*, int, int, int, int, int, float)",302,55,39206.0,0.0,0.0,0.0,0.0,0.0,1.0,4912602148404849.0,4912602148421009.0
302,1,540672,256,0,0,20,4,48,64,"batch_decode_kernels::routed_shared_gate_up(float*, float*, float const*, char const*, unsigned long const*, unsigned long const*, int const*, unsigned short const*, unsigned short const*, int, int, int, int, int)",303,46,158744.0,0.0,0.0,0.0,0.0,0.0,8448.0,4912602148487889.0,4912602148581490.0
303,1,180224,256,0,0,24,0,32,64,"batch_decode_kernels::gate_up_swiglu(float*, float const*, unsigned short const*, unsigned short const*, int, int, int)",304,37,68433.0,0.0,0.0,0.0,0.0,0.0,2816.0,4912602148654290.0,4912602148689810.0
304,1,131072,256,0,0,24,0,48,64,"batch_decode_kernels::routed_shared_down(float*, float const*, float const*, char const*, unsigned long const*, int const*, float const*, unsigned short const*, int, int, int, int, int)",305,21,115447.0,0.0,0.0,0.0,0.0,0.0,2048.0,4912602148752690.0,4912602148817971.0
305,1,131072,256,0,0,16,0,32,64,"batch_decode_kernels::gemv(float*, float const*, unsigned short const*, int, int, int, int)",306,24,57073.0,0.0,0.0,0.0,0.0,0.0,2048.0,4912602148892851.0,4912602148921171.0
306,1,256,256,1024,0,12,4,32,64,"batch_decode_kernels::rmsnorm(float*, float const*, unsigned short const*, int, int, float)",307,36,33684.0,0.0,0.0,0.0,0.0,0.0,4.0,4912602148991892.0,4912602149004852.0
307,1,233472,256,0,0,16,0,32,64,"batch_decode_kernels::dual_gemv(float*, unsigned short const*, int, float*, unsigned short const*, int, float const*, int, int)",308,18,74169.0,0.0,0.0,0.0,0.0,0.0,3648.0,4912602149073492.0,4912602149112212.0
308,1,256,256,1024,0,24,0,32,64,"batch_decode_kernels::kv_norm_rope(unsigned short*, float const*, unsigned short const*, int, int, int, int, int, int, float const*, int, float)",309,43,31716.0,0.0,0.0,0.0,0.0,0.0,4.0,4912602149183092.0,4912602149195092.0
309,1,524288,256,0,0,36,4,32,64,"batch_decode_kernels::q_absorb_rope(float*, float*, float const*, unsigned short const*, int, int, int, int, int, int, int, float const*, int)",310,44,35719.0,0.0,0.0,0.0,0.0,0.0,8192.0,4912602149257973.0,4912602149273013.0
310,1,1024,256,0,0,16,0,32,64,"batch_decode_kernels::attention_score(float*, float const*, float const*, unsigned short const*, int, int, int, int, int, int, int, float)",311,27,29337.0,0.0,0.0,0.0,0.0,0.0,16.0,4912602149340373.0,4912602149350773.0
311,1,4096,256,1024,0,20,4,48,64,"void attention_kernels::softmax_rows_kernel<256>(float*, int, int, int, int)",312,52,24941.0,0.0,0.0,0.0,0.0,0.0,64.0,4912602149411573.0,4912602149419413.0
312,1,524288,256,0,0,16,0,32,64,"batch_decode_kernels::latent_context(float*, float const*, unsigned short const*, int, int, int, int, int, int)",313,41,28882.0,0.0,0.0,0.0,0.0,0.0,8192.0,4912602149489654.0,4912602149500054.0
313,1,131072,256,0,0,20,4,32,64,"batch_decode_kernels::value_up(float*, float const*, unsigned short const*, int, int, int, int, unsigned long)",314,45,30077.0,0.0,0.0,0.0,0.0,0.0,2048.0,4912602149560694.0,4912602149572214.0
314,1,131072,256,0,0,16,0,32,64,"batch_decode_kernels::gemv(float*, float const*, unsigned short const*, int, int, int, int)",315,24,48155.0,0.0,0.0,0.0,0.0,0.0,2048.0,4912602149635094.0,4912602149657814.0
315,1,256,256,1024,0,12,4,32,64,"batch_decode_kernels::rmsnorm(float*, float const*, unsigned short const*, int, int, float)",316,36,33015.0,0.0,0.0,0.0,0.0,0.0,4.0,4912602149718775.0,4912602149731575.0
316,1,4096,256,0,0,16,0,32,64,"batch_decode_kernels::gemv(float*, float const*, unsigned short const*, int, int, int, int)",317,24,45342.0,0.0,0.0,0.0,0.0,0.0,64.0,4912602149793175.0,4912602149813015.0
317,1,64,64,0,0,16,0,48,64,"void moe_kernels::router_topk_wave64_kernel<64>(float*, float const*, int*, float*, int, int, int, int, int, float)",318,55,38730.0,0.0,0.0,0.0,0.0,0.0,1.0,4912602149888375.0,4912602149904216.0
318,1,540672,256,0,0,20,4,48,64,"batch_decode_kernels::routed_shared_gate_up(float*, float*, float const*, char const*, unsigned long const*, unsigned long const*, int const*, unsigned short const*, unsigned short const*, int, int, int, int, int)",319,46,157119.0,0.0,0.0,0.0,0.0,0.0,8448.0,4912602149975416.0,4912602150067256.0
319,1,180224,256,0,0,24,0,32,64,"batch_decode_kernels::gate_up_swiglu(float*, float const*, unsigned short const*, unsigned short const*, int, int, int)",320,37,69002.0,0.0,0.0,0.0,0.0,0.0,2816.0,4912602150138297.0,4912602150174137.0
320,1,131072,256,0,0,24,0,48,64,"batch_decode_kernels::routed_shared_down(float*, float const*, float const*, char const*, unsigned long const*, int const*, float const*, unsigned short const*, int, int, int, int, int)",321,21,115107.0,0.0,0.0,0.0,0.0,0.0,2048.0,4912602150254777.0,4912602150320057.0
321,1,131072,256,0,0,16,0,32,64,"batch_decode_kernels::gemv(float*, float const*, unsigned short const*, int, int, int, int)",322,24,55821.0,0.0,0.0,0.0,0.0,0.0,2048.0,4912602150400218.0,4912602150427898.0
322,1,256,256,1024,0,12,4,32,64,"batch_decode_kernels::rmsnorm(float*, float const*, unsigned short const*, int, int, float)",323,36,34641.0,0.0,0.0,0.0,0.0,0.0,4.0,4912602150500058.0,4912602150513498.0
323,1,233472,256,0,0,16,0,32,64,"batch_decode_kernels::dual_gemv(float*, unsigned short const*, int, float*, unsigned short const*, int, float const*, int, int)",324,18,74769.0,0.0,0.0,0.0,0.0,0.0,3648.0,4912602150574939.0,4912602150613819.0
324,1,256,256,1024,0,24,0,32,64,"batch_decode_kernels::kv_norm_rope(unsigned short*, float const*, unsigned short const*, int, int, int, int, int, int, float const*, int, float)",325,43,31231.0,0.0,0.0,0.0,0.0,0.0,4.0,4912602150681339.0,4912602150692699.0
325,1,524288,256,0,0,36,4,32,64,"batch_decode_kernels::q_absorb_rope(float*, float*, float const*, unsigned short const*, int, int, int, int, int, int, int, float const*, int)",326,44,36423.0,0.0,0.0,0.0,0.0,0.0,8192.0,4912602150768219.0,4912602150783579.0
326,1,1024,256,0,0,16,0,32,64,"batch_decode_kernels::attention_score(float*, float const*, float const*, unsigned short const*, int, int, int, int, int, int, int, float)",327,27,29060.0,0.0,0.0,0.0,0.0,0.0,16.0,4912602150848380.0,4912602150858620.0
327,1,4096,256,1024,0,20,4,48,64,"void attention_kernels::softmax_rows_kernel<256>(float*, int, int, int, int)",328,52,24963.0,0.0,0.0,0.0,0.0,0.0,64.0,4912602150936540.0,4912602150944380.0
328,1,524288,256,0,0,16,0,32,64,"batch_decode_kernels::latent_context(float*, float const*, unsigned short const*, int, int, int, int, int, int)",329,41,28414.0,0.0,0.0,0.0,0.0,0.0,8192.0,4912602151017820.0,4912602151027900.0
329,1,131072,256,0,0,20,4,32,64,"batch_decode_kernels::value_up(float*, float const*, unsigned short const*, int, int, int, int, unsigned long)",330,45,30884.0,0.0,0.0,0.0,0.0,0.0,2048.0,4912602151097821.0,4912602151109341.0
330,1,131072,256,0,0,16,0,32,64,"batch_decode_kernels::gemv(float*, float const*, unsigned short const*, int, int, int, int)",331,24,48913.0,0.0,0.0,0.0,0.0,0.0,2048.0,4912602151187581.0,4912602151210301.0
331,1,256,256,1024,0,12,4,32,64,"batch_decode_kernels::rmsnorm(float*, float const*, unsigned short const*, int, int, float)",332,36,33387.0,0.0,0.0,0.0,0.0,0.0,4.0,4912602151281342.0,4912602151294462.0
332,1,4096,256,0,0,16,0,32,64,"batch_decode_kernels::gemv(float*, float const*, unsigned short const*, int, int, int, int)",333,24,47418.0,0.0,0.0,0.0,0.0,0.0,64.0,4912602151369502.0,4912602151390302.0
333,1,64,64,0,0,16,0,48,64,"void moe_kernels::router_topk_wave64_kernel<64>(float*, float const*, int*, float*, int, int, int, int, int, float)",334,55,39461.0,0.0,0.0,0.0,0.0,0.0,1.0,4912602151461342.0,4912602151477822.0
334,1,540672,256,0,0,20,4,48,64,"batch_decode_kernels::routed_shared_gate_up(float*, float*, float const*, char const*, unsigned long const*, unsigned long const*, int const*, unsigned short const*, unsigned short const*, int, int, int, int, int)",335,46,159886.0,0.0,0.0,0.0,0.0,0.0,8448.0,4912602151562943.0,4912602151656383.0
335,1,180224,256,0,0,24,0,32,64,"batch_decode_kernels::gate_up_swiglu(float*, float const*, unsigned short const*, unsigned short const*, int, int, int)",336,37,68639.0,0.0,0.0,0.0,0.0,0.0,2816.0,4912602152641188.0,4912602152676868.0
336,1,131072,256,0,0,24,0,48,64,"batch_decode_kernels::routed_shared_down(float*, float const*, float const*, char const*, unsigned long const*, int const*, float const*, unsigned short const*, int, int, int, int, int)",337,21,114824.0,0.0,0.0,0.0,0.0,0.0,2048.0,4912602152742468.0,4912602152807268.0
337,1,131072,256,0,0,16,0,32,64,"batch_decode_kernels::gemv(float*, float const*, unsigned short const*, int, int, int, int)",338,24,57382.0,0.0,0.0,0.0,0.0,0.0,2048.0,4912602152879429.0,4912602152907749.0
338,1,256,256,1024,0,12,4,32,64,"batch_decode_kernels::rmsnorm(float*, float const*, unsigned short const*, int, int, float)",339,36,33997.0,0.0,0.0,0.0,0.0,0.0,4.0,4912602152991269.0,4912602153004389.0
339,1,233472,256,0,0,16,0,32,64,"batch_decode_kernels::dual_gemv(float*, unsigned short const*, int, float*, unsigned short const*, int, float const*, int, int)",340,18,73399.0,0.0,0.0,0.0,0.0,0.0,3648.0,4912602153081510.0,4912602153119750.0
340,1,256,256,1024,0,24,0,32,64,"batch_decode_kernels::kv_norm_rope(unsigned short*, float const*, unsigned short const*, int, int, int, int, int, int, float const*, int, float)",341,43,29755.0,0.0,0.0,0.0,0.0,0.0,4.0,4912602153193510.0,4912602153204230.0
341,1,524288,256,0,0,36,4,32,64,"batch_decode_kernels::q_absorb_rope(float*, float*, float const*, unsigned short const*, int, int, int, int, int, int, int, float const*, int)",342,44,37604.0,0.0,0.0,0.0,0.0,0.0,8192.0,4912602153288870.0,4912602153305031.0
342,1,1024,256,0,0,16,0,32,64,"batch_decode_kernels::attention_score(float*, float const*, float const*, unsigned short const*, int, int, int, int, int, int, int, float)",343,27,28579.0,0.0,0.0,0.0,0.0,0.0,16.0,4912602153373831.0,4912602153383751.0
343,1,4096,256,1024,0,20,4,48,64,"void attention_kernels::softmax_rows_kernel<256>(float*, int, int, int, int)",344,52,24655.0,0.0,0.0,0.0,0.0,0.0,64.0,4912602153454471.0,4912602153462311.0
344,1,524288,256,0,0,16,0,32,64,"batch_decode_kernels::latent_context(float*, float const*, unsigned short const*, int, int, int, int, int, int)",345,41,28484.0,0.0,0.0,0.0,0.0,0.0,8192.0,4912602153523111.0,4912602153533352.0
345,1,131072,256,0,0,20,4,32,64,"batch_decode_kernels::value_up(float*, float const*, unsigned short const*, int, int, int, int, unsigned long)",346,45,31847.0,0.0,0.0,0.0,0.0,0.0,2048.0,4912602153606792.0,4912602153619112.0
346,1,131072,256,0,0,16,0,32,64,"batch_decode_kernels::gemv(float*, float const*, unsigned short const*, int, int, int, int)",347,24,49841.0,0.0,0.0,0.0,0.0,0.0,2048.0,4912602153703272.0,4912602153726152.0
347,1,256,256,1024,0,12,4,32,64,"batch_decode_kernels::rmsnorm(float*, float const*, unsigned short const*, int, int, float)",348,36,35273.0,0.0,0.0,0.0,0.0,0.0,4.0,4912602153813033.0,4912602153826953.0
348,1,4096,256,0,0,16,0,32,64,"batch_decode_kernels::gemv(float*, float const*, unsigned short const*, int, int, int, int)",349,24,46784.0,0.0,0.0,0.0,0.0,0.0,64.0,4912602153901513.0,4912602153922313.0
349,1,64,64,0,0,16,0,48,64,"void moe_kernels::router_topk_wave64_kernel<64>(float*, float const*, int*, float*, int, int, int, int, int, float)",350,55,37999.0,0.0,0.0,0.0,0.0,0.0,1.0,4912602153988074.0,4912602154003754.0
350,1,540672,256,0,0,20,4,48,64,"batch_decode_kernels::routed_shared_gate_up(float*, float*, float const*, char const*, unsigned long const*, unsigned long const*, int const*, unsigned short const*, unsigned short const*, int, int, int, int, int)",351,46,158211.0,0.0,0.0,0.0,0.0,0.0,8448.0,4912602154081514.0,4912602154174634.0
351,1,180224,256,0,0,24,0,32,64,"batch_decode_kernels::gate_up_swiglu(float*, float const*, unsigned short const*, unsigned short const*, int, int, int)",352,37,68359.0,0.0,0.0,0.0,0.0,0.0,2816.0,4912602154255595.0,4912602154291275.0
352,1,131072,256,0,0,24,0,48,64,"batch_decode_kernels::routed_shared_down(float*, float const*, float const*, char const*, unsigned long const*, int const*, float const*, unsigned short const*, int, int, int, int, int)",353,21,114910.0,0.0,0.0,0.0,0.0,0.0,2048.0,4912602154368395.0,4912602154433195.0
353,1,131072,256,0,0,16,0,32,64,"batch_decode_kernels::gemv(float*, float const*, unsigned short const*, int, int, int, int)",354,24,57742.0,0.0,0.0,0.0,0.0,0.0,2048.0,4912602154515596.0,4912602154544076.0
354,1,256,256,1024,0,12,4,32,64,"batch_decode_kernels::rmsnorm(float*, float const*, unsigned short const*, int, int, float)",355,36,35982.0,0.0,0.0,0.0,0.0,0.0,4.0,4912602154627276.0,4912602154641676.0
355,1,233472,256,0,0,16,0,32,64,"batch_decode_kernels::dual_gemv(float*, unsigned short const*, int, float*, unsigned short const*, int, float const*, int, int)",356,18,73937.0,0.0,0.0,0.0,0.0,0.0,3648.0,4912602154712717.0,4912602154751277.0
356,1,256,256,1024,0,24,0,32,64,"batch_decode_kernels::kv_norm_rope(unsigned short*, float const*, unsigned short const*, int, int, int, int, int, int, float const*, int, float)",357,43,30080.0,0.0,0.0,0.0,0.0,0.0,4.0,4912602154824397.0,4912602154835277.0
357,1,524288,256,0,0,36,4,32,64,"batch_decode_kernels::q_absorb_rope(float*, float*, float const*, unsigned short const*, int, int, int, int, int, int, int, float const*, int)",358,44,36925.0,0.0,0.0,0.0,0.0,0.0,8192.0,4912602154913198.0,4912602154928718.0
358,1,1024,256,0,0,16,0,32,64,"batch_decode_kernels::attention_score(float*, float const*, float const*, unsigned short const*, int, int, int, int, int, int, int, float)",359,27,28449.0,0.0,0.0,0.0,0.0,0.0,16.0,4912602155011598.0,4912602155021838.0
359,1,4096,256,1024,0,20,4,48,64,"void attention_kernels::softmax_rows_kernel<256>(float*, int, int, int, int)",360,52,25051.0,0.0,0.0,0.0,0.0,0.0,64.0,4912602155102798.0,4912602155110638.0
360,1,524288,256,0,0,16,0,32,64,"batch_decode_kernels::latent_context(float*, float const*, unsigned short const*, int, int, int, int, int, int)",361,41,28328.0,0.0,0.0,0.0,0.0,0.0,8192.0,4912602155176719.0,4912602155186799.0
361,1,131072,256,0,0,20,4,32,64,"batch_decode_kernels::value_up(float*, float const*, unsigned short const*, int, int, int, int, unsigned long)",362,45,33609.0,0.0,0.0,0.0,0.0,0.0,2048.0,4912602155249519.0,4912602155262479.0
362,1,131072,256,0,0,16,0,32,64,"batch_decode_kernels::gemv(float*, float const*, unsigned short const*, int, int, int, int)",363,24,48814.0,0.0,0.0,0.0,0.0,0.0,2048.0,4912602155335279.0,4912602155358160.0
363,1,256,256,1024,0,12,4,32,64,"batch_decode_kernels::rmsnorm(float*, float const*, unsigned short const*, int, int, float)",364,36,34313.0,0.0,0.0,0.0,0.0,0.0,4.0,4912602155420720.0,4912602155433680.0
364,1,4096,256,0,0,16,0,32,64,"batch_decode_kernels::gemv(float*, float const*, unsigned short const*, int, int, int, int)",365,24,44772.0,0.0,0.0,0.0,0.0,0.0,64.0,4912602155510000.0,4912602155529520.0
365,1,64,64,0,0,16,0,48,64,"void moe_kernels::router_topk_wave64_kernel<64>(float*, float const*, int*, float*, int, int, int, int, int, float)",366,55,39961.0,0.0,0.0,0.0,0.0,0.0,1.0,4912602155608881.0,4912602155625521.0
366,1,540672,256,0,0,20,4,48,64,"batch_decode_kernels::routed_shared_gate_up(float*, float*, float const*, char const*, unsigned long const*, unsigned long const*, int const*, unsigned short const*, unsigned short const*, int, int, int, int, int)",367,46,155938.0,0.0,0.0,0.0,0.0,0.0,8448.0,4912602155702321.0,4912602155794001.0
367,1,180224,256,0,0,24,0,32,64,"batch_decode_kernels::gate_up_swiglu(float*, float const*, unsigned short const*, unsigned short const*, int, int, int)",368,37,67763.0,0.0,0.0,0.0,0.0,0.0,2816.0,4912602155875442.0,4912602155910642.0
368,1,131072,256,0,0,24,0,48,64,"batch_decode_kernels::routed_shared_down(float*, float const*, float const*, char const*, unsigned long const*, int const*, float const*, unsigned short const*, int, int, int, int, int)",369,21,114823.0,0.0,0.0,0.0,0.0,0.0,2048.0,4912602155982322.0,4912602156046963.0
369,1,131072,256,0,0,16,0,32,64,"batch_decode_kernels::gemv(float*, float const*, unsigned short const*, int, int, int, int)",370,24,55909.0,0.0,0.0,0.0,0.0,0.0,2048.0,4912602156130003.0,4912602156158003.0
370,1,256,256,1024,0,12,4,32,64,"batch_decode_kernels::rmsnorm(float*, float const*, unsigned short const*, int, int, float)",371,36,35032.0,0.0,0.0,0.0,0.0,0.0,4.0,4912602156232083.0,4912602156245683.0
371,1,233472,256,0,0,16,0,32,64,"batch_decode_kernels::dual_gemv(float*, unsigned short const*, int, float*, unsigned short const*, int, float const*, int, int)",372,18,74223.0,0.0,0.0,0.0,0.0,0.0,3648.0,4912602156330324.0,4912602156369364.0
372,1,256,256,1024,0,24,0,32,64,"batch_decode_kernels::kv_norm_rope(unsigned short*, float const*, unsigned short const*, int, int, int, int, int, int, float const*, int, float)",373,43,29886.0,0.0,0.0,0.0,0.0,0.0,4.0,4912602156446964.0,4912602156457524.0
373,1,524288,256,0,0,36,4,32,64,"batch_decode_kernels::q_absorb_rope(float*, float*, float const*, unsigned short const*, int, int, int, int, int, int, int, float const*, int)",374,44,36568.0,0.0,0.0,0.0,0.0,0.0,8192.0,4912602156522165.0,4912602156538005.0
374,1,1024,256,0,0,16,0,32,64,"batch_decode_kernels::attention_score(float*, float const*, float const*, unsigned short const*, int, int, int, int, int, int, int, float)",375,27,28679.0,0.0,0.0,0.0,0.0,0.0,16.0,4912602156614005.0,4912602156623765.0
375,1,4096,256,1024,0,20,4,48,64,"void attention_kernels::softmax_rows_kernel<256>(float*, int, int, int, int)",376,52,25178.0,0.0,0.0,0.0,0.0,0.0,64.0,4912602156701365.0,4912602156709365.0
376,1,524288,256,0,0,16,0,32,64,"batch_decode_kernels::latent_context(float*, float const*, unsigned short const*, int, int, int, int, int, int)",377,41,28546.0,0.0,0.0,0.0,0.0,0.0,8192.0,4912602156791766.0,4912602156802006.0
377,1,131072,256,0,0,20,4,32,64,"batch_decode_kernels::value_up(float*, float const*, unsigned short const*, int, int, int, int, unsigned long)",378,45,31853.0,0.0,0.0,0.0,0.0,0.0,2048.0,4912602156881846.0,4912602156894166.0
378,1,131072,256,0,0,16,0,32,64,"batch_decode_kernels::gemv(float*, float const*, unsigned short const*, int, int, int, int)",379,24,48935.0,0.0,0.0,0.0,0.0,0.0,2048.0,4912602156971287.0,4912602156994167.0
379,1,256,256,1024,0,12,4,32,64,"batch_decode_kernels::rmsnorm(float*, float const*, unsigned short const*, int, int, float)",380,36,33511.0,0.0,0.0,0.0,0.0,0.0,4.0,4912602157078807.0,4912602157091447.0
380,1,4096,256,0,0,16,0,32,64,"batch_decode_kernels::gemv(float*, float const*, unsigned short const*, int, int, int, int)",381,24,45966.0,0.0,0.0,0.0,0.0,0.0,64.0,4912602157164887.0,4912602157185208.0
381,1,64,64,0,0,16,0,48,64,"void moe_kernels::router_topk_wave64_kernel<64>(float*, float const*, int*, float*, int, int, int, int, int, float)",382,55,38724.0,0.0,0.0,0.0,0.0,0.0,1.0,4912602157252888.0,4912602157268568.0
382,1,540672,256,0,0,20,4,48,64,"batch_decode_kernels::routed_shared_gate_up(float*, float*, float const*, char const*, unsigned long const*, unsigned long const*, int const*, unsigned short const*, unsigned short const*, int, int, int, int, int)",383,46,158873.0,0.0,0.0,0.0,0.0,0.0,8448.0,4912602157342168.0,4912602157435769.0
383,1,180224,256,0,0,24,0,32,64,"batch_decode_kernels::gate_up_swiglu(float*, float const*, unsigned short const*, unsigned short const*, int, int, int)",384,37,68848.0,0.0,0.0,0.0,0.0,0.0,2816.0,4912602157513529.0,4912602157549689.0
384,1,131072,256,0,0,24,0,48,64,"batch_decode_kernels::routed_shared_down(float*, float const*, float const*, char const*, unsigned long const*, int const*, float const*, unsigned short const*, int, int, int, int, int)",385,21,115351.0,0.0,0.0,0.0,0.0,0.0,2048.0,4912602157634970.0,4912602157700410.0
385,1,131072,256,0,0,16,0,32,64,"batch_decode_kernels::gemv(float*, float const*, unsigned short const*, int, int, int, int)",386,24,57466.0,0.0,0.0,0.0,0.0,0.0,2048.0,4912602157772730.0,4912602157801050.0
386,1,256,256,1024,0,12,4,32,64,"batch_decode_kernels::rmsnorm(float*, float const*, unsigned short const*, int, int, float)",387,36,33537.0,0.0,0.0,0.0,0.0,0.0,4.0,4912602157882651.0,4912602157895451.0
387,1,233472,256,0,0,16,0,32,64,"batch_decode_kernels::dual_gemv(float*, unsigned short const*, int, float*, unsigned short const*, int, float const*, int, int)",388,18,75681.0,0.0,0.0,0.0,0.0,0.0,3648.0,4912602157961051.0,4912602158000731.0
388,1,256,256,1024,0,24,0,32,64,"batch_decode_kernels::kv_norm_rope(unsigned short*, float const*, unsigned short const*, int, int, int, int, int, int, float const*, int, float)",389,43,30716.0,0.0,0.0,0.0,0.0,0.0,4.0,4912602158078012.0,4912602158089372.0
389,1,524288,256,0,0,36,4,32,64,"batch_decode_kernels::q_absorb_rope(float*, float*, float const*, unsigned short const*, int, int, int, int, int, int, int, float const*, int)",390,44,36545.0,0.0,0.0,0.0,0.0,0.0,8192.0,4912602158168892.0,4912602158184412.0
390,1,1024,256,0,0,16,0,32,64,"batch_decode_kernels::attention_score(float*, float const*, float const*, unsigned short const*, int, int, int, int, int, int, int, float)",391,27,29128.0,0.0,0.0,0.0,0.0,0.0,16.0,4912602158262812.0,4912602158273052.0
391,1,4096,256,1024,0,20,4,48,64,"void attention_kernels::softmax_rows_kernel<256>(float*, int, int, int, int)",392,52,25053.0,0.0,0.0,0.0,0.0,0.0,64.0,4912602158350013.0,4912602158357853.0
392,1,524288,256,0,0,16,0,32,64,"batch_decode_kernels::latent_context(float*, float const*, unsigned short const*, int, int, int, int, int, int)",393,41,28587.0,0.0,0.0,0.0,0.0,0.0,8192.0,4912602158444253.0,4912602158454173.0
393,1,131072,256,0,0,20,4,32,64,"batch_decode_kernels::value_up(float*, float const*, unsigned short const*, int, int, int, int, unsigned long)",394,45,31648.0,0.0,0.0,0.0,0.0,0.0,2048.0,4912602158526333.0,4912602158538174.0
394,1,131072,256,0,0,16,0,32,64,"batch_decode_kernels::gemv(float*, float const*, unsigned short const*, int, int, int, int)",395,24,48749.0,0.0,0.0,0.0,0.0,0.0,2048.0,4912602158603294.0,4912602158626494.0
395,1,256,256,1024,0,12,4,32,64,"batch_decode_kernels::rmsnorm(float*, float const*, unsigned short const*, int, int, float)",396,36,32063.0,0.0,0.0,0.0,0.0,0.0,4.0,4912602158710334.0,4912602158722654.0
396,1,4096,256,0,0,16,0,32,64,"batch_decode_kernels::gemv(float*, float const*, unsigned short const*, int, int, int, int)",397,24,48413.0,0.0,0.0,0.0,0.0,0.0,64.0,4912602158801375.0,4912602158822975.0
397,1,64,64,0,0,16,0,48,64,"void moe_kernels::router_topk_wave64_kernel<64>(float*, float const*, int*, float*, int, int, int, int, int, float)",398,55,38797.0,0.0,0.0,0.0,0.0,0.0,1.0,4912602158902015.0,4912602158918015.0
398,1,540672,256,0,0,20,4,48,64,"batch_decode_kernels::routed_shared_gate_up(float*, float*, float const*, char const*, unsigned long const*, unsigned long const*, int const*, unsigned short const*, unsigned short const*, int, int, int, int, int)",399,46,156704.0,0.0,0.0,0.0,0.0,0.0,8448.0,4912602158998176.0,4912602159090336.0
399,1,180224,256,0,0,24,0,32,64,"batch_decode_kernels::gate_up_swiglu(float*, float const*, unsigned short const*, unsigned short const*, int, int, int)",400,37,67274.0,0.0,0.0,0.0,0.0,0.0,2816.0,4912602159156896.0,4912602159191936.0
400,1,131072,256,0,0,24,0,48,64,"batch_decode_kernels::routed_shared_down(float*, float const*, float const*, char const*, unsigned long const*, int const*, float const*, unsigned short const*, int, int, int, int, int)",401,21,114274.0,0.0,0.0,0.0,0.0,0.0,2048.0,4912602159264257.0,4912602159328897.0
401,1,131072,256,0,0,16,0,32,64,"batch_decode_kernels::gemv(float*, float const*, unsigned short const*, int, int, int, int)",402,24,57041.0,0.0,0.0,0.0,0.0,0.0,2048.0,4912602159397217.0,4912602159425377.0
402,1,256,256,1024,0,12,4,32,64,"batch_decode_kernels::rmsnorm(float*, float const*, unsigned short const*, int, int, float)",403,36,35848.0,0.0,0.0,0.0,0.0,0.0,4.0,4912602159506018.0,4912602159520258.0
403,1,233472,256,0,0,16,0,32,64,"batch_decode_kernels::dual_gemv(float*, unsigned short const*, int, float*, unsigned short const*, int, float const*, int, int)",404,18,74364.0,0.0,0.0,0.0,0.0,0.0,3648.0,4912602159602018.0,4912602159641058.0
404,1,256,256,1024,0,24,0,32,64,"batch_decode_kernels::kv_norm_rope(unsigned short*, float const*, unsigned short const*, int, int, int, int, int, int, float const*, int, float)",405,43,32588.0,0.0,0.0,0.0,0.0,0.0,4.0,4912602159710339.0,4912602159722339.0
405,1,524288,256,0,0,36,4,32,64,"batch_decode_kernels::q_absorb_rope(float*, float*, float const*, unsigned short const*, int, int, int, int, int, int, int, float const*, int)",406,44,35521.0,0.0,0.0,0.0,0.0,0.0,8192.0,4912602159786979.0,4912602159802339.0
406,1,1024,256,0,0,16,0,32,64,"batch_decode_kernels::attention_score(float*, float const*, float const*, unsigned short const*, int, int, int, int, int, int, int, float)",407,27,27835.0,0.0,0.0,0.0,0.0,0.0,16.0,4912602159862819.0,4912602159872259.0
407,1,4096,256,1024,0,20,4,48,64,"void attention_kernels::softmax_rows_kernel<256>(float*, int, int, int, int)",408,52,24966.0,0.0,0.0,0.0,0.0,0.0,64.0,4912602159940740.0,4912602159948580.0
408,1,524288,256,0,0,16,0,32,64,"batch_decode_kernels::latent_context(float*, float const*, unsigned short const*, int, int, int, int, int, int)",409,41,28243.0,0.0,0.0,0.0,0.0,0.0,8192.0,4912602160026980.0,4912602160037220.0
409,1,131072,256,0,0,20,4,32,64,"batch_decode_kernels::value_up(float*, float const*, unsigned short const*, int, int, int, int, unsigned long)",410,45,32718.0,0.0,0.0,0.0,0.0,0.0,2048.0,4912602160120900.0,4912602160133381.0
410,1,131072,256,0,0,16,0,32,64,"batch_decode_kernels::gemv(float*, float const*, unsigned short const*, int, int, int, int)",411,24,48217.0,0.0,0.0,0.0,0.0,0.0,2048.0,4912602160203621.0,4912602160226181.0
411,1,256,256,1024,0,12,4,32,64,"batch_decode_kernels::rmsnorm(float*, float const*, unsigned short const*, int, int, float)",412,36,36656.0,0.0,0.0,0.0,0.0,0.0,4.0,4912602160304261.0,4912602160318821.0
412,1,4096,256,0,0,16,0,32,64,"batch_decode_kernels::gemv(float*, float const*, unsigned short const*, int, int, int, int)",413,24,45451.0,0.0,0.0,0.0,0.0,0.0,64.0,4912602160398182.0,4912602160418182.0
413,1,64,64,0,0,16,0,48,64,"void moe_kernels::router_topk_wave64_kernel<64>(float*, float const*, int*, float*, int, int, int, int, int, float)",414,55,38976.0,0.0,0.0,0.0,0.0,0.0,1.0,4912602160493382.0,4912602160509382.0
414,1,540672,256,0,0,20,4,48,64,"batch_decode_kernels::routed_shared_gate_up(float*, float*, float const*, char const*, unsigned long const*, unsigned long const*, int const*, unsigned short const*, unsigned short const*, int, int, int, int, int)",415,46,157942.0,0.0,0.0,0.0,0.0,0.0,8448.0,4912602160583623.0,4912602160676583.0
415,1,180224,256,0,0,24,0,32,64,"batch_decode_kernels::gate_up_swiglu(float*, float const*, unsigned short const*, unsigned short const*, int, int, int)",416,37,68351.0,0.0,0.0,0.0,0.0,0.0,2816.0,4912602160757223.0,4912602160792903.0
416,1,131072,256,0,0,24,0,48,64,"batch_decode_kernels::routed_shared_down(float*, float const*, float const*, char const*, unsigned long const*, int const*, float const*, unsigned short const*, int, int, int, int, int)",417,21,115559.0,0.0,0.0,0.0,0.0,0.0,2048.0,4912602160871944.0,4912602160937384.0
417,1,131072,256,0,0,16,0,32,64,"batch_decode_kernels::gemv(float*, float const*, unsigned short const*, int, int, int, int)",418,24,57499.0,0.0,0.0,0.0,0.0,0.0,2048.0,4912602161033385.0,4912602161062025.0
418,1,256,256,1024,0,12,4,32,64,"batch_decode_kernels::rmsnorm(float*, float const*, unsigned short const*, int, int, float)",419,36,34184.0,0.0,0.0,0.0,0.0,0.0,4.0,4912602161145225.0,4912602161158505.0
419,1,233472,256,0,0,16,0,32,64,"batch_decode_kernels::dual_gemv(float*, unsigned short const*, int, float*, unsigned short const*, int, float const*, int, int)",420,18,74735.0,0.0,0.0,0.0,0.0,0.0,3648.0,4912602161240905.0,4912602161279946.0
420,1,256,256,1024,0,24,0,32,64,"batch_decode_kernels::kv_norm_rope(unsigned short*, float const*, unsigned short const*, int, int, int, int, int, int, float const*, int, float)",421,43,33667.0,0.0,0.0,0.0,0.0,0.0,4.0,4912602161347786.0,4912602161360426.0
421,1,524288,256,0,0,36,4,32,64,"batch_decode_kernels::q_absorb_rope(float*, float*, float const*, unsigned short const*, int, int, int, int, int, int, int, float const*, int)",422,44,36506.0,0.0,0.0,0.0,0.0,0.0,8192.0,4912602161429866.0,4912602161445386.0
422,1,1024,256,0,0,16,0,32,64,"batch_decode_kernels::attention_score(float*, float const*, float const*, unsigned short const*, int, int, int, int, int, int, int, float)",423,27,29427.0,0.0,0.0,0.0,0.0,0.0,16.0,4912602161511467.0,4912602161522027.0
423,1,4096,256,1024,0,20,4,48,64,"void attention_kernels::softmax_rows_kernel<256>(float*, int, int, int, int)",424,52,25109.0,0.0,0.0,0.0,0.0,0.0,64.0,4912602161610987.0,4912602161618827.0
424,1,524288,256,0,0,16,0,32,64,"batch_decode_kernels::latent_context(float*, float const*, unsigned short const*, int, int, int, int, int, int)",425,41,28584.0,0.0,0.0,0.0,0.0,0.0,8192.0,4912602161697387.0,4912602161707467.0
425,1,131072,256,0,0,20,4,32,64,"batch_decode_kernels::value_up(float*, float const*, unsigned short const*, int, int, int, int, unsigned long)",426,45,31530.0,0.0,0.0,0.0,0.0,0.0,2048.0,4912602161793708.0,4912602161805708.0
426,1,131072,256,0,0,16,0,32,64,"batch_decode_kernels::gemv(float*, float const*, unsigned short const*, int, int, int, int)",427,24,50239.0,0.0,0.0,0.0,0.0,0.0,2048.0,4912602161875788.0,4912602161899468.0
427,1,256,256,1024,0,12,4,32,64,"batch_decode_kernels::rmsnorm(float*, float const*, unsigned short const*, int, int, float)",428,36,34811.0,0.0,0.0,0.0,0.0,0.0,4.0,4912602161976429.0,4912602161990029.0
428,1,4096,256,0,0,16,0,32,64,"batch_decode_kernels::gemv(float*, float const*, unsigned short const*, int, int, int, int)",429,24,45640.0,0.0,0.0,0.0,0.0,0.0,64.0,4912602162079629.0,4912602162099629.0
429,1,64,64,0,0,16,0,48,64,"void moe_kernels::router_topk_wave64_kernel<64>(float*, float const*, int*, float*, int, int, int, int, int, float)",430,55,39838.0,0.0,0.0,0.0,0.0,0.0,1.0,4912602162160589.0,4912602162177390.0
430,1,540672,256,0,0,20,4,48,64,"batch_decode_kernels::routed_shared_gate_up(float*, float*, float const*, char const*, unsigned long const*, unsigned long const*, int const*, unsigned short const*, unsigned short const*, int, int, int, int, int)",431,46,160520.0,0.0,0.0,0.0,0.0,0.0,8448.0,4912602162240270.0,4912602162334670.0
431,1,180224,256,0,0,24,0,32,64,"batch_decode_kernels::gate_up_swiglu(float*, float const*, unsigned short const*, unsigned short const*, int, int, int)",432,37,69779.0,0.0,0.0,0.0,0.0,0.0,2816.0,4912602162411951.0,4912602162448431.0
432,1,131072,256,0,0,24,0,48,64,"batch_decode_kernels::routed_shared_down(float*, float const*, float const*, char const*, unsigned long const*, int const*, float const*, unsigned short const*, int, int, int, int, int)",433,21,114313.0,0.0,0.0,0.0,0.0,0.0,2048.0,4912602162529071.0,4912602162593711.0
433,1,131072,256,0,0,16,0,32,64,"batch_decode_kernels::gemv(float*, float const*, unsigned short const*, int, int, int, int)",434,24,57811.0,0.0,0.0,0.0,0.0,0.0,2048.0,4912602162661552.0,4912602162690192.0
434,1,256,256,1024,0,12,4,32,64,"batch_decode_kernels::rmsnorm(float*, float const*, unsigned short const*, int, int, float)",435,36,34329.0,0.0,0.0,0.0,0.0,0.0,4.0,4912602162777232.0,4912602162790512.0
435,1,233472,256,0,0,16,0,32,64,"batch_decode_kernels::dual_gemv(float*, unsigned short const*, int, float*, unsigned short const*, int, float const*, int, int)",436,18,74616.0,0.0,0.0,0.0,0.0,0.0,3648.0,4912602162880433.0,4912602162919473.0
436,1,256,256,1024,0,24,0,32,64,"batch_decode_kernels::kv_norm_rope(unsigned short*, float const*, unsigned short const*, int, int, int, int, int, int, float const*, int, float)",437,43,31216.0,0.0,0.0,0.0,0.0,0.0,4.0,4912602162985553.0,4912602162996913.0
437,1,524288,256,0,0,36,4,32,64,"batch_decode_kernels::q_absorb_rope(float*, float*, float const*, unsigned short const*, int, int, int, int, int, int, int, float const*, int)",438,44,36133.0,0.0,0.0,0.0,0.0,0.0,8192.0,4912602163061553.0,4912602163077073.0
438,1,1024,256,0,0,16,0,32,64,"batch_decode_kernels::attention_score(float*, float const*, float const*, unsigned short const*, int, int, int, int, int, int, int, float)",439,27,28869.0,0.0,0.0,0.0,0.0,0.0,16.0,4912602163162834.0,4912602163172914.0
439,1,4096,256,1024,0,20,4,48,64,"void attention_kernels::softmax_rows_kernel<256>(float*, int, int, int, int)",440,52,24366.0,0.0,0.0,0.0,0.0,0.0,64.0,4912602163250194.0,4912602163257714.0
440,1,524288,256,0,0,16,0,32,64,"batch_decode_kernels::latent_context(float*, float const*, unsigned short const*, int, int, int, int, int, int)",441,41,27963.0,0.0,0.0,0.0,0.0,0.0,8192.0,4912602163337715.0,4912602163347795.0
441,1,131072,256,0,0,20,4,32,64,"batch_decode_kernels::value_up(float*, float const*, unsigned short const*, int, int, int, int, unsigned long)",442,45,32017.0,0.0,0.0,0.0,0.0,0.0,2048.0,4912602163435475.0,4912602163447795.0
442,1,131072,256,0,0,16,0,32,64,"batch_decode_kernels::gemv(float*, float const*, unsigned short const*, int, int, int, int)",443,24,50307.0,0.0,0.0,0.0,0.0,0.0,2048.0,4912602163522035.0,4912602163545716.0
443,1,256,256,1024,0,12,4,32,64,"batch_decode_kernels::rmsnorm(float*, float const*, unsigned short const*, int, int, float)",444,36,34171.0,0.0,0.0,0.0,0.0,0.0,4.0,4912602163624596.0,4912602163638036.0
444,1,4096,256,0,0,16,0,32,64,"batch_decode_kernels::gemv(float*, float const*, unsigned short const*, int, int, int, int)",445,24,46680.0,0.0,0.0,0.0,0.0,0.0,64.0,4912602163724756.0,4912602163745236.0
445,1,64,64,0,0,16,0,48,64,"void moe_kernels::router_topk_wave64_kernel<64>(float*, float const*, int*, float*, int, int, int, int, int, float)",446,55,38539.0,0.0,0.0,0.0,0.0,0.0,1.0,4912602163815157.0,4912602163831317.0
446,1,540672,256,0,0,20,4,48,64,"batch_decode_kernels::routed_shared_gate_up(float*, float*, float const*, char const*, unsigned long const*, unsigned long const*, int const*, unsigned short const*, unsigned short const*, int, int, int, int, int)",447,46,152651.0,0.0,0.0,0.0,0.0,0.0,8448.0,4912602163903157.0,4912602163993238.0
447,1,180224,256,0,0,24,0,32,64,"batch_decode_kernels::gate_up_swiglu(float*, float const*, unsigned short const*, unsigned short const*, int, int, int)",448,37,67899.0,0.0,0.0,0.0,0.0,0.0,2816.0,4912602164078038.0,4912602164113558.0
448,1,131072,256,0,0,24,0,48,64,"batch_decode_kernels::routed_shared_down(float*, float const*, float const*, char const*, unsigned long const*, int const*, float const*, unsigned short const*, int, int, int, int, int)",449,21,114853.0,0.0,0.0,0.0,0.0,0.0,2048.0,4912602164198358.0,4912602164263319.0
449,1,131072,256,0,0,16,0,32,64,"batch_decode_kernels::gemv(float*, float const*, unsigned short const*, int, int, int, int)",450,24,56945.0,0.0,0.0,0.0,0.0,0.0,2048.0,4912602164333079.0,4912602164361239.0
450,1,256,256,1024,0,12,4,32,64,"batch_decode_kernels::rmsnorm(float*, float const*, unsigned short const*, int, int, float)",451,36,34062.0,0.0,0.0,0.0,0.0,0.0,4.0,4912602164437559.0,4912602164451000.0
451,1,233472,256,0,0,16,0,32,64,"batch_decode_kernels::dual_gemv(float*, unsigned short const*, int, float*, unsigned short const*, int, float const*, int, int)",452,18,73820.0,0.0,0.0,0.0,0.0,0.0,3648.0,4912602164525080.0,4912602164563800.0
452,1,256,256,1024,0,24,0,32,64,"batch_decode_kernels::kv_norm_rope(unsigned short*, float const*, unsigned short const*, int, int, int, int, int, int, float const*, int, float)",453,43,31828.0,0.0,0.0,0.0,0.0,0.0,4.0,4912602164643000.0,4912602164654840.0
453,1,524288,256,0,0,36,4,32,64,"batch_decode_kernels::q_absorb_rope(float*, float*, float const*, unsigned short const*, int, int, int, int, int, int, int, float const*, int)",454,44,36288.0,0.0,0.0,0.0,0.0,0.0,8192.0,4912602164728601.0,4912602164743961.0
454,1,1024,256,0,0,16,0,32,64,"batch_decode_kernels::attention_score(float*, float const*, float const*, unsigned short const*, int, int, int, int, int, int, int, float)",455,27,29213.0,0.0,0.0,0.0,0.0,0.0,16.0,4912602164812921.0,4912602164823161.0
455,1,4096,256,1024,0,20,4,48,64,"void attention_kernels::softmax_rows_kernel<256>(float*, int, int, int, int)",456,52,24802.0,0.0,0.0,0.0,0.0,0.0,64.0,4912602164915642.0,4912602164923322.0
456,1,524288,256,0,0,16,0,32,64,"batch_decode_kernels::latent_context(float*, float const*, unsigned short const*, int, int, int, int, int, int)",457,41,28166.0,0.0,0.0,0.0,0.0,0.0,8192.0,4912602165003002.0,4912602165013082.0
457,1,131072,256,0,0,20,4,32,64,"batch_decode_kernels::value_up(float*, float const*, unsigned short const*, int, int, int, int, unsigned long)",458,45,33220.0,0.0,0.0,0.0,0.0,0.0,2048.0,4912602165094842.0,4912602165107802.0
458,1,131072,256,0,0,16,0,32,64,"batch_decode_kernels::gemv(float*, float const*, unsigned short const*, int, int, int, int)",459,24,50179.0,0.0,0.0,0.0,0.0,0.0,2048.0,4912602165188443.0,4912602165212603.0
459,1,256,256,1024,0,12,4,32,64,"batch_decode_kernels::rmsnorm(float*, float const*, unsigned short const*, int, int, float)",460,36,34617.0,0.0,0.0,0.0,0.0,0.0,4.0,4912602165273723.0,4912602165287163.0
460,1,4096,256,0,0,16,0,32,64,"batch_decode_kernels::gemv(float*, float const*, unsigned short const*, int, int, int, int)",461,24,47428.0,0.0,0.0,0.0,0.0,0.0,64.0,4912602165362364.0,4912602165383004.0
461,1,64,64,0,0,16,0,48,64,"void moe_kernels::router_topk_wave64_kernel<64>(float*, float const*, int*, float*, int, int, int, int, int, float)",462,55,38559.0,0.0,0.0,0.0,0.0,0.0,1.0,4912602165467644.0,4912602165483324.0
462,1,540672,256,0,0,20,4,48,64,"batch_decode_kernels::routed_shared_gate_up(float*, float*, float const*, char const*, unsigned long const*, unsigned long const*, int const*, unsigned short const*, unsigned short const*, int, int, int, int, int)",463,46,156429.0,0.0,0.0,0.0,0.0,0.0,8448.0,4912602165558524.0,4912602165650525.0
463,1,180224,256,0,0,24,0,32,64,"batch_decode_kernels::gate_up_swiglu(float*, float const*, unsigned short const*, unsigned short const*, int, int, int)",464,37,69504.0,0.0,0.0,0.0,0.0,0.0,2816.0,4912602165732285.0,4912602165768765.0
464,1,131072,256,0,0,24,0,48,64,"batch_decode_kernels::routed_shared_down(float*, float const*, float const*, char const*, unsigned long const*, int const*, float const*, unsigned short const*, int, int, int, int, int)",465,21,116817.0,0.0,0.0,0.0,0.0,0.0,2048.0,4912602165846526.0,4912602165912606.0
465,1,131072,256,0,0,16,0,32,64,"batch_decode_kernels::gemv(float*, float const*, unsigned short const*, int, int, int, int)",466,24,56782.0,0.0,0.0,0.0,0.0,0.0,2048.0,4912602166004286.0,4912602166032286.0
466,1,256,256,1024,0,12,4,32,64,"batch_decode_kernels::rmsnorm(float*, float const*, unsigned short const*, int, int, float)",467,36,34266.0,0.0,0.0,0.0,0.0,0.0,4.0,4912602166097407.0,4912602166110847.0
467,1,233472,256,0,0,16,0,32,64,"batch_decode_kernels::dual_gemv(float*, unsigned short const*, int, float*, unsigned short const*, int, float const*, int, int)",468,18,73962.0,0.0,0.0,0.0,0.0,0.0,3648.0,4912602166184447.0,4912602166223007.0
468,1,256,256,1024,0,24,0,32,64,"batch_decode_kernels::kv_norm_rope(unsigned short*, float const*, unsigned short const*, int, int, int, int, int, int, float const*, int, float)",469,43,31607.0,0.0,0.0,0.0,0.0,0.0,4.0,4912602166311008.0,4912602166322528.0
469,1,524288,256,0,0,36,4,32,64,"batch_decode_kernels::q_absorb_rope(float*, float*, float const*, unsigned short const*, int, int, int, int, int, int, int, float const*, int)",470,44,36476.0,0.0,0.0,0.0,0.0,0.0,8192.0,4912602166404448.0,4912602166419968.0
470,1,1024,256,0,0,16,0,32,64,"batch_decode_kernels::attention_score(float*, float const*, float const*, unsigned short const*, int, int, int, int, int, int, int, float)",471,27,28559.0,0.0,0.0,0.0,0.0,0.0,16.0,4912602166497089.0,4912602166507009.0
471,1,4096,256,1024,0,20,4,48,64,"void attention_kernels::softmax_rows_kernel<256>(float*, int, int, int, int)",472,52,25188.0,0.0,0.0,0.0,0.0,0.0,64.0,4912602166583009.0,4912602166591169.0
472,1,524288,256,0,0,16,0,32,64,"batch_decode_kernels::latent_context(float*, float const*, unsigned short const*, int, int, int, int, int, int)",473,41,27739.0,0.0,0.0,0.0,0.0,0.0,8192.0,4912602166654529.0,4912602166664609.0
473,1,131072,256,0,0,20,4,32,64,"batch_decode_kernels::value_up(float*, float const*, unsigned short const*, int, int, int, int, unsigned long)",474,45,33504.0,0.0,0.0,0.0,0.0,0.0,2048.0,4912602166724770.0,4912602166737730.0
474,1,131072,256,0,0,16,0,32,64,"batch_decode_kernels::gemv(float*, float const*, unsigned short const*, int, int, int, int)",475,24,48341.0,0.0,0.0,0.0,0.0,0.0,2048.0,4912602166798050.0,4912602166820930.0
475,1,256,256,1024,0,12,4,32,64,"batch_decode_kernels::rmsnorm(float*, float const*, unsigned short const*, int, int, float)",476,36,35627.0,0.0,0.0,0.0,0.0,0.0,4.0,4912602166891170.0,4912602166905250.0
476,1,4096,256,0,0,16,0,32,64,"batch_decode_kernels::gemv(float*, float const*, unsigned short const*, int, int, int, int)",477,24,46811.0,0.0,0.0,0.0,0.0,0.0,64.0,4912602166982531.0,4912602167003331.0
477,1,64,64,0,0,16,0,48,64,"void moe_kernels::router_topk_wave64_kernel<64>(float*, float const*, int*, float*, int, int, int, int, int, float)",478,55,38040.0,0.0,0.0,0.0,0.0,0.0,1.0,4912602167095331.0,4912602167110691.0
478,1,540672,256,0,0,20,4,48,64,"batch_decode_kernels::routed_shared_gate_up(float*, float*, float const*, char const*, unsigned long const*, unsigned long const*, int const*, unsigned short const*, unsigned short const*, int, int, int, int, int)",479,46,150930.0,0.0,0.0,0.0,0.0,0.0,8448.0,4912602167201572.0,4912602167290532.0
479,1,180224,256,0,0,24,0,32,64,"batch_decode_kernels::gate_up_swiglu(float*, float const*, unsigned short const*, unsigned short const*, int, int, int)",480,37,68835.0,0.0,0.0,0.0,0.0,0.0,2816.0,4912602167379012.0,4912602167414533.0
480,1,131072,256,0,0,24,0,48,64,"batch_decode_kernels::routed_shared_down(float*, float const*, float const*, char const*, unsigned long const*, int const*, float const*, unsigned short const*, int, int, int, int, int)",481,21,115143.0,0.0,0.0,0.0,0.0,0.0,2048.0,4912602167495653.0,4912602167560773.0
481,1,131072,256,0,0,16,0,32,64,"batch_decode_kernels::gemv(float*, float const*, unsigned short const*, int, int, int, int)",482,24,56696.0,0.0,0.0,0.0,0.0,0.0,2048.0,4912602167623973.0,4912602167651814.0
482,1,256,256,1024,0,12,4,32,64,"batch_decode_kernels::rmsnorm(float*, float const*, unsigned short const*, int, int, float)",483,36,35283.0,0.0,0.0,0.0,0.0,0.0,4.0,4912602167731174.0,4912602167744934.0
483,1,233472,256,0,0,16,0,32,64,"batch_decode_kernels::dual_gemv(float*, unsigned short const*, int, float*, unsigned short const*, int, float const*, int, int)",484,18,74827.0,0.0,0.0,0.0,0.0,0.0,3648.0,4912602167820454.0,4912602167859495.0
484,1,256,256,1024,0,24,0,32,64,"batch_decode_kernels::kv_norm_rope(unsigned short*, float const*, unsigned short const*, int, int, int, int, int, int, float const*, int, float)",485,43,31116.0,0.0,0.0,0.0,0.0,0.0,4.0,4912602167946855.0,4912602167958055.0
485,1,524288,256,0,0,36,4,32,64,"batch_decode_kernels::q_absorb_rope(float*, float*, float const*, unsigned short const*, int, int, int, int, int, int, int, float const*, int)",486,44,36566.0,0.0,0.0,0.0,0.0,0.0,8192.0,4912602168024615.0,4912602168039815.0
486,1,1024,256,0,0,16,0,32,64,"batch_decode_kernels::attention_score(float*, float const*, float const*, unsigned short const*, int, int, int, int, int, int, int, float)",487,27,29512.0,0.0,0.0,0.0,0.0,0.0,16.0,4912602168115336.0,4912602168125736.0
487,1,4096,256,1024,0,20,4,48,64,"void attention_kernels::softmax_rows_kernel<256>(float*, int, int, int, int)",488,52,24618.0,0.0,0.0,0.0,0.0,0.0,64.0,4912602168206696.0,4912602168214536.0
488,1,524288,256,0,0,16,0,32,64,"batch_decode_kernels::latent_context(float*, float const*, unsigned short const*, int, int, int, int, int, int)",489,41,28141.0,0.0,0.0,0.0,0.0,0.0,8192.0,4912602168283816.0,4912602168293736.0
489,1,131072,256,0,0,20,4,32,64,"batch_decode_kernels::value_up(float*, float const*, unsigned short const*, int, int, int, int, unsigned long)",490,45,32329.0,0.0,0.0,0.0,0.0,0.0,2048.0,4912602168360137.0,4912602168372617.0
490,1,131072,256,0,0,16,0,32,64,"batch_decode_kernels::gemv(float*, float const*, unsigned short const*, int, int, int, int)",491,24,50095.0,0.0,0.0,0.0,0.0,0.0,2048.0,4912602168439977.0,4912602168463337.0
491,1,256,256,1024,0,12,4,32,64,"batch_decode_kernels::rmsnorm(float*, float const*, unsigned short const*, int, int, float)",492,36,34013.0,0.0,0.0,0.0,0.0,0.0,4.0,4912602168530697.0,4912602168543498.0
492,1,4096,256,0,0,16,0,32,64,"batch_decode_kernels::gemv(float*, float const*, unsigned short const*, int, int, int, int)",493,24,46345.0,0.0,0.0,0.0,0.0,0.0,64.0,4912602168603818.0,4912602168623978.0
493,1,64,64,0,0,16,0,48,64,"void moe_kernels::router_topk_wave64_kernel<64>(float*, float const*, int*, float*, int, int, int, int, int, float)",494,55,37607.0,0.0,0.0,0.0,0.0,0.0,1.0,4912602168694058.0,4912602168709258.0
494,1,540672,256,0,0,20,4,48,64,"batch_decode_kernels::routed_shared_gate_up(float*, float*, float const*, char const*, unsigned long const*, unsigned long const*, int const*, unsigned short const*, unsigned short const*, int, int, int, int, int)",495,46,154247.0,0.0,0.0,0.0,0.0,0.0,8448.0,4912602168788939.0,4912602168879819.0
495,1,180224,256,0,0,24,0,32,64,"batch_decode_kernels::gate_up_swiglu(float*, float const*, unsigned short const*, unsigned short const*, int, int, int)",496,37,68521.0,0.0,0.0,0.0,0.0,0.0,2816.0,4912602168974379.0,4912602169010060.0
496,1,131072,256,0,0,24,0,48,64,"batch_decode_kernels::routed_shared_down(float*, float const*, float const*, char const*, unsigned long const*, int const*, float const*, unsigned short const*, int, int, int, int, int)",497,21,115063.0,0.0,0.0,0.0,0.0,0.0,2048.0,4912602169084620.0,4912602169149420.0
497,1,131072,256,0,0,16,0,32,64,"batch_decode_kernels::gemv(float*, float const*, unsigned short const*, int, int, int, int)",498,24,57359.0,0.0,0.0,0.0,0.0,0.0,2048.0,4912602169231021.0,4912602169259501.0
498,1,256,256,1024,0,12,4,32,64,"batch_decode_kernels::rmsnorm(float*, float const*, unsigned short const*, int, int, float)",499,36,35087.0,0.0,0.0,0.0,0.0,0.0,4.0,4912602169324301.0,4912602169338221.0
499,1,233472,256,0,0,16,0,32,64,"batch_decode_kernels::dual_gemv(float*, unsigned short const*, int, float*, unsigned short const*, int, float const*, int, int)",500,18,73569.0,0.0,0.0,0.0,0.0,0.0,3648.0,4912602169433741.0,4912602169472302.0
500,1,256,256,1024,0,24,0,32,64,"batch_decode_kernels::kv_norm_rope(unsigned short*, float const*, unsigned short const*, int, int, int, int, int, int, float const*, int, float)",501,43,30913.0,0.0,0.0,0.0,0.0,0.0,4.0,4912602169551662.0,4912602169562222.0
501,1,524288,256,0,0,36,4,32,64,"batch_decode_kernels::q_absorb_rope(float*, float*, float const*, unsigned short const*, int, int, int, int, int, int, int, float const*, int)",502,44,35919.0,0.0,0.0,0.0,0.0,0.0,8192.0,4912602169623342.0,4912602169638382.0
502,1,1024,256,0,0,16,0,32,64,"batch_decode_kernels::attention_score(float*, float const*, float const*, unsigned short const*, int, int, int, int, int, int, int, float)",503,27,28642.0,0.0,0.0,0.0,0.0,0.0,16.0,4912602169716463.0,4912602169726863.0
503,1,4096,256,1024,0,20,4,48,64,"void attention_kernels::softmax_rows_kernel<256>(float*, int, int, int, int)",504,52,25336.0,0.0,0.0,0.0,0.0,0.0,64.0,4912602169786863.0,4912602169794863.0
504,1,524288,256,0,0,16,0,32,64,"batch_decode_kernels::latent_context(float*, float const*, unsigned short const*, int, int, int, int, int, int)",505,41,27619.0,0.0,0.0,0.0,0.0,0.0,8192.0,4912602169858063.0,4912602169867983.0
505,1,131072,256,0,0,20,4,32,64,"batch_decode_kernels::value_up(float*, float const*, unsigned short const*, int, int, int, int, unsigned long)",506,45,31881.0,0.0,0.0,0.0,0.0,0.0,2048.0,4912602169930384.0,4912602169942384.0
506,1,131072,256,0,0,16,0,32,64,"batch_decode_kernels::gemv(float*, float const*, unsigned short const*, int, int, int, int)",507,24,48557.0,0.0,0.0,0.0,0.0,0.0,2048.0,4912602170004144.0,4912602170027024.0
507,1,256,256,1024,0,12,4,32,64,"batch_decode_kernels::rmsnorm(float*, float const*, unsigned short const*, int, int, float)",508,36,35553.0,0.0,0.0,0.0,0.0,0.0,4.0,4912602170104464.0,4912602170119024.0
508,1,4096,256,0,0,16,0,32,64,"batch_decode_kernels::gemv(float*, float const*, unsigned short const*, int, int, int, int)",509,24,46373.0,0.0,0.0,0.0,0.0,0.0,64.0,4912602170200625.0,4912602170221425.0
509,1,64,64,0,0,16,0,48,64,"void moe_kernels::router_topk_wave64_kernel<64>(float*, float const*, int*, float*, int, int, int, int, int, float)",510,55,38181.0,0.0,0.0,0.0,0.0,0.0,1.0,4912602170292785.0,4912602170308305.0
510,1,540672,256,0,0,20,4,48,64,"batch_decode_kernels::routed_shared_gate_up(float*, float*, float const*, char const*, unsigned long const*, unsigned long const*, int const*, unsigned short const*, unsigned short const*, int, int, int, int, int)",511,46,157882.0,0.0,0.0,0.0,0.0,0.0,8448.0,4912602170383986.0,4912602170476626.0
511,1,180224,256,0,0,24,0,32,64,"batch_decode_kernels::gate_up_swiglu(float*, float const*, unsigned short const*, unsigned short const*, int, int, int)",512,37,69194.0,0.0,0.0,0.0,0.0,0.0,2816.0,4912602170538386.0,4912602170574546.0
512,1,131072,256,0,0,24,0,48,64,"batch_decode_kernels::routed_shared_down(float*, float const*, float const*, char const*, unsigned long const*, int const*, float const*, unsigned short const*, int, int, int, int, int)",513,21,114854.0,0.0,0.0,0.0,0.0,0.0,2048.0,4912602170652947.0,4912602170717747.0
513,1,131072,256,0,0,16,0,32,64,"batch_decode_kernels::gemv(float*, float const*, unsigned short const*, int, int, int, int)",514,24,57970.0,0.0,0.0,0.0,0.0,0.0,2048.0,4912602170804787.0,4912602170833428.0
514,1,256,256,1024,0,12,4,32,64,"batch_decode_kernels::rmsnorm(float*, float const*, unsigned short const*, int, int, float)",515,36,34775.0,0.0,0.0,0.0,0.0,0.0,4.0,4912602170917108.0,4912602170930868.0
515,1,6553600,256,0,0,16,0,32,64,"batch_decode_kernels::gemv(float*, float const*, unsigned short const*, int, int, int, int)",516,24,1033700.0,0.0,0.0,0.0,0.0,0.0,102400.0,4912602171019988.0,4912602171678231.0
516,1,256,256,2048,0,8,0,32,64,"batch_decode_kernels::argmax(float const*, int, int*, int)",517,22,324206.0,0.0,0.0,0.0,0.0,0.0,4.0,4912602171741112.0,4912602171926872.0
517,1,256,256,0,0,12,4,32,64,__amd_rocclr_fillBufferAligned,518,4,19528.0,0.0,0.0,0.0,0.0,0.0,4.0,4912602172003033.0,4912602172007673.0
518,1,256,256,0,0,12,4,32,64,__amd_rocclr_fillBufferAligned,519,4,20078.0,0.0,0.0,0.0,0.0,0.0,4.0,4912602172088153.0,4912602172092953.0
519,1,10240,256,0,0,8,0,32,64,"batch_decode_kernels::embedding(float*, unsigned short const*, int const*, int*, int, int, int, int)",520,35,18217.0,0.0,0.0,0.0,0.0,0.0,160.0,4912602172167993.0,4912602172172153.0
520,1,1280,256,1024,0,12,4,32,64,"batch_decode_kernels::rmsnorm(float*, float const*, unsigned short const*, int, int, float)",521,36,31959.0,0.0,0.0,0.0,0.0,0.0,20.0,4912602172247994.0,4912602172259994.0
521,1,12288,256,11264,0,24,0,48,64,"batch_decode_kernels::mfma_gemm(float*, float const*, unsigned short const*, int, int, int, int)",522,19,142068.0,393216.0,0.0,0.0,0.0,0.0,192.0,4912602172326394.0,4912602172404635.0
522,1,2304,256,11264,0,24,0,48,64,"batch_decode_kernels::mfma_gemm(float*, float const*, unsigned short const*, int, int, int, int)",523,19,146411.0,73728.0,0.0,0.0,0.0,0.0,36.0,4912602172493755.0,4912602172573915.0
523,1,1280,256,1024,0,24,0,32,64,"batch_decode_kernels::kv_norm_rope(unsigned short*, float const*, unsigned short const*, int, int, int, int, int, int, float const*, int, float)",524,43,29505.0,0.0,0.0,0.0,0.0,0.0,20.0,4912602172650076.0,4912602172660796.0
524,1,32768,256,11264,0,24,0,48,64,"batch_decode_kernels::mfma_head_gemm(float*, float const*, unsigned short const*, int, int, int, int, int, int, unsigned long)",525,29,33244.0,65536.0,0.0,0.0,0.0,0.0,512.0,4912602172730076.0,4912602172742876.0
525,1,5120,256,0,0,24,0,32,64,"batch_decode_kernels::q_rope(float*, float const*, int, int, int, int, int, int, float const*, int)",526,39,24139.0,0.0,0.0,0.0,0.0,0.0,80.0,4912602172809276.0,4912602172816636.0
526,1,5120,256,0,0,16,0,32,64,"batch_decode_kernels::attention_score(float*, float const*, float const*, unsigned short const*, int, int, int, int, int, int, int, float)",527,27,27808.0,0.0,0.0,0.0,0.0,0.0,80.0,4912602172887197.0,4912602172896637.0
527,1,20480,256,1024,0,20,4,48,64,"void attention_kernels::softmax_rows_kernel<256>(float*, int, int, int, int)",528,52,25306.0,0.0,0.0,0.0,0.0,0.0,320.0,4912602172963357.0,4912602172971517.0
528,1,2621440,256,0,0,16,0,32,64,"batch_decode_kernels::latent_context(float*, float const*, unsigned short const*, int, int, int, int, int, int)",529,41,64694.0,0.0,0.0,0.0,0.0,0.0,40960.0,4912602173067997.0,4912602173101118.0
529,1,8192,256,11264,0,24,0,48,64,"batch_decode_kernels::mfma_head_gemm(float*, float const*, unsigned short const*, int, int, int, int, int, int, unsigned long)",530,29,54816.0,65536.0,0.0,0.0,0.0,0.0,128.0,4912602173188158.0,4912602173213918.0
530,1,8192,256,11264,0,24,0,48,64,"batch_decode_kernels::mfma_gemm(float*, float const*, unsigned short const*, int, int, int, int)",531,19,143411.0,262144.0,0.0,0.0,0.0,0.0,128.0,4912602173284318.0,4912602173363199.0
531,1,1280,256,1024,0,12,4,32,64,"batch_decode_kernels::rmsnorm(float*, float const*, unsigned short const*, int, int, float)",532,36,33311.0,0.0,0.0,0.0,0.0,0.0,20.0,4912602173439679.0,4912602173452639.0
532,1,43776,256,19968,0,32,0,48,64,"batch_decode_kernels::mfma_gate_up_swiglu(float*, float const*, unsigned short const*, unsigned short const*, int, int, int)",533,20,203160.0,2801664.0,0.0,0.0,0.0,0.0,684.0,4912602173519519.0,4912602173638880.0
533,1,8192,256,11264,0,24,0,48,64,"batch_decode_kernels::mfma_gemm(float*, float const*, unsigned short const*, int, int, int, int)",534,19,682017.0,1400832.0,0.0,0.0,0.0,0.0,128.0,4912602173724000.0,4912602174126082.0
534,1,1280,256,1024,0,12,4,32,64,"batch_decode_kernels::rmsnorm(float*, float const*, unsigned short const*, int, int, float)",535,36,33070.0,0.0,0.0,0.0,0.0,0.0,20.0,4912602174201762.0,4912602174214562.0
535,1,12288,256,11264,0,24,0,48,64,"batch_decode_kernels::mfma_gemm(float*, float const*, unsigned short const*, int, int, int, int)",536,19,141897.0,393216.0,0.0,0.0,0.0,0.0,192.0,4912602174284803.0,4912602174363203.0
536,1,2304,256,11264,0,24,0,48,64,"batch_decode_kernels::mfma_gemm(float*, float const*, unsigned short const*, int, int, int, int)",537,19,146826.0,73728.0,0.0,0.0,0.0,0.0,36.0,4912602174454884.0,4912602174535204.0
537,1,1280,256,1024,0,24,0,32,64,"batch_decode_kernels::kv_norm_rope(unsigned short*, float const*, unsigned short const*, int, int, int, int, int, int, float const*, int, float)",538,43,27559.0,0.0,0.0,0.0,0.0,0.0,20.0,4912602174623364.0,4912602174632644.0
538,1,32768,256,11264,0,24,0,48,64,"batch_decode_kernels::mfma_head_gemm(float*, float const*, unsigned short const*, int, int, int, int, int, int, unsigned long)",539,29,32635.0,65536.0,0.0,0.0,0.0,0.0,512.0,4912602174709285.0,4912602174721605.0
539,1,5120,256,0,0,24,0,32,64,"batch_decode_kernels::q_rope(float*, float const*, int, int, int, int, int, int, float const*, int)",540,39,23887.0,0.0,0.0,0.0,0.0,0.0,80.0,4912602174790085.0,4912602174797445.0
540,1,5120,256,0,0,16,0,32,64,"batch_decode_kernels::attention_score(float*, float const*, float const*, unsigned short const*, int, int, int, int, int, int, int, float)",541,27,28358.0,0.0,0.0,0.0,0.0,0.0,80.0,4912602174873765.0,4912602174883685.0
541,1,20480,256,1024,0,20,4,48,64,"void attention_kernels::softmax_rows_kernel<256>(float*, int, int, int, int)",542,52,25752.0,0.0,0.0,0.0,0.0,0.0,320.0,4912602174954406.0,4912602174962886.0
542,1,2621440,256,0,0,16,0,32,64,"batch_decode_kernels::latent_context(float*, float const*, unsigned short const*, int, int, int, int, int, int)",543,41,64264.0,0.0,0.0,0.0,0.0,0.0,40960.0,4912602175064806.0,4912602175097926.0
543,1,8192,256,11264,0,24,0,48,64,"batch_decode_kernels::mfma_head_gemm(float*, float const*, unsigned short const*, int, int, int, int, int, int, unsigned long)",544,29,54793.0,65536.0,0.0,0.0,0.0,0.0,128.0,4912602175166247.0,4912602175191847.0
544,1,8192,256,11264,0,24,0,48,64,"batch_decode_kernels::mfma_gemm(float*, float const*, unsigned short const*, int, int, int, int)",545,19,148611.0,262144.0,0.0,0.0,0.0,0.0,128.0,4912602175270887.0,4912602175352327.0
545,1,1280,256,1024,0,12,4,32,64,"batch_decode_kernels::rmsnorm(float*, float const*, unsigned short const*, int, int, float)",546,36,34908.0,0.0,0.0,0.0,0.0,0.0,20.0,4912602175460968.0,4912602175474728.0
546,1,256,256,11264,0,24,0,48,64,"batch_decode_kernels::mfma_gemm(float*, float const*, unsigned short const*, int, int, int, int)",547,19,158721.0,8192.0,0.0,0.0,0.0,0.0,4.0,4912602175567528.0,4912602175655049.0
547,1,320,64,0,0,16,0,48,64,"void moe_kernels::router_topk_wave64_kernel<64>(float*, float const*, int*, float*, int, int, int, int, int, float)",548,55,39475.0,0.0,0.0,0.0,0.0,0.0,5.0,4912602175739369.0,4912602175755689.0
548,1,256,256,1024,0,12,4,64,64,"batch_decode_kernels::align_routes(int const*, int, int, int, int*, int*, int*)",549,17,39579.0,0.0,0.0,0.0,0.0,0.0,4.0,4912602175828330.0,4912602175844810.0
549,1,349184,256,19968,0,36,4,48,64,"void batch_decode_kernels::grouped_expert_gate_up<16, 1>(float const*, char const*, unsigned long const*, unsigned long const*, int const*, int const*, float*, unsigned short*, int, int, int, int, int)",550,31,236036.0,2162688.0,0.0,0.0,0.0,0.0,5456.0,4912602175915530.0,4912602176053771.0
550,1,11264,256,19968,0,32,0,48,64,"batch_decode_kernels::mfma_gate_up_swiglu(float*, float const*, unsigned short const*, unsigned short const*, int, int, int)",551,20,157125.0,720896.0,0.0,0.0,0.0,0.0,176.0,4912602176117931.0,4912602176205611.0
551,1,507904,256,11264,0,24,0,48,64,"void batch_decode_kernels::grouped_expert_down<16, 1>(float const*, unsigned short const*, char const*, unsigned long const*, int const*, int const*, float*, int, int, int, int)",552,32,140644.0,1081344.0,0.0,0.0,0.0,0.0,7936.0,4912602176300332.0,4912602176380172.0
552,1,1280,256,0,0,12,4,32,64,"batch_decode_kernels::reduce_routes_add(float*, float const*, float const*, int, int, int)",553,28,60008.0,0.0,0.0,0.0,0.0,0.0,20.0,4912602176477292.0,4912602176506093.0
553,1,8192,256,11264,0,24,0,48,64,"batch_decode_kernels::mfma_gemm(float*, float const*, unsigned short const*, int, int, int, int)",554,19,195631.0,360448.0,0.0,0.0,0.0,0.0,128.0,4912602176572973.0,4912602176683213.0
554,1,1280,256,1024,0,12,4,32,64,"batch_decode_kernels::rmsnorm(float*, float const*, unsigned short const*, int, int, float)",555,36,34365.0,0.0,0.0,0.0,0.0,0.0,20.0,4912602176771694.0,4912602176785294.0
555,1,12288,256,11264,0,24,0,48,64,"batch_decode_kernels::mfma_gemm(float*, float const*, unsigned short const*, int, int, int, int)",556,19,140753.0,393216.0,0.0,0.0,0.0,0.0,192.0,4912602176882894.0,4912602176960655.0
556,1,2304,256,11264,0,24,0,48,64,"batch_decode_kernels::mfma_gemm(float*, float const*, unsigned short const*, int, int, int, int)",557,19,145591.0,73728.0,0.0,0.0,0.0,0.0,36.0,4912602177026575.0,4912602177106095.0
557,1,1280,256,1024,0,24,0,32,64,"batch_decode_kernels::kv_norm_rope(unsigned short*, float const*, unsigned short const*, int, int, int, int, int, int, float const*, int, float)",558,43,29065.0,0.0,0.0,0.0,0.0,0.0,20.0,4912602177210256.0,4912602177220496.0
558,1,32768,256,11264,0,24,0,48,64,"batch_decode_kernels::mfma_head_gemm(float*, float const*, unsigned short const*, int, int, int, int, int, int, unsigned long)",559,29,32804.0,65536.0,0.0,0.0,0.0,0.0,512.0,4912602177306096.0,4912602177318736.0
559,1,5120,256,0,0,24,0,32,64,"batch_decode_kernels::q_rope(float*, float const*, int, int, int, int, int, int, float const*, int)",560,39,24349.0,0.0,0.0,0.0,0.0,0.0,80.0,4912602177393936.0,4912602177401136.0
560,1,5120,256,0,0,16,0,32,64,"batch_decode_kernels::attention_score(float*, float const*, float const*, unsigned short const*, int, int, int, int, int, int, int, float)",561,27,27548.0,0.0,0.0,0.0,0.0,0.0,80.0,4912602177481137.0,4912602177490577.0
561,1,20480,256,1024,0,20,4,48,64,"void attention_kernels::softmax_rows_kernel<256>(float*, int, int, int, int)",562,52,25631.0,0.0,0.0,0.0,0.0,0.0,320.0,4912602177594577.0,4912602177602897.0
562,1,2621440,256,0,0,16,0,32,64,"batch_decode_kernels::latent_context(float*, float const*, unsigned short const*, int, int, int, int, int, int)",563,41,64353.0,0.0,0.0,0.0,0.0,0.0,40960.0,4912602177703698.0,4912602177736818.0
563,1,8192,256,11264,0,24,0,48,64,"batch_decode_kernels::mfma_head_gemm(float*, float const*, unsigned short const*, int, int, int, int, int, int, unsigned long)",564,29,54195.0,65536.0,0.0,0.0,0.0,0.0,128.0,4912602177835538.0,4912602177861139.0
564,1,8192,256,11264,0,24,0,48,64,"batch_decode_kernels::mfma_gemm(float*, float const*, unsigned short const*, int, int, int, int)",565,19,146435.0,262144.0,0.0,0.0,0.0,0.0,128.0,4912602177927219.0,4912602178007539.0
565,1,1280,256,1024,0,12,4,32,64,"batch_decode_kernels::rmsnorm(float*, float const*, unsigned short const*, int, int, float)",566,36,31615.0,0.0,0.0,0.0,0.0,0.0,20.0,4912602178096820.0,4912602178108660.0
566,1,256,256,11264,0,24,0,48,64,"batch_decode_kernels::mfma_gemm(float*, float const*, unsigned short const*, int, int, int, int)",567,19,155193.0,8192.0,0.0,0.0,0.0,0.0,4.0,4912602178211380.0,4912602178296820.0
567,1,320,64,0,0,16,0,48,64,"void moe_kernels::router_topk_wave64_kernel<64>(float*, float const*, int*, float*, int, int, int, int, int, float)",568,55,41479.0,0.0,0.0,0.0,0.0,0.0,5.0,4912602178399861.0,4912602178417141.0
568,1,256,256,1024,0,12,4,64,64,"batch_decode_kernels::align_routes(int const*, int, int, int, int*, int*, int*)",569,17,40839.0,0.0,0.0,0.0,0.0,0.0,4.0,4912602178486581.0,4912602178503861.0
569,1,349184,256,19968,0,36,4,48,64,"void batch_decode_kernels::grouped_expert_gate_up<16, 1>(float const*, char const*, unsigned long const*, unsigned long const*, int const*, int const*, float*, unsigned short*, int, int, int, int, int)",570,31,229874.0,2162688.0,0.0,0.0,0.0,0.0,5456.0,4912602178576342.0,4912602178710902.0
570,1,11264,256,19968,0,32,0,48,64,"batch_decode_kernels::mfma_gate_up_swiglu(float*, float const*, unsigned short const*, unsigned short const*, int, int, int)",571,20,159018.0,720896.0,0.0,0.0,0.0,0.0,176.0,4912602178812983.0,4912602178901783.0
571,1,507904,256,11264,0,24,0,48,64,"void batch_decode_kernels::grouped_expert_down<16, 1>(float const*, unsigned short const*, char const*, unsigned long const*, int const*, int const*, float*, int, int, int, int)",572,32,142219.0,1081344.0,0.0,0.0,0.0,0.0,7936.0,4912602178995544.0,4912602179076344.0
572,1,1280,256,0,0,12,4,32,64,"batch_decode_kernels::reduce_routes_add(float*, float const*, float const*, int, int, int)",573,28,61427.0,0.0,0.0,0.0,0.0,0.0,20.0,4912602179170264.0,4912602179199864.0
573,1,8192,256,11264,0,24,0,48,64,"batch_decode_kernels::mfma_gemm(float*, float const*, unsigned short const*, int, int, int, int)",574,19,194761.0,360448.0,0.0,0.0,0.0,0.0,128.0,4912602179261625.0,4912602179371225.0
574,1,1280,256,1024,0,12,4,32,64,"batch_decode_kernels::rmsnorm(float*, float const*, unsigned short const*, int, int, float)",575,36,33807.0,0.0,0.0,0.0,0.0,0.0,20.0,4912602179454586.0,4912602179467866.0
575,1,12288,256,11264,0,24,0,48,64,"batch_decode_kernels::mfma_gemm(float*, float const*, unsigned short const*, int, int, int, int)",576,19,141791.0,393216.0,0.0,0.0,0.0,0.0,192.0,4912602179574586.0,4912602179653146.0
576,1,2304,256,11264,0,24,0,48,64,"batch_decode_kernels::mfma_gemm(float*, float const*, unsigned short const*, int, int, int, int)",577,19,145295.0,73728.0,0.0,0.0,0.0,0.0,36.0,4912602179738267.0,4912602179817947.0
577,1,1280,256,1024,0,24,0,32,64,"batch_decode_kernels::kv_norm_rope(unsigned short*, float const*, unsigned short const*, int, int, int, int, int, int, float const*, int, float)",578,43,28045.0,0.0,0.0,0.0,0.0,0.0,20.0,4912602179907868.0,4912602179917628.0
578,1,32768,256,11264,0,24,0,48,64,"batch_decode_kernels::mfma_head_gemm(float*, float const*, unsigned short const*, int, int, int, int, int, int, unsigned long)",579,29,33434.0,65536.0,0.0,0.0,0.0,0.0,512.0,4912602179977788.0,4912602179990748.0
579,1,5120,256,0,0,24,0,32,64,"batch_decode_kernels::q_rope(float*, float const*, int, int, int, int, int, int, float const*, int)",580,39,23420.0,0.0,0.0,0.0,0.0,0.0,80.0,4912602180096188.0,4912602180103068.0
580,1,5120,256,0,0,16,0,32,64,"batch_decode_kernels::attention_score(float*, float const*, float const*, unsigned short const*, int, int, int, int, int, int, int, float)",581,27,27934.0,0.0,0.0,0.0,0.0,0.0,80.0,4912602180189469.0,4912602180199069.0
581,1,20480,256,1024,0,20,4,48,64,"void attention_kernels::softmax_rows_kernel<256>(float*, int, int, int, int)",582,52,24774.0,0.0,0.0,0.0,0.0,0.0,320.0,4912602180282269.0,4912602180290269.0
582,1,2621440,256,0,0,16,0,32,64,"batch_decode_kernels::latent_context(float*, float const*, unsigned short const*, int, int, int, int, int, int)",583,41,64522.0,0.0,0.0,0.0,0.0,0.0,40960.0,4912602180349629.0,4912602180382750.0
583,1,8192,256,11264,0,24,0,48,64,"batch_decode_kernels::mfma_head_gemm(float*, float const*, unsigned short const*, int, int, int, int, int, int, unsigned long)",584,29,54589.0,65536.0,0.0,0.0,0.0,0.0,128.0,4912602180465790.0,4912602180491390.0
584,1,8192,256,11264,0,24,0,48,64,"batch_decode_kernels::mfma_gemm(float*, float const*, unsigned short const*, int, int, int, int)",585,19,147975.0,262144.0,0.0,0.0,0.0,0.0,128.0,4912602180566590.0,4912602180648031.0
585,1,1280,256,1024,0,12,4,32,64,"batch_decode_kernels::rmsnorm(float*, float const*, unsigned short const*, int, int, float)",586,36,33228.0,0.0,0.0,0.0,0.0,0.0,20.0,4912602180733151.0,4912602180745951.0
586,1,256,256,11264,0,24,0,48,64,"batch_decode_kernels::mfma_gemm(float*, float const*, unsigned short const*, int, int, int, int)",587,19,155505.0,8192.0,0.0,0.0,0.0,0.0,4.0,4912602180825632.0,4912602180910912.0
587,1,320,64,0,0,16,0,48,64,"void moe_kernels::router_topk_wave64_kernel<64>(float*, float const*, int*, float*, int, int, int, int, int, float)",588,55,39414.0,0.0,0.0,0.0,0.0,0.0,5.0,4912602180996512.0,4912602181012832.0
588,1,256,256,1024,0,12,4,64,64,"batch_decode_kernels::align_routes(int const*, int, int, int, int*, int*, int*)",589,17,39661.0,0.0,0.0,0.0,0.0,0.0,4.0,4912602181098113.0,4912602181114593.0
589,1,349184,256,19968,0,36,4,48,64,"void batch_decode_kernels::grouped_expert_gate_up<16, 1>(float const*, char const*, unsigned long const*, unsigned long const*, int const*, int const*, float*, unsigned short*, int, int, int, int, int)",590,31,235974.0,2162688.0,0.0,0.0,0.0,0.0,5456.0,4912602181194273.0,4912602181332354.0
590,1,11264,256,19968,0,32,0,48,64,"batch_decode_kernels::mfma_gate_up_swiglu(float*, float const*, unsigned short const*, unsigned short const*, int, int, int)",591,20,156824.0,720896.0,0.0,0.0,0.0,0.0,176.0,4912602181419394.0,4912602181507075.0
591,1,507904,256,11264,0,24,0,48,64,"void batch_decode_kernels::grouped_expert_down<16, 1>(float const*, unsigned short const*, char const*, unsigned long const*, int const*, int const*, float*, int, int, int, int)",592,32,142194.0,1081344.0,0.0,0.0,0.0,0.0,7936.0,4912602181564995.0,4912602181645315.0
592,1,1280,256,0,0,12,4,32,64,"batch_decode_kernels::reduce_routes_add(float*, float const*, float const*, int, int, int)",593,28,62807.0,0.0,0.0,0.0,0.0,0.0,20.0,4912602181733316.0,4912602181764036.0
593,1,8192,256,11264,0,24,0,48,64,"batch_decode_kernels::mfma_gemm(float*, float const*, unsigned short const*, int, int, int, int)",594,19,194913.0,360448.0,0.0,0.0,0.0,0.0,128.0,4912602181832996.0,4912602181942756.0
594,1,1280,256,1024,0,12,4,32,64,"batch_decode_kernels::rmsnorm(float*, float const*, unsigned short const*, int, int, float)",595,36,33574.0,0.0,0.0,0.0,0.0,0.0,20.0,4912602182002917.0,4912602182015877.0
595,1,12288,256,11264,0,24,0,48,64,"batch_decode_kernels::mfma_gemm(float*, float const*, unsigned short const*, int, int, int, int)",596,19,142560.0,393216.0,0.0,0.0,0.0,0.0,192.0,4912602182118917.0,4912602182197638.0
596,1,2304,256,11264,0,24,0,48,64,"batch_decode_kernels::mfma_gemm(float*, float const*, unsigned short const*, int, int, int, int)",597,19,146440.0,73728.0,0.0,0.0,0.0,0.0,36.0,4912602182296038.0,4912602182375878.0
597,1,1280,256,1024,0,24,0,32,64,"batch_decode_kernels::kv_norm_rope(unsigned short*, float const*, unsigned short const*, int, int, int, int, int, int, float const*, int, float)",598,43,28673.0,0.0,0.0,0.0,0.0,0.0,20.0,4912602182476199.0,4912602182486279.0
598,1,32768,256,11264,0,24,0,48,64,"batch_decode_kernels::mfma_head_gemm(float*, float const*, unsigned short const*, int, int, int, int, int, int, unsigned long)",599,29,33060.0,65536.0,0.0,0.0,0.0,0.0,512.0,4912602182573479.0,4912602182586119.0
599,1,5120,256,0,0,24,0,32,64,"batch_decode_kernels::q_rope(float*, float const*, int, int, int, int, int, int, float const*, int)",600,39,24084.0,0.0,0.0,0.0,0.0,0.0,80.0,4912602182669320.0,4912602182676680.0
600,1,5120,256,0,0,16,0,32,64,"batch_decode_kernels::attention_score(float*, float const*, float const*, unsigned short const*, int, int, int, int, int, int, int, float)",601,27,28265.0,0.0,0.0,0.0,0.0,0.0,80.0,4912602182788200.0,4912602182797480.0
601,1,20480,256,1024,0,20,4,48,64,"void attention_kernels::softmax_rows_kernel<256>(float*, int, int, int, int)",602,52,25526.0,0.0,0.0,0.0,0.0,0.0,320.0,4912602182885961.0,4912602182893961.0
602,1,2621440,256,0,0,16,0,32,64,"batch_decode_kernels::latent_context(float*, float const*, unsigned short const*, int, int, int, int, int, int)",603,41,64456.0,0.0,0.0,0.0,0.0,0.0,40960.0,4912602182963721.0,4912602182997001.0
603,1,8192,256,11264,0,24,0,48,64,"batch_decode_kernels::mfma_head_gemm(float*, float const*, unsigned short const*, int, int, int, int, int, int, unsigned long)",604,29,55800.0,65536.0,0.0,0.0,0.0,0.0,128.0,4912602183062441.0,4912602183088522.0
604,1,8192,256,11264,0,24,0,48,64,"batch_decode_kernels::mfma_gemm(float*, float const*, unsigned short const*, int, int, int, int)",605,19,149786.0,262144.0,0.0,0.0,0.0,0.0,128.0,4912602183184522.0,4912602183266922.0
605,1,1280,256,1024,0,12,4,32,64,"batch_decode_kernels::rmsnorm(float*, float const*, unsigned short const*, int, int, float)",606,36,34067.0,0.0,0.0,0.0,0.0,0.0,20.0,4912602183356203.0,4912602183369483.0
606,1,256,256,11264,0,24,0,48,64,"batch_decode_kernels::mfma_gemm(float*, float const*, unsigned short const*, int, int, int, int)",607,19,155155.0,8192.0,0.0,0.0,0.0,0.0,4.0,4912602183456043.0,4912602183541324.0
607,1,320,64,0,0,16,0,48,64,"void moe_kernels::router_topk_wave64_kernel<64>(float*, float const*, int*, float*, int, int, int, int, int, float)",608,55,39029.0,0.0,0.0,0.0,0.0,0.0,5.0,4912602183630924.0,4912602183646924.0
608,1,256,256,1024,0,12,4,64,64,"batch_decode_kernels::align_routes(int const*, int, int, int, int*, int*, int*)",609,17,39524.0,0.0,0.0,0.0,0.0,0.0,4.0,4912602183725484.0,4912602183742124.0
609,1,349184,256,19968,0,36,4,48,64,"void batch_decode_kernels::grouped_expert_gate_up<16, 1>(float const*, char const*, unsigned long const*, unsigned long const*, int const*, int const*, float*, unsigned short*, int, int, int, int, int)",610,31,232451.0,2162688.0,0.0,0.0,0.0,0.0,5456.0,4912602183822765.0,4912602183958765.0
610,1,11264,256,19968,0,32,0,48,64,"batch_decode_kernels::mfma_gate_up_swiglu(float*, float const*, unsigned short const*, unsigned short const*, int, int, int)",611,20,158170.0,720896.0,0.0,0.0,0.0,0.0,176.0,4912602184062926.0,4912602184150766.0
611,1,507904,256,11264,0,24,0,48,64,"void batch_decode_kernels::grouped_expert_down<16, 1>(float const*, unsigned short const*, char const*, unsigned long const*, int const*, int const*, float*, int, int, int, int)",612,32,142409.0,1081344.0,0.0,0.0,0.0,0.0,7936.0,4912602184222126.0,4912602184302927.0
612,1,1280,256,0,0,12,4,32,64,"batch_decode_kernels::reduce_routes_add(float*, float const*, float const*, int, int, int)",613,28,62082.0,0.0,0.0,0.0,0.0,0.0,20.0,4912602184400207.0,4912602184430127.0
613,1,8192,256,11264,0,24,0,48,64,"batch_decode_kernels::mfma_gemm(float*, float const*, unsigned short const*, int, int, int, int)",614,19,195984.0,360448.0,0.0,0.0,0.0,0.0,128.0,4912602184497648.0,4912602184608048.0
614,1,1280,256,1024,0,12,4,32,64,"batch_decode_kernels::rmsnorm(float*, float const*, unsigned short const*, int, int, float)",615,36,32783.0,0.0,0.0,0.0,0.0,0.0,20.0,4912602184679569.0,4912602184692529.0
615,1,12288,256,11264,0,24,0,48,64,"batch_decode_kernels::mfma_gemm(float*, float const*, unsigned short const*, int, int, int, int)",616,19,144138.0,393216.0,0.0,0.0,0.0,0.0,192.0,4912602184752369.0,4912602184831889.0
616,1,2304,256,11264,0,24,0,48,64,"batch_decode_kernels::mfma_gemm(float*, float const*, unsigned short const*, int, int, int, int)",617,19,146651.0,73728.0,0.0,0.0,0.0,0.0,36.0,4912602184932850.0,4912602185012850.0
617,1,1280,256,1024,0,24,0,32,64,"batch_decode_kernels::kv_norm_rope(unsigned short*, float const*, unsigned short const*, int, int, int, int, int, int, float const*, int, float)",618,43,28811.0,0.0,0.0,0.0,0.0,0.0,20.0,4912602185101970.0,4912602185111730.0
618,1,32768,256,11264,0,24,0,48,64,"batch_decode_kernels::mfma_head_gemm(float*, float const*, unsigned short const*, int, int, int, int, int, int, unsigned long)",619,29,32129.0,65536.0,0.0,0.0,0.0,0.0,512.0,4912602185203891.0,4912602185216211.0
619,1,5120,256,0,0,24,0,32,64,"batch_decode_kernels::q_rope(float*, float const*, int, int, int, int, int, int, float const*, int)",620,39,23642.0,0.0,0.0,0.0,0.0,0.0,80.0,4912602185300691.0,4912602185307731.0
620,1,5120,256,0,0,16,0,32,64,"batch_decode_kernels::attention_score(float*, float const*, float const*, unsigned short const*, int, int, int, int, int, int, int, float)",621,27,28589.0,0.0,0.0,0.0,0.0,0.0,80.0,4912602185371092.0,4912602185381012.0
621,1,20480,256,1024,0,20,4,48,64,"void attention_kernels::softmax_rows_kernel<256>(float*, int, int, int, int)",622,52,25632.0,0.0,0.0,0.0,0.0,0.0,320.0,4912602185472692.0,4912602185480852.0
622,1,2621440,256,0,0,16,0,32,64,"batch_decode_kernels::latent_context(float*, float const*, unsigned short const*, int, int, int, int, int, int)",623,41,64237.0,0.0,0.0,0.0,0.0,0.0,40960.0,4912602185545812.0,4912602185578932.0
623,1,8192,256,11264,0,24,0,48,64,"batch_decode_kernels::mfma_head_gemm(float*, float const*, unsigned short const*, int, int, int, int, int, int, unsigned long)",624,29,54412.0,65536.0,0.0,0.0,0.0,0.0,128.0,4912602185649973.0,4912602185675413.0
624,1,8192,256,11264,0,24,0,48,64,"batch_decode_kernels::mfma_gemm(float*, float const*, unsigned short const*, int, int, int, int)",625,19,145404.0,262144.0,0.0,0.0,0.0,0.0,128.0,4912602185788053.0,4912602185868214.0
625,1,1280,256,1024,0,12,4,32,64,"batch_decode_kernels::rmsnorm(float*, float const*, unsigned short const*, int, int, float)",626,36,32123.0,0.0,0.0,0.0,0.0,0.0,20.0,4912602185978294.0,4912602185990294.0
626,1,256,256,11264,0,24,0,48,64,"batch_decode_kernels::mfma_gemm(float*, float const*, unsigned short const*, int, int, int, int)",627,19,157313.0,8192.0,0.0,0.0,0.0,0.0,4.0,4912602186079575.0,4912602186165975.0
627,1,320,64,0,0,16,0,48,64,"void moe_kernels::router_topk_wave64_kernel<64>(float*, float const*, int*, float*, int, int, int, int, int, float)",628,55,38344.0,0.0,0.0,0.0,0.0,0.0,5.0,4912602186245655.0,4912602186261495.0
628,1,256,256,1024,0,12,4,64,64,"batch_decode_kernels::align_routes(int const*, int, int, int, int*, int*, int*)",629,17,40067.0,0.0,0.0,0.0,0.0,0.0,4.0,4912602186347576.0,4912602186364696.0
629,1,349184,256,19968,0,36,4,48,64,"void batch_decode_kernels::grouped_expert_gate_up<16, 1>(float const*, char const*, unsigned long const*, unsigned long const*, int const*, int const*, float*, unsigned short*, int, int, int, int, int)",630,31,227489.0,2162688.0,0.0,0.0,0.0,0.0,5456.0,4912602186424904.0,4912602186557704.0
630,1,11264,256,19968,0,32,0,48,64,"batch_decode_kernels::mfma_gate_up_swiglu(float*, float const*, unsigned short const*, unsigned short const*, int, int, int)",631,20,157773.0,720896.0,0.0,0.0,0.0,0.0,176.0,4912602186646664.0,4912602186734664.0
631,1,507904,256,11264,0,24,0,48,64,"void batch_decode_kernels::grouped_expert_down<16, 1>(float const*, unsigned short const*, char const*, unsigned long const*, int const*, int const*, float*, int, int, int, int)",632,32,140928.0,1081344.0,0.0,0.0,0.0,0.0,7936.0,4912602186830824.0,4912602186910505.0
632,1,1280,256,0,0,12,4,32,64,"batch_decode_kernels::reduce_routes_add(float*, float const*, float const*, int, int, int)",633,28,63772.0,0.0,0.0,0.0,0.0,0.0,20.0,4912602186993225.0,4912602187024105.0
633,1,8192,256,11264,0,24,0,48,64,"batch_decode_kernels::mfma_gemm(float*, float const*, unsigned short const*, int, int, int, int)",634,19,195241.0,360448.0,0.0,0.0,0.0,0.0,128.0,4912602187136586.0,4912602187246506.0
634,1,1280,256,1024,0,12,4,32,64,"batch_decode_kernels::rmsnorm(float*, float const*, unsigned short const*, int, int, float)",635,36,32400.0,0.0,0.0,0.0,0.0,0.0,20.0,4912602187320747.0,4912602187333067.0
635,1,12288,256,11264,0,24,0,48,64,"batch_decode_kernels::mfma_gemm(float*, float const*, unsigned short const*, int, int, int, int)",636,19,141550.0,393216.0,0.0,0.0,0.0,0.0,192.0,4912602187406667.0,4912602187484747.0
636,1,2304,256,11264,0,24,0,48,64,"batch_decode_kernels::mfma_gemm(float*, float const*, unsigned short const*, int, int, int, int)",637,19,146518.0,73728.0,0.0,0.0,0.0,0.0,36.0,4912602187597868.0,4912602187678188.0
637,1,1280,256,1024,0,24,0,32,64,"batch_decode_kernels::kv_norm_rope(unsigned short*, float const*, unsigned short const*, int, int, int, int, int, int, float const*, int, float)",638,43,28221.0,0.0,0.0,0.0,0.0,0.0,20.0,4912602187768269.0,4912602187777869.0
638,1,32768,256,11264,0,24,0,48,64,"batch_decode_kernels::mfma_head_gemm(float*, float const*, unsigned short const*, int, int, int, int, int, int, unsigned long)",639,29,32597.0,65536.0,0.0,0.0,0.0,0.0,512.0,4912602187846509.0,4912602187859149.0
639,1,5120,256,0,0,24,0,32,64,"batch_decode_kernels::q_rope(float*, float const*, int, int, int, int, int, int, float const*, int)",640,39,23293.0,0.0,0.0,0.0,0.0,0.0,80.0,4912602187924429.0,4912602187931629.0
640,1,5120,256,0,0,16,0,32,64,"batch_decode_kernels::attention_score(float*, float const*, float const*, unsigned short const*, int, int, int, int, int, int, int, float)",641,27,27861.0,0.0,0.0,0.0,0.0,0.0,80.0,4912602188000430.0,4912602188009870.0
641,1,20480,256,1024,0,20,4,48,64,"void attention_kernels::softmax_rows_kernel<256>(float*, int, int, int, int)",642,52,25143.0,0.0,0.0,0.0,0.0,0.0,320.0,4912602188110990.0,4912602188118990.0
642,1,2621440,256,0,0,16,0,32,64,"batch_decode_kernels::latent_context(float*, float const*, unsigned short const*, int, int, int, int, int, int)",643,41,64983.0,0.0,0.0,0.0,0.0,0.0,40960.0,4912602188216751.0,4912602188250351.0
643,1,8192,256,11264,0,24,0,48,64,"batch_decode_kernels::mfma_head_gemm(float*, float const*, unsigned short const*, int, int, int, int, int, int, unsigned long)",644,29,54879.0,65536.0,0.0,0.0,0.0,0.0,128.0,4912602188318511.0,4912602188344271.0
644,1,8192,256,11264,0,24,0,48,64,"batch_decode_kernels::mfma_gemm(float*, float const*, unsigned short const*, int, int, int, int)",645,19,145995.0,262144.0,0.0,0.0,0.0,0.0,128.0,4912602188451152.0,4912602188531312.0
645,1,1280,256,1024,0,12,4,32,64,"batch_decode_kernels::rmsnorm(float*, float const*, unsigned short const*, int, int, float)",646,36,33168.0,0.0,0.0,0.0,0.0,0.0,20.0,4912602188626992.0,4912602188639792.0
646,1,256,256,11264,0,24,0,48,64,"batch_decode_kernels::mfma_gemm(float*, float const*, unsigned short const*, int, int, int, int)",647,19,156918.0,8192.0,0.0,0.0,0.0,0.0,4.0,4912602188732753.0,4912602188819153.0
647,1,320,64,0,0,16,0,48,64,"void moe_kernels::router_topk_wave64_kernel<64>(float*, float const*, int*, float*, int, int, int, int, int, float)",648,55,40273.0,0.0,0.0,0.0,0.0,0.0,5.0,4912602188899474.0,4912602188916114.0
648,1,256,256,1024,0,12,4,64,64,"batch_decode_kernels::align_routes(int const*, int, int, int, int*, int*, int*)",649,17,39965.0,0.0,0.0,0.0,0.0,0.0,4.0,4912602189009074.0,4912602189025554.0
649,1,349184,256,19968,0,36,4,48,64,"void batch_decode_kernels::grouped_expert_gate_up<16, 1>(float const*, char const*, unsigned long const*, unsigned long const*, int const*, int const*, float*, unsigned short*, int, int, int, int, int)",650,31,234753.0,2162688.0,0.0,0.0,0.0,0.0,5456.0,4912602189121074.0,4912602189258035.0
650,1,11264,256,19968,0,32,0,48,64,"batch_decode_kernels::mfma_gate_up_swiglu(float*, float const*, unsigned short const*, unsigned short const*, int, int, int)",651,20,156519.0,720896.0,0.0,0.0,0.0,0.0,176.0,4912602189322035.0,4912602189409396.0
651,1,507904,256,11264,0,24,0,48,64,"void batch_decode_kernels::grouped_expert_down<16, 1>(float const*, unsigned short const*, char const*, unsigned long const*, int const*, int const*, float*, int, int, int, int)",652,32,140539.0,1081344.0,0.0,0.0,0.0,0.0,7936.0,4912602189517556.0,4912602189597397.0
652,1,1280,256,0,0,12,4,32,64,"batch_decode_kernels::reduce_routes_add(float*, float const*, float const*, int, int, int)",653,28,65873.0,0.0,0.0,0.0,0.0,0.0,20.0,4912602189684597.0,4912602189716757.0
653,1,8192,256,11264,0,24,0,48,64,"batch_decode_kernels::mfma_gemm(float*, float const*, unsigned short const*, int, int, int, int)",654,19,195282.0,360448.0,0.0,0.0,0.0,0.0,128.0,4912602189795637.0,4912602189905558.0
654,1,1280,256,1024,0,12,4,32,64,"batch_decode_kernels::rmsnorm(float*, float const*, unsigned short const*, int, int, float)",655,36,33551.0,0.0,0.0,0.0,0.0,0.0,20.0,4912602190027158.0,4912602190040119.0
655,1,12288,256,11264,0,24,0,48,64,"batch_decode_kernels::mfma_gemm(float*, float const*, unsigned short const*, int, int, int, int)",656,19,142521.0,393216.0,0.0,0.0,0.0,0.0,192.0,4912602190109239.0,4912602190187799.0
656,1,2304,256,11264,0,24,0,48,64,"batch_decode_kernels::mfma_gemm(float*, float const*, unsigned short const*, int, int, int, int)",657,19,146319.0,73728.0,0.0,0.0,0.0,0.0,36.0,4912602190282520.0,4912602190362680.0
657,1,1280,256,1024,0,24,0,32,64,"batch_decode_kernels::kv_norm_rope(unsigned short*, float const*, unsigned short const*, int, int, int, int, int, int, float const*, int, float)",658,43,28414.0,0.0,0.0,0.0,0.0,0.0,20.0,4912602190452760.0,4912602190462840.0
658,1,32768,256,11264,0,24,0,48,64,"batch_decode_kernels::mfma_head_gemm(float*, float const*, unsigned short const*, int, int, int, int, int, int, unsigned long)",659,29,32658.0,65536.0,0.0,0.0,0.0,0.0,512.0,4912602190534201.0,4912602190546681.0
659,1,5120,256,0,0,24,0,32,64,"batch_decode_kernels::q_rope(float*, float const*, int, int, int, int, int, int, float const*, int)",660,39,24740.0,0.0,0.0,0.0,0.0,0.0,80.0,4912602190610681.0,4912602190618201.0
660,1,5120,256,0,0,16,0,32,64,"batch_decode_kernels::attention_score(float*, float const*, float const*, unsigned short const*, int, int, int, int, int, int, int, float)",661,27,27802.0,0.0,0.0,0.0,0.0,0.0,80.0,4912602190690041.0,4912602190699641.0
661,1,20480,256,1024,0,20,4,48,64,"void attention_kernels::softmax_rows_kernel<256>(float*, int, int, int, int)",662,52,26833.0,0.0,0.0,0.0,0.0,0.0,320.0,4912602190770522.0,4912602190779482.0
662,1,2621440,256,0,0,16,0,32,64,"batch_decode_kernels::latent_context(float*, float const*, unsigned short const*, int, int, int, int, int, int)",663,41,64347.0,0.0,0.0,0.0,0.0,0.0,40960.0,4912602190847962.0,4912602190881402.0
663,1,8192,256,11264,0,24,0,48,64,"batch_decode_kernels::mfma_head_gemm(float*, float const*, unsigned short const*, int, int, int, int, int, int, unsigned long)",664,29,54835.0,65536.0,0.0,0.0,0.0,0.0,128.0,4912602190987643.0,4912602191013403.0
664,1,8192,256,11264,0,24,0,48,64,"batch_decode_kernels::mfma_gemm(float*, float const*, unsigned short const*, int, int, int, int)",665,19,147012.0,262144.0,0.0,0.0,0.0,0.0,128.0,4912602191106843.0,4912602191187804.0
665,1,1280,256,1024,0,12,4,32,64,"batch_decode_kernels::rmsnorm(float*, float const*, unsigned short const*, int, int, float)",666,36,33175.0,0.0,0.0,0.0,0.0,0.0,20.0,4912602191282044.0,4912602191295004.0
666,1,256,256,11264,0,24,0,48,64,"batch_decode_kernels::mfma_gemm(float*, float const*, unsigned short const*, int, int, int, int)",667,19,156165.0,8192.0,0.0,0.0,0.0,0.0,4.0,4912602191360124.0,4912602191445885.0
667,1,320,64,0,0,16,0,48,64,"void moe_kernels::router_topk_wave64_kernel<64>(float*, float const*, int*, float*, int, int, int, int, int, float)",668,55,38323.0,0.0,0.0,0.0,0.0,0.0,5.0,4912602191531645.0,4912602191547485.0
668,1,256,256,1024,0,12,4,64,64,"batch_decode_kernels::align_routes(int const*, int, int, int, int*, int*, int*)",669,17,40429.0,0.0,0.0,0.0,0.0,0.0,4.0,4912602191618685.0,4912602191635966.0
669,1,349184,256,19968,0,36,4,48,64,"void batch_decode_kernels::grouped_expert_gate_up<16, 1>(float const*, char const*, unsigned long const*, unsigned long const*, int const*, int const*, float*, unsigned short*, int, int, int, int, int)",670,31,234992.0,2162688.0,0.0,0.0,0.0,0.0,5456.0,4912602191906207.0,4912602192043807.0
670,1,11264,256,19968,0,32,0,48,64,"batch_decode_kernels::mfma_gate_up_swiglu(float*, float const*, unsigned short const*, unsigned short const*, int, int, int)",671,20,158940.0,720896.0,0.0,0.0,0.0,0.0,176.0,4912602192131008.0,4912602192219648.0
671,1,507904,256,11264,0,24,0,48,64,"void batch_decode_kernels::grouped_expert_down<16, 1>(float const*, unsigned short const*, char const*, unsigned long const*, int const*, int const*, float*, int, int, int, int)",672,32,142937.0,1081344.0,0.0,0.0,0.0,0.0,7936.0,4912602192308448.0,4912602192389569.0
672,1,1280,256,0,0,12,4,32,64,"batch_decode_kernels::reduce_routes_add(float*, float const*, float const*, int, int, int)",673,28,63714.0,0.0,0.0,0.0,0.0,0.0,20.0,4912602192484449.0,4912602192515009.0
673,1,8192,256,11264,0,24,0,48,64,"batch_decode_kernels::mfma_gemm(float*, float const*, unsigned short const*, int, int, int, int)",674,19,194718.0,360448.0,0.0,0.0,0.0,0.0,128.0,4912602192631170.0,4912602192740930.0
674,1,1280,256,1024,0,12,4,32,64,"batch_decode_kernels::rmsnorm(float*, float const*, unsigned short const*, int, int, float)",675,36,32509.0,0.0,0.0,0.0,0.0,0.0,20.0,4912602192851171.0,4912602192863331.0
675,1,12288,256,11264,0,24,0,48,64,"batch_decode_kernels::mfma_gemm(float*, float const*, unsigned short const*, int, int, int, int)",676,19,141387.0,393216.0,0.0,0.0,0.0,0.0,192.0,4912602192931011.0,4912602193009092.0
676,1,2304,256,11264,0,24,0,48,64,"batch_decode_kernels::mfma_gemm(float*, float const*, unsigned short const*, int, int, int, int)",677,19,145505.0,73728.0,0.0,0.0,0.0,0.0,36.0,4912602193089252.0,4912602193168932.0
677,1,1280,256,1024,0,24,0,32,64,"batch_decode_kernels::kv_norm_rope(unsigned short*, float const*, unsigned short const*, int, int, int, int, int, int, float const*, int, float)",678,43,28420.0,0.0,0.0,0.0,0.0,0.0,20.0,4912602193233733.0,4912602193243333.0
678,1,32768,256,11264,0,24,0,48,64,"batch_decode_kernels::mfma_head_gemm(float*, float const*, unsigned short const*, int, int, int, int, int, int, unsigned long)",679,29,32707.0,65536.0,0.0,0.0,0.0,0.0,512.0,4912602193347173.0,4912602193359653.0
679,1,5120,256,0,0,24,0,32,64,"batch_decode_kernels::q_rope(float*, float const*, int, int, int, int, int, int, float const*, int)",680,39,23521.0,0.0,0.0,0.0,0.0,0.0,80.0,4912602193431333.0,4912602193438373.0
680,1,5120,256,0,0,16,0,32,64,"batch_decode_kernels::attention_score(float*, float const*, float const*, unsigned short const*, int, int, int, int, int, int, int, float)",681,27,27446.0,0.0,0.0,0.0,0.0,0.0,80.0,4912602193512454.0,4912602193521734.0
681,1,20480,256,1024,0,20,4,48,64,"void attention_kernels::softmax_rows_kernel<256>(float*, int, int, int, int)",682,52,25086.0,0.0,0.0,0.0,0.0,0.0,320.0,4912602193598854.0,4912602193607014.0
682,1,2621440,256,0,0,16,0,32,64,"batch_decode_kernels::latent_context(float*, float const*, unsigned short const*, int, int, int, int, int, int)",683,41,65813.0,0.0,0.0,0.0,0.0,0.0,40960.0,4912602193713735.0,4912602193747335.0
683,1,8192,256,11264,0,24,0,48,64,"batch_decode_kernels::mfma_head_gemm(float*, float const*, unsigned short const*, int, int, int, int, int, int, unsigned long)",684,29,55224.0,65536.0,0.0,0.0,0.0,0.0,128.0,4912602193830855.0,4912602193856775.0
684,1,8192,256,11264,0,24,0,48,64,"batch_decode_kernels::mfma_gemm(float*, float const*, unsigned short const*, int, int, int, int)",685,19,148651.0,262144.0,0.0,0.0,0.0,0.0,128.0,4912602193947176.0,4912602194028776.0
685,1,1280,256,1024,0,12,4,32,64,"batch_decode_kernels::rmsnorm(float*, float const*, unsigned short const*, int, int, float)",686,36,32082.0,0.0,0.0,0.0,0.0,0.0,20.0,4912602194096456.0,4912602194108616.0
686,1,256,256,11264,0,24,0,48,64,"batch_decode_kernels::mfma_gemm(float*, float const*, unsigned short const*, int, int, int, int)",687,19,154858.0,8192.0,0.0,0.0,0.0,0.0,4.0,4912602194217417.0,4912602194302377.0
687,1,320,64,0,0,16,0,48,64,"void moe_kernels::router_topk_wave64_kernel<64>(float*, float const*, int*, float*, int, int, int, int, int, float)",688,55,38705.0,0.0,0.0,0.0,0.0,0.0,5.0,4912602194403018.0,4912602194419178.0
688,1,256,256,1024,0,12,4,64,64,"batch_decode_kernels::align_routes(int const*, int, int, int, int*, int*, int*)",689,17,39633.0,0.0,0.0,0.0,0.0,0.0,4.0,4912602194483178.0,4912602194499818.0
689,1,349184,256,19968,0,36,4,48,64,"void batch_decode_kernels::grouped_expert_gate_up<16, 1>(float const*, char const*, unsigned long const*, unsigned long const*, int const*, int const*, float*, unsigned short*, int, int, int, int, int)",690,31,231540.0,2162688.0,0.0,0.0,0.0,0.0,5456.0,4912602194570218.0,4912602194705739.0
690,1,11264,256,19968,0,32,0,48,64,"batch_decode_kernels::mfma_gate_up_swiglu(float*, float const*, unsigned short const*, unsigned short const*, int, int, int)",691,20,156593.0,720896.0,0.0,0.0,0.0,0.0,176.0,4912602194820940.0,4912602194908300.0
691,1,507904,256,11264,0,24,0,48,64,"void batch_decode_kernels::grouped_expert_down<16, 1>(float const*, unsigned short const*, char const*, unsigned long const*, int const*, int const*, float*, int, int, int, int)",692,32,141902.0,1081344.0,0.0,0.0,0.0,0.0,7936.0,4912602195003980.0,4912602195084301.0
692,1,1280,256,0,0,12,4,32,64,"batch_decode_kernels::reduce_routes_add(float*, float const*, float const*, int, int, int)",693,28,63189.0,0.0,0.0,0.0,0.0,0.0,20.0,4912602195197741.0,4912602195228461.0
693,1,8192,256,11264,0,24,0,48,64,"batch_decode_kernels::mfma_gemm(float*, float const*, unsigned short const*, int, int, int, int)",694,19,196137.0,360448.0,0.0,0.0,0.0,0.0,128.0,4912602195350862.0,4912602195461422.0
694,1,1280,256,1024,0,12,4,32,64,"batch_decode_kernels::rmsnorm(float*, float const*, unsigned short const*, int, int, float)",695,36,33112.0,0.0,0.0,0.0,0.0,0.0,20.0,4912602195569103.0,4912602195581743.0
695,1,12288,256,11264,0,24,0,48,64,"batch_decode_kernels::mfma_gemm(float*, float const*, unsigned short const*, int, int, int, int)",696,19,141244.0,393216.0,0.0,0.0,0.0,0.0,192.0,4912602195651663.0,4912602195729584.0
696,1,2304,256,11264,0,24,0,48,64,"batch_decode_kernels::mfma_gemm(float*, float const*, unsigned short const*, int, int, int, int)",697,19,145641.0,73728.0,0.0,0.0,0.0,0.0,36.0,4912602195807664.0,4912602195887024.0
697,1,1280,256,1024,0,24,0,32,64,"batch_decode_kernels::kv_norm_rope(unsigned short*, float const*, unsigned short const*, int, int, int, int, int, int, float const*, int, float)",698,43,29348.0,0.0,0.0,0.0,0.0,0.0,20.0,4912602195991665.0,4912602196002065.0
698,1,32768,256,11264,0,24,0,48,64,"batch_decode_kernels::mfma_head_gemm(float*, float const*, unsigned short const*, int, int, int, int, int, int, unsigned long)",699,29,33948.0,65536.0,0.0,0.0,0.0,0.0,512.0,4912602196079345.0,4912602196092625.0
699,1,5120,256,0,0,24,0,32,64,"batch_decode_kernels::q_rope(float*, float const*, int, int, int, int, int, int, float const*, int)",700,39,24834.0,0.0,0.0,0.0,0.0,0.0,80.0,4912602196164305.0,4912602196172305.0
700,1,5120,256,0,0,16,0,32,64,"batch_decode_kernels::attention_score(float*, float const*, float const*, unsigned short const*, int, int, int, int, int, int, int, float)",701,27,27984.0,0.0,0.0,0.0,0.0,0.0,80.0,4912602196248626.0,4912602196258226.0
701,1,20480,256,1024,0,20,4,48,64,"void attention_kernels::softmax_rows_kernel<256>(float*, int, int, int, int)",702,52,26119.0,0.0,0.0,0.0,0.0,0.0,320.0,4912602196332946.0,4912602196341426.0
702,1,2621440,256,0,0,16,0,32,64,"batch_decode_kernels::latent_context(float*, float const*, unsigned short const*, int, int, int, int, int, int)",703,41,64674.0,0.0,0.0,0.0,0.0,0.0,40960.0,4912602196452787.0,4912602196486227.0
703,1,8192,256,11264,0,24,0,48,64,"batch_decode_kernels::mfma_head_gemm(float*, float const*, unsigned short const*, int, int, int, int, int, int, unsigned long)",704,29,55009.0,65536.0,0.0,0.0,0.0,0.0,128.0,4912602196575507.0,4912602196601267.0
704,1,8192,256,11264,0,24,0,48,64,"batch_decode_kernels::mfma_gemm(float*, float const*, unsigned short const*, int, int, int, int)",705,19,145951.0,262144.0,0.0,0.0,0.0,0.0,128.0,4912602196696468.0,4912602196776948.0
705,1,1280,256,1024,0,12,4,32,64,"batch_decode_kernels::rmsnorm(float*, float const*, unsigned short const*, int, int, float)",706,36,33329.0,0.0,0.0,0.0,0.0,0.0,20.0,4912602196883349.0,4912602196895989.0
706,1,256,256,11264,0,24,0,48,64,"batch_decode_kernels::mfma_gemm(float*, float const*, unsigned short const*, int, int, int, int)",707,19,158152.0,8192.0,0.0,0.0,0.0,0.0,4.0,4912602196974069.0,4912602197060629.0
707,1,320,64,0,0,16,0,48,64,"void moe_kernels::router_topk_wave64_kernel<64>(float*, float const*, int*, float*, int, int, int, int, int, float)",708,55,38309.0,0.0,0.0,0.0,0.0,0.0,5.0,4912602197132950.0,4912602197148790.0
708,1,256,256,1024,0,12,4,64,64,"batch_decode_kernels::align_routes(int const*, int, int, int, int*, int*, int*)",709,17,40708.0,0.0,0.0,0.0,0.0,0.0,4.0,4912602197213430.0,4912602197230390.0
709,1,349184,256,19968,0,36,4,48,64,"void batch_decode_kernels::grouped_expert_gate_up<16, 1>(float const*, char const*, unsigned long const*, unsigned long const*, int const*, int const*, float*, unsigned short*, int, int, int, int, int)",710,31,232037.0,2162688.0,0.0,0.0,0.0,0.0,5456.0,4912602197335031.0,4912602197470871.0
710,1,11264,256,19968,0,32,0,48,64,"batch_decode_kernels::mfma_gate_up_swiglu(float*, float const*, unsigned short const*, unsigned short const*, int, int, int)",711,20,157562.0,720896.0,0.0,0.0,0.0,0.0,176.0,4912602197539671.0,4912602197627512.0
711,1,507904,256,11264,0,24,0,48,64,"void batch_decode_kernels::grouped_expert_down<16, 1>(float const*, unsigned short const*, char const*, unsigned long const*, int const*, int const*, float*, int, int, int, int)",712,32,140814.0,1081344.0,0.0,0.0,0.0,0.0,7936.0,4912602197695672.0,4912602197775512.0
712,1,1280,256,0,0,12,4,32,64,"batch_decode_kernels::reduce_routes_add(float*, float const*, float const*, int, int, int)",713,28,62076.0,0.0,0.0,0.0,0.0,0.0,20.0,4912602197856953.0,4912602197886873.0
713,1,8192,256,11264,0,24,0,48,64,"batch_decode_kernels::mfma_gemm(float*, float const*, unsigned short const*, int, int, int, int)",714,19,194701.0,360448.0,0.0,0.0,0.0,0.0,128.0,4912602197949273.0,4912602198058714.0
714,1,1280,256,1024,0,12,4,32,64,"batch_decode_kernels::rmsnorm(float*, float const*, unsigned short const*, int, int, float)",715,36,35358.0,0.0,0.0,0.0,0.0,0.0,20.0,4912602198148154.0,4912602198161594.0
715,1,12288,256,11264,0,24,0,48,64,"batch_decode_kernels::mfma_gemm(float*, float const*, unsigned short const*, int, int, int, int)",716,19,142187.0,393216.0,0.0,0.0,0.0,0.0,192.0,4912602198234875.0,4912602198313595.0
716,1,2304,256,11264,0,24,0,48,64,"batch_decode_kernels::mfma_gemm(float*, float const*, unsigned short const*, int, int, int, int)",717,19,143662.0,73728.0,0.0,0.0,0.0,0.0,36.0,4912602198424475.0,4912602198503036.0
717,1,1280,256,1024,0,24,0,32,64,"batch_decode_kernels::kv_norm_rope(unsigned short*, float const*, unsigned short const*, int, int, int, int, int, int, float const*, int, float)",718,43,28286.0,0.0,0.0,0.0,0.0,0.0,20.0,4912602198588636.0,4912602198598236.0
718,1,32768,256,11264,0,24,0,48,64,"batch_decode_kernels::mfma_head_gemm(float*, float const*, unsigned short const*, int, int, int, int, int, int, unsigned long)",719,29,32313.0,65536.0,0.0,0.0,0.0,0.0,512.0,4912602198675676.0,4912602198687837.0
719,1,5120,256,0,0,24,0,32,64,"batch_decode_kernels::q_rope(float*, float const*, int, int, int, int, int, int, float const*, int)",720,39,23729.0,0.0,0.0,0.0,0.0,0.0,80.0,4912602198761597.0,4912602198768637.0
720,1,5120,256,0,0,16,0,32,64,"batch_decode_kernels::attention_score(float*, float const*, float const*, unsigned short const*, int, int, int, int, int, int, int, float)",721,27,28881.0,0.0,0.0,0.0,0.0,0.0,80.0,4912602198849117.0,4912602198858877.0
721,1,20480,256,1024,0,20,4,48,64,"void attention_kernels::softmax_rows_kernel<256>(float*, int, int, int, int)",722,52,24910.0,0.0,0.0,0.0,0.0,0.0,320.0,4912602198972158.0,4912602198980158.0
722,1,2621440,256,0,0,16,0,32,64,"batch_decode_kernels::latent_context(float*, float const*, unsigned short const*, int, int, int, int, int, int)",723,41,64861.0,0.0,0.0,0.0,0.0,0.0,40960.0,4912602199066238.0,4912602199099678.0
723,1,8192,256,11264,0,24,0,48,64,"batch_decode_kernels::mfma_head_gemm(float*, float const*, unsigned short const*, int, int, int, int, int, int, unsigned long)",724,29,55566.0,65536.0,0.0,0.0,0.0,0.0,128.0,4912602199223359.0,4912602199249439.0
724,1,8192,256,11264,0,24,0,48,64,"batch_decode_kernels::mfma_gemm(float*, float const*, unsigned short const*, int, int, int, int)",725,19,145187.0,262144.0,0.0,0.0,0.0,0.0,128.0,4912602199316639.0,4912602199396640.0
725,1,1280,256,1024,0,12,4,32,64,"batch_decode_kernels::rmsnorm(float*, float const*, unsigned short const*, int, int, float)",726,36,33603.0,0.0,0.0,0.0,0.0,0.0,20.0,4912602199508480.0,4912602199521600.0
726,1,256,256,11264,0,24,0,48,64,"batch_decode_kernels::mfma_gemm(float*, float const*, unsigned short const*, int, int, int, int)",727,19,161816.0,8192.0,0.0,0.0,0.0,0.0,4.0,4912602199593440.0,4912602199682241.0
727,1,320,64,0,0,16,0,48,64,"void moe_kernels::router_topk_wave64_kernel<64>(float*, float const*, int*, float*, int, int, int, int, int, float)",728,55,38618.0,0.0,0.0,0.0,0.0,0.0,5.0,4912602199758561.0,4912602199774561.0
728,1,256,256,1024,0,12,4,64,64,"batch_decode_kernels::align_routes(int const*, int, int, int, int*, int*, int*)",729,17,40036.0,0.0,0.0,0.0,0.0,0.0,4.0,4912602199846722.0,4912602199863202.0
729,1,349184,256,19968,0,36,4,48,64,"void batch_decode_kernels::grouped_expert_gate_up<16, 1>(float const*, char const*, unsigned long const*, unsigned long const*, int const*, int const*, float*, unsigned short*, int, int, int, int, int)",730,31,233398.0,2162688.0,0.0,0.0,0.0,0.0,5456.0,4912602199971522.0,4912602200108163.0
730,1,11264,256,19968,0,32,0,48,64,"batch_decode_kernels::mfma_gate_up_swiglu(float*, float const*, unsigned short const*, unsigned short const*, int, int, int)",731,20,159265.0,720896.0,0.0,0.0,0.0,0.0,176.0,4912602200203043.0,4912602200292164.0
731,1,507904,256,11264,0,24,0,48,64,"void batch_decode_kernels::grouped_expert_down<16, 1>(float const*, unsigned short const*, char const*, unsigned long const*, int const*, int const*, float*, int, int, int, int)",732,32,142540.0,1081344.0,0.0,0.0,0.0,0.0,7936.0,4912602200362564.0,4912602200443524.0
732,1,1280,256,0,0,12,4,32,64,"batch_decode_kernels::reduce_routes_add(float*, float const*, float const*, int, int, int)",733,28,60987.0,0.0,0.0,0.0,0.0,0.0,20.0,4912602200531845.0,4912602200561285.0
733,1,8192,256,11264,0,24,0,48,64,"batch_decode_kernels::mfma_gemm(float*, float const*, unsigned short const*, int, int, int, int)",734,19,193441.0,360448.0,0.0,0.0,0.0,0.0,128.0,4912602200658725.0,4912602200767846.0
734,1,1280,256,1024,0,12,4,32,64,"batch_decode_kernels::rmsnorm(float*, float const*, unsigned short const*, int, int, float)",735,36,32457.0,0.0,0.0,0.0,0.0,0.0,20.0,4912602200860326.0,4912602200872486.0
735,1,12288,256,11264,0,24,0,48,64,"batch_decode_kernels::mfma_gemm(float*, float const*, unsigned short const*, int, int, int, int)",736,19,142764.0,393216.0,0.0,0.0,0.0,0.0,192.0,4912602200948806.0,4912602201027687.0
736,1,2304,256,11264,0,24,0,48,64,"batch_decode_kernels::mfma_gemm(float*, float const*, unsigned short const*, int, int, int, int)",737,19,144473.0,73728.0,0.0,0.0,0.0,0.0,36.0,4912602201155527.0,4912602201233928.0
737,1,1280,256,1024,0,24,0,32,64,"batch_decode_kernels::kv_norm_rope(unsigned short*, float const*, unsigned short const*, int, int, int, int, int, int, float const*, int, float)",738,43,28748.0,0.0,0.0,0.0,0.0,0.0,20.0,4912602201358248.0,4912602201368008.0
738,1,32768,256,11264,0,24,0,48,64,"batch_decode_kernels::mfma_head_gemm(float*, float const*, unsigned short const*, int, int, int, int, int, int, unsigned long)",739,29,35088.0,65536.0,0.0,0.0,0.0,0.0,512.0,4912602201448009.0,4912602201461289.0
739,1,5120,256,0,0,24,0,32,64,"batch_decode_kernels::q_rope(float*, float const*, int, int, int, int, int, int, float const*, int)",740,39,23835.0,0.0,0.0,0.0,0.0,0.0,80.0,4912602201536649.0,4912602201543849.0
740,1,5120,256,0,0,16,0,32,64,"batch_decode_kernels::attention_score(float*, float const*, float const*, unsigned short const*, int, int, int, int, int, int, int, float)",741,27,28771.0,0.0,0.0,0.0,0.0,0.0,80.0,4912602201626089.0,4912602201636329.0
741,1,20480,256,1024,0,20,4,48,64,"void attention_kernels::softmax_rows_kernel<256>(float*, int, int, int, int)",742,52,25370.0,0.0,0.0,0.0,0.0,0.0,320.0,4912602201714730.0,4912602201722730.0
742,1,2621440,256,0,0,16,0,32,64,"batch_decode_kernels::latent_context(float*, float const*, unsigned short const*, int, int, int, int, int, int)",743,41,64594.0,0.0,0.0,0.0,0.0,0.0,40960.0,4912602201844170.0,4912602201877451.0
743,1,8192,256,11264,0,24,0,48,64,"batch_decode_kernels::mfma_head_gemm(float*, float const*, unsigned short const*, int, int, int, int, int, int, unsigned long)",744,29,55430.0,65536.0,0.0,0.0,0.0,0.0,128.0,4912602201940491.0,4912602201966571.0
744,1,8192,256,11264,0,24,0,48,64,"batch_decode_kernels::mfma_gemm(float*, float const*, unsigned short const*, int, int, int, int)",745,19,144148.0,262144.0,0.0,0.0,0.0,0.0,128.0,4912602202036011.0,4912602202115372.0
745,1,1280,256,1024,0,12,4,32,64,"batch_decode_kernels::rmsnorm(float*, float const*, unsigned short const*, int, int, float)",746,36,34149.0,0.0,0.0,0.0,0.0,0.0,20.0,4912602202234732.0,4912602202248172.0
746,1,256,256,11264,0,24,0,48,64,"batch_decode_kernels::mfma_gemm(float*, float const*, unsigned short const*, int, int, int, int)",747,19,152957.0,8192.0,0.0,0.0,0.0,0.0,4.0,4912602202324652.0,4912602202408653.0
747,1,320,64,0,0,16,0,48,64,"void moe_kernels::router_topk_wave64_kernel<64>(float*, float const*, int*, float*, int, int, int, int, int, float)",748,55,39003.0,0.0,0.0,0.0,0.0,0.0,5.0,4912602202495533.0,4912602202511533.0
748,1,256,256,1024,0,12,4,64,64,"batch_decode_kernels::align_routes(int const*, int, int, int, int*, int*, int*)",749,17,40305.0,0.0,0.0,0.0,0.0,0.0,4.0,4912602202585454.0,4912602202602414.0
749,1,349184,256,19968,0,36,4,48,64,"void batch_decode_kernels::grouped_expert_gate_up<16, 1>(float const*, char const*, unsigned long const*, unsigned long const*, int const*, int const*, float*, unsigned short*, int, int, int, int, int)",750,31,235062.0,2162688.0,0.0,0.0,0.0,0.0,5456.0,4912602202713934.0,4912602202851535.0
750,1,11264,256,19968,0,32,0,48,64,"batch_decode_kernels::mfma_gate_up_swiglu(float*, float const*, unsigned short const*, unsigned short const*, int, int, int)",751,20,159041.0,720896.0,0.0,0.0,0.0,0.0,176.0,4912602202918735.0,4912602203007695.0
751,1,507904,256,11264,0,24,0,48,64,"void batch_decode_kernels::grouped_expert_down<16, 1>(float const*, unsigned short const*, char const*, unsigned long const*, int const*, int const*, float*, int, int, int, int)",752,32,142712.0,1081344.0,0.0,0.0,0.0,0.0,7936.0,4912602203131536.0,4912602203212176.0
752,1,1280,256,0,0,12,4,32,64,"batch_decode_kernels::reduce_routes_add(float*, float const*, float const*, int, int, int)",753,28,60735.0,0.0,0.0,0.0,0.0,0.0,20.0,4912602203340337.0,4912602203369617.0
753,1,8192,256,11264,0,24,0,48,64,"batch_decode_kernels::mfma_gemm(float*, float const*, unsigned short const*, int, int, int, int)",754,19,194661.0,360448.0,0.0,0.0,0.0,0.0,128.0,4912602203433457.0,4912602203542738.0
754,1,1280,256,1024,0,12,4,32,64,"batch_decode_kernels::rmsnorm(float*, float const*, unsigned short const*, int, int, float)",755,36,33218.0,0.0,0.0,0.0,0.0,0.0,20.0,4912602203641938.0,4912602203654578.0
755,1,12288,256,11264,0,24,0,48,64,"batch_decode_kernels::mfma_gemm(float*, float const*, unsigned short const*, int, int, int, int)",756,19,142391.0,393216.0,0.0,0.0,0.0,0.0,192.0,4912602203734579.0,4912602203813299.0
756,1,2304,256,11264,0,24,0,48,64,"batch_decode_kernels::mfma_gemm(float*, float const*, unsigned short const*, int, int, int, int)",757,19,146426.0,73728.0,0.0,0.0,0.0,0.0,36.0,4912602203941460.0,4912602204021620.0
757,1,1280,256,1024,0,24,0,32,64,"batch_decode_kernels::kv_norm_rope(unsigned short*, float const*, unsigned short const*, int, int, int, int, int, int, float const*, int, float)",758,43,28033.0,0.0,0.0,0.0,0.0,0.0,20.0,4912602204131380.0,4912602204140980.0
758,1,32768,256,11264,0,24,0,48,64,"batch_decode_kernels::mfma_head_gemm(float*, float const*, unsigned short const*, int, int, int, int, int, int, unsigned long)",759,29,32928.0,65536.0,0.0,0.0,0.0,0.0,512.0,4912602204272661.0,4912602204285301.0
759,1,5120,256,0,0,24,0,32,64,"batch_decode_kernels::q_rope(float*, float const*, int, int, int, int, int, int, float const*, int)",760,39,26182.0,0.0,0.0,0.0,0.0,0.0,80.0,4912602204366101.0,4912602204374741.0
760,1,5120,256,0,0,16,0,32,64,"batch_decode_kernels::attention_score(float*, float const*, float const*, unsigned short const*, int, int, int, int, int, int, int, float)",761,27,27785.0,0.0,0.0,0.0,0.0,0.0,80.0,4912602204499862.0,4912602204509462.0
761,1,20480,256,1024,0,20,4,48,64,"void attention_kernels::softmax_rows_kernel<256>(float*, int, int, int, int)",762,52,24703.0,0.0,0.0,0.0,0.0,0.0,320.0,4912602204596822.0,4912602204604822.0
762,1,2621440,256,0,0,16,0,32,64,"batch_decode_kernels::latent_context(float*, float const*, unsigned short const*, int, int, int, int, int, int)",763,41,64919.0,0.0,0.0,0.0,0.0,0.0,40960.0,4912602204690903.0,4912602204724343.0
763,1,8192,256,11264,0,24,0,48,64,"batch_decode_kernels::mfma_head_gemm(float*, float const*, unsigned short const*, int, int, int, int, int, int, unsigned long)",764,29,54677.0,65536.0,0.0,0.0,0.0,0.0,128.0,4912602204784023.0,4912602204809783.0
764,1,8192,256,11264,0,24,0,48,64,"batch_decode_kernels::mfma_gemm(float*, float const*, unsigned short const*, int, int, int, int)",765,19,145131.0,262144.0,0.0,0.0,0.0,0.0,128.0,4912602204918104.0,4912602204997944.0
765,1,1280,256,1024,0,12,4,32,64,"batch_decode_kernels::rmsnorm(float*, float const*, unsigned short const*, int, int, float)",766,36,33525.0,0.0,0.0,0.0,0.0,0.0,20.0,4912602205060664.0,4912602205073465.0
766,1,256,256,11264,0,24,0,48,64,"batch_decode_kernels::mfma_gemm(float*, float const*, unsigned short const*, int, int, int, int)",767,19,157894.0,8192.0,0.0,0.0,0.0,0.0,4.0,4912602205154425.0,4912602205241305.0
767,1,320,64,0,0,16,0,48,64,"void moe_kernels::router_topk_wave64_kernel<64>(float*, float const*, int*, float*, int, int, int, int, int, float)",768,55,41683.0,0.0,0.0,0.0,0.0,0.0,5.0,4912602205325786.0,4912602205343226.0
768,1,256,256,1024,0,12,4,64,64,"batch_decode_kernels::align_routes(int const*, int, int, int, int*, int*, int*)",769,17,39881.0,0.0,0.0,0.0,0.0,0.0,4.0,4912602205421946.0,4912602205438586.0
769,1,349184,256,19968,0,36,4,48,64,"void batch_decode_kernels::grouped_expert_gate_up<16, 1>(float const*, char const*, unsigned long const*, unsigned long const*, int const*, int const*, float*, unsigned short*, int, int, int, int, int)",770,31,231401.0,2162688.0,0.0,0.0,0.0,0.0,5456.0,4912602205520827.0,4912602205656187.0
770,1,11264,256,19968,0,32,0,48,64,"batch_decode_kernels::mfma_gate_up_swiglu(float*, float const*, unsigned short const*, unsigned short const*, int, int, int)",771,20,155923.0,720896.0,0.0,0.0,0.0,0.0,176.0,4912602205778588.0,4912602205865468.0
771,1,507904,256,11264,0,24,0,48,64,"void batch_decode_kernels::grouped_expert_down<16, 1>(float const*, unsigned short const*, char const*, unsigned long const*, int const*, int const*, float*, int, int, int, int)",772,32,141698.0,1081344.0,0.0,0.0,0.0,0.0,7936.0,4912602205958748.0,4912602206039229.0
772,1,1280,256,0,0,12,4,32,64,"batch_decode_kernels::reduce_routes_add(float*, float const*, float const*, int, int, int)",773,28,62750.0,0.0,0.0,0.0,0.0,0.0,20.0,4912602206139869.0,4912602206170269.0
773,1,8192,256,11264,0,24,0,48,64,"batch_decode_kernels::mfma_gemm(float*, float const*, unsigned short const*, int, int, int, int)",774,19,198226.0,360448.0,0.0,0.0,0.0,0.0,128.0,4912602206235870.0,4912602206347550.0
774,1,1280,256,1024,0,12,4,32,64,"batch_decode_kernels::rmsnorm(float*, float const*, unsigned short const*, int, int, float)",775,36,32976.0,0.0,0.0,0.0,0.0,0.0,20.0,4912602206415390.0,4912602206428190.0
775,1,12288,256,11264,0,24,0,48,64,"batch_decode_kernels::mfma_gemm(float*, float const*, unsigned short const*, int, int, int, int)",776,19,141459.0,393216.0,0.0,0.0,0.0,0.0,192.0,4912602206514271.0,4912602206592351.0
776,1,2304,256,11264,0,24,0,48,64,"batch_decode_kernels::mfma_gemm(float*, float const*, unsigned short const*, int, int, int, int)",777,19,146572.0,73728.0,0.0,0.0,0.0,0.0,36.0,4912602206728512.0,4912602206808832.0
777,1,1280,256,1024,0,24,0,32,64,"batch_decode_kernels::kv_norm_rope(unsigned short*, float const*, unsigned short const*, int, int, int, int, int, int, float const*, int, float)",778,43,28299.0,0.0,0.0,0.0,0.0,0.0,20.0,4912602206909313.0,4912602206919073.0
778,1,32768,256,11264,0,24,0,48,64,"batch_decode_kernels::mfma_head_gemm(float*, float const*, unsigned short const*, int, int, int, int, int, int, unsigned long)",779,29,32115.0,65536.0,0.0,0.0,0.0,0.0,512.0,4912602207010433.0,4912602207022753.0
779,1,5120,256,0,0,24,0,32,64,"batch_decode_kernels::q_rope(float*, float const*, int, int, int, int, int, int, float const*, int)",780,39,26037.0,0.0,0.0,0.0,0.0,0.0,80.0,4912602207115074.0,4912602207124034.0
780,1,5120,256,0,0,16,0,32,64,"batch_decode_kernels::attention_score(float*, float const*, float const*, unsigned short const*, int, int, int, int, int, int, int, float)",781,27,28007.0,0.0,0.0,0.0,0.0,0.0,80.0,4912602207208514.0,4912602207218274.0
781,1,20480,256,1024,0,20,4,48,64,"void attention_kernels::softmax_rows_kernel<256>(float*, int, int, int, int)",782,52,24948.0,0.0,0.0,0.0,0.0,0.0,320.0,4912602207304514.0,4912602207312354.0
782,1,2621440,256,0,0,16,0,32,64,"batch_decode_kernels::latent_context(float*, float const*, unsigned short const*, int, int, int, int, int, int)",783,41,64415.0,0.0,0.0,0.0,0.0,0.0,40960.0,4912602207407555.0,4912602207440675.0
783,1,8192,256,11264,0,24,0,48,64,"batch_decode_kernels::mfma_head_gemm(float*, float const*, unsigned short const*, int, int, int, int, int, int, unsigned long)",784,29,55855.0,65536.0,0.0,0.0,0.0,0.0,128.0,4912602207515235.0,4912602207541635.0
784,1,8192,256,11264,0,24,0,48,64,"batch_decode_kernels::mfma_gemm(float*, float const*, unsigned short const*, int, int, int, int)",785,19,145947.0,262144.0,0.0,0.0,0.0,0.0,128.0,4912602207613476.0,4912602207693796.0
785,1,1280,256,1024,0,12,4,32,64,"batch_decode_kernels::rmsnorm(float*, float const*, unsigned short const*, int, int, float)",786,36,33627.0,0.0,0.0,0.0,0.0,0.0,20.0,4912602207794436.0,4912602207807397.0
786,1,256,256,11264,0,24,0,48,64,"batch_decode_kernels::mfma_gemm(float*, float const*, unsigned short const*, int, int, int, int)",787,19,156439.0,8192.0,0.0,0.0,0.0,0.0,4.0,4912602207892357.0,4912602207978117.0
787,1,320,64,0,0,16,0,48,64,"void moe_kernels::router_topk_wave64_kernel<64>(float*, float const*, int*, float*, int, int, int, int, int, float)",788,55,39185.0,0.0,0.0,0.0,0.0,0.0,5.0,4912602208081958.0,4912602208097798.0
788,1,256,256,1024,0,12,4,64,64,"batch_decode_kernels::align_routes(int const*, int, int, int, int*, int*, int*)",789,17,40311.0,0.0,0.0,0.0,0.0,0.0,4.0,4912602208181158.0,4912602208198118.0
789,1,349184,256,19968,0,36,4,48,64,"void batch_decode_kernels::grouped_expert_gate_up<16, 1>(float const*, char const*, unsigned long const*, unsigned long const*, int const*, int const*, float*, unsigned short*, int, int, int, int, int)",790,31,230861.0,2162688.0,0.0,0.0,0.0,0.0,5456.0,4912602208320839.0,4912602208455719.0
790,1,11264,256,19968,0,32,0,48,64,"batch_decode_kernels::mfma_gate_up_swiglu(float*, float const*, unsigned short const*, unsigned short const*, int, int, int)",791,20,157754.0,720896.0,0.0,0.0,0.0,0.0,176.0,4912602208548840.0,4912602208637000.0
791,1,507904,256,11264,0,24,0,48,64,"void batch_decode_kernels::grouped_expert_down<16, 1>(float const*, unsigned short const*, char const*, unsigned long const*, int const*, int const*, float*, int, int, int, int)",792,32,142311.0,1081344.0,0.0,0.0,0.0,0.0,7936.0,4912602208767881.0,4912602208848201.0
792,1,1280,256,0,0,12,4,32,64,"batch_decode_kernels::reduce_routes_add(float*, float const*, float const*, int, int, int)",793,28,61735.0,0.0,0.0,0.0,0.0,0.0,20.0,4912602208915401.0,4912602208945322.0
793,1,8192,256,11264,0,24,0,48,64,"batch_decode_kernels::mfma_gemm(float*, float const*, unsigned short const*, int, int, int, int)",794,19,194914.0,360448.0,0.0,0.0,0.0,0.0,128.0,4912602209022282.0,4912602209132042.0
794,1,1280,256,1024,0,12,4,32,64,"batch_decode_kernels::rmsnorm(float*, float const*, unsigned short const*, int, int, float)",795,36,34073.0,0.0,0.0,0.0,0.0,0.0,20.0,4912602209210443.0,4912602209223403.0
795,1,12288,256,11264,0,24,0,48,64,"batch_decode_kernels::mfma_gemm(float*, float const*, unsigned short const*, int, int, int, int)",796,19,140938.0,393216.0,0.0,0.0,0.0,0.0,192.0,4912602209312683.0,4912602209390444.0
796,1,2304,256,11264,0,24,0,48,64,"batch_decode_kernels::mfma_gemm(float*, float const*, unsigned short const*, int, int, int, int)",797,19,145728.0,73728.0,0.0,0.0,0.0,0.0,36.0,4912602209496684.0,4912602209576364.0
797,1,1280,256,1024,0,24,0,32,64,"batch_decode_kernels::kv_norm_rope(unsigned short*, float const*, unsigned short const*, int, int, int, int, int, int, float const*, int, float)",798,43,28841.0,0.0,0.0,0.0,0.0,0.0,20.0,4912602209644205.0,4912602209654285.0
798,1,32768,256,11264,0,24,0,48,64,"batch_decode_kernels::mfma_head_gemm(float*, float const*, unsigned short const*, int, int, int, int, int, int, unsigned long)",799,29,33083.0,65536.0,0.0,0.0,0.0,0.0,512.0,4912602209745805.0,4912602209758605.0
799,1,5120,256,0,0,24,0,32,64,"batch_decode_kernels::q_rope(float*, float const*, int, int, int, int, int, int, float const*, int)",800,39,23468.0,0.0,0.0,0.0,0.0,0.0,80.0,4912602209843405.0,4912602209850606.0
800,1,5120,256,0,0,16,0,32,64,"batch_decode_kernels::attention_score(float*, float const*, float const*, unsigned short const*, int, int, int, int, int, int, int, float)",801,27,28297.0,0.0,0.0,0.0,0.0,0.0,80.0,4912602209984526.0,4912602209994446.0
801,1,20480,256,1024,0,20,4,48,64,"void attention_kernels::softmax_rows_kernel<256>(float*, int, int, int, int)",802,52,25122.0,0.0,0.0,0.0,0.0,0.0,320.0,4912602210089007.0,4912602210097007.0
802,1,2621440,256,0,0,16,0,32,64,"batch_decode_kernels::latent_context(float*, float const*, unsigned short const*, int, int, int, int, int, int)",803,41,64373.0,0.0,0.0,0.0,0.0,0.0,40960.0,4912602210188207.0,4912602210221487.0
803,1,8192,256,11264,0,24,0,48,64,"batch_decode_kernels::mfma_head_gemm(float*, float const*, unsigned short const*, int, int, int, int, int, int, unsigned long)",804,29,54336.0,65536.0,0.0,0.0,0.0,0.0,128.0,4912602210293807.0,4912602210319408.0
804,1,8192,256,11264,0,24,0,48,64,"batch_decode_kernels::mfma_gemm(float*, float const*, unsigned short const*, int, int, int, int)",805,19,147073.0,262144.0,0.0,0.0,0.0,0.0,128.0,4912602210396048.0,4912602210476848.0
805,1,1280,256,1024,0,12,4,32,64,"batch_decode_kernels::rmsnorm(float*, float const*, unsigned short const*, int, int, float)",806,36,33946.0,0.0,0.0,0.0,0.0,0.0,20.0,4912602210578129.0,4912602210591409.0
806,1,256,256,11264,0,24,0,48,64,"batch_decode_kernels::mfma_gemm(float*, float const*, unsigned short const*, int, int, int, int)",807,19,154417.0,8192.0,0.0,0.0,0.0,0.0,4.0,4912602210722449.0,4912602210807250.0
807,1,320,64,0,0,16,0,48,64,"void moe_kernels::router_topk_wave64_kernel<64>(float*, float const*, int*, float*, int, int, int, int, int, float)",808,55,39166.0,0.0,0.0,0.0,0.0,0.0,5.0,4912602210910450.0,4912602210926610.0
808,1,256,256,1024,0,12,4,64,64,"batch_decode_kernels::align_routes(int const*, int, int, int, int*, int*, int*)",809,17,40749.0,0.0,0.0,0.0,0.0,0.0,4.0,4912602211009971.0,4912602211026931.0
809,1,349184,256,19968,0,36,4,48,64,"void batch_decode_kernels::grouped_expert_gate_up<16, 1>(float const*, char const*, unsigned long const*, unsigned long const*, int const*, int const*, float*, unsigned short*, int, int, int, int, int)",810,31,229259.0,2162688.0,0.0,0.0,0.0,0.0,5456.0,4912602211125971.0,4912602211259892.0
810,1,11264,256,19968,0,32,0,48,64,"batch_decode_kernels::mfma_gate_up_swiglu(float*, float const*, unsigned short const*, unsigned short const*, int, int, int)",811,20,158853.0,720896.0,0.0,0.0,0.0,0.0,176.0,4912602211396052.0,4912602211484693.0
811,1,507904,256,11264,0,24,0,48,64,"void batch_decode_kernels::grouped_expert_down<16, 1>(float const*, unsigned short const*, char const*, unsigned long const*, int const*, int const*, float*, int, int, int, int)",812,32,142923.0,1081344.0,0.0,0.0,0.0,0.0,7936.0,4912602211549013.0,4912602211629973.0
812,1,1280,256,0,0,12,4,32,64,"batch_decode_kernels::reduce_routes_add(float*, float const*, float const*, int, int, int)",813,28,62282.0,0.0,0.0,0.0,0.0,0.0,20.0,4912602211734294.0,4912602211764214.0
813,1,8192,256,11264,0,24,0,48,64,"batch_decode_kernels::mfma_gemm(float*, float const*, unsigned short const*, int, int, int, int)",814,19,193175.0,360448.0,0.0,0.0,0.0,0.0,128.0,4912602211883894.0,4912602211992535.0
814,1,1280,256,1024,0,12,4,32,64,"batch_decode_kernels::rmsnorm(float*, float const*, unsigned short const*, int, int, float)",815,36,34707.0,0.0,0.0,0.0,0.0,0.0,20.0,4912602212079255.0,4912602212093015.0
815,1,12288,256,11264,0,24,0,48,64,"batch_decode_kernels::mfma_gemm(float*, float const*, unsigned short const*, int, int, int, int)",816,19,142286.0,393216.0,0.0,0.0,0.0,0.0,192.0,4912602212186456.0,4912602212264856.0
816,1,2304,256,11264,0,24,0,48,64,"batch_decode_kernels::mfma_gemm(float*, float const*, unsigned short const*, int, int, int, int)",817,19,146036.0,73728.0,0.0,0.0,0.0,0.0,36.0,4912602212379417.0,4912602212459417.0
817,1,1280,256,1024,0,24,0,32,64,"batch_decode_kernels::kv_norm_rope(unsigned short*, float const*, unsigned short const*, int, int, int, int, int, int, float const*, int, float)",818,43,28635.0,0.0,0.0,0.0,0.0,0.0,20.0,4912602212523577.0,4912602212533657.0
818,1,32768,256,11264,0,24,0,48,64,"batch_decode_kernels::mfma_head_gemm(float*, float const*, unsigned short const*, int, int, int, int, int, int, unsigned long)",819,29,32893.0,65536.0,0.0,0.0,0.0,0.0,512.0,4912602212671898.0,4912602212684538.0
819,1,5120,256,0,0,24,0,32,64,"batch_decode_kernels::q_rope(float*, float const*, int, int, int, int, int, int, float const*, int)",820,39,23123.0,0.0,0.0,0.0,0.0,0.0,80.0,4912602212779418.0,4912602212786458.0
820,1,5120,256,0,0,16,0,32,64,"batch_decode_kernels::attention_score(float*, float const*, float const*, unsigned short const*, int, int, int, int, int, int, int, float)",821,27,28422.0,0.0,0.0,0.0,0.0,0.0,80.0,4912602212884059.0,4912602212893659.0
821,1,20480,256,1024,0,20,4,48,64,"void attention_kernels::softmax_rows_kernel<256>(float*, int, int, int, int)",822,52,24995.0,0.0,0.0,0.0,0.0,0.0,320.0,4912602213039260.0,4912602213047100.0
822,1,2621440,256,0,0,16,0,32,64,"batch_decode_kernels::latent_context(float*, float const*, unsigned short const*, int, int, int, int, int, int)",823,41,64832.0,0.0,0.0,0.0,0.0,0.0,40960.0,4912602213145820.0,4912602213179260.0
823,1,8192,256,11264,0,24,0,48,64,"batch_decode_kernels::mfma_head_gemm(float*, float const*, unsigned short const*, int, int, int, int, int, int, unsigned long)",824,29,54740.0,65536.0,0.0,0.0,0.0,0.0,128.0,4912602213248700.0,4912602213274461.0
824,1,8192,256,11264,0,24,0,48,64,"batch_decode_kernels::mfma_gemm(float*, float const*, unsigned short const*, int, int, int, int)",825,19,146728.0,262144.0,0.0,0.0,0.0,0.0,128.0,4912602213360061.0,4912602213440861.0
825,1,1280,256,1024,0,12,4,32,64,"batch_decode_kernels::rmsnorm(float*, float const*, unsigned short const*, int, int, float)",826,36,34728.0,0.0,0.0,0.0,0.0,0.0,20.0,4912602213512862.0,4912602213526462.0
826,1,256,256,11264,0,24,0,48,64,"batch_decode_kernels::mfma_gemm(float*, float const*, unsigned short const*, int, int, int, int)",827,19,155309.0,8192.0,0.0,0.0,0.0,0.0,4.0,4912602213618462.0,4912602213703902.0
827,1,320,64,0,0,16,0,48,64,"void moe_kernels::router_topk_wave64_kernel<64>(float*, float const*, int*, float*, int, int, int, int, int, float)",828,55,39035.0,0.0,0.0,0.0,0.0,0.0,5.0,4912602213764223.0,4912602213780063.0
828,1,256,256,1024,0,12,4,64,64,"batch_decode_kernels::align_routes(int const*, int, int, int, int*, int*, int*)",829,17,40877.0,0.0,0.0,0.0,0.0,0.0,4.0,4912602213868543.0,4912602213885823.0
829,1,349184,256,19968,0,36,4,48,64,"void batch_decode_kernels::grouped_expert_gate_up<16, 1>(float const*, char const*, unsigned long const*, unsigned long const*, int const*, int const*, float*, unsigned short*, int, int, int, int, int)",830,31,234213.0,2162688.0,0.0,0.0,0.0,0.0,5456.0,4912602213979904.0,4912602214117024.0
830,1,11264,256,19968,0,32,0,48,64,"batch_decode_kernels::mfma_gate_up_swiglu(float*, float const*, unsigned short const*, unsigned short const*, int, int, int)",831,20,157593.0,720896.0,0.0,0.0,0.0,0.0,176.0,4912602214181345.0,4912602214269505.0
831,1,507904,256,11264,0,24,0,48,64,"void batch_decode_kernels::grouped_expert_down<16, 1>(float const*, unsigned short const*, char const*, unsigned long const*, int const*, int const*, float*, int, int, int, int)",832,32,140507.0,1081344.0,0.0,0.0,0.0,0.0,7936.0,4912602214334465.0,4912602214413986.0
832,1,1280,256,0,0,12,4,32,64,"batch_decode_kernels::reduce_routes_add(float*, float const*, float const*, int, int, int)",833,28,62475.0,0.0,0.0,0.0,0.0,0.0,20.0,4912602214485506.0,4912602214515586.0
833,1,8192,256,11264,0,24,0,48,64,"batch_decode_kernels::mfma_gemm(float*, float const*, unsigned short const*, int, int, int, int)",834,19,195733.0,360448.0,0.0,0.0,0.0,0.0,128.0,4912602214630147.0,4912602214740547.0
834,1,1280,256,1024,0,12,4,32,64,"batch_decode_kernels::rmsnorm(float*, float const*, unsigned short const*, int, int, float)",835,36,34009.0,0.0,0.0,0.0,0.0,0.0,20.0,4912602214829347.0,4912602214842627.0
835,1,12288,256,11264,0,24,0,48,64,"batch_decode_kernels::mfma_gemm(float*, float const*, unsigned short const*, int, int, int, int)",836,19,144134.0,393216.0,0.0,0.0,0.0,0.0,192.0,4912602214935268.0,4912602215015108.0
836,1,2304,256,11264,0,24,0,48,64,"batch_decode_kernels::mfma_gemm(float*, float const*, unsigned short const*, int, int, int, int)",837,19,147198.0,73728.0,0.0,0.0,0.0,0.0,36.0,4912602215092549.0,4912602215172229.0
837,1,1280,256,1024,0,24,0,32,64,"batch_decode_kernels::kv_norm_rope(unsigned short*, float const*, unsigned short const*, int, int, int, int, int, int, float const*, int, float)",838,43,28311.0,0.0,0.0,0.0,0.0,0.0,20.0,4912602215248549.0,4912602215258149.0
838,1,32768,256,11264,0,24,0,48,64,"batch_decode_kernels::mfma_head_gemm(float*, float const*, unsigned short const*, int, int, int, int, int, int, unsigned long)",839,29,33798.0,65536.0,0.0,0.0,0.0,0.0,512.0,4912602215357030.0,4912602215370150.0
839,1,5120,256,0,0,24,0,32,64,"batch_decode_kernels::q_rope(float*, float const*, int, int, int, int, int, int, float const*, int)",840,39,25090.0,0.0,0.0,0.0,0.0,0.0,80.0,4912602215463590.0,4912602215471430.0
840,1,5120,256,0,0,16,0,32,64,"batch_decode_kernels::attention_score(float*, float const*, float const*, unsigned short const*, int, int, int, int, int, int, int, float)",841,27,28800.0,0.0,0.0,0.0,0.0,0.0,80.0,4912602215531910.0,4912602215541831.0
841,1,20480,256,1024,0,20,4,48,64,"void attention_kernels::softmax_rows_kernel<256>(float*, int, int, int, int)",842,52,25280.0,0.0,0.0,0.0,0.0,0.0,320.0,4912602215638311.0,4912602215646311.0
842,1,2621440,256,0,0,16,0,32,64,"batch_decode_kernels::latent_context(float*, float const*, unsigned short const*, int, int, int, int, int, int)",843,41,64473.0,0.0,0.0,0.0,0.0,0.0,40960.0,4912602215749511.0,4912602215782632.0
843,1,8192,256,11264,0,24,0,48,64,"batch_decode_kernels::mfma_head_gemm(float*, float const*, unsigned short const*, int, int, int, int, int, int, unsigned long)",844,29,55363.0,65536.0,0.0,0.0,0.0,0.0,128.0,4912602215857512.0,4912602215883432.0
844,1,8192,256,11264,0,24,0,48,64,"batch_decode_kernels::mfma_gemm(float*, float const*, unsigned short const*, int, int, int, int)",845,19,146738.0,262144.0,0.0,0.0,0.0,0.0,128.0,4912602215974952.0,4912602216055593.0
845,1,1280,256,1024,0,12,4,32,64,"batch_decode_kernels::rmsnorm(float*, float const*, unsigned short const*, int, int, float)",846,36,34128.0,0.0,0.0,0.0,0.0,0.0,20.0,4912602216182313.0,4912602216195273.0
846,1,256,256,11264,0,24,0,48,64,"batch_decode_kernels::mfma_gemm(float*, float const*, unsigned short const*, int, int, int, int)",847,19,156175.0,8192.0,0.0,0.0,0.0,0.0,4.0,4912602216288394.0,4912602216374474.0
847,1,320,64,0,0,16,0,48,64,"void moe_kernels::router_topk_wave64_kernel<64>(float*, float const*, int*, float*, int, int, int, int, int, float)",848,55,40062.0,0.0,0.0,0.0,0.0,0.0,5.0,4912602216443434.0,4912602216459915.0
848,1,256,256,1024,0,12,4,64,64,"batch_decode_kernels::align_routes(int const*, int, int, int, int*, int*, int*)",849,17,39880.0,0.0,0.0,0.0,0.0,0.0,4.0,4912602216549515.0,4912602216566155.0
849,1,349184,256,19968,0,36,4,48,64,"void batch_decode_kernels::grouped_expert_gate_up<16, 1>(float const*, char const*, unsigned long const*, unsigned long const*, int const*, int const*, float*, unsigned short*, int, int, int, int, int)",850,31,231731.0,2162688.0,0.0,0.0,0.0,0.0,5456.0,4912602216657675.0,4912602216793196.0
850,1,11264,256,19968,0,32,0,48,64,"batch_decode_kernels::mfma_gate_up_swiglu(float*, float const*, unsigned short const*, unsigned short const*, int, int, int)",851,20,158075.0,720896.0,0.0,0.0,0.0,0.0,176.0,4912602216899276.0,4912602216987597.0
851,1,507904,256,11264,0,24,0,48,64,"void batch_decode_kernels::grouped_expert_down<16, 1>(float const*, unsigned short const*, char const*, unsigned long const*, int const*, int const*, float*, int, int, int, int)",852,32,140291.0,1081344.0,0.0,0.0,0.0,0.0,7936.0,4912602217102797.0,4912602217182478.0
852,1,1280,256,0,0,12,4,32,64,"batch_decode_kernels::reduce_routes_add(float*, float const*, float const*, int, int, int)",853,28,64642.0,0.0,0.0,0.0,0.0,0.0,20.0,4912602217275758.0,4912602217307278.0
853,1,8192,256,11264,0,24,0,48,64,"batch_decode_kernels::mfma_gemm(float*, float const*, unsigned short const*, int, int, int, int)",854,19,194671.0,360448.0,0.0,0.0,0.0,0.0,128.0,4912602217382799.0,4912602217492559.0
854,1,1280,256,1024,0,12,4,32,64,"batch_decode_kernels::rmsnorm(float*, float const*, unsigned short const*, int, int, float)",855,36,35833.0,0.0,0.0,0.0,0.0,0.0,20.0,4912602217579759.0,4912602217594160.0
855,1,12288,256,11264,0,24,0,48,64,"batch_decode_kernels::mfma_gemm(float*, float const*, unsigned short const*, int, int, int, int)",856,19,143174.0,393216.0,0.0,0.0,0.0,0.0,192.0,4912602217691920.0,4912602217770800.0
856,1,2304,256,11264,0,24,0,48,64,"batch_decode_kernels::mfma_gemm(float*, float const*, unsigned short const*, int, int, int, int)",857,19,144794.0,73728.0,0.0,0.0,0.0,0.0,36.0,4912602217891601.0,4912602217970641.0
857,1,1280,256,1024,0,24,0,32,64,"batch_decode_kernels::kv_norm_rope(unsigned short*, float const*, unsigned short const*, int, int, int, int, int, int, float const*, int, float)",858,43,28759.0,0.0,0.0,0.0,0.0,0.0,20.0,4912602218059282.0,4912602218069362.0
858,1,32768,256,11264,0,24,0,48,64,"batch_decode_kernels::mfma_head_gemm(float*, float const*, unsigned short const*, int, int, int, int, int, int, unsigned long)",859,29,33145.0,65536.0,0.0,0.0,0.0,0.0,512.0,4912602218167442.0,4912602218180242.0
859,1,5120,256,0,0,24,0,32,64,"batch_decode_kernels::q_rope(float*, float const*, int, int, int, int, int, int, float const*, int)",860,39,24330.0,0.0,0.0,0.0,0.0,0.0,80.0,4912602218274803.0,4912602218282323.0
860,1,5120,256,0,0,16,0,32,64,"batch_decode_kernels::attention_score(float*, float const*, float const*, unsigned short const*, int, int, int, int, int, int, int, float)",861,27,27600.0,0.0,0.0,0.0,0.0,0.0,80.0,4912602218342323.0,4912602218351603.0
861,1,20480,256,1024,0,20,4,48,64,"void attention_kernels::softmax_rows_kernel<256>(float*, int, int, int, int)",862,52,25270.0,0.0,0.0,0.0,0.0,0.0,320.0,4912602218496883.0,4912602218504884.0
862,1,2621440,256,0,0,16,0,32,64,"batch_decode_kernels::latent_context(float*, float const*, unsigned short const*, int, int, int, int, int, int)",863,41,64681.0,0.0,0.0,0.0,0.0,0.0,40960.0,4912602218606004.0,4912602218639444.0
863,1,8192,256,11264,0,24,0,48,64,"batch_decode_kernels::mfma_head_gemm(float*, float const*, unsigned short const*, int, int, int, int, int, int, unsigned long)",864,29,56080.0,65536.0,0.0,0.0,0.0,0.0,128.0,4912602218734805.0,4912602218761205.0
864,1,8192,256,11264,0,24,0,48,64,"batch_decode_kernels::mfma_gemm(float*, float const*, unsigned short const*, int, int, int, int)",865,19,143465.0,262144.0,0.0,0.0,0.0,0.0,128.0,4912602218848245.0,4912602218927285.0
865,1,1280,256,1024,0,12,4,32,64,"batch_decode_kernels::rmsnorm(float*, float const*, unsigned short const*, int, int, float)",866,36,33467.0,0.0,0.0,0.0,0.0,0.0,20.0,4912602219054806.0,4912602219068086.0
866,1,256,256,11264,0,24,0,48,64,"batch_decode_kernels::mfma_gemm(float*, float const*, unsigned short const*, int, int, int, int)",867,19,156926.0,8192.0,0.0,0.0,0.0,0.0,4.0,4912602219170806.0,4912602219257047.0
867,1,320,64,0,0,16,0,48,64,"void moe_kernels::router_topk_wave64_kernel<64>(float*, float const*, int*, float*, int, int, int, int, int, float)",868,55,39449.0,0.0,0.0,0.0,0.0,0.0,5.0,4912602219336247.0,4912602219352567.0
868,1,256,256,1024,0,12,4,64,64,"batch_decode_kernels::align_routes(int const*, int, int, int, int*, int*, int*)",869,17,41423.0,0.0,0.0,0.0,0.0,0.0,4.0,4912602219449688.0,4912602219466648.0
869,1,349184,256,19968,0,36,4,48,64,"void batch_decode_kernels::grouped_expert_gate_up<16, 1>(float const*, char const*, unsigned long const*, unsigned long const*, int const*, int const*, float*, unsigned short*, int, int, int, int, int)",870,31,231399.0,2162688.0,0.0,0.0,0.0,0.0,5456.0,4912602219560888.0,4912602219696249.0
870,1,11264,256,19968,0,32,0,48,64,"batch_decode_kernels::mfma_gate_up_swiglu(float*, float const*, unsigned short const*, unsigned short const*, int, int, int)",871,20,158179.0,720896.0,0.0,0.0,0.0,0.0,176.0,4912602219768089.0,4912602219856249.0
871,1,507904,256,11264,0,24,0,48,64,"void batch_decode_kernels::grouped_expert_down<16, 1>(float const*, unsigned short const*, char const*, unsigned long const*, int const*, int const*, float*, int, int, int, int)",872,32,142176.0,1081344.0,0.0,0.0,0.0,0.0,7936.0,4912602219927770.0,4912602220007930.0
872,1,1280,256,0,0,12,4,32,64,"batch_decode_kernels::reduce_routes_add(float*, float const*, float const*, int, int, int)",873,28,61128.0,0.0,0.0,0.0,0.0,0.0,20.0,4912602220103131.0,4912602220132571.0
873,1,8192,256,11264,0,24,0,48,64,"batch_decode_kernels::mfma_gemm(float*, float const*, unsigned short const*, int, int, int, int)",874,19,196718.0,360448.0,0.0,0.0,0.0,0.0,128.0,4912602220263931.0,4912602220374812.0
874,1,1280,256,1024,0,12,4,32,64,"batch_decode_kernels::rmsnorm(float*, float const*, unsigned short const*, int, int, float)",875,36,35624.0,0.0,0.0,0.0,0.0,0.0,20.0,4912602220473692.0,4912602220487932.0
875,1,12288,256,11264,0,24,0,48,64,"batch_decode_kernels::mfma_gemm(float*, float const*, unsigned short const*, int, int, int, int)",876,19,143550.0,393216.0,0.0,0.0,0.0,0.0,192.0,4912602220584573.0,4912602220663613.0
876,1,2304,256,11264,0,24,0,48,64,"batch_decode_kernels::mfma_gemm(float*, float const*, unsigned short const*, int, int, int, int)",877,19,146747.0,73728.0,0.0,0.0,0.0,0.0,36.0,4912602220789694.0,4912602220870174.0
877,1,1280,256,1024,0,24,0,32,64,"batch_decode_kernels::kv_norm_rope(unsigned short*, float const*, unsigned short const*, int, int, int, int, int, int, float const*, int, float)",878,43,27953.0,0.0,0.0,0.0,0.0,0.0,20.0,4912602221001054.0,4912602221010815.0
878,1,32768,256,11264,0,24,0,48,64,"batch_decode_kernels::mfma_head_gemm(float*, float const*, unsigned short const*, int, int, int, int, int, int, unsigned long)",879,29,33043.0,65536.0,0.0,0.0,0.0,0.0,512.0,4912602221120415.0,4912602221133215.0
879,1,5120,256,0,0,24,0,32,64,"batch_decode_kernels::q_rope(float*, float const*, int, int, int, int, int, int, float const*, int)",880,39,24554.0,0.0,0.0,0.0,0.0,0.0,80.0,4912602221241856.0,4912602221249536.0
880,1,5120,256,0,0,16,0,32,64,"batch_decode_kernels::attention_score(float*, float const*, float const*, unsigned short const*, int, int, int, int, int, int, int, float)",881,27,28076.0,0.0,0.0,0.0,0.0,0.0,80.0,4912602221309216.0,4912602221318816.0
881,1,20480,256,1024,0,20,4,48,64,"void attention_kernels::softmax_rows_kernel<256>(float*, int, int, int, int)",882,52,26050.0,0.0,0.0,0.0,0.0,0.0,320.0,4912602221459297.0,4912602221467617.0
882,1,2621440,256,0,0,16,0,32,64,"batch_decode_kernels::latent_context(float*, float const*, unsigned short const*, int, int, int, int, int, int)",883,41,64828.0,0.0,0.0,0.0,0.0,0.0,40960.0,4912602221608737.0,4912602221642177.0
883,1,8192,256,11264,0,24,0,48,64,"batch_decode_kernels::mfma_head_gemm(float*, float const*, unsigned short const*, int, int, int, int, int, int, unsigned long)",884,29,55345.0,65536.0,0.0,0.0,0.0,0.0,128.0,4912602221757698.0,4912602221783778.0
884,1,8192,256,11264,0,24,0,48,64,"batch_decode_kernels::mfma_gemm(float*, float const*, unsigned short const*, int, int, int, int)",885,19,146266.0,262144.0,0.0,0.0,0.0,0.0,128.0,4912602221903618.0,4912602221984259.0
885,1,1280,256,1024,0,12,4,32,64,"batch_decode_kernels::rmsnorm(float*, float const*, unsigned short const*, int, int, float)",886,36,33845.0,0.0,0.0,0.0,0.0,0.0,20.0,4912602222098179.0,4912602222110979.0
886,1,256,256,11264,0,24,0,48,64,"batch_decode_kernels::mfma_gemm(float*, float const*, unsigned short const*, int, int, int, int)",887,19,157615.0,8192.0,0.0,0.0,0.0,0.0,4.0,4912602222242340.0,4912602222328900.0
887,1,320,64,0,0,16,0,48,64,"void moe_kernels::router_topk_wave64_kernel<64>(float*, float const*, int*, float*, int, int, int, int, int, float)",888,55,38580.0,0.0,0.0,0.0,0.0,0.0,5.0,4912602222428581.0,4912602222444581.0
888,1,256,256,1024,0,12,4,64,64,"batch_decode_kernels::align_routes(int const*, int, int, int, int*, int*, int*)",889,17,40097.0,0.0,0.0,0.0,0.0,0.0,4.0,4912602222573541.0,4912602222590341.0
889,1,349184,256,19968,0,36,4,48,64,"void batch_decode_kernels::grouped_expert_gate_up<16, 1>(float const*, char const*, unsigned long const*, unsigned long const*, int const*, int const*, float*, unsigned short*, int, int, int, int, int)",890,31,231482.0,2162688.0,0.0,0.0,0.0,0.0,5456.0,4912602222717862.0,4912602222853223.0
890,1,11264,256,19968,0,32,0,48,64,"batch_decode_kernels::mfma_gate_up_swiglu(float*, float const*, unsigned short const*, unsigned short const*, int, int, int)",891,20,157804.0,720896.0,0.0,0.0,0.0,0.0,176.0,4912602222985703.0,4912602223073864.0
891,1,507904,256,11264,0,24,0,48,64,"void batch_decode_kernels::grouped_expert_down<16, 1>(float const*, unsigned short const*, char const*, unsigned long const*, int const*, int const*, float*, int, int, int, int)",892,32,139939.0,1081344.0,0.0,0.0,0.0,0.0,7936.0,4912602223129384.0,4912602223208904.0
892,1,1280,256,0,0,12,4,32,64,"batch_decode_kernels::reduce_routes_add(float*, float const*, float const*, int, int, int)",893,28,63120.0,0.0,0.0,0.0,0.0,0.0,20.0,4912602223312745.0,4912602223343305.0
893,1,8192,256,11264,0,24,0,48,64,"batch_decode_kernels::mfma_gemm(float*, float const*, unsigned short const*, int, int, int, int)",894,19,195159.0,360448.0,0.0,0.0,0.0,0.0,128.0,4912602223454025.0,4912602223564106.0
894,1,1280,256,1024,0,12,4,32,64,"batch_decode_kernels::rmsnorm(float*, float const*, unsigned short const*, int, int, float)",895,36,32788.0,0.0,0.0,0.0,0.0,0.0,20.0,4912602223675466.0,4912602223687786.0
895,1,12288,256,11264,0,24,0,48,64,"batch_decode_kernels::mfma_gemm(float*, float const*, unsigned short const*, int, int, int, int)",896,19,142241.0,393216.0,0.0,0.0,0.0,0.0,192.0,4912602223814507.0,4912602223893227.0
896,1,2304,256,11264,0,24,0,48,64,"batch_decode_kernels::mfma_gemm(float*, float const*, unsigned short const*, int, int, int, int)",897,19,146640.0,73728.0,0.0,0.0,0.0,0.0,36.0,4912602223993068.0,4912602224073388.0
897,1,1280,256,1024,0,24,0,32,64,"batch_decode_kernels::kv_norm_rope(unsigned short*, float const*, unsigned short const*, int, int, int, int, int, int, float const*, int, float)",898,43,28305.0,0.0,0.0,0.0,0.0,0.0,20.0,4912602224176748.0,4912602224186668.0
898,1,32768,256,11264,0,24,0,48,64,"batch_decode_kernels::mfma_head_gemm(float*, float const*, unsigned short const*, int, int, int, int, int, int, unsigned long)",899,29,34318.0,65536.0,0.0,0.0,0.0,0.0,512.0,4912602224313549.0,4912602224326669.0
899,1,5120,256,0,0,24,0,32,64,"batch_decode_kernels::q_rope(float*, float const*, int, int, int, int, int, int, float const*, int)",900,39,25328.0,0.0,0.0,0.0,0.0,0.0,80.0,4912602224447630.0,4912602224455790.0
900,1,5120,256,0,0,16,0,32,64,"batch_decode_kernels::attention_score(float*, float const*, float const*, unsigned short const*, int, int, int, int, int, int, int, float)",901,27,27984.0,0.0,0.0,0.0,0.0,0.0,80.0,4912602224583470.0,4912602224592910.0
901,1,20480,256,1024,0,20,4,48,64,"void attention_kernels::softmax_rows_kernel<256>(float*, int, int, int, int)",902,52,25146.0,0.0,0.0,0.0,0.0,0.0,320.0,4912602224716431.0,4912602224724591.0
902,1,2621440,256,0,0,16,0,32,64,"batch_decode_kernels::latent_context(float*, float const*, unsigned short const*, int, int, int, int, int, int)",903,41,63931.0,0.0,0.0,0.0,0.0,0.0,40960.0,4912602224849871.0,4912602224882832.0
903,1,8192,256,11264,0,24,0,48,64,"batch_decode_kernels::mfma_head_gemm(float*, float const*, unsigned short const*, int, int, int, int, int, int, unsigned long)",904,29,53743.0,65536.0,0.0,0.0,0.0,0.0,128.0,4912602224983632.0,4912602225008752.0
904,1,8192,256,11264,0,24,0,48,64,"batch_decode_kernels::mfma_gemm(float*, float const*, unsigned short const*, int, int, int, int)",905,19,148559.0,262144.0,0.0,0.0,0.0,0.0,128.0,4912602225122833.0,4912602225204913.0
905,1,1280,256,1024,0,12,4,32,64,"batch_decode_kernels::rmsnorm(float*, float const*, unsigned short const*, int, int, float)",906,36,33385.0,0.0,0.0,0.0,0.0,0.0,20.0,4912602225292753.0,4912602225305713.0
906,1,256,256,11264,0,24,0,48,64,"batch_decode_kernels::mfma_gemm(float*, float const*, unsigned short const*, int, int, int, int)",907,19,155977.0,8192.0,0.0,0.0,0.0,0.0,4.0,4912602225423154.0,4912602225509074.0
907,1,320,64,0,0,16,0,48,64,"void moe_kernels::router_topk_wave64_kernel<64>(float*, float const*, int*, float*, int, int, int, int, int, float)",908,55,40148.0,0.0,0.0,0.0,0.0,0.0,5.0,4912602225627955.0,4912602225644435.0
908,1,256,256,1024,0,12,4,64,64,"batch_decode_kernels::align_routes(int const*, int, int, int, int*, int*, int*)",909,17,40563.0,0.0,0.0,0.0,0.0,0.0,4.0,4912602225755635.0,4912602225772755.0
909,1,349184,256,19968,0,36,4,48,64,"void batch_decode_kernels::grouped_expert_gate_up<16, 1>(float const*, char const*, unsigned long const*, unsigned long const*, int const*, int const*, float*, unsigned short*, int, int, int, int, int)",910,31,234905.0,2162688.0,0.0,0.0,0.0,0.0,5456.0,4912602225883956.0,4912602226021397.0
910,1,11264,256,19968,0,32,0,48,64,"batch_decode_kernels::mfma_gate_up_swiglu(float*, float const*, unsigned short const*, unsigned short const*, int, int, int)",911,20,156827.0,720896.0,0.0,0.0,0.0,0.0,176.0,4912602226127797.0,4912602226215157.0
911,1,507904,256,11264,0,24,0,48,64,"void batch_decode_kernels::grouped_expert_down<16, 1>(float const*, unsigned short const*, char const*, unsigned long const*, int const*, int const*, float*, int, int, int, int)",912,32,140241.0,1081344.0,0.0,0.0,0.0,0.0,7936.0,4912602226327158.0,4912602226406678.0
912,1,1280,256,0,0,12,4,32,64,"batch_decode_kernels::reduce_routes_add(float*, float const*, float const*, int, int, int)",913,28,63257.0,0.0,0.0,0.0,0.0,0.0,20.0,4912602226526359.0,4912602226557079.0
913,1,8192,256,11264,0,24,0,48,64,"batch_decode_kernels::mfma_gemm(float*, float const*, unsigned short const*, int, int, int, int)",914,19,195992.0,360448.0,0.0,0.0,0.0,0.0,128.0,4912602226653239.0,4912602226763480.0
914,1,1280,256,1024,0,12,4,32,64,"batch_decode_kernels::rmsnorm(float*, float const*, unsigned short const*, int, int, float)",915,36,32725.0,0.0,0.0,0.0,0.0,0.0,20.0,4912602226887480.0,4912602226899960.0
915,1,12288,256,11264,0,24,0,48,64,"batch_decode_kernels::mfma_gemm(float*, float const*, unsigned short const*, int, int, int, int)",916,19,142780.0,393216.0,0.0,0.0,0.0,0.0,192.0,4912602227012921.0,4912602227091961.0
916,1,2304,256,11264,0,24,0,48,64,"batch_decode_kernels::mfma_gemm(float*, float const*, unsigned short const*, int, int, int, int)",917,19,142945.0,73728.0,0.0,0.0,0.0,0.0,36.0,4912602227214522.0,4912602227292762.0
917,1,1280,256,1024,0,24,0,32,64,"batch_decode_kernels::kv_norm_rope(unsigned short*, float const*, unsigned short const*, int, int, int, int, int, int, float const*, int, float)",918,43,28955.0,0.0,0.0,0.0,0.0,0.0,20.0,4912602227410043.0,4912602227420123.0
918,1,32768,256,11264,0,24,0,48,64,"batch_decode_kernels::mfma_head_gemm(float*, float const*, unsigned short const*, int, int, int, int, int, int, unsigned long)",919,29,34171.0,65536.0,0.0,0.0,0.0,0.0,512.0,4912602227532123.0,4912602227545403.0
919,1,5120,256,0,0,24,0,32,64,"batch_decode_kernels::q_rope(float*, float const*, int, int, int, int, int, int, float const*, int)",920,39,24169.0,0.0,0.0,0.0,0.0,0.0,80.0,4912602227654844.0,4912602227662204.0
920,1,5120,256,0,0,16,0,32,64,"batch_decode_kernels::attention_score(float*, float const*, float const*, unsigned short const*, int, int, int, int, int, int, int, float)",921,27,27842.0,0.0,0.0,0.0,0.0,0.0,80.0,4912602227772604.0,4912602227782364.0
921,1,20480,256,1024,0,20,4,48,64,"void attention_kernels::softmax_rows_kernel<256>(float*, int, int, int, int)",922,52,25220.0,0.0,0.0,0.0,0.0,0.0,320.0,4912602227892765.0,4912602227900605.0
922,1,2621440,256,0,0,16,0,32,64,"batch_decode_kernels::latent_context(float*, float const*, unsigned short const*, int, int, int, int, int, int)",923,41,64104.0,0.0,0.0,0.0,0.0,0.0,40960.0,4912602228010205.0,4912602228043325.0
923,1,8192,256,11264,0,24,0,48,64,"batch_decode_kernels::mfma_head_gemm(float*, float const*, unsigned short const*, int, int, int, int, int, int, unsigned long)",924,29,55300.0,65536.0,0.0,0.0,0.0,0.0,128.0,4912602228167646.0,4912602228193566.0
924,1,8192,256,11264,0,24,0,48,64,"batch_decode_kernels::mfma_gemm(float*, float const*, unsigned short const*, int, int, int, int)",925,19,143637.0,262144.0,0.0,0.0,0.0,0.0,128.0,4912602228316287.0,4912602228395327.0
925,1,1280,256,1024,0,12,4,32,64,"batch_decode_kernels::rmsnorm(float*, float const*, unsigned short const*, int, int, float)",926,36,33770.0,0.0,0.0,0.0,0.0,0.0,20.0,4912602228497247.0,4912602228510207.0
926,1,256,256,11264,0,24,0,48,64,"batch_decode_kernels::mfma_gemm(float*, float const*, unsigned short const*, int, int, int, int)",927,19,158412.0,8192.0,0.0,0.0,0.0,0.0,4.0,4912602228611168.0,4912602228698368.0
927,1,320,64,0,0,16,0,48,64,"void moe_kernels::router_topk_wave64_kernel<64>(float*, float const*, int*, float*, int, int, int, int, int, float)",928,55,38055.0,0.0,0.0,0.0,0.0,0.0,5.0,4912602228789569.0,4912602228805569.0
928,1,256,256,1024,0,12,4,64,64,"batch_decode_kernels::align_routes(int const*, int, int, int, int*, int*, int*)",929,17,39713.0,0.0,0.0,0.0,0.0,0.0,4.0,4912602228903649.0,4912602228920449.0
929,1,349184,256,19968,0,36,4,48,64,"void batch_decode_kernels::grouped_expert_gate_up<16, 1>(float const*, char const*, unsigned long const*, unsigned long const*, int const*, int const*, float*, unsigned short*, int, int, int, int, int)",930,31,234411.0,2162688.0,0.0,0.0,0.0,0.0,5456.0,4912602229021250.0,4912602229158690.0
930,1,11264,256,19968,0,32,0,48,64,"batch_decode_kernels::mfma_gate_up_swiglu(float*, float const*, unsigned short const*, unsigned short const*, int, int, int)",931,20,158255.0,720896.0,0.0,0.0,0.0,0.0,176.0,4912602229259011.0,4912602229347491.0
931,1,507904,256,11264,0,24,0,48,64,"void batch_decode_kernels::grouped_expert_down<16, 1>(float const*, unsigned short const*, char const*, unsigned long const*, int const*, int const*, float*, int, int, int, int)",932,32,141254.0,1081344.0,0.0,0.0,0.0,0.0,7936.0,4912602229465892.0,4912602229546052.0
932,1,1280,256,0,0,12,4,32,64,"batch_decode_kernels::reduce_routes_add(float*, float const*, float const*, int, int, int)",933,28,62349.0,0.0,0.0,0.0,0.0,0.0,20.0,4912602229639332.0,4912602229669413.0
933,1,8192,256,11264,0,24,0,48,64,"batch_decode_kernels::mfma_gemm(float*, float const*, unsigned short const*, int, int, int, int)",934,19,192741.0,360448.0,0.0,0.0,0.0,0.0,128.0,4912602229780613.0,4912602229889094.0
934,1,1280,256,1024,0,12,4,32,64,"batch_decode_kernels::rmsnorm(float*, float const*, unsigned short const*, int, int, float)",935,36,34133.0,0.0,0.0,0.0,0.0,0.0,20.0,4912602229985254.0,4912602229998214.0
935,1,12288,256,11264,0,24,0,48,64,"batch_decode_kernels::mfma_gemm(float*, float const*, unsigned short const*, int, int, int, int)",936,19,143514.0,393216.0,0.0,0.0,0.0,0.0,192.0,4912602230098214.0,4912602230177255.0
936,1,2304,256,11264,0,24,0,48,64,"batch_decode_kernels::mfma_gemm(float*, float const*, unsigned short const*, int, int, int, int)",937,19,143905.0,73728.0,0.0,0.0,0.0,0.0,36.0,4912602230268135.0,4912602230347016.0
937,1,1280,256,1024,0,24,0,32,64,"batch_decode_kernels::kv_norm_rope(unsigned short*, float const*, unsigned short const*, int, int, int, int, int, int, float const*, int, float)",938,43,28985.0,0.0,0.0,0.0,0.0,0.0,20.0,4912602230436616.0,4912602230446536.0
938,1,32768,256,11264,0,24,0,48,64,"batch_decode_kernels::mfma_head_gemm(float*, float const*, unsigned short const*, int, int, int, int, int, int, unsigned long)",939,29,34270.0,65536.0,0.0,0.0,0.0,0.0,512.0,4912602230542856.0,4912602230555976.0
939,1,5120,256,0,0,24,0,32,64,"batch_decode_kernels::q_rope(float*, float const*, int, int, int, int, int, int, float const*, int)",940,39,23985.0,0.0,0.0,0.0,0.0,0.0,80.0,4912602230649257.0,4912602230656777.0
940,1,5120,256,0,0,16,0,32,64,"batch_decode_kernels::attention_score(float*, float const*, float const*, unsigned short const*, int, int, int, int, int, int, int, float)",941,27,28227.0,0.0,0.0,0.0,0.0,0.0,80.0,4912602230753097.0,4912602230762857.0
941,1,20480,256,1024,0,20,4,48,64,"void attention_kernels::softmax_rows_kernel<256>(float*, int, int, int, int)",942,52,24693.0,0.0,0.0,0.0,0.0,0.0,320.0,4912602230854858.0,4912602230863018.0
942,1,2621440,256,0,0,16,0,32,64,"batch_decode_kernels::latent_context(float*, float const*, unsigned short const*, int, int, int, int, int, int)",943,41,64152.0,0.0,0.0,0.0,0.0,0.0,40960.0,4912602230958858.0,4912602230991818.0
943,1,8192,256,11264,0,24,0,48,64,"batch_decode_kernels::mfma_head_gemm(float*, float const*, unsigned short const*, int, int, int, int, int, int, unsigned long)",944,29,55650.0,65536.0,0.0,0.0,0.0,0.0,128.0,4912602231095499.0,4912602231121739.0
944,1,8192,256,11264,0,24,0,48,64,"batch_decode_kernels::mfma_gemm(float*, float const*, unsigned short const*, int, int, int, int)",945,19,145888.0,262144.0,0.0,0.0,0.0,0.0,128.0,4912602231224299.0,4912602231304780.0
945,1,1280,256,1024,0,12,4,32,64,"batch_decode_kernels::rmsnorm(float*, float const*, unsigned short const*, int, int, float)",946,36,35075.0,0.0,0.0,0.0,0.0,0.0,20.0,4912602231411340.0,4912602231425260.0
946,1,256,256,11264,0,24,0,48,64,"batch_decode_kernels::mfma_gemm(float*, float const*, unsigned short const*, int, int, int, int)",947,19,155425.0,8192.0,0.0,0.0,0.0,0.0,4.0,4912602231511501.0,4912602231596781.0
947,1,320,64,0,0,16,0,48,64,"void moe_kernels::router_topk_wave64_kernel<64>(float*, float const*, int*, float*, int, int, int, int, int, float)",948,55,39386.0,0.0,0.0,0.0,0.0,0.0,5.0,4912602231692941.0,4912602231709262.0
948,1,256,256,1024,0,12,4,64,64,"batch_decode_kernels::align_routes(int const*, int, int, int, int*, int*, int*)",949,17,39851.0,0.0,0.0,0.0,0.0,0.0,4.0,4912602231793102.0,4912602231809742.0
949,1,349184,256,19968,0,36,4,48,64,"void batch_decode_kernels::grouped_expert_gate_up<16, 1>(float const*, char const*, unsigned long const*, unsigned long const*, int const*, int const*, float*, unsigned short*, int, int, int, int, int)",950,31,235294.0,2162688.0,0.0,0.0,0.0,0.0,5456.0,4912602231921902.0,4912602232059823.0
950,1,11264,256,19968,0,32,0,48,64,"batch_decode_kernels::mfma_gate_up_swiglu(float*, float const*, unsigned short const*, unsigned short const*, int, int, int)",951,20,160270.0,720896.0,0.0,0.0,0.0,0.0,176.0,4912602232160303.0,4912602232249744.0
951,1,507904,256,11264,0,24,0,48,64,"void batch_decode_kernels::grouped_expert_down<16, 1>(float const*, unsigned short const*, char const*, unsigned long const*, int const*, int const*, float*, int, int, int, int)",952,32,140134.0,1081344.0,0.0,0.0,0.0,0.0,7936.0,4912602232337744.0,4912602232417105.0
952,1,1280,256,0,0,12,4,32,64,"batch_decode_kernels::reduce_routes_add(float*, float const*, float const*, int, int, int)",953,28,62699.0,0.0,0.0,0.0,0.0,0.0,20.0,4912602232515345.0,4912602232545905.0
953,1,8192,256,11264,0,24,0,48,64,"batch_decode_kernels::mfma_gemm(float*, float const*, unsigned short const*, int, int, int, int)",954,19,192979.0,360448.0,0.0,0.0,0.0,0.0,128.0,4912602232637586.0,4912602232745906.0
954,1,1280,256,1024,0,12,4,32,64,"batch_decode_kernels::rmsnorm(float*, float const*, unsigned short const*, int, int, float)",955,36,33831.0,0.0,0.0,0.0,0.0,0.0,20.0,4912602232838546.0,4912602232851667.0
955,1,12288,256,11264,0,24,0,48,64,"batch_decode_kernels::mfma_gemm(float*, float const*, unsigned short const*, int, int, int, int)",956,19,142713.0,393216.0,0.0,0.0,0.0,0.0,192.0,4912602232960307.0,4912602233039347.0
956,1,2304,256,11264,0,24,0,48,64,"batch_decode_kernels::mfma_gemm(float*, float const*, unsigned short const*, int, int, int, int)",957,19,144448.0,73728.0,0.0,0.0,0.0,0.0,36.0,4912602233136948.0,4912602233215988.0
957,1,1280,256,1024,0,24,0,32,64,"batch_decode_kernels::kv_norm_rope(unsigned short*, float const*, unsigned short const*, int, int, int, int, int, int, float const*, int, float)",958,43,28516.0,0.0,0.0,0.0,0.0,0.0,20.0,4912602233307509.0,4912602233317109.0
958,1,32768,256,11264,0,24,0,48,64,"batch_decode_kernels::mfma_head_gemm(float*, float const*, unsigned short const*, int, int, int, int, int, int, unsigned long)",959,29,32611.0,65536.0,0.0,0.0,0.0,0.0,512.0,4912602233426069.0,4912602233438869.0
959,1,5120,256,0,0,24,0,32,64,"batch_decode_kernels::q_rope(float*, float const*, int, int, int, int, int, int, float const*, int)",960,39,24130.0,0.0,0.0,0.0,0.0,0.0,80.0,4912602233542230.0,4912602233549590.0
960,1,5120,256,0,0,16,0,32,64,"batch_decode_kernels::attention_score(float*, float const*, float const*, unsigned short const*, int, int, int, int, int, int, int, float)",961,27,29037.0,0.0,0.0,0.0,0.0,0.0,80.0,4912602233631670.0,4912602233641910.0
961,1,20480,256,1024,0,20,4,48,64,"void attention_kernels::softmax_rows_kernel<256>(float*, int, int, int, int)",962,52,25641.0,0.0,0.0,0.0,0.0,0.0,320.0,4912602233745750.0,4912602233754070.0
962,1,2621440,256,0,0,16,0,32,64,"batch_decode_kernels::latent_context(float*, float const*, unsigned short const*, int, int, int, int, int, int)",963,41,64062.0,0.0,0.0,0.0,0.0,0.0,40960.0,4912602233859511.0,4912602233892631.0
963,1,8192,256,11264,0,24,0,48,64,"batch_decode_kernels::mfma_head_gemm(float*, float const*, unsigned short const*, int, int, int, int, int, int, unsigned long)",964,29,55258.0,65536.0,0.0,0.0,0.0,0.0,128.0,4912602233995512.0,4912602234021592.0
964,1,8192,256,11264,0,24,0,48,64,"batch_decode_kernels::mfma_gemm(float*, float const*, unsigned short const*, int, int, int, int)",965,19,145376.0,262144.0,0.0,0.0,0.0,0.0,128.0,4912602234111352.0,4912602234191512.0
965,1,1280,256,1024,0,12,4,32,64,"batch_decode_kernels::rmsnorm(float*, float const*, unsigned short const*, int, int, float)",966,36,34304.0,0.0,0.0,0.0,0.0,0.0,20.0,4912602234294873.0,4912602234308473.0
966,1,256,256,11264,0,24,0,48,64,"batch_decode_kernels::mfma_gemm(float*, float const*, unsigned short const*, int, int, int, int)",967,19,157887.0,8192.0,0.0,0.0,0.0,0.0,4.0,4912602234409593.0,4912602234496474.0
967,1,320,64,0,0,16,0,48,64,"void moe_kernels::router_topk_wave64_kernel<64>(float*, float const*, int*, float*, int, int, int, int, int, float)",968,55,38961.0,0.0,0.0,0.0,0.0,0.0,5.0,4912602234588474.0,4912602234604474.0
968,1,256,256,1024,0,12,4,64,64,"batch_decode_kernels::align_routes(int const*, int, int, int, int*, int*, int*)",969,17,40011.0,0.0,0.0,0.0,0.0,0.0,4.0,4912602234695195.0,4912602234711995.0
969,1,349184,256,19968,0,36,4,48,64,"void batch_decode_kernels::grouped_expert_gate_up<16, 1>(float const*, char const*, unsigned long const*, unsigned long const*, int const*, int const*, float*, unsigned short*, int, int, int, int, int)",970,31,233093.0,2162688.0,0.0,0.0,0.0,0.0,5456.0,4912602234803195.0,4912602234940156.0
970,1,11264,256,19968,0,32,0,48,64,"batch_decode_kernels::mfma_gate_up_swiglu(float*, float const*, unsigned short const*, unsigned short const*, int, int, int)",971,20,160539.0,720896.0,0.0,0.0,0.0,0.0,176.0,4912602235026716.0,4912602235116476.0
971,1,507904,256,11264,0,24,0,48,64,"void batch_decode_kernels::grouped_expert_down<16, 1>(float const*, unsigned short const*, char const*, unsigned long const*, int const*, int const*, float*, int, int, int, int)",972,32,141006.0,1081344.0,0.0,0.0,0.0,0.0,7936.0,4912602235199997.0,4912602235279997.0
972,1,1280,256,0,0,12,4,32,64,"batch_decode_kernels::reduce_routes_add(float*, float const*, float const*, int, int, int)",973,28,63919.0,0.0,0.0,0.0,0.0,0.0,20.0,4912602235370878.0,4912602235401598.0
973,1,8192,256,11264,0,24,0,48,64,"batch_decode_kernels::mfma_gemm(float*, float const*, unsigned short const*, int, int, int, int)",974,19,193366.0,360448.0,0.0,0.0,0.0,0.0,128.0,4912602235497118.0,4912602235606239.0
974,1,1280,256,1024,0,12,4,32,64,"batch_decode_kernels::rmsnorm(float*, float const*, unsigned short const*, int, int, float)",975,36,32839.0,0.0,0.0,0.0,0.0,0.0,20.0,4912602235684479.0,4912602235697119.0
975,1,12288,256,11264,0,24,0,48,64,"batch_decode_kernels::mfma_gemm(float*, float const*, unsigned short const*, int, int, int, int)",976,19,143301.0,393216.0,0.0,0.0,0.0,0.0,192.0,4912602235785439.0,4912602235864640.0
976,1,2304,256,11264,0,24,0,48,64,"batch_decode_kernels::mfma_gemm(float*, float const*, unsigned short const*, int, int, int, int)",977,19,143150.0,73728.0,0.0,0.0,0.0,0.0,36.0,4912602235948480.0,4912602236026880.0
977,1,1280,256,1024,0,24,0,32,64,"batch_decode_kernels::kv_norm_rope(unsigned short*, float const*, unsigned short const*, int, int, int, int, int, int, float const*, int, float)",978,43,28438.0,0.0,0.0,0.0,0.0,0.0,20.0,4912602236116481.0,4912602236125921.0
978,1,32768,256,11264,0,24,0,48,64,"batch_decode_kernels::mfma_head_gemm(float*, float const*, unsigned short const*, int, int, int, int, int, int, unsigned long)",979,29,33775.0,65536.0,0.0,0.0,0.0,0.0,512.0,4912602236213441.0,4912602236226721.0
979,1,5120,256,0,0,24,0,32,64,"batch_decode_kernels::q_rope(float*, float const*, int, int, int, int, int, int, float const*, int)",980,39,25272.0,0.0,0.0,0.0,0.0,0.0,80.0,4912602236309762.0,4912602236317762.0
980,1,5120,256,0,0,16,0,32,64,"batch_decode_kernels::attention_score(float*, float const*, float const*, unsigned short const*, int, int, int, int, int, int, int, float)",981,27,27447.0,0.0,0.0,0.0,0.0,0.0,80.0,4912602236407682.0,4912602236417122.0
981,1,20480,256,1024,0,20,4,48,64,"void attention_kernels::softmax_rows_kernel<256>(float*, int, int, int, int)",982,52,25403.0,0.0,0.0,0.0,0.0,0.0,320.0,4912602236501923.0,4912602236510243.0
982,1,2621440,256,0,0,16,0,32,64,"batch_decode_kernels::latent_context(float*, float const*, unsigned short const*, int, int, int, int, int, int)",983,41,64073.0,0.0,0.0,0.0,0.0,0.0,40960.0,4912602236595683.0,4912602236628483.0
983,1,8192,256,11264,0,24,0,48,64,"batch_decode_kernels::mfma_head_gemm(float*, float const*, unsigned short const*, int, int, int, int, int, int, unsigned long)",984,29,55721.0,65536.0,0.0,0.0,0.0,0.0,128.0,4912602236709123.0,4912602236735204.0
984,1,8192,256,11264,0,24,0,48,64,"batch_decode_kernels::mfma_gemm(float*, float const*, unsigned short const*, int, int, int, int)",985,19,144684.0,262144.0,0.0,0.0,0.0,0.0,128.0,4912602236818244.0,4912602236897764.0
985,1,1280,256,1024,0,12,4,32,64,"batch_decode_kernels::rmsnorm(float*, float const*, unsigned short const*, int, int, float)",986,36,34300.0,0.0,0.0,0.0,0.0,0.0,20.0,4912602236985125.0,4912602236998565.0
986,1,256,256,11264,0,24,0,48,64,"batch_decode_kernels::mfma_gemm(float*, float const*, unsigned short const*, int, int, int, int)",987,19,157934.0,8192.0,0.0,0.0,0.0,0.0,4.0,4912602237080485.0,4912602237167205.0
987,1,320,64,0,0,16,0,48,64,"void moe_kernels::router_topk_wave64_kernel<64>(float*, float const*, int*, float*, int, int, int, int, int, float)",988,55,39484.0,0.0,0.0,0.0,0.0,0.0,5.0,4912602237244326.0,4912602237260646.0
988,1,256,256,1024,0,12,4,64,64,"batch_decode_kernels::align_routes(int const*, int, int, int, int*, int*, int*)",989,17,40388.0,0.0,0.0,0.0,0.0,0.0,4.0,4912602237352326.0,4912602237369286.0
989,1,349184,256,19968,0,36,4,48,64,"void batch_decode_kernels::grouped_expert_gate_up<16, 1>(float const*, char const*, unsigned long const*, unsigned long const*, int const*, int const*, float*, unsigned short*, int, int, int, int, int)",990,31,233665.0,2162688.0,0.0,0.0,0.0,0.0,5456.0,4912602237458727.0,4912602237595687.0
990,1,11264,256,19968,0,32,0,48,64,"batch_decode_kernels::mfma_gate_up_swiglu(float*, float const*, unsigned short const*, unsigned short const*, int, int, int)",991,20,159469.0,720896.0,0.0,0.0,0.0,0.0,176.0,4912602237670728.0,4912602237759848.0
991,1,507904,256,11264,0,24,0,48,64,"void batch_decode_kernels::grouped_expert_down<16, 1>(float const*, unsigned short const*, char const*, unsigned long const*, int const*, int const*, float*, int, int, int, int)",992,32,141860.0,1081344.0,0.0,0.0,0.0,0.0,7936.0,4912602237847208.0,4912602237927049.0
992,1,1280,256,0,0,12,4,32,64,"batch_decode_kernels::reduce_routes_add(float*, float const*, float const*, int, int, int)",993,28,64783.0,0.0,0.0,0.0,0.0,0.0,20.0,4912602238003529.0,4912602238035049.0
993,1,8192,256,11264,0,24,0,48,64,"batch_decode_kernels::mfma_gemm(float*, float const*, unsigned short const*, int, int, int, int)",994,19,193109.0,360448.0,0.0,0.0,0.0,0.0,128.0,4912602238110570.0,4912602238219370.0
994,1,1280,256,1024,0,12,4,32,64,"batch_decode_kernels::rmsnorm(float*, float const*, unsigned short const*, int, int, float)",995,36,32709.0,0.0,0.0,0.0,0.0,0.0,20.0,4912602238295050.0,4912602238307690.0
995,1,12288,256,11264,0,24,0,48,64,"batch_decode_kernels::mfma_gemm(float*, float const*, unsigned short const*, int, int, int, int)",996,19,143552.0,393216.0,0.0,0.0,0.0,0.0,192.0,4912602238394891.0,4912602238474411.0
996,1,2304,256,11264,0,24,0,48,64,"batch_decode_kernels::mfma_gemm(float*, float const*, unsigned short const*, int, int, int, int)",997,19,146743.0,73728.0,0.0,0.0,0.0,0.0,36.0,4912602238558732.0,4912602238638732.0
997,1,1280,256,1024,0,24,0,32,64,"batch_decode_kernels::kv_norm_rope(unsigned short*, float const*, unsigned short const*, int, int, int, int, int, int, float const*, int, float)",998,43,29045.0,0.0,0.0,0.0,0.0,0.0,20.0,4912602238721612.0,4912602238731372.0
998,1,32768,256,11264,0,24,0,48,64,"batch_decode_kernels::mfma_head_gemm(float*, float const*, unsigned short const*, int, int, int, int, int, int, unsigned long)",999,29,32779.0,65536.0,0.0,0.0,0.0,0.0,512.0,4912602238816173.0,4912602238828333.0
999,1,5120,256,0,0,24,0,32,64,"batch_decode_kernels::q_rope(float*, float const*, int, int, int, int, int, int, float const*, int)",1000,39,23619.0,0.0,0.0,0.0,0.0,0.0,80.0,4912602238910893.0,4912602238917933.0
1000,1,5120,256,0,0,16,0,32,64,"batch_decode_kernels::attention_score(float*, float const*, float const*, unsigned short const*, int, int, int, int, int, int, int, float)",1001,27,28829.0,0.0,0.0,0.0,0.0,0.0,80.0,4912602239002094.0,4912602239012174.0
1001,1,20480,256,1024,0,20,4,48,64,"void attention_kernels::softmax_rows_kernel<256>(float*, int, int, int, int)",1002,52,25832.0,0.0,0.0,0.0,0.0,0.0,320.0,4912602239084974.0,4912602239093294.0
1002,1,2621440,256,0,0,16,0,32,64,"batch_decode_kernels::latent_context(float*, float const*, unsigned short const*, int, int, int, int, int, int)",1003,41,65056.0,0.0,0.0,0.0,0.0,0.0,40960.0,4912602239182574.0,4912602239216014.0
1003,1,8192,256,11264,0,24,0,48,64,"batch_decode_kernels::mfma_head_gemm(float*, float const*, unsigned short const*, int, int, int, int, int, int, unsigned long)",1004,29,54781.0,65536.0,0.0,0.0,0.0,0.0,128.0,4912602239435055.0,4912602239460816.0
1004,1,8192,256,11264,0,24,0,48,64,"batch_decode_kernels::mfma_gemm(float*, float const*, unsigned short const*, int, int, int, int)",1005,19,148808.0,262144.0,0.0,0.0,0.0,0.0,128.0,4912602239537776.0,4912602239619376.0
1005,1,1280,256,1024,0,12,4,32,64,"batch_decode_kernels::rmsnorm(float*, float const*, unsigned short const*, int, int, float)",1006,36,32338.0,0.0,0.0,0.0,0.0,0.0,20.0,4912602239698257.0,4912602239710737.0
1006,1,256,256,11264,0,24,0,48,64,"batch_decode_kernels::mfma_gemm(float*, float const*, unsigned short const*, int, int, int, int)",1007,19,155264.0,8192.0,0.0,0.0,0.0,0.0,4.0,4912602239785137.0,4912602239870417.0
1007,1,320,64,0,0,16,0,48,64,"void moe_kernels::router_topk_wave64_kernel<64>(float*, float const*, int*, float*, int, int, int, int, int, float)",1008,55,38402.0,0.0,0.0,0.0,0.0,0.0,5.0,4912602239953458.0,4912602239969298.0
1008,1,256,256,1024,0,12,4,64,64,"batch_decode_kernels::align_routes(int const*, int, int, int, int*, int*, int*)",1009,17,39389.0,0.0,0.0,0.0,0.0,0.0,4.0,4912602240058578.0,4912602240075058.0
1009,1,349184,256,19968,0,36,4,48,64,"void batch_decode_kernels::grouped_expert_gate_up<16, 1>(float const*, char const*, unsigned long const*, unsigned long const*, int const*, int const*, float*, unsigned short*, int, int, int, int, int)",1010,31,230308.0,2162688.0,0.0,0.0,0.0,0.0,5456.0,4912602240153619.0,4912602240288339.0
1010,1,11264,256,19968,0,32,0,48,64,"batch_decode_kernels::mfma_gate_up_swiglu(float*, float const*, unsigned short const*, unsigned short const*, int, int, int)",1011,20,157451.0,720896.0,0.0,0.0,0.0,0.0,176.0,4912602240368820.0,4912602240456500.0
1011,1,507904,256,11264,0,24,0,48,64,"void batch_decode_kernels::grouped_expert_down<16, 1>(float const*, unsigned short const*, char const*, unsigned long const*, int const*, int const*, float*, int, int, int, int)",1012,32,136379.0,1081344.0,0.0,0.0,0.0,0.0,7936.0,4912602240527540.0,4912602240604981.0
1012,1,1280,256,0,0,12,4,32,64,"batch_decode_kernels::reduce_routes_add(float*, float const*, float const*, int, int, int)",1013,28,62792.0,0.0,0.0,0.0,0.0,0.0,20.0,4912602240682261.0,4912602240712661.0
1013,1,8192,256,11264,0,24,0,48,64,"batch_decode_kernels::mfma_gemm(float*, float const*, unsigned short const*, int, int, int, int)",1014,19,194977.0,360448.0,0.0,0.0,0.0,0.0,128.0,4912602240788341.0,4912602240897942.0
1014,1,1280,256,1024,0,12,4,32,64,"batch_decode_kernels::rmsnorm(float*, float const*, unsigned short const*, int, int, float)",1015,36,33333.0,0.0,0.0,0.0,0.0,0.0,20.0,4912602240977462.0,4912602240990582.0
1015,1,12288,256,11264,0,24,0,48,64,"batch_decode_kernels::mfma_gemm(float*, float const*, unsigned short const*, int, int, int, int)",1016,19,141762.0,393216.0,0.0,0.0,0.0,0.0,192.0,4912602241057303.0,4912602241135543.0
1016,1,2304,256,11264,0,24,0,48,64,"batch_decode_kernels::mfma_gemm(float*, float const*, unsigned short const*, int, int, int, int)",1017,19,146552.0,73728.0,0.0,0.0,0.0,0.0,36.0,4912602241204823.0,4912602241285144.0
1017,1,1280,256,1024,0,24,0,32,64,"batch_decode_kernels::kv_norm_rope(unsigned short*, float const*, unsigned short const*, int, int, int, int, int, int, float const*, int, float)",1018,43,28587.0,0.0,0.0,0.0,0.0,0.0,20.0,4912602241361464.0,4912602241371384.0
1018,1,32768,256,11264,0,24,0,48,64,"batch_decode_kernels::mfma_head_gemm(float*, float const*, unsigned short const*, int, int, int, int, int, int, unsigned long)",1019,29,34039.0,65536.0,0.0,0.0,0.0,0.0,512.0,4912602241444024.0,4912602241457304.0
1019,1,5120,256,0,0,24,0,32,64,"batch_decode_kernels::q_rope(float*, float const*, int, int, int, int, int, int, float const*, int)",1020,39,23279.0,0.0,0.0,0.0,0.0,0.0,80.0,4912602241525625.0,4912602241532825.0
1020,1,5120,256,0,0,16,0,32,64,"batch_decode_kernels::attention_score(float*, float const*, float const*, unsigned short const*, int, int, int, int, int, int, int, float)",1021,27,28737.0,0.0,0.0,0.0,0.0,0.0,80.0,4912602241606585.0,4912602241616505.0
1021,1,20480,256,1024,0,20,4,48,64,"void attention_kernels::softmax_rows_kernel<256>(float*, int, int, int, int)",1022,52,25293.0,0.0,0.0,0.0,0.0,0.0,320.0,4912602241684505.0,4912602241692665.0
1022,1,2621440,256,0,0,16,0,32,64,"batch_decode_kernels::latent_context(float*, float const*, unsigned short const*, int, int, int, int, int, int)",1023,41,64310.0,0.0,0.0,0.0,0.0,0.0,40960.0,4912602241764506.0,4912602241797786.0
1023,1,8192,256,11264,0,24,0,48,64,"batch_decode_kernels::mfma_head_gemm(float*, float const*, unsigned short const*, int, int, int, int, int, int, unsigned long)",1024,29,54911.0,65536.0,0.0,0.0,0.0,0.0,128.0,4912602241871866.0,4912602241897626.0
1024,1,8192,256,11264,0,24,0,48,64,"batch_decode_kernels::mfma_gemm(float*, float const*, unsigned short const*, int, int, int, int)",1025,19,145447.0,262144.0,0.0,0.0,0.0,0.0,128.0,4912602241967387.0,4912602242047707.0
1025,1,1280,256,1024,0,12,4,32,64,"batch_decode_kernels::rmsnorm(float*, float const*, unsigned short const*, int, int, float)",1026,36,31865.0,0.0,0.0,0.0,0.0,0.0,20.0,4912602242117627.0,4912602242129627.0
1026,1,256,256,11264,0,24,0,48,64,"batch_decode_kernels::mfma_gemm(float*, float const*, unsigned short const*, int, int, int, int)",1027,19,154563.0,8192.0,0.0,0.0,0.0,0.0,4.0,4912602242200828.0,4912602242285788.0
1027,1,320,64,0,0,16,0,48,64,"void moe_kernels::router_topk_wave64_kernel<64>(float*, float const*, int*, float*, int, int, int, int, int, float)",1028,55,38560.0,0.0,0.0,0.0,0.0,0.0,5.0,4912602242356988.0,4912602242372828.0
1028,1,256,256,1024,0,12,4,64,64,"batch_decode_kernels::align_routes(int const*, int, int, int, int*, int*, int*)",1029,17,40290.0,0.0,0.0,0.0,0.0,0.0,4.0,4912602242445309.0,4912602242462109.0
1029,1,349184,256,19968,0,36,4,48,64,"void batch_decode_kernels::grouped_expert_gate_up<16, 1>(float const*, char const*, unsigned long const*, unsigned long const*, int const*, int const*, float*, unsigned short*, int, int, int, int, int)",1030,31,230795.0,2162688.0,0.0,0.0,0.0,0.0,5456.0,4912602242533469.0,4912602242668510.0
1030,1,11264,256,19968,0,32,0,48,64,"batch_decode_kernels::mfma_gate_up_swiglu(float*, float const*, unsigned short const*, unsigned short const*, int, int, int)",1031,20,156991.0,720896.0,0.0,0.0,0.0,0.0,176.0,4912602242740510.0,4912602242828350.0
1031,1,507904,256,11264,0,24,0,48,64,"void batch_decode_kernels::grouped_expert_down<16, 1>(float const*, unsigned short const*, char const*, unsigned long const*, int const*, int const*, float*, int, int, int, int)",1032,32,141912.0,1081344.0,0.0,0.0,0.0,0.0,7936.0,4912602242897791.0,4912602242978431.0
1032,1,1280,256,0,0,12,4,32,64,"batch_decode_kernels::reduce_routes_add(float*, float const*, float const*, int, int, int)",1033,28,63258.0,0.0,0.0,0.0,0.0,0.0,20.0,4912602243041471.0,4912602243072191.0
1033,1,8192,256,11264,0,24,0,48,64,"batch_decode_kernels::mfma_gemm(float*, float const*, unsigned short const*, int, int, int, int)",1034,19,194488.0,360448.0,0.0,0.0,0.0,0.0,128.0,4912602243142272.0,4912602243251712.0
1034,1,1280,256,1024,0,12,4,32,64,"batch_decode_kernels::rmsnorm(float*, float const*, unsigned short const*, int, int, float)",1035,36,32872.0,0.0,0.0,0.0,0.0,0.0,20.0,4912602243319552.0,4912602243332033.0
1035,1,12288,256,11264,0,24,0,48,64,"batch_decode_kernels::mfma_gemm(float*, float const*, unsigned short const*, int, int, int, int)",1036,19,143255.0,393216.0,0.0,0.0,0.0,0.0,192.0,4912602243400673.0,4912602243480033.0
1036,1,2304,256,11264,0,24,0,48,64,"batch_decode_kernels::mfma_gemm(float*, float const*, unsigned short const*, int, int, int, int)",1037,19,145094.0,73728.0,0.0,0.0,0.0,0.0,36.0,4912602243545793.0,4912602243625314.0
1037,1,1280,256,1024,0,24,0,32,64,"batch_decode_kernels::kv_norm_rope(unsigned short*, float const*, unsigned short const*, int, int, int, int, int, int, float const*, int, float)",1038,43,28536.0,0.0,0.0,0.0,0.0,0.0,20.0,4912602243687554.0,4912602243697474.0
1038,1,32768,256,11264,0,24,0,48,64,"batch_decode_kernels::mfma_head_gemm(float*, float const*, unsigned short const*, int, int, int, int, int, int, unsigned long)",1039,29,32549.0,65536.0,0.0,0.0,0.0,0.0,512.0,4912602243765314.0,4912602243777955.0
1039,1,5120,256,0,0,24,0,32,64,"batch_decode_kernels::q_rope(float*, float const*, int, int, int, int, int, int, float const*, int)",1040,39,24145.0,0.0,0.0,0.0,0.0,0.0,80.0,4912602243838435.0,4912602243846115.0
1040,1,5120,256,0,0,16,0,32,64,"batch_decode_kernels::attention_score(float*, float const*, float const*, unsigned short const*, int, int, int, int, int, int, int, float)",1041,27,27751.0,0.0,0.0,0.0,0.0,0.0,80.0,4912602243911395.0,4912602243920835.0
1041,1,20480,256,1024,0,20,4,48,64,"void attention_kernels::softmax_rows_kernel<256>(float*, int, int, int, int)",1042,52,25925.0,0.0,0.0,0.0,0.0,0.0,320.0,4912602243985475.0,4912602243993635.0
1042,1,2621440,256,0,0,16,0,32,64,"batch_decode_kernels::latent_context(float*, float const*, unsigned short const*, int, int, int, int, int, int)",1043,41,64014.0,0.0,0.0,0.0,0.0,0.0,40960.0,4912602244059716.0,4912602244092836.0
1043,1,8192,256,11264,0,24,0,48,64,"batch_decode_kernels::mfma_head_gemm(float*, float const*, unsigned short const*, int, int, int, int, int, int, unsigned long)",1044,29,54512.0,65536.0,0.0,0.0,0.0,0.0,128.0,4912602244160036.0,4912602244185636.0
1044,1,8192,256,11264,0,24,0,48,64,"batch_decode_kernels::mfma_gemm(float*, float const*, unsigned short const*, int, int, int, int)",1045,19,147831.0,262144.0,0.0,0.0,0.0,0.0,128.0,4912602244249157.0,4912602244330917.0
1045,1,1280,256,1024,0,12,4,32,64,"batch_decode_kernels::rmsnorm(float*, float const*, unsigned short const*, int, int, float)",1046,36,34712.0,0.0,0.0,0.0,0.0,0.0,20.0,4912602244392997.0,4912602244406597.0
1046,1,256,256,11264,0,24,0,48,64,"batch_decode_kernels::mfma_gemm(float*, float const*, unsigned short const*, int, int, int, int)",1047,19,155111.0,8192.0,0.0,0.0,0.0,0.0,4.0,4912602244467078.0,4912602244552358.0
1047,1,320,64,0,0,16,0,48,64,"void moe_kernels::router_topk_wave64_kernel<64>(float*, float const*, int*, float*, int, int, int, int, int, float)",1048,55,40056.0,0.0,0.0,0.0,0.0,0.0,5.0,4912602244617638.0,4912602244634278.0
1048,1,256,256,1024,0,12,4,64,64,"batch_decode_kernels::align_routes(int const*, int, int, int, int*, int*, int*)",1049,17,40283.0,0.0,0.0,0.0,0.0,0.0,4.0,4912602244698439.0,4912602244715239.0
1049,1,349184,256,19968,0,36,4,48,64,"void batch_decode_kernels::grouped_expert_gate_up<16, 1>(float const*, char const*, unsigned long const*, unsigned long const*, int const*, int const*, float*, unsigned short*, int, int, int, int, int)",1050,31,230084.0,2162688.0,0.0,0.0,0.0,0.0,5456.0,4912602244776999.0,4912602244911559.0
1050,1,11264,256,19968,0,32,0,48,64,"batch_decode_kernels::mfma_gate_up_swiglu(float*, float const*, unsigned short const*, unsigned short const*, int, int, int)",1051,20,158106.0,720896.0,0.0,0.0,0.0,0.0,176.0,4912602244967720.0,4912602245056200.0
1051,1,507904,256,11264,0,24,0,48,64,"void batch_decode_kernels::grouped_expert_down<16, 1>(float const*, unsigned short const*, char const*, unsigned long const*, int const*, int const*, float*, int, int, int, int)",1052,32,140080.0,1081344.0,0.0,0.0,0.0,0.0,7936.0,4912602245118600.0,4912602245197961.0
1052,1,1280,256,0,0,12,4,32,64,"batch_decode_kernels::reduce_routes_add(float*, float const*, float const*, int, int, int)",1053,28,61924.0,0.0,0.0,0.0,0.0,0.0,20.0,4912602245258441.0,4912602245288201.0
1053,1,8192,256,11264,0,24,0,48,64,"batch_decode_kernels::mfma_gemm(float*, float const*, unsigned short const*, int, int, int, int)",1054,19,195456.0,360448.0,0.0,0.0,0.0,0.0,128.0,4912602245347561.0,4912602245457642.0
1054,1,1280,256,1024,0,12,4,32,64,"batch_decode_kernels::rmsnorm(float*, float const*, unsigned short const*, int, int, float)",1055,36,34633.0,0.0,0.0,0.0,0.0,0.0,20.0,4912602245517642.0,4912602245531082.0
1055,1,409600,256,11264,0,24,0,48,64,"batch_decode_kernels::mfma_gemm(float*, float const*, unsigned short const*, int, int, int, int)",1056,19,808773.0,13107200.0,0.0,0.0,0.0,0.0,6400.0,4912602245585802.0,4912602246092525.0
1056,1,1280,256,2048,0,8,0,32,64,"batch_decode_kernels::argmax(float const*, int, int*, int)",1057,22,315849.0,0.0,0.0,0.0,0.0,0.0,20.0,4912602246148685.0,4912602246329646.0
1057,1,512,512,0,0,20,4,32,64,__amd_rocclr_copyBuffer,1058,7,19935.0,0.0,0.0,0.0,0.0,0.0,8.0,4912602249026938.0,4912602249031898.0
1058,1,51200,256,0,0,8,0,32,64,"batch_decode_kernels::embedding(float*, unsigned short const*, int const*, int*, int, int, int, int)",1059,35,20737.0,0.0,0.0,0.0,0.0,0.0,800.0,4912602249097178.0,4912602249102618.0
1059,1,6400,256,1024,0,12,4,32,64,"batch_decode_kernels::rmsnorm(float*, float const*, unsigned short const*, int, int, float)",1060,36,32711.0,0.0,0.0,0.0,0.0,0.0,100.0,4912602249163615.0,4912602249176415.0
1060,1,24576,256,11264,0,24,0,48,64,"batch_decode_kernels::mfma_gemm(float*, float const*, unsigned short const*, int, int, int, int)",1061,19,170159.0,786432.0,0.0,0.0,0.0,0.0,384.0,4912602249245215.0,4912602249341855.0
1061,1,4608,256,11264,0,24,0,48,64,"batch_decode_kernels::mfma_gemm(float*, float const*, unsigned short const*, int, int, int, int)",1062,19,165574.0,147456.0,0.0,0.0,0.0,0.0,72.0,4912602249410015.0,4912602249501696.0
1062,1,6400,256,1024,0,24,0,32,64,"batch_decode_kernels::prefill_kv_norm_rope(unsigned short*, float const*, unsigned short const*, int, int, int, int, int, int, float const*, int, float)",1063,38,28232.0,0.0,0.0,0.0,0.0,0.0,100.0,4912602249569696.0,4912602249579616.0
1063,1,65536,256,11264,0,24,0,48,64,"batch_decode_kernels::mfma_head_gemm(float*, float const*, unsigned short const*, int, int, int, int, int, int, unsigned long)",1064,29,35545.0,131072.0,0.0,0.0,0.0,0.0,1024.0,4912602249645376.0,4912602249659936.0
1064,1,25600,256,0,0,24,0,32,64,"batch_decode_kernels::prefill_q_rope(float*, float const*, int, int, int, int, int, float const*, int)",1065,40,24800.0,0.0,0.0,0.0,0.0,0.0,400.0,4912602249730497.0,4912602249738337.0
1065,1,25600,256,0,0,64,0,96,64,"void batch_decode_kernels::flash_prefill<8>(float*, float const*, float const*, unsigned short const*, int, int, int, int, int, int, int, float)",1066,26,69487.0,0.0,0.0,0.0,0.0,0.0,400.0,4912602249803297.0,4912602249838177.0
1066,1,16384,256,11264,0,24,0,48,64,"batch_decode_kernels::mfma_head_gemm(float*, float const*, unsigned short const*, int, int, int, int, int, int, unsigned long)",1067,29,59616.0,131072.0,0.0,0.0,0.0,0.0,256.0,4912602249907138.0,4912602249936098.0
1067,1,16384,256,11264,0,24,0,48,64,"batch_decode_kernels::mfma_gemm(float*, float const*, unsigned short const*, int, int, int, int)",1068,19,169559.0,524288.0,0.0,0.0,0.0,0.0,256.0,4912602250002498.0,4912602250097858.0
1068,1,6400,256,1024,0,12,4,32,64,"batch_decode_kernels::rmsnorm(float*, float const*, unsigned short const*, int, int, float)",1069,36,32772.0,0.0,0.0,0.0,0.0,0.0,100.0,4912602250167299.0,4912602250179619.0
1069,1,87552,256,19968,0,32,0,48,64,"batch_decode_kernels::mfma_gate_up_swiglu(float*, float const*, unsigned short const*, unsigned short const*, int, int, int)",1070,20,357723.0,5603328.0,0.0,0.0,0.0,0.0,1368.0,4912602250245219.0,4912602250462660.0
1070,1,16384,256,11264,0,24,0,48,64,"batch_decode_kernels::mfma_gemm(float*, float const*, unsigned short const*, int, int, int, int)",1071,19,799855.0,2801664.0,0.0,0.0,0.0,0.0,256.0,4912602250533860.0,4912602251010662.0
1071,1,6400,256,1024,0,12,4,32,64,"batch_decode_kernels::rmsnorm(float*, float const*, unsigned short const*, int, int, float)",1072,36,32535.0,0.0,0.0,0.0,0.0,0.0,100.0,4912602251082983.0,4912602251095303.0
1072,1,24576,256,11264,0,24,0,48,64,"batch_decode_kernels::mfma_gemm(float*, float const*, unsigned short const*, int, int, int, int)",1073,19,168327.0,786432.0,0.0,0.0,0.0,0.0,384.0,4912602251171143.0,4912602251266824.0
1073,1,4608,256,11264,0,24,0,48,64,"batch_decode_kernels::mfma_gemm(float*, float const*, unsigned short const*, int, int, int, int)",1074,19,166195.0,147456.0,0.0,0.0,0.0,0.0,72.0,4912602251336744.0,4912602251429064.0
1074,1,6400,256,1024,0,24,0,32,64,"batch_decode_kernels::prefill_kv_norm_rope(unsigned short*, float const*, unsigned short const*, int, int, int, int, int, int, float const*, int, float)",1075,38,28218.0,0.0,0.0,0.0,0.0,0.0,100.0,4912602251492265.0,4912602251502185.0
1075,1,65536,256,11264,0,24,0,48,64,"batch_decode_kernels::mfma_head_gemm(float*, float const*, unsigned short const*, int, int, int, int, int, int, unsigned long)",1076,29,35347.0,131072.0,0.0,0.0,0.0,0.0,1024.0,4912602251573545.0,4912602251588265.0
1076,1,25600,256,0,0,24,0,32,64,"batch_decode_kernels::prefill_q_rope(float*, float const*, int, int, int, int, int, float const*, int)",1077,40,24855.0,0.0,0.0,0.0,0.0,0.0,400.0,4912602251656425.0,4912602251664265.0
1077,1,25600,256,0,0,64,0,96,64,"void batch_decode_kernels::flash_prefill<8>(float*, float const*, float const*, unsigned short const*, int, int, int, int, int, int, int, float)",1078,26,70156.0,0.0,0.0,0.0,0.0,0.0,400.0,4912602251738346.0,4912602251773386.0
1078,1,16384,256,11264,0,24,0,48,64,"batch_decode_kernels::mfma_head_gemm(float*, float const*, unsigned short const*, int, int, int, int, int, int, unsigned long)",1079,29,58641.0,131072.0,0.0,0.0,0.0,0.0,256.0,4912602251842186.0,4912602251870986.0
1079,1,16384,256,11264,0,24,0,48,64,"batch_decode_kernels::mfma_gemm(float*, float const*, unsigned short const*, int, int, int, int)",1080,19,167157.0,524288.0,0.0,0.0,0.0,0.0,256.0,4912602251950507.0,4912602252044427.0
1080,1,6400,256,1024,0,12,4,32,64,"batch_decode_kernels::rmsnorm(float*, float const*, unsigned short const*, int, int, float)",1081,36,32770.0,0.0,0.0,0.0,0.0,0.0,100.0,4912602252117067.0,4912602252129707.0
1081,1,512,256,11264,0,24,0,48,64,"batch_decode_kernels::mfma_gemm(float*, float const*, unsigned short const*, int, int, int, int)",1082,19,172631.0,16384.0,0.0,0.0,0.0,0.0,8.0,4912602252191788.0,4912602252287468.0
1082,1,1600,64,0,0,16,0,48,64,"void moe_kernels::router_topk_wave64_kernel<64>(float*, float const*, int*, float*, int, int, int, int, int, float)",1083,55,38420.0,0.0,0.0,0.0,0.0,0.0,25.0,4912602252349868.0,4912602252365708.0
1083,1,256,256,1024,0,12,4,64,64,"batch_decode_kernels::align_routes(int const*, int, int, int, int*, int*, int*)",1084,17,45461.0,0.0,0.0,0.0,0.0,0.0,4.0,4912602252423789.0,4912602252443789.0
1084,1,394240,256,19968,0,36,4,48,64,"void batch_decode_kernels::grouped_expert_gate_up<16, 1>(float const*, char const*, unsigned long const*, unsigned long const*, int const*, int const*, float*, unsigned short*, int, int, int, int, int)",1085,31,564361.0,7929856.0,0.0,0.0,0.0,0.0,6160.0,4912602252521229.0,4912602252867631.0
1085,1,22528,256,19968,0,32,0,48,64,"batch_decode_kernels::mfma_gate_up_swiglu(float*, float const*, unsigned short const*, unsigned short const*, int, int, int)",1086,20,179086.0,1441792.0,0.0,0.0,0.0,0.0,352.0,4912602252937711.0,4912602253040431.0
1086,1,573440,256,11264,0,24,0,48,64,"void batch_decode_kernels::grouped_expert_down<16, 1>(float const*, unsigned short const*, char const*, unsigned long const*, int const*, int const*, float*, int, int, int, int)",1087,32,349590.0,3964928.0,0.0,0.0,0.0,0.0,8960.0,4912602253111632.0,4912602253323793.0
1087,1,6400,256,0,0,12,4,32,64,"batch_decode_kernels::reduce_routes_add(float*, float const*, float const*, int, int, int)",1088,28,58169.0,0.0,0.0,0.0,0.0,0.0,100.0,4912602253395153.0,4912602253422993.0
1088,1,16384,256,11264,0,24,0,48,64,"batch_decode_kernels::mfma_gemm(float*, float const*, unsigned short const*, int, int, int, int)",1089,19,222100.0,720896.0,0.0,0.0,0.0,0.0,256.0,4912602253482353.0,4912602253609554.0
1089,1,6400,256,1024,0,12,4,32,64,"batch_decode_kernels::rmsnorm(float*, float const*, unsigned short const*, int, int, float)",1090,36,33808.0,0.0,0.0,0.0,0.0,0.0,100.0,4912602253677874.0,4912602253690834.0
1090,1,24576,256,11264,0,24,0,48,64,"batch_decode_kernels::mfma_gemm(float*, float const*, unsigned short const*, int, int, int, int)",1091,19,165953.0,786432.0,0.0,0.0,0.0,0.0,384.0,4912602253753554.0,4912602253847795.0
1091,1,4608,256,11264,0,24,0,48,64,"batch_decode_kernels::mfma_gemm(float*, float const*, unsigned short const*, int, int, int, int)",1092,19,166440.0,147456.0,0.0,0.0,0.0,0.0,72.0,4912602253923635.0,4912602254015956.0
1092,1,6400,256,1024,0,24,0,32,64,"batch_decode_kernels::prefill_kv_norm_rope(unsigned short*, float const*, unsigned short const*, int, int, int, int, int, int, float const*, int, float)",1093,38,29021.0,0.0,0.0,0.0,0.0,0.0,100.0,4912602254111796.0,4912602254121876.0
1093,1,65536,256,11264,0,24,0,48,64,"batch_decode_kernels::mfma_head_gemm(float*, float const*, unsigned short const*, int, int, int, int, int, int, unsigned long)",1094,29,34862.0,131072.0,0.0,0.0,0.0,0.0,1024.0,4912602254193236.0,4912602254207316.0
1094,1,25600,256,0,0,24,0,32,64,"batch_decode_kernels::prefill_q_rope(float*, float const*, int, int, int, int, int, float const*, int)",1095,40,24130.0,0.0,0.0,0.0,0.0,0.0,400.0,4912602254273237.0,4912602254280597.0
1095,1,25600,256,0,0,64,0,96,64,"void batch_decode_kernels::flash_prefill<8>(float*, float const*, float const*, unsigned short const*, int, int, int, int, int, int, int, float)",1096,26,67774.0,0.0,0.0,0.0,0.0,0.0,400.0,4912602254350997.0,4912602254384597.0
1096,1,16384,256,11264,0,24,0,48,64,"batch_decode_kernels::mfma_head_gemm(float*, float const*, unsigned short const*, int, int, int, int, int, int, unsigned long)",1097,29,60467.0,131072.0,0.0,0.0,0.0,0.0,256.0,4912602254459158.0,4912602254488438.0
1097,1,16384,256,11264,0,24,0,48,64,"batch_decode_kernels::mfma_gemm(float*, float const*, unsigned short const*, int, int, int, int)",1098,19,167995.0,524288.0,0.0,0.0,0.0,0.0,256.0,4912602254558358.0,4912602254653078.0
1098,1,6400,256,1024,0,12,4,32,64,"batch_decode_kernels::rmsnorm(float*, float const*, unsigned short const*, int, int, float)",1099,36,34416.0,0.0,0.0,0.0,0.0,0.0,100.0,4912602254723319.0,4912602254736439.0
1099,1,512,256,11264,0,24,0,48,64,"batch_decode_kernels::mfma_gemm(float*, float const*, unsigned short const*, int, int, int, int)",1100,19,177330.0,16384.0,0.0,0.0,0.0,0.0,8.0,4912602254819799.0,4912602254918360.0
1100,1,1600,64,0,0,16,0,48,64,"void moe_kernels::router_topk_wave64_kernel<64>(float*, float const*, int*, float*, int, int, int, int, int, float)",1101,55,38539.0,0.0,0.0,0.0,0.0,0.0,25.0,4912602254990520.0,4912602255006360.0
1101,1,256,256,1024,0,12,4,64,64,"batch_decode_kernels::align_routes(int const*, int, int, int, int*, int*, int*)",1102,17,44938.0,0.0,0.0,0.0,0.0,0.0,4.0,4912602255083800.0,4912602255103640.0
1102,1,394240,256,19968,0,36,4,48,64,"void batch_decode_kernels::grouped_expert_gate_up<16, 1>(float const*, char const*, unsigned long const*, unsigned long const*, int const*, int const*, float*, unsigned short*, int, int, int, int, int)",1103,31,613795.0,9011200.0,0.0,0.0,0.0,0.0,6160.0,4912602255186521.0,4912602255564602.0
1103,1,22528,256,19968,0,32,0,48,64,"batch_decode_kernels::mfma_gate_up_swiglu(float*, float const*, unsigned short const*, unsigned short const*, int, int, int)",1104,20,178041.0,1441792.0,0.0,0.0,0.0,0.0,352.0,4912602255643803.0,4912602255745883.0
1104,1,573440,256,11264,0,24,0,48,64,"void batch_decode_kernels::grouped_expert_down<16, 1>(float const*, unsigned short const*, char const*, unsigned long const*, int const*, int const*, float*, int, int, int, int)",1105,32,360283.0,4505600.0,0.0,0.0,0.0,0.0,8960.0,4912602255828124.0,4912602256048125.0
1105,1,6400,256,0,0,12,4,32,64,"batch_decode_kernels::reduce_routes_add(float*, float const*, float const*, int, int, int)",1106,28,57551.0,0.0,0.0,0.0,0.0,0.0,100.0,4912602256126685.0,4912602256154205.0
1106,1,16384,256,11264,0,24,0,48,64,"batch_decode_kernels::mfma_gemm(float*, float const*, unsigned short const*, int, int, int, int)",1107,19,223252.0,720896.0,0.0,0.0,0.0,0.0,256.0,4912602256240925.0,4912602256368606.0
1107,1,6400,256,1024,0,12,4,32,64,"batch_decode_kernels::rmsnorm(float*, float const*, unsigned short const*, int, int, float)",1108,36,32500.0,0.0,0.0,0.0,0.0,0.0,100.0,4912602256463006.0,4912602256475166.0
1108,1,24576,256,11264,0,24,0,48,64,"batch_decode_kernels::mfma_gemm(float*, float const*, unsigned short const*, int, int, int, int)",1109,19,167151.0,786432.0,0.0,0.0,0.0,0.0,384.0,4912602256561407.0,4912602256656447.0
1109,1,4608,256,11264,0,24,0,48,64,"batch_decode_kernels::mfma_gemm(float*, float const*, unsigned short const*, int, int, int, int)",1110,19,164949.0,147456.0,0.0,0.0,0.0,0.0,72.0,4912602256749248.0,4912602256840928.0
1110,1,6400,256,1024,0,24,0,32,64,"batch_decode_kernels::prefill_kv_norm_rope(unsigned short*, float const*, unsigned short const*, int, int, int, int, int, int, float const*, int, float)",1111,38,27967.0,0.0,0.0,0.0,0.0,0.0,100.0,4912602256921088.0,4912602256930848.0
1111,1,65536,256,11264,0,24,0,48,64,"batch_decode_kernels::mfma_head_gemm(float*, float const*, unsigned short const*, int, int, int, int, int, int, unsigned long)",1112,29,36329.0,131072.0,0.0,0.0,0.0,0.0,1024.0,4912602256999329.0,4912602257014209.0
1112,1,25600,256,0,0,24,0,32,64,"batch_decode_kernels::prefill_q_rope(float*, float const*, int, int, int, int, int, float const*, int)",1113,40,24329.0,0.0,0.0,0.0,0.0,0.0,400.0,4912602257107009.0,4912602257114849.0
1113,1,25600,256,0,0,64,0,96,64,"void batch_decode_kernels::flash_prefill<8>(float*, float const*, float const*, unsigned short const*, int, int, int, int, int, int, int, float)",1114,26,65838.0,0.0,0.0,0.0,0.0,0.0,400.0,4912602257209410.0,4912602257242050.0
1114,1,16384,256,11264,0,24,0,48,64,"batch_decode_kernels::mfma_head_gemm(float*, float const*, unsigned short const*, int, int, int, int, int, int, unsigned long)",1115,29,59769.0,131072.0,0.0,0.0,0.0,0.0,256.0,4912602257311970.0,4912602257341090.0
1115,1,16384,256,11264,0,24,0,48,64,"batch_decode_kernels::mfma_gemm(float*, float const*, unsigned short const*, int, int, int, int)",1116,19,169882.0,524288.0,0.0,0.0,0.0,0.0,256.0,4912602257438051.0,4912602257533411.0
1116,1,6400,256,1024,0,12,4,32,64,"batch_decode_kernels::rmsnorm(float*, float const*, unsigned short const*, int, int, float)",1117,36,32166.0,0.0,0.0,0.0,0.0,0.0,100.0,4912602257611331.0,4912602257623652.0
1117,1,512,256,11264,0,24,0,48,64,"batch_decode_kernels::mfma_gemm(float*, float const*, unsigned short const*, int, int, int, int)",1118,19,174979.0,16384.0,0.0,0.0,0.0,0.0,8.0,4912602257715172.0,4912602257812292.0
1118,1,1600,64,0,0,16,0,48,64,"void moe_kernels::router_topk_wave64_kernel<64>(float*, float const*, int*, float*, int, int, int, int, int, float)",1119,55,37805.0,0.0,0.0,0.0,0.0,0.0,25.0,4912602257874533.0,4912602257890053.0
1119,1,256,256,1024,0,12,4,64,64,"batch_decode_kernels::align_routes(int const*, int, int, int, int*, int*, int*)",1120,17,44876.0,0.0,0.0,0.0,0.0,0.0,4.0,4912602257957893.0,4912602257977733.0
1120,1,394240,256,19968,0,36,4,48,64,"void batch_decode_kernels::grouped_expert_gate_up<16, 1>(float const*, char const*, unsigned long const*, unsigned long const*, int const*, int const*, float*, unsigned short*, int, int, int, int, int)",1121,31,596621.0,8650752.0,0.0,0.0,0.0,0.0,6160.0,4912602258051493.0,4912602258418695.0
1121,1,22528,256,19968,0,32,0,48,64,"batch_decode_kernels::mfma_gate_up_swiglu(float*, float const*, unsigned short const*, unsigned short const*, int, int, int)",1122,20,179497.0,1441792.0,0.0,0.0,0.0,0.0,352.0,4912602258499655.0,4912602258602536.0
1122,1,573440,256,11264,0,24,0,48,64,"void batch_decode_kernels::grouped_expert_down<16, 1>(float const*, unsigned short const*, char const*, unsigned long const*, int const*, int const*, float*, int, int, int, int)",1123,32,348697.0,4325376.0,0.0,0.0,0.0,0.0,8960.0,4912602258694856.0,4912602258907177.0
1123,1,6400,256,0,0,12,4,32,64,"batch_decode_kernels::reduce_routes_add(float*, float const*, float const*, int, int, int)",1124,28,58631.0,0.0,0.0,0.0,0.0,0.0,100.0,4912602258991498.0,4912602259019498.0
1124,1,16384,256,11264,0,24,0,48,64,"batch_decode_kernels::mfma_gemm(float*, float const*, unsigned short const*, int, int, int, int)",1125,19,224648.0,720896.0,0.0,0.0,0.0,0.0,256.0,4912602259118218.0,4912602259247019.0
1125,1,6400,256,1024,0,12,4,32,64,"batch_decode_kernels::rmsnorm(float*, float const*, unsigned short const*, int, int, float)",1126,36,33291.0,0.0,0.0,0.0,0.0,0.0,100.0,4912602259351179.0,4912602259363819.0
1126,1,24576,256,11264,0,24,0,48,64,"batch_decode_kernels::mfma_gemm(float*, float const*, unsigned short const*, int, int, int, int)",1127,19,167965.0,786432.0,0.0,0.0,0.0,0.0,384.0,4912602259446860.0,4912602259541740.0
1127,1,4608,256,11264,0,24,0,48,64,"batch_decode_kernels::mfma_gemm(float*, float const*, unsigned short const*, int, int, int, int)",1128,19,164997.0,147456.0,0.0,0.0,0.0,0.0,72.0,4912602259630220.0,4912602259721421.0
1128,1,6400,256,1024,0,24,0,32,64,"batch_decode_kernels::prefill_kv_norm_rope(unsigned short*, float const*, unsigned short const*, int, int, int, int, int, int, float const*, int, float)",1129,38,28660.0,0.0,0.0,0.0,0.0,0.0,100.0,4912602259811341.0,4912602259821421.0
1129,1,65536,256,11264,0,24,0,48,64,"batch_decode_kernels::mfma_head_gemm(float*, float const*, unsigned short const*, int, int, int, int, int, int, unsigned long)",1130,29,35514.0,131072.0,0.0,0.0,0.0,0.0,1024.0,4912602259909582.0,4912602259924142.0
1130,1,25600,256,0,0,24,0,32,64,"batch_decode_kernels::prefill_q_rope(float*, float const*, int, int, int, int, int, float const*, int)",1131,40,24198.0,0.0,0.0,0.0,0.0,0.0,400.0,4912602260010862.0,4912602260018222.0
1131,1,25600,256,0,0,64,0,96,64,"void batch_decode_kernels::flash_prefill<8>(float*, float const*, float const*, unsigned short const*, int, int, int, int, int, int, int, float)",1132,26,68655.0,0.0,0.0,0.0,0.0,0.0,400.0,4912602260117583.0,4912602260151823.0
1132,1,16384,256,11264,0,24,0,48,64,"batch_decode_kernels::mfma_head_gemm(float*, float const*, unsigned short const*, int, int, int, int, int, int, unsigned long)",1133,29,59903.0,131072.0,0.0,0.0,0.0,0.0,256.0,4912602260220303.0,4912602260249423.0
1133,1,16384,256,11264,0,24,0,48,64,"batch_decode_kernels::mfma_gemm(float*, float const*, unsigned short const*, int, int, int, int)",1134,19,169400.0,524288.0,0.0,0.0,0.0,0.0,256.0,4912602260346224.0,4912602260441584.0
1134,1,6400,256,1024,0,12,4,32,64,"batch_decode_kernels::rmsnorm(float*, float const*, unsigned short const*, int, int, float)",1135,36,32549.0,0.0,0.0,0.0,0.0,0.0,100.0,4912602260507984.0,4912602260520304.0
1135,1,512,256,11264,0,24,0,48,64,"batch_decode_kernels::mfma_gemm(float*, float const*, unsigned short const*, int, int, int, int)",1136,19,175598.0,16384.0,0.0,0.0,0.0,0.0,8.0,4912602260579825.0,4912602260677265.0
1136,1,1600,64,0,0,16,0,48,64,"void moe_kernels::router_topk_wave64_kernel<64>(float*, float const*, int*, float*, int, int, int, int, int, float)",1137,55,38603.0,0.0,0.0,0.0,0.0,0.0,25.0,4912602260738065.0,4912602260754065.0
1137,1,256,256,1024,0,12,4,64,64,"batch_decode_kernels::align_routes(int const*, int, int, int, int*, int*, int*)",1138,17,44948.0,0.0,0.0,0.0,0.0,0.0,4.0,4912602260840306.0,4912602260859986.0
1138,1,394240,256,19968,0,36,4,48,64,"void batch_decode_kernels::grouped_expert_gate_up<16, 1>(float const*, char const*, unsigned long const*, unsigned long const*, int const*, int const*, float*, unsigned short*, int, int, int, int, int)",1139,31,589618.0,8650752.0,0.0,0.0,0.0,0.0,6160.0,4912602260946226.0,4912602261308788.0
1139,1,22528,256,19968,0,32,0,48,64,"batch_decode_kernels::mfma_gate_up_swiglu(float*, float const*, unsigned short const*, unsigned short const*, int, int, int)",1140,20,182120.0,1441792.0,0.0,0.0,0.0,0.0,352.0,4912602261393588.0,4912602261497909.0
1140,1,573440,256,11264,0,24,0,48,64,"void batch_decode_kernels::grouped_expert_down<16, 1>(float const*, unsigned short const*, char const*, unsigned long const*, int const*, int const*, float*, int, int, int, int)",1141,32,350349.0,4325376.0,0.0,0.0,0.0,0.0,8960.0,4912602261561109.0,4912602261774550.0
1141,1,6400,256,0,0,12,4,32,64,"batch_decode_kernels::reduce_routes_add(float*, float const*, float const*, int, int, int)",1142,28,58936.0,0.0,0.0,0.0,0.0,0.0,100.0,4912602261864470.0,4912602261892630.0
1142,1,16384,256,11264,0,24,0,48,64,"batch_decode_kernels::mfma_gemm(float*, float const*, unsigned short const*, int, int, int, int)",1143,19,223772.0,720896.0,0.0,0.0,0.0,0.0,256.0,4912602261981751.0,4912602262109911.0
1143,1,6400,256,1024,0,12,4,32,64,"batch_decode_kernels::rmsnorm(float*, float const*, unsigned short const*, int, int, float)",1144,36,36302.0,0.0,0.0,0.0,0.0,0.0,100.0,4912602262201272.0,4912602262215672.0
1144,1,24576,256,11264,0,24,0,48,64,"batch_decode_kernels::mfma_gemm(float*, float const*, unsigned short const*, int, int, int, int)",1145,19,166649.0,786432.0,0.0,0.0,0.0,0.0,384.0,4912602262282872.0,4912602262377272.0
1145,1,4608,256,11264,0,24,0,48,64,"batch_decode_kernels::mfma_gemm(float*, float const*, unsigned short const*, int, int, int, int)",1146,19,162611.0,147456.0,0.0,0.0,0.0,0.0,72.0,4912602262472953.0,4912602262563193.0
1146,1,6400,256,1024,0,24,0,32,64,"batch_decode_kernels::prefill_kv_norm_rope(unsigned short*, float const*, unsigned short const*, int, int, int, int, int, int, float const*, int, float)",1147,38,28320.0,0.0,0.0,0.0,0.0,0.0,100.0,4912602262657114.0,4912602262667194.0
1147,1,65536,256,11264,0,24,0,48,64,"batch_decode_kernels::mfma_head_gemm(float*, float const*, unsigned short const*, int, int, int, int, int, int, unsigned long)",1148,29,35860.0,131072.0,0.0,0.0,0.0,0.0,1024.0,4912602262771994.0,4912602262786714.0
1148,1,25600,256,0,0,24,0,32,64,"batch_decode_kernels::prefill_q_rope(float*, float const*, int, int, int, int, int, float const*, int)",1149,40,24930.0,0.0,0.0,0.0,0.0,0.0,400.0,4912602262858075.0,4912602262865915.0
1149,1,25600,256,0,0,64,0,96,64,"void batch_decode_kernels::flash_prefill<8>(float*, float const*, float const*, unsigned short const*, int, int, int, int, int, int, int, float)",1150,26,65911.0,0.0,0.0,0.0,0.0,0.0,400.0,4912602262940635.0,4912602262973275.0
1150,1,16384,256,11264,0,24,0,48,64,"batch_decode_kernels::mfma_head_gemm(float*, float const*, unsigned short const*, int, int, int, int, int, int, unsigned long)",1151,29,60139.0,131072.0,0.0,0.0,0.0,0.0,256.0,4912602263067835.0,4912602263096796.0
1151,1,16384,256,11264,0,24,0,48,64,"batch_decode_kernels::mfma_gemm(float*, float const*, unsigned short const*, int, int, int, int)",1152,19,169369.0,524288.0,0.0,0.0,0.0,0.0,256.0,4912602263191516.0,4912602263286876.0
1152,1,6400,256,1024,0,12,4,32,64,"batch_decode_kernels::rmsnorm(float*, float const*, unsigned short const*, int, int, float)",1153,36,33001.0,0.0,0.0,0.0,0.0,0.0,100.0,4912602263406237.0,4912602263418877.0
1153,1,512,256,11264,0,24,0,48,64,"batch_decode_kernels::mfma_gemm(float*, float const*, unsigned short const*, int, int, int, int)",1154,19,174452.0,16384.0,0.0,0.0,0.0,0.0,8.0,4912602263495197.0,4912602263591998.0
1154,1,1600,64,0,0,16,0,48,64,"void moe_kernels::router_topk_wave64_kernel<64>(float*, float const*, int*, float*, int, int, int, int, int, float)",1155,55,38782.0,0.0,0.0,0.0,0.0,0.0,25.0,4912602263653918.0,4912602263669918.0
1155,1,256,256,1024,0,12,4,64,64,"batch_decode_kernels::align_routes(int const*, int, int, int, int*, int*, int*)",1156,17,44028.0,0.0,0.0,0.0,0.0,0.0,4.0,4912602263774719.0,4912602263793759.0
1156,1,394240,256,19968,0,36,4,48,64,"void batch_decode_kernels::grouped_expert_gate_up<16, 1>(float const*, char const*, unsigned long const*, unsigned long const*, int const*, int const*, float*, unsigned short*, int, int, int, int, int)",1157,31,581337.0,8290304.0,0.0,0.0,0.0,0.0,6160.0,4912602263865279.0,4912602264222401.0
1157,1,22528,256,19968,0,32,0,48,64,"batch_decode_kernels::mfma_gate_up_swiglu(float*, float const*, unsigned short const*, unsigned short const*, int, int, int)",1158,20,179531.0,1441792.0,0.0,0.0,0.0,0.0,352.0,4912602264291521.0,4912602264394401.0
1158,1,573440,256,11264,0,24,0,48,64,"void batch_decode_kernels::grouped_expert_down<16, 1>(float const*, unsigned short const*, char const*, unsigned long const*, int const*, int const*, float*, int, int, int, int)",1159,32,346306.0,4145152.0,0.0,0.0,0.0,0.0,8960.0,4912602264458082.0,4912602264668803.0
1159,1,6400,256,0,0,12,4,32,64,"batch_decode_kernels::reduce_routes_add(float*, float const*, float const*, int, int, int)",1160,28,57509.0,0.0,0.0,0.0,0.0,0.0,100.0,4912602264778243.0,4912602264805763.0
1160,1,16384,256,11264,0,24,0,48,64,"batch_decode_kernels::mfma_gemm(float*, float const*, unsigned short const*, int, int, int, int)",1161,19,226065.0,720896.0,0.0,0.0,0.0,0.0,256.0,4912602264914404.0,4912602265044164.0
1161,1,6400,256,1024,0,12,4,32,64,"batch_decode_kernels::rmsnorm(float*, float const*, unsigned short const*, int, int, float)",1162,36,32483.0,0.0,0.0,0.0,0.0,0.0,100.0,4912602265131045.0,4912602265143205.0
1162,1,24576,256,11264,0,24,0,48,64,"batch_decode_kernels::mfma_gemm(float*, float const*, unsigned short const*, int, int, int, int)",1163,19,166735.0,786432.0,0.0,0.0,0.0,0.0,384.0,4912602265264805.0,4912602265359366.0
1163,1,4608,256,11264,0,24,0,48,64,"batch_decode_kernels::mfma_gemm(float*, float const*, unsigned short const*, int, int, int, int)",1164,19,164826.0,147456.0,0.0,0.0,0.0,0.0,72.0,4912602265436646.0,4912602265528006.0
1164,1,6400,256,1024,0,24,0,32,64,"batch_decode_kernels::prefill_kv_norm_rope(unsigned short*, float const*, unsigned short const*, int, int, int, int, int, int, float const*, int, float)",1165,38,28665.0,0.0,0.0,0.0,0.0,0.0,100.0,4912602265628327.0,4912602265638567.0
1165,1,65536,256,11264,0,24,0,48,64,"batch_decode_kernels::mfma_head_gemm(float*, float const*, unsigned short const*, int, int, int, int, int, int, unsigned long)",1166,29,35759.0,131072.0,0.0,0.0,0.0,0.0,1024.0,4912602265727847.0,4912602265742567.0
1166,1,25600,256,0,0,24,0,32,64,"batch_decode_kernels::prefill_q_rope(float*, float const*, int, int, int, int, int, float const*, int)",1167,40,24065.0,0.0,0.0,0.0,0.0,0.0,400.0,4912602265822888.0,4912602265830248.0
1167,1,25600,256,0,0,64,0,96,64,"void batch_decode_kernels::flash_prefill<8>(float*, float const*, float const*, unsigned short const*, int, int, int, int, int, int, int, float)",1168,26,69453.0,0.0,0.0,0.0,0.0,0.0,400.0,4912602265937128.0,4912602265971848.0
1168,1,16384,256,11264,0,24,0,48,64,"batch_decode_kernels::mfma_head_gemm(float*, float const*, unsigned short const*, int, int, int, int, int, int, unsigned long)",1169,29,59668.0,131072.0,0.0,0.0,0.0,0.0,256.0,4912602266047529.0,4912602266076489.0
1169,1,16384,256,11264,0,24,0,48,64,"batch_decode_kernels::mfma_gemm(float*, float const*, unsigned short const*, int, int, int, int)",1170,19,167116.0,524288.0,0.0,0.0,0.0,0.0,256.0,4912602266145129.0,4912602266239209.0
1170,1,6400,256,1024,0,12,4,32,64,"batch_decode_kernels::rmsnorm(float*, float const*, unsigned short const*, int, int, float)",1171,36,32111.0,0.0,0.0,0.0,0.0,0.0,100.0,4912602266328490.0,4912602266340490.0
1171,1,512,256,11264,0,24,0,48,64,"batch_decode_kernels::mfma_gemm(float*, float const*, unsigned short const*, int, int, int, int)",1172,19,178339.0,16384.0,0.0,0.0,0.0,0.0,8.0,4912602266425610.0,4912602266524651.0
1172,1,1600,64,0,0,16,0,48,64,"void moe_kernels::router_topk_wave64_kernel<64>(float*, float const*, int*, float*, int, int, int, int, int, float)",1173,55,38307.0,0.0,0.0,0.0,0.0,0.0,25.0,4912602266615691.0,4912602266631691.0
1173,1,256,256,1024,0,12,4,64,64,"batch_decode_kernels::align_routes(int const*, int, int, int, int*, int*, int*)",1174,17,43921.0,0.0,0.0,0.0,0.0,0.0,4.0,4912602266714572.0,4912602266733772.0
1174,1,394240,256,19968,0,36,4,48,64,"void batch_decode_kernels::grouped_expert_gate_up<16, 1>(float const*, char const*, unsigned long const*, unsigned long const*, int const*, int const*, float*, unsigned short*, int, int, int, int, int)",1175,31,625388.0,9011200.0,0.0,0.0,0.0,0.0,6160.0,4912602266832332.0,4912602267217134.0
1175,1,22528,256,19968,0,32,0,48,64,"batch_decode_kernels::mfma_gate_up_swiglu(float*, float const*, unsigned short const*, unsigned short const*, int, int, int)",1176,20,177956.0,1441792.0,0.0,0.0,0.0,0.0,352.0,4912602267340014.0,4912602267441935.0
1176,1,573440,256,11264,0,24,0,48,64,"void batch_decode_kernels::grouped_expert_down<16, 1>(float const*, unsigned short const*, char const*, unsigned long const*, int const*, int const*, float*, int, int, int, int)",1177,32,369356.0,4505600.0,0.0,0.0,0.0,0.0,8960.0,4912602267539855.0,4912602267764976.0
1177,1,6400,256,0,0,12,4,32,64,"batch_decode_kernels::reduce_routes_add(float*, float const*, float const*, int, int, int)",1178,28,58336.0,0.0,0.0,0.0,0.0,0.0,100.0,4912602267841297.0,4912602267868977.0
1178,1,16384,256,11264,0,24,0,48,64,"batch_decode_kernels::mfma_gemm(float*, float const*, unsigned short const*, int, int, int, int)",1179,19,225834.0,720896.0,0.0,0.0,0.0,0.0,256.0,4912602267989617.0,4912602268119218.0
1179,1,6400,256,1024,0,12,4,32,64,"batch_decode_kernels::rmsnorm(float*, float const*, unsigned short const*, int, int, float)",1180,36,33153.0,0.0,0.0,0.0,0.0,0.0,100.0,4912602268198578.0,4912602268211538.0
1180,1,24576,256,11264,0,24,0,48,64,"batch_decode_kernels::mfma_gemm(float*, float const*, unsigned short const*, int, int, int, int)",1181,19,167602.0,786432.0,0.0,0.0,0.0,0.0,384.0,4912602268352019.0,4912602268446899.0
1181,1,4608,256,11264,0,24,0,48,64,"batch_decode_kernels::mfma_gemm(float*, float const*, unsigned short const*, int, int, int, int)",1182,19,165124.0,147456.0,0.0,0.0,0.0,0.0,72.0,4912602268512019.0,4912602268603380.0
1182,1,6400,256,1024,0,24,0,32,64,"batch_decode_kernels::prefill_kv_norm_rope(unsigned short*, float const*, unsigned short const*, int, int, int, int, int, int, float const*, int, float)",1183,38,28653.0,0.0,0.0,0.0,0.0,0.0,100.0,4912602268672980.0,4912602268682900.0
1183,1,65536,256,11264,0,24,0,48,64,"batch_decode_kernels::mfma_head_gemm(float*, float const*, unsigned short const*, int, int, int, int, int, int, unsigned long)",1184,29,34493.0,131072.0,0.0,0.0,0.0,0.0,1024.0,4912602268787061.0,4912602268801141.0
1184,1,25600,256,0,0,24,0,32,64,"batch_decode_kernels::prefill_q_rope(float*, float const*, int, int, int, int, int, float const*, int)",1185,40,24929.0,0.0,0.0,0.0,0.0,0.0,400.0,4912602268897781.0,4912602268905461.0
1185,1,25600,256,0,0,64,0,96,64,"void batch_decode_kernels::flash_prefill<8>(float*, float const*, float const*, unsigned short const*, int, int, int, int, int, int, int, float)",1186,26,69852.0,0.0,0.0,0.0,0.0,0.0,400.0,4912602269006422.0,4912602269041462.0
1186,1,16384,256,11264,0,24,0,48,64,"batch_decode_kernels::mfma_head_gemm(float*, float const*, unsigned short const*, int, int, int, int, int, int, unsigned long)",1187,29,59209.0,131072.0,0.0,0.0,0.0,0.0,256.0,4912602269129622.0,4912602269158582.0
1187,1,16384,256,11264,0,24,0,48,64,"batch_decode_kernels::mfma_gemm(float*, float const*, unsigned short const*, int, int, int, int)",1188,19,169818.0,524288.0,0.0,0.0,0.0,0.0,256.0,4912602269288983.0,4912602269384663.0
1188,1,6400,256,1024,0,12,4,32,64,"batch_decode_kernels::rmsnorm(float*, float const*, unsigned short const*, int, int, float)",1189,36,32357.0,0.0,0.0,0.0,0.0,0.0,100.0,4912602269449464.0,4912602269461944.0
1189,1,512,256,11264,0,24,0,48,64,"batch_decode_kernels::mfma_gemm(float*, float const*, unsigned short const*, int, int, int, int)",1190,19,173549.0,16384.0,0.0,0.0,0.0,0.0,8.0,4912602269565784.0,4912602269662425.0
1190,1,1600,64,0,0,16,0,48,64,"void moe_kernels::router_topk_wave64_kernel<64>(float*, float const*, int*, float*, int, int, int, int, int, float)",1191,55,38607.0,0.0,0.0,0.0,0.0,0.0,25.0,4912602269725625.0,4912602269741785.0
1191,1,256,256,1024,0,12,4,64,64,"batch_decode_kernels::align_routes(int const*, int, int, int, int*, int*, int*)",1192,17,44994.0,0.0,0.0,0.0,0.0,0.0,4.0,4912602269843225.0,4912602269862745.0
1192,1,394240,256,19968,0,36,4,48,64,"void batch_decode_kernels::grouped_expert_gate_up<16, 1>(float const*, char const*, unsigned long const*, unsigned long const*, int const*, int const*, float*, unsigned short*, int, int, int, int, int)",1193,31,544634.0,7208960.0,0.0,0.0,0.0,0.0,6160.0,4912602269955706.0,4912602270289147.0
1193,1,22528,256,19968,0,32,0,48,64,"batch_decode_kernels::mfma_gate_up_swiglu(float*, float const*, unsigned short const*, unsigned short const*, int, int, int)",1194,20,180427.0,1441792.0,0.0,0.0,0.0,0.0,352.0,4912602270392028.0,4912602270495228.0
1194,1,573440,256,11264,0,24,0,48,64,"void batch_decode_kernels::grouped_expert_down<16, 1>(float const*, unsigned short const*, char const*, unsigned long const*, int const*, int const*, float*, int, int, int, int)",1195,32,333087.0,3604480.0,0.0,0.0,0.0,0.0,8960.0,4912602270559708.0,4912602270761149.0
1195,1,6400,256,0,0,12,4,32,64,"batch_decode_kernels::reduce_routes_add(float*, float const*, float const*, int, int, int)",1196,28,57905.0,0.0,0.0,0.0,0.0,0.0,100.0,4912602270830910.0,4912602270858590.0
1196,1,16384,256,11264,0,24,0,48,64,"batch_decode_kernels::mfma_gemm(float*, float const*, unsigned short const*, int, int, int, int)",1197,19,224133.0,720896.0,0.0,0.0,0.0,0.0,256.0,4912602270965470.0,4912602271093791.0
1197,1,6400,256,1024,0,12,4,32,64,"batch_decode_kernels::rmsnorm(float*, float const*, unsigned short const*, int, int, float)",1198,36,32970.0,0.0,0.0,0.0,0.0,0.0,100.0,4912602271157311.0,4912602271170271.0
1198,1,24576,256,11264,0,24,0,48,64,"batch_decode_kernels::mfma_gemm(float*, float const*, unsigned short const*, int, int, int, int)",1199,19,166736.0,786432.0,0.0,0.0,0.0,0.0,384.0,4912602271274112.0,4912602271368832.0
1199,1,4608,256,11264,0,24,0,48,64,"batch_decode_kernels::mfma_gemm(float*, float const*, unsigned short const*, int, int, int, int)",1200,19,166828.0,147456.0,0.0,0.0,0.0,0.0,72.0,4912602271445792.0,4912602271538433.0
1200,1,6400,256,1024,0,24,0,32,64,"batch_decode_kernels::prefill_kv_norm_rope(unsigned short*, float const*, unsigned short const*, int, int, int, int, int, int, float const*, int, float)",1201,38,29066.0,0.0,0.0,0.0,0.0,0.0,100.0,4912602271661633.0,4912602271672033.0
1201,1,65536,256,11264,0,24,0,48,64,"batch_decode_kernels::mfma_head_gemm(float*, float const*, unsigned short const*, int, int, int, int, int, int, unsigned long)",1202,29,34867.0,131072.0,0.0,0.0,0.0,0.0,1024.0,4912602271734274.0,4912602271748354.0
1202,1,25600,256,0,0,24,0,32,64,"batch_decode_kernels::prefill_q_rope(float*, float const*, int, int, int, int, int, float const*, int)",1203,40,24815.0,0.0,0.0,0.0,0.0,0.0,400.0,4912602271848034.0,4912602271855554.0
1203,1,25600,256,0,0,64,0,96,64,"void batch_decode_kernels::flash_prefill<8>(float*, float const*, float const*, unsigned short const*, int, int, int, int, int, int, int, float)",1204,26,68663.0,0.0,0.0,0.0,0.0,0.0,400.0,4912602271916514.0,4912602271950915.0
1204,1,16384,256,11264,0,24,0,48,64,"batch_decode_kernels::mfma_head_gemm(float*, float const*, unsigned short const*, int, int, int, int, int, int, unsigned long)",1205,29,59785.0,131072.0,0.0,0.0,0.0,0.0,256.0,4912602272046755.0,4912602272075715.0
1205,1,16384,256,11264,0,24,0,48,64,"batch_decode_kernels::mfma_gemm(float*, float const*, unsigned short const*, int, int, int, int)",1206,19,168303.0,524288.0,0.0,0.0,0.0,0.0,256.0,4912602272166916.0,4912602272261476.0
1206,1,6400,256,1024,0,12,4,32,64,"batch_decode_kernels::rmsnorm(float*, float const*, unsigned short const*, int, int, float)",1207,36,32979.0,0.0,0.0,0.0,0.0,0.0,100.0,4912602272333476.0,4912602272346116.0
1207,1,512,256,11264,0,24,0,48,64,"batch_decode_kernels::mfma_gemm(float*, float const*, unsigned short const*, int, int, int, int)",1208,19,175637.0,16384.0,0.0,0.0,0.0,0.0,8.0,4912602272468197.0,4912602272565637.0
1208,1,1600,64,0,0,16,0,48,64,"void moe_kernels::router_topk_wave64_kernel<64>(float*, float const*, int*, float*, int, int, int, int, int, float)",1209,55,39317.0,0.0,0.0,0.0,0.0,0.0,25.0,4912602272640358.0,4912602272656678.0
1209,1,256,256,1024,0,12,4,64,64,"batch_decode_kernels::align_routes(int const*, int, int, int, int*, int*, int*)",1210,17,42755.0,0.0,0.0,0.0,0.0,0.0,4.0,4912602272763078.0,4912602272781638.0
1210,1,394240,256,19968,0,36,4,48,64,"void batch_decode_kernels::grouped_expert_gate_up<16, 1>(float const*, char const*, unsigned long const*, unsigned long const*, int const*, int const*, float*, unsigned short*, int, int, int, int, int)",1211,31,506933.0,6488064.0,0.0,0.0,0.0,0.0,6160.0,4912602272882599.0,4912602273192360.0
1211,1,22528,256,19968,0,32,0,48,64,"batch_decode_kernels::mfma_gate_up_swiglu(float*, float const*, unsigned short const*, unsigned short const*, int, int, int)",1212,20,177123.0,1441792.0,0.0,0.0,0.0,0.0,352.0,4912602273265160.0,4912602273366441.0
1212,1,573440,256,11264,0,24,0,48,64,"void batch_decode_kernels::grouped_expert_down<16, 1>(float const*, unsigned short const*, char const*, unsigned long const*, int const*, int const*, float*, int, int, int, int)",1213,32,298799.0,3244032.0,0.0,0.0,0.0,0.0,8960.0,4912602273438441.0,4912602273618442.0
1213,1,6400,256,0,0,12,4,32,64,"batch_decode_kernels::reduce_routes_add(float*, float const*, float const*, int, int, int)",1214,28,58335.0,0.0,0.0,0.0,0.0,0.0,100.0,4912602273713802.0,4912602273741802.0
1214,1,16384,256,11264,0,24,0,48,64,"batch_decode_kernels::mfma_gemm(float*, float const*, unsigned short const*, int, int, int, int)",1215,19,224863.0,720896.0,0.0,0.0,0.0,0.0,256.0,4912602273834123.0,4912602273963243.0
1215,1,6400,256,1024,0,12,4,32,64,"batch_decode_kernels::rmsnorm(float*, float const*, unsigned short const*, int, int, float)",1216,36,31435.0,0.0,0.0,0.0,0.0,0.0,100.0,4912602274066604.0,4912602274078604.0
1216,1,24576,256,11264,0,24,0,48,64,"batch_decode_kernels::mfma_gemm(float*, float const*, unsigned short const*, int, int, int, int)",1217,19,166701.0,786432.0,0.0,0.0,0.0,0.0,384.0,4912602274185324.0,4912602274280045.0
1217,1,4608,256,11264,0,24,0,48,64,"batch_decode_kernels::mfma_gemm(float*, float const*, unsigned short const*, int, int, int, int)",1218,19,165939.0,147456.0,0.0,0.0,0.0,0.0,72.0,4912602274357325.0,4912602274449486.0
1218,1,6400,256,1024,0,24,0,32,64,"batch_decode_kernels::prefill_kv_norm_rope(unsigned short*, float const*, unsigned short const*, int, int, int, int, int, int, float const*, int, float)",1219,38,29286.0,0.0,0.0,0.0,0.0,0.0,100.0,4912602274533326.0,4912602274543726.0
1219,1,65536,256,11264,0,24,0,48,64,"batch_decode_kernels::mfma_head_gemm(float*, float const*, unsigned short const*, int, int, int, int, int, int, unsigned long)",1220,29,35053.0,131072.0,0.0,0.0,0.0,0.0,1024.0,4912602274655887.0,4912602274669967.0
1220,1,25600,256,0,0,24,0,32,64,"batch_decode_kernels::prefill_q_rope(float*, float const*, int, int, int, int, int, float const*, int)",1221,40,25534.0,0.0,0.0,0.0,0.0,0.0,400.0,4912602274780207.0,4912602274788527.0
1221,1,25600,256,0,0,64,0,96,64,"void batch_decode_kernels::flash_prefill<8>(float*, float const*, float const*, unsigned short const*, int, int, int, int, int, int, int, float)",1222,26,64149.0,0.0,0.0,0.0,0.0,0.0,400.0,4912602274855727.0,4912602274887568.0
1222,1,16384,256,11264,0,24,0,48,64,"batch_decode_kernels::mfma_head_gemm(float*, float const*, unsigned short const*, int, int, int, int, int, int, unsigned long)",1223,29,59390.0,131072.0,0.0,0.0,0.0,0.0,256.0,4912602274976208.0,4912602275004848.0
1223,1,16384,256,11264,0,24,0,48,64,"batch_decode_kernels::mfma_gemm(float*, float const*, unsigned short const*, int, int, int, int)",1224,19,167934.0,524288.0,0.0,0.0,0.0,0.0,256.0,4912602275102288.0,4912602275196689.0
1224,1,6400,256,1024,0,12,4,32,64,"batch_decode_kernels::rmsnorm(float*, float const*, unsigned short const*, int, int, float)",1225,36,32465.0,0.0,0.0,0.0,0.0,0.0,100.0,4912602275280369.0,4912602275292849.0
1225,1,512,256,11264,0,24,0,48,64,"batch_decode_kernels::mfma_gemm(float*, float const*, unsigned short const*, int, int, int, int)",1226,19,177908.0,16384.0,0.0,0.0,0.0,0.0,8.0,4912602275353650.0,4912602275452050.0
1226,1,1600,64,0,0,16,0,48,64,"void moe_kernels::router_topk_wave64_kernel<64>(float*, float const*, int*, float*, int, int, int, int, int, float)",1227,55,37418.0,0.0,0.0,0.0,0.0,0.0,25.0,4912602275525170.0,4912602275540530.0
1227,1,256,256,1024,0,12,4,64,64,"batch_decode_kernels::align_routes(int const*, int, int, int, int*, int*, int*)",1228,17,45507.0,0.0,0.0,0.0,0.0,0.0,4.0,4912602275654131.0,4912602275674131.0
1228,1,394240,256,19968,0,36,4,48,64,"void batch_decode_kernels::grouped_expert_gate_up<16, 1>(float const*, char const*, unsigned long const*, unsigned long const*, int const*, int const*, float*, unsigned short*, int, int, int, int, int)",1229,31,563581.0,7929856.0,0.0,0.0,0.0,0.0,6160.0,4912602275781811.0,4912602276127733.0
1229,1,22528,256,19968,0,32,0,48,64,"batch_decode_kernels::mfma_gate_up_swiglu(float*, float const*, unsigned short const*, unsigned short const*, int, int, int)",1230,20,179301.0,1441792.0,0.0,0.0,0.0,0.0,352.0,4912602276271414.0,4912602276374134.0
1230,1,573440,256,11264,0,24,0,48,64,"void batch_decode_kernels::grouped_expert_down<16, 1>(float const*, unsigned short const*, char const*, unsigned long const*, int const*, int const*, float*, int, int, int, int)",1231,32,345050.0,3964928.0,0.0,0.0,0.0,0.0,8960.0,4912602276453174.0,4912602276662615.0
1231,1,6400,256,0,0,12,4,32,64,"batch_decode_kernels::reduce_routes_add(float*, float const*, float const*, int, int, int)",1232,28,58106.0,0.0,0.0,0.0,0.0,0.0,100.0,4912602276736056.0,4912602276763736.0
1232,1,16384,256,11264,0,24,0,48,64,"batch_decode_kernels::mfma_gemm(float*, float const*, unsigned short const*, int, int, int, int)",1233,19,224835.0,720896.0,0.0,0.0,0.0,0.0,256.0,4912602276858136.0,4912602276987097.0
1233,1,6400,256,1024,0,12,4,32,64,"batch_decode_kernels::rmsnorm(float*, float const*, unsigned short const*, int, int, float)",1234,36,32265.0,0.0,0.0,0.0,0.0,0.0,100.0,4912602277093817.0,4912602277106297.0
1234,1,24576,256,11264,0,24,0,48,64,"batch_decode_kernels::mfma_gemm(float*, float const*, unsigned short const*, int, int, int, int)",1235,19,168037.0,786432.0,0.0,0.0,0.0,0.0,384.0,4912602277167578.0,4912602277262778.0
1235,1,4608,256,11264,0,24,0,48,64,"batch_decode_kernels::mfma_gemm(float*, float const*, unsigned short const*, int, int, int, int)",1236,19,162763.0,147456.0,0.0,0.0,0.0,0.0,72.0,4912602277351418.0,4912602277441819.0
1236,1,6400,256,1024,0,24,0,32,64,"batch_decode_kernels::prefill_kv_norm_rope(unsigned short*, float const*, unsigned short const*, int, int, int, int, int, int, float const*, int, float)",1237,38,28500.0,0.0,0.0,0.0,0.0,0.0,100.0,4912602277533339.0,4912602277543419.0
1237,1,65536,256,11264,0,24,0,48,64,"batch_decode_kernels::mfma_head_gemm(float*, float const*, unsigned short const*, int, int, int, int, int, int, unsigned long)",1238,29,35426.0,131072.0,0.0,0.0,0.0,0.0,1024.0,4912602277610300.0,4912602277624540.0
1238,1,25600,256,0,0,24,0,32,64,"batch_decode_kernels::prefill_q_rope(float*, float const*, int, int, int, int, int, float const*, int)",1239,40,24452.0,0.0,0.0,0.0,0.0,0.0,400.0,4912602277735260.0,4912602277742940.0
1239,1,25600,256,0,0,64,0,96,64,"void batch_decode_kernels::flash_prefill<8>(float*, float const*, float const*, unsigned short const*, int, int, int, int, int, int, int, float)",1240,26,67569.0,0.0,0.0,0.0,0.0,0.0,400.0,4912602277807420.0,4912602277841181.0
1240,1,16384,256,11264,0,24,0,48,64,"batch_decode_kernels::mfma_head_gemm(float*, float const*, unsigned short const*, int, int, int, int, int, int, unsigned long)",1241,29,59581.0,131072.0,0.0,0.0,0.0,0.0,256.0,4912602277930941.0,4912602277959741.0
1241,1,16384,256,11264,0,24,0,48,64,"batch_decode_kernels::mfma_gemm(float*, float const*, unsigned short const*, int, int, int, int)",1242,19,168449.0,524288.0,0.0,0.0,0.0,0.0,256.0,4912602278061182.0,4912602278155902.0
1242,1,6400,256,1024,0,12,4,32,64,"batch_decode_kernels::rmsnorm(float*, float const*, unsigned short const*, int, int, float)",1243,36,31847.0,0.0,0.0,0.0,0.0,0.0,100.0,4912602278245822.0,4912602278257982.0
1243,1,512,256,11264,0,24,0,48,64,"batch_decode_kernels::mfma_gemm(float*, float const*, unsigned short const*, int, int, int, int)",1244,19,173602.0,16384.0,0.0,0.0,0.0,0.0,8.0,4912602278376063.0,4912602278472223.0
1244,1,1600,64,0,0,16,0,48,64,"void moe_kernels::router_topk_wave64_kernel<64>(float*, float const*, int*, float*, int, int, int, int, int, float)",1245,55,37318.0,0.0,0.0,0.0,0.0,0.0,25.0,4912602278553984.0,4912602278569184.0
1245,1,256,256,1024,0,12,4,64,64,"batch_decode_kernels::align_routes(int const*, int, int, int, int*, int*, int*)",1246,17,44180.0,0.0,0.0,0.0,0.0,0.0,4.0,4912602278630784.0,4912602278649984.0
1246,1,394240,256,19968,0,36,4,48,64,"void batch_decode_kernels::grouped_expert_gate_up<16, 1>(float const*, char const*, unsigned long const*, unsigned long const*, int const*, int const*, float*, unsigned short*, int, int, int, int, int)",1247,31,564474.0,7929856.0,0.0,0.0,0.0,0.0,6160.0,4912602278707744.0,4912602279054626.0
1247,1,22528,256,19968,0,32,0,48,64,"batch_decode_kernels::mfma_gate_up_swiglu(float*, float const*, unsigned short const*, unsigned short const*, int, int, int)",1248,20,184386.0,1441792.0,0.0,0.0,0.0,0.0,352.0,4912602279157506.0,4912602279263107.0
1248,1,573440,256,11264,0,24,0,48,64,"void batch_decode_kernels::grouped_expert_down<16, 1>(float const*, unsigned short const*, char const*, unsigned long const*, int const*, int const*, float*, int, int, int, int)",1249,32,336095.0,3964928.0,0.0,0.0,0.0,0.0,8960.0,4912602279393187.0,4912602279596868.0
1249,1,6400,256,0,0,12,4,32,64,"batch_decode_kernels::reduce_routes_add(float*, float const*, float const*, int, int, int)",1250,28,58968.0,0.0,0.0,0.0,0.0,0.0,100.0,4912602279730629.0,4912602279758629.0
1250,1,16384,256,11264,0,24,0,48,64,"batch_decode_kernels::mfma_gemm(float*, float const*, unsigned short const*, int, int, int, int)",1251,19,223107.0,720896.0,0.0,0.0,0.0,0.0,256.0,4912602279845989.0,4912602279973830.0
1251,1,6400,256,1024,0,12,4,32,64,"batch_decode_kernels::rmsnorm(float*, float const*, unsigned short const*, int, int, float)",1252,36,32805.0,0.0,0.0,0.0,0.0,0.0,100.0,4912602280037990.0,4912602280050310.0
1252,1,24576,256,11264,0,24,0,48,64,"batch_decode_kernels::mfma_gemm(float*, float const*, unsigned short const*, int, int, int, int)",1253,19,167292.0,786432.0,0.0,0.0,0.0,0.0,384.0,4912602280114151.0,4912602280209031.0
1253,1,4608,256,11264,0,24,0,48,64,"batch_decode_kernels::mfma_gemm(float*, float const*, unsigned short const*, int, int, int, int)",1254,19,165949.0,147456.0,0.0,0.0,0.0,0.0,72.0,4912602280313831.0,4912602280406312.0
1254,1,6400,256,1024,0,24,0,32,64,"batch_decode_kernels::prefill_kv_norm_rope(unsigned short*, float const*, unsigned short const*, int, int, int, int, int, int, float const*, int, float)",1255,38,29372.0,0.0,0.0,0.0,0.0,0.0,100.0,4912602280496072.0,4912602280506632.0
1255,1,65536,256,11264,0,24,0,48,64,"batch_decode_kernels::mfma_head_gemm(float*, float const*, unsigned short const*, int, int, int, int, int, int, unsigned long)",1256,29,35865.0,131072.0,0.0,0.0,0.0,0.0,1024.0,4912602280569833.0,4912602280584393.0
1256,1,25600,256,0,0,24,0,32,64,"batch_decode_kernels::prefill_q_rope(float*, float const*, int, int, int, int, int, float const*, int)",1257,40,24260.0,0.0,0.0,0.0,0.0,0.0,400.0,4912602280699113.0,4912602280706473.0
1257,1,25600,256,0,0,64,0,96,64,"void batch_decode_kernels::flash_prefill<8>(float*, float const*, float const*, unsigned short const*, int, int, int, int, int, int, int, float)",1258,26,65675.0,0.0,0.0,0.0,0.0,0.0,400.0,4912602280777353.0,4912602280809674.0
1258,1,16384,256,11264,0,24,0,48,64,"batch_decode_kernels::mfma_head_gemm(float*, float const*, unsigned short const*, int, int, int, int, int, int, unsigned long)",1259,29,60059.0,131072.0,0.0,0.0,0.0,0.0,256.0,4912602280913994.0,4912602280943114.0
1259,1,16384,256,11264,0,24,0,48,64,"batch_decode_kernels::mfma_gemm(float*, float const*, unsigned short const*, int, int, int, int)",1260,19,171216.0,524288.0,0.0,0.0,0.0,0.0,256.0,4912602281048715.0,4912602281145195.0
1260,1,6400,256,1024,0,12,4,32,64,"batch_decode_kernels::rmsnorm(float*, float const*, unsigned short const*, int, int, float)",1261,36,31807.0,0.0,0.0,0.0,0.0,0.0,100.0,4912602281228875.0,4912602281241196.0
1261,1,512,256,11264,0,24,0,48,64,"batch_decode_kernels::mfma_gemm(float*, float const*, unsigned short const*, int, int, int, int)",1262,19,177826.0,16384.0,0.0,0.0,0.0,0.0,8.0,4912602281302156.0,4912602281400556.0
1262,1,1600,64,0,0,16,0,48,64,"void moe_kernels::router_topk_wave64_kernel<64>(float*, float const*, int*, float*, int, int, int, int, int, float)",1263,55,38319.0,0.0,0.0,0.0,0.0,0.0,25.0,4912602281489837.0,4912602281505517.0
1263,1,256,256,1024,0,12,4,64,64,"batch_decode_kernels::align_routes(int const*, int, int, int, int*, int*, int*)",1264,17,44802.0,0.0,0.0,0.0,0.0,0.0,4.0,4912602281616237.0,4912602281635757.0
1264,1,394240,256,19968,0,36,4,48,64,"void batch_decode_kernels::grouped_expert_gate_up<16, 1>(float const*, char const*, unsigned long const*, unsigned long const*, int const*, int const*, float*, unsigned short*, int, int, int, int, int)",1265,31,576583.0,8290304.0,0.0,0.0,0.0,0.0,6160.0,4912602281745198.0,4912602282099759.0
1265,1,22528,256,19968,0,32,0,48,64,"batch_decode_kernels::mfma_gate_up_swiglu(float*, float const*, unsigned short const*, unsigned short const*, int, int, int)",1266,20,182240.0,1441792.0,0.0,0.0,0.0,0.0,352.0,4912602282211600.0,4912602282315760.0
1266,1,573440,256,11264,0,24,0,48,64,"void batch_decode_kernels::grouped_expert_down<16, 1>(float const*, unsigned short const*, char const*, unsigned long const*, int const*, int const*, float*, int, int, int, int)",1267,32,334640.0,4145152.0,0.0,0.0,0.0,0.0,8960.0,4912602282394961.0,4912602282598642.0
1267,1,6400,256,0,0,12,4,32,64,"batch_decode_kernels::reduce_routes_add(float*, float const*, float const*, int, int, int)",1268,28,58089.0,0.0,0.0,0.0,0.0,0.0,100.0,4912602282693202.0,4912602282721042.0
1268,1,16384,256,11264,0,24,0,48,64,"batch_decode_kernels::mfma_gemm(float*, float const*, unsigned short const*, int, int, int, int)",1269,19,224982.0,720896.0,0.0,0.0,0.0,0.0,256.0,4912602282819922.0,4912602282949043.0
1269,1,6400,256,1024,0,12,4,32,64,"batch_decode_kernels::rmsnorm(float*, float const*, unsigned short const*, int, int, float)",1270,36,32447.0,0.0,0.0,0.0,0.0,0.0,100.0,4912602283072244.0,4912602283084564.0
1270,1,24576,256,11264,0,24,0,48,64,"batch_decode_kernels::mfma_gemm(float*, float const*, unsigned short const*, int, int, int, int)",1271,19,165165.0,786432.0,0.0,0.0,0.0,0.0,384.0,4912602283148884.0,4912602283242644.0
1271,1,4608,256,11264,0,24,0,48,64,"batch_decode_kernels::mfma_gemm(float*, float const*, unsigned short const*, int, int, int, int)",1272,19,166951.0,147456.0,0.0,0.0,0.0,0.0,72.0,4912602283343125.0,4912602283435765.0
1272,1,6400,256,1024,0,24,0,32,64,"batch_decode_kernels::prefill_kv_norm_rope(unsigned short*, float const*, unsigned short const*, int, int, int, int, int, int, float const*, int, float)",1273,38,28363.0,0.0,0.0,0.0,0.0,0.0,100.0,4912602283528246.0,4912602283538006.0
1273,1,65536,256,11264,0,24,0,48,64,"batch_decode_kernels::mfma_head_gemm(float*, float const*, unsigned short const*, int, int, int, int, int, int, unsigned long)",1274,29,36398.0,131072.0,0.0,0.0,0.0,0.0,1024.0,4912602283602646.0,4912602283617526.0
1274,1,25600,256,0,0,24,0,32,64,"batch_decode_kernels::prefill_q_rope(float*, float const*, int, int, int, int, int, float const*, int)",1275,40,23998.0,0.0,0.0,0.0,0.0,0.0,400.0,4912602283683126.0,4912602283690486.0
1275,1,25600,256,0,0,64,0,96,64,"void batch_decode_kernels::flash_prefill<8>(float*, float const*, float const*, unsigned short const*, int, int, int, int, int, int, int, float)",1276,26,68339.0,0.0,0.0,0.0,0.0,0.0,400.0,4912602283756087.0,4912602283790167.0
1276,1,16384,256,11264,0,24,0,48,64,"batch_decode_kernels::mfma_head_gemm(float*, float const*, unsigned short const*, int, int, int, int, int, int, unsigned long)",1277,29,59767.0,131072.0,0.0,0.0,0.0,0.0,256.0,4912602283894167.0,4912602283923127.0
1277,1,16384,256,11264,0,24,0,48,64,"batch_decode_kernels::mfma_gemm(float*, float const*, unsigned short const*, int, int, int, int)",1278,19,169658.0,524288.0,0.0,0.0,0.0,0.0,256.0,4912602284033848.0,4912602284129208.0
1278,1,6400,256,1024,0,12,4,32,64,"batch_decode_kernels::rmsnorm(float*, float const*, unsigned short const*, int, int, float)",1279,36,32202.0,0.0,0.0,0.0,0.0,0.0,100.0,4912602284225369.0,4912602284237529.0
1279,1,512,256,11264,0,24,0,48,64,"batch_decode_kernels::mfma_gemm(float*, float const*, unsigned short const*, int, int, int, int)",1280,19,173085.0,16384.0,0.0,0.0,0.0,0.0,8.0,4912602284305849.0,4912602284401849.0
1280,1,1600,64,0,0,16,0,48,64,"void moe_kernels::router_topk_wave64_kernel<64>(float*, float const*, int*, float*, int, int, int, int, int, float)",1281,55,38067.0,0.0,0.0,0.0,0.0,0.0,25.0,4912602284548250.0,4912602284563930.0
1281,1,256,256,1024,0,12,4,64,64,"batch_decode_kernels::align_routes(int const*, int, int, int, int*, int*, int*)",1282,17,43528.0,0.0,0.0,0.0,0.0,0.0,4.0,4912602284628410.0,4912602284647451.0
1282,1,394240,256,19968,0,36,4,48,64,"void batch_decode_kernels::grouped_expert_gate_up<16, 1>(float const*, char const*, unsigned long const*, unsigned long const*, int const*, int const*, float*, unsigned short*, int, int, int, int, int)",1283,31,563305.0,7929856.0,0.0,0.0,0.0,0.0,6160.0,4912602284765211.0,4912602285111453.0
1283,1,22528,256,19968,0,32,0,48,64,"batch_decode_kernels::mfma_gate_up_swiglu(float*, float const*, unsigned short const*, unsigned short const*, int, int, int)",1284,20,179309.0,1441792.0,0.0,0.0,0.0,0.0,352.0,4912602285188733.0,4912602285291453.0
1284,1,573440,256,11264,0,24,0,48,64,"void batch_decode_kernels::grouped_expert_down<16, 1>(float const*, unsigned short const*, char const*, unsigned long const*, int const*, int const*, float*, int, int, int, int)",1285,32,334205.0,3964928.0,0.0,0.0,0.0,0.0,8960.0,4912602285383934.0,4912602285586975.0
1285,1,6400,256,0,0,12,4,32,64,"batch_decode_kernels::reduce_routes_add(float*, float const*, float const*, int, int, int)",1286,28,57905.0,0.0,0.0,0.0,0.0,0.0,100.0,4912602285702175.0,4912602285729855.0
1286,1,16384,256,11264,0,24,0,48,64,"batch_decode_kernels::mfma_gemm(float*, float const*, unsigned short const*, int, int, int, int)",1287,19,224487.0,720896.0,0.0,0.0,0.0,0.0,256.0,4912602285835136.0,4912602285964096.0
1287,1,6400,256,1024,0,12,4,32,64,"batch_decode_kernels::rmsnorm(float*, float const*, unsigned short const*, int, int, float)",1288,36,34037.0,0.0,0.0,0.0,0.0,0.0,100.0,4912602286032897.0,4912602286046177.0
1288,1,24576,256,11264,0,24,0,48,64,"batch_decode_kernels::mfma_gemm(float*, float const*, unsigned short const*, int, int, int, int)",1289,19,164627.0,786432.0,0.0,0.0,0.0,0.0,384.0,4912602286108257.0,4912602286201537.0
1289,1,4608,256,11264,0,24,0,48,64,"batch_decode_kernels::mfma_gemm(float*, float const*, unsigned short const*, int, int, int, int)",1290,19,163857.0,147456.0,0.0,0.0,0.0,0.0,72.0,4912602286301058.0,4912602286391938.0
1290,1,6400,256,1024,0,24,0,32,64,"batch_decode_kernels::prefill_kv_norm_rope(unsigned short*, float const*, unsigned short const*, int, int, int, int, int, int, float const*, int, float)",1291,38,28339.0,0.0,0.0,0.0,0.0,0.0,100.0,4912602286489539.0,4912602286499299.0
1291,1,65536,256,11264,0,24,0,48,64,"batch_decode_kernels::mfma_head_gemm(float*, float const*, unsigned short const*, int, int, int, int, int, int, unsigned long)",1292,29,34226.0,131072.0,0.0,0.0,0.0,0.0,1024.0,4912602286566019.0,4912602286579779.0
1292,1,25600,256,0,0,24,0,32,64,"batch_decode_kernels::prefill_q_rope(float*, float const*, int, int, int, int, int, float const*, int)",1293,40,24068.0,0.0,0.0,0.0,0.0,0.0,400.0,4912602286645859.0,4912602286653379.0
1293,1,25600,256,0,0,64,0,96,64,"void batch_decode_kernels::flash_prefill<8>(float*, float const*, float const*, unsigned short const*, int, int, int, int, int, int, int, float)",1294,26,65445.0,0.0,0.0,0.0,0.0,0.0,400.0,4912602286721380.0,4912602286753860.0
1294,1,16384,256,11264,0,24,0,48,64,"batch_decode_kernels::mfma_head_gemm(float*, float const*, unsigned short const*, int, int, int, int, int, int, unsigned long)",1295,29,59106.0,131072.0,0.0,0.0,0.0,0.0,256.0,4912602286859940.0,4912602286888580.0
1295,1,16384,256,11264,0,24,0,48,64,"batch_decode_kernels::mfma_gemm(float*, float const*, unsigned short const*, int, int, int, int)",1296,19,168464.0,524288.0,0.0,0.0,0.0,0.0,256.0,4912602286997061.0,4912602287091141.0
1296,1,6400,256,1024,0,12,4,32,64,"batch_decode_kernels::rmsnorm(float*, float const*, unsigned short const*, int, int, float)",1297,36,32401.0,0.0,0.0,0.0,0.0,0.0,100.0,4912602287247462.0,4912602287259782.0
1297,1,512,256,11264,0,24,0,48,64,"batch_decode_kernels::mfma_gemm(float*, float const*, unsigned short const*, int, int, int, int)",1298,19,174333.0,16384.0,0.0,0.0,0.0,0.0,8.0,4912602287328102.0,4912602287424903.0
1298,1,1600,64,0,0,16,0,48,64,"void moe_kernels::router_topk_wave64_kernel<64>(float*, float const*, int*, float*, int, int, int, int, int, float)",1299,55,37474.0,0.0,0.0,0.0,0.0,0.0,25.0,4912602287575143.0,4912602287590823.0
1299,1,256,256,1024,0,12,4,64,64,"batch_decode_kernels::align_routes(int const*, int, int, int, int*, int*, int*)",1300,17,43638.0,0.0,0.0,0.0,0.0,0.0,4.0,4912602287654024.0,4912602287672904.0
1300,1,394240,256,19968,0,36,4,48,64,"void batch_decode_kernels::grouped_expert_gate_up<16, 1>(float const*, char const*, unsigned long const*, unsigned long const*, int const*, int const*, float*, unsigned short*, int, int, int, int, int)",1301,31,557971.0,7208960.0,0.0,0.0,0.0,0.0,6160.0,4912602287736104.0,4912602288077386.0
1301,1,22528,256,19968,0,32,0,48,64,"batch_decode_kernels::mfma_gate_up_swiglu(float*, float const*, unsigned short const*, unsigned short const*, int, int, int)",1302,20,180935.0,1441792.0,0.0,0.0,0.0,0.0,352.0,4912602288167626.0,4912602288271306.0
1302,1,573440,256,11264,0,24,0,48,64,"void batch_decode_kernels::grouped_expert_down<16, 1>(float const*, unsigned short const*, char const*, unsigned long const*, int const*, int const*, float*, int, int, int, int)",1303,32,324399.0,3604480.0,0.0,0.0,0.0,0.0,8960.0,4912602288359947.0,4912602288556268.0
1303,1,6400,256,0,0,12,4,32,64,"batch_decode_kernels::reduce_routes_add(float*, float const*, float const*, int, int, int)",1304,28,59208.0,0.0,0.0,0.0,0.0,0.0,100.0,4912602288618348.0,4912602288646668.0
1304,1,16384,256,11264,0,24,0,48,64,"batch_decode_kernels::mfma_gemm(float*, float const*, unsigned short const*, int, int, int, int)",1305,19,223675.0,720896.0,0.0,0.0,0.0,0.0,256.0,4912602288752749.0,4912602288880909.0
1305,1,6400,256,1024,0,12,4,32,64,"batch_decode_kernels::rmsnorm(float*, float const*, unsigned short const*, int, int, float)",1306,36,32609.0,0.0,0.0,0.0,0.0,0.0,100.0,4912602288949549.0,4912602288962030.0
1306,1,24576,256,11264,0,24,0,48,64,"batch_decode_kernels::mfma_gemm(float*, float const*, unsigned short const*, int, int, int, int)",1307,19,166824.0,786432.0,0.0,0.0,0.0,0.0,384.0,4912602289033870.0,4912602289128750.0
1307,1,4608,256,11264,0,24,0,48,64,"batch_decode_kernels::mfma_gemm(float*, float const*, unsigned short const*, int, int, int, int)",1308,19,163613.0,147456.0,0.0,0.0,0.0,0.0,72.0,4912602289231151.0,4912602289322031.0
1308,1,6400,256,1024,0,24,0,32,64,"batch_decode_kernels::prefill_kv_norm_rope(unsigned short*, float const*, unsigned short const*, int, int, int, int, int, int, float const*, int, float)",1309,38,28693.0,0.0,0.0,0.0,0.0,0.0,100.0,4912602289480752.0,4912602289490832.0
1309,1,65536,256,11264,0,24,0,48,64,"batch_decode_kernels::mfma_head_gemm(float*, float const*, unsigned short const*, int, int, int, int, int, int, unsigned long)",1310,29,36567.0,131072.0,0.0,0.0,0.0,0.0,1024.0,4912602289557072.0,4912602289571952.0
1310,1,25600,256,0,0,24,0,32,64,"batch_decode_kernels::prefill_q_rope(float*, float const*, int, int, int, int, int, float const*, int)",1311,40,23964.0,0.0,0.0,0.0,0.0,0.0,400.0,4912602289632432.0,4912602289639793.0
1311,1,25600,256,0,0,64,0,96,64,"void batch_decode_kernels::flash_prefill<8>(float*, float const*, float const*, unsigned short const*, int, int, int, int, int, int, int, float)",1312,26,64205.0,0.0,0.0,0.0,0.0,0.0,400.0,4912602289709073.0,4912602289740753.0
1312,1,16384,256,11264,0,24,0,48,64,"batch_decode_kernels::mfma_head_gemm(float*, float const*, unsigned short const*, int, int, int, int, int, int, unsigned long)",1313,29,59712.0,131072.0,0.0,0.0,0.0,0.0,256.0,4912602289851313.0,4912602289880274.0
1313,1,16384,256,11264,0,24,0,48,64,"batch_decode_kernels::mfma_gemm(float*, float const*, unsigned short const*, int, int, int, int)",1314,19,169071.0,524288.0,0.0,0.0,0.0,0.0,256.0,4912602289986354.0,4912602290081394.0
1314,1,6400,256,1024,0,12,4,32,64,"batch_decode_kernels::rmsnorm(float*, float const*, unsigned short const*, int, int, float)",1315,36,33422.0,0.0,0.0,0.0,0.0,0.0,100.0,4912602290191155.0,4912602290203795.0
1315,1,512,256,11264,0,24,0,48,64,"batch_decode_kernels::mfma_gemm(float*, float const*, unsigned short const*, int, int, int, int)",1316,19,179591.0,16384.0,0.0,0.0,0.0,0.0,8.0,4912602290267155.0,4912602290366996.0
1316,1,1600,64,0,0,16,0,48,64,"void moe_kernels::router_topk_wave64_kernel<64>(float*, float const*, int*, float*, int, int, int, int, int, float)",1317,55,37749.0,0.0,0.0,0.0,0.0,0.0,25.0,4912602290465556.0,4912602290481236.0
1317,1,256,256,1024,0,12,4,64,64,"batch_decode_kernels::align_routes(int const*, int, int, int, int*, int*, int*)",1318,17,43345.0,0.0,0.0,0.0,0.0,0.0,4.0,4912602290544596.0,4912602290563477.0
1318,1,394240,256,19968,0,36,4,48,64,"void batch_decode_kernels::grouped_expert_gate_up<16, 1>(float const*, char const*, unsigned long const*, unsigned long const*, int const*, int const*, float*, unsigned short*, int, int, int, int, int)",1319,31,544509.0,7569408.0,0.0,0.0,0.0,0.0,6160.0,4912602290627957.0,4912602290962358.0
1319,1,22528,256,19968,0,32,0,48,64,"batch_decode_kernels::mfma_gate_up_swiglu(float*, float const*, unsigned short const*, unsigned short const*, int, int, int)",1320,20,176989.0,1441792.0,0.0,0.0,0.0,0.0,352.0,4912602291065879.0,4912602291167319.0
1320,1,573440,256,11264,0,24,0,48,64,"void batch_decode_kernels::grouped_expert_down<16, 1>(float const*, unsigned short const*, char const*, unsigned long const*, int const*, int const*, float*, int, int, int, int)",1321,32,343073.0,3784704.0,0.0,0.0,0.0,0.0,8960.0,4912602291269720.0,4912602291477561.0
1321,1,6400,256,0,0,12,4,32,64,"batch_decode_kernels::reduce_routes_add(float*, float const*, float const*, int, int, int)",1322,28,57873.0,0.0,0.0,0.0,0.0,0.0,100.0,4912602291584601.0,4912602291612281.0
1322,1,16384,256,11264,0,24,0,48,64,"batch_decode_kernels::mfma_gemm(float*, float const*, unsigned short const*, int, int, int, int)",1323,19,223789.0,720896.0,0.0,0.0,0.0,0.0,256.0,4912602291783482.0,4912602291911643.0
1323,1,6400,256,1024,0,12,4,32,64,"batch_decode_kernels::rmsnorm(float*, float const*, unsigned short const*, int, int, float)",1324,36,34377.0,0.0,0.0,0.0,0.0,0.0,100.0,4912602291989083.0,4912602292002523.0
1324,1,24576,256,11264,0,24,0,48,64,"batch_decode_kernels::mfma_gemm(float*, float const*, unsigned short const*, int, int, int, int)",1325,19,168209.0,786432.0,0.0,0.0,0.0,0.0,384.0,4912602292079003.0,4912602292174364.0
1325,1,4608,256,11264,0,24,0,48,64,"batch_decode_kernels::mfma_gemm(float*, float const*, unsigned short const*, int, int, int, int)",1326,19,164487.0,147456.0,0.0,0.0,0.0,0.0,72.0,4912602292274684.0,4912602292366045.0
1326,1,6400,256,1024,0,24,0,32,64,"batch_decode_kernels::prefill_kv_norm_rope(unsigned short*, float const*, unsigned short const*, int, int, int, int, int, int, float const*, int, float)",1327,38,29466.0,0.0,0.0,0.0,0.0,0.0,100.0,4912602292478525.0,4912602292488765.0
1327,1,65536,256,11264,0,24,0,48,64,"batch_decode_kernels::mfma_head_gemm(float*, float const*, unsigned short const*, int, int, int, int, int, int, unsigned long)",1328,29,35361.0,131072.0,0.0,0.0,0.0,0.0,1024.0,4912602292558205.0,4912602292572765.0
1328,1,25600,256,0,0,24,0,32,64,"batch_decode_kernels::prefill_q_rope(float*, float const*, int, int, int, int, int, float const*, int)",1329,40,24097.0,0.0,0.0,0.0,0.0,0.0,400.0,4912602292638526.0,4912602292645886.0
1329,1,25600,256,0,0,64,0,96,64,"void batch_decode_kernels::flash_prefill<8>(float*, float const*, float const*, unsigned short const*, int, int, int, int, int, int, int, float)",1330,26,67776.0,0.0,0.0,0.0,0.0,0.0,400.0,4912602292716606.0,4912602292750366.0
1330,1,16384,256,11264,0,24,0,48,64,"batch_decode_kernels::mfma_head_gemm(float*, float const*, unsigned short const*, int, int, int, int, int, int, unsigned long)",1331,29,60129.0,131072.0,0.0,0.0,0.0,0.0,256.0,4912602292859967.0,4912602292889087.0
1331,1,16384,256,11264,0,24,0,48,64,"batch_decode_kernels::mfma_gemm(float*, float const*, unsigned short const*, int, int, int, int)",1332,19,172088.0,524288.0,0.0,0.0,0.0,0.0,256.0,4912602292996767.0,4912602293093568.0
1332,1,6400,256,1024,0,12,4,32,64,"batch_decode_kernels::rmsnorm(float*, float const*, unsigned short const*, int, int, float)",1333,36,32402.0,0.0,0.0,0.0,0.0,0.0,100.0,4912602293208608.0,4912602293220608.0
1333,1,512,256,11264,0,24,0,48,64,"batch_decode_kernels::mfma_gemm(float*, float const*, unsigned short const*, int, int, int, int)",1334,19,174374.0,16384.0,0.0,0.0,0.0,0.0,8.0,4912602293289409.0,4912602293386209.0
1334,1,1600,64,0,0,16,0,48,64,"void moe_kernels::router_topk_wave64_kernel<64>(float*, float const*, int*, float*, int, int, int, int, int, float)",1335,55,37450.0,0.0,0.0,0.0,0.0,0.0,25.0,4912602293488929.0,4912602293504130.0
1335,1,256,256,1024,0,12,4,64,64,"batch_decode_kernels::align_routes(int const*, int, int, int, int*, int*, int*)",1336,17,43980.0,0.0,0.0,0.0,0.0,0.0,4.0,4912602293568610.0,4912602293587650.0
1336,1,394240,256,19968,0,36,4,48,64,"void batch_decode_kernels::grouped_expert_gate_up<16, 1>(float const*, char const*, unsigned long const*, unsigned long const*, int const*, int const*, float*, unsigned short*, int, int, int, int, int)",1337,31,534976.0,7569408.0,0.0,0.0,0.0,0.0,6160.0,4912602293656770.0,4912602293985092.0
1337,1,22528,256,19968,0,32,0,48,64,"batch_decode_kernels::mfma_gate_up_swiglu(float*, float const*, unsigned short const*, unsigned short const*, int, int, int)",1338,20,180503.0,1441792.0,0.0,0.0,0.0,0.0,352.0,4912602294062052.0,4912602294165412.0
1338,1,573440,256,11264,0,24,0,48,64,"void batch_decode_kernels::grouped_expert_down<16, 1>(float const*, unsigned short const*, char const*, unsigned long const*, int const*, int const*, float*, int, int, int, int)",1339,32,331282.0,3784704.0,0.0,0.0,0.0,0.0,8960.0,4912602294267653.0,4912602294468614.0
1339,1,6400,256,0,0,12,4,32,64,"batch_decode_kernels::reduce_routes_add(float*, float const*, float const*, int, int, int)",1340,28,59858.0,0.0,0.0,0.0,0.0,0.0,100.0,4912602294590214.0,4912602294619014.0
1340,1,16384,256,11264,0,24,0,48,64,"batch_decode_kernels::mfma_gemm(float*, float const*, unsigned short const*, int, int, int, int)",1341,19,222629.0,720896.0,0.0,0.0,0.0,0.0,256.0,4912602294791015.0,4912602294918856.0
1341,1,6400,256,1024,0,12,4,32,64,"batch_decode_kernels::rmsnorm(float*, float const*, unsigned short const*, int, int, float)",1342,36,32749.0,0.0,0.0,0.0,0.0,0.0,100.0,4912602294999336.0,4912602295011816.0
1342,1,24576,256,11264,0,24,0,48,64,"batch_decode_kernels::mfma_gemm(float*, float const*, unsigned short const*, int, int, int, int)",1343,19,167920.0,786432.0,0.0,0.0,0.0,0.0,384.0,4912602295087976.0,4912602295183337.0
1343,1,4608,256,11264,0,24,0,48,64,"batch_decode_kernels::mfma_gemm(float*, float const*, unsigned short const*, int, int, int, int)",1344,19,165151.0,147456.0,0.0,0.0,0.0,0.0,72.0,4912602295293737.0,4912602295385258.0
1344,1,6400,256,1024,0,24,0,32,64,"batch_decode_kernels::prefill_kv_norm_rope(unsigned short*, float const*, unsigned short const*, int, int, int, int, int, int, float const*, int, float)",1345,38,27965.0,0.0,0.0,0.0,0.0,0.0,100.0,4912602295499658.0,4912602295509418.0
1345,1,65536,256,11264,0,24,0,48,64,"batch_decode_kernels::mfma_head_gemm(float*, float const*, unsigned short const*, int, int, int, int, int, int, unsigned long)",1346,29,35980.0,131072.0,0.0,0.0,0.0,0.0,1024.0,4912602295578539.0,4912602295592939.0
1346,1,25600,256,0,0,24,0,32,64,"batch_decode_kernels::prefill_q_rope(float*, float const*, int, int, int, int, int, float const*, int)",1347,40,25423.0,0.0,0.0,0.0,0.0,0.0,400.0,4912602295659659.0,4912602295667979.0
1347,1,25600,256,0,0,64,0,96,64,"void batch_decode_kernels::flash_prefill<8>(float*, float const*, float const*, unsigned short const*, int, int, int, int, int, int, int, float)",1348,26,68860.0,0.0,0.0,0.0,0.0,0.0,400.0,4912602295742539.0,4912602295776940.0
1348,1,16384,256,11264,0,24,0,48,64,"batch_decode_kernels::mfma_head_gemm(float*, float const*, unsigned short const*, int, int, int, int, int, int, unsigned long)",1349,29,59809.0,131072.0,0.0,0.0,0.0,0.0,256.0,4912602295897420.0,4912602295926540.0
1349,1,16384,256,11264,0,24,0,48,64,"batch_decode_kernels::mfma_gemm(float*, float const*, unsigned short const*, int, int, int, int)",1350,19,166725.0,524288.0,0.0,0.0,0.0,0.0,256.0,4912602296047661.0,4912602296141421.0
1350,1,6400,256,1024,0,12,4,32,64,"batch_decode_kernels::rmsnorm(float*, float const*, unsigned short const*, int, int, float)",1351,36,31435.0,0.0,0.0,0.0,0.0,0.0,100.0,4912602296251502.0,4912602296263182.0
1351,1,512,256,11264,0,24,0,48,64,"batch_decode_kernels::mfma_gemm(float*, float const*, unsigned short const*, int, int, int, int)",1352,19,173802.0,16384.0,0.0,0.0,0.0,0.0,8.0,4912602296335502.0,4912602296431662.0
1352,1,1600,64,0,0,16,0,48,64,"void moe_kernels::router_topk_wave64_kernel<64>(float*, float const*, int*, float*, int, int, int, int, int, float)",1353,55,39236.0,0.0,0.0,0.0,0.0,0.0,25.0,4912602296548783.0,4912602296564783.0
1353,1,256,256,1024,0,12,4,64,64,"batch_decode_kernels::align_routes(int const*, int, int, int, int*, int*, int*)",1354,17,44741.0,0.0,0.0,0.0,0.0,0.0,4.0,4912602296630863.0,4912602296651023.0
1354,1,394240,256,19968,0,36,4,48,64,"void batch_decode_kernels::grouped_expert_gate_up<16, 1>(float const*, char const*, unsigned long const*, unsigned long const*, int const*, int const*, float*, unsigned short*, int, int, int, int, int)",1355,31,559939.0,8290304.0,0.0,0.0,0.0,0.0,6160.0,4912602296716944.0,4912602297061265.0
1355,1,22528,256,19968,0,32,0,48,64,"batch_decode_kernels::mfma_gate_up_swiglu(float*, float const*, unsigned short const*, unsigned short const*, int, int, int)",1356,20,178405.0,1441792.0,0.0,0.0,0.0,0.0,352.0,4912602297171666.0,4912602297274066.0
1356,1,573440,256,11264,0,24,0,48,64,"void batch_decode_kernels::grouped_expert_down<16, 1>(float const*, unsigned short const*, char const*, unsigned long const*, int const*, int const*, float*, int, int, int, int)",1357,32,338516.0,4145152.0,0.0,0.0,0.0,0.0,8960.0,4912602297384627.0,4912602297590388.0
1357,1,6400,256,0,0,12,4,32,64,"batch_decode_kernels::reduce_routes_add(float*, float const*, float const*, int, int, int)",1358,28,58273.0,0.0,0.0,0.0,0.0,0.0,100.0,4912602297715668.0,4912602297743828.0
1358,1,16384,256,11264,0,24,0,48,64,"batch_decode_kernels::mfma_gemm(float*, float const*, unsigned short const*, int, int, int, int)",1359,19,224724.0,720896.0,0.0,0.0,0.0,0.0,256.0,4912602297801908.0,4912602297930389.0
1359,1,6400,256,1024,0,12,4,32,64,"batch_decode_kernels::rmsnorm(float*, float const*, unsigned short const*, int, int, float)",1360,36,33985.0,0.0,0.0,0.0,0.0,0.0,100.0,4912602298007989.0,4912602298021429.0
1360,1,24576,256,11264,0,24,0,48,64,"batch_decode_kernels::mfma_gemm(float*, float const*, unsigned short const*, int, int, int, int)",1361,19,171385.0,786432.0,0.0,0.0,0.0,0.0,384.0,4912602298099830.0,4912602298197430.0
1361,1,4608,256,11264,0,24,0,48,64,"batch_decode_kernels::mfma_gemm(float*, float const*, unsigned short const*, int, int, int, int)",1362,19,165676.0,147456.0,0.0,0.0,0.0,0.0,72.0,4912602298255990.0,4912602298347991.0
1362,1,6400,256,1024,0,24,0,32,64,"batch_decode_kernels::prefill_kv_norm_rope(unsigned short*, float const*, unsigned short const*, int, int, int, int, int, int, float const*, int, float)",1363,38,28821.0,0.0,0.0,0.0,0.0,0.0,100.0,4912602298467351.0,4912602298477431.0
1363,1,65536,256,11264,0,24,0,48,64,"batch_decode_kernels::mfma_head_gemm(float*, float const*, unsigned short const*, int, int, int, int, int, int, unsigned long)",1364,29,35243.0,131072.0,0.0,0.0,0.0,0.0,1024.0,4912602298559992.0,4912602298574232.0
1364,1,25600,256,0,0,24,0,32,64,"batch_decode_kernels::prefill_q_rope(float*, float const*, int, int, int, int, int, float const*, int)",1365,40,24208.0,0.0,0.0,0.0,0.0,0.0,400.0,4912602298648472.0,4912602298655992.0
1365,1,25600,256,0,0,64,0,96,64,"void batch_decode_kernels::flash_prefill<8>(float*, float const*, float const*, unsigned short const*, int, int, int, int, int, int, int, float)",1366,26,67845.0,0.0,0.0,0.0,0.0,0.0,400.0,4912602298734873.0,4912602298768633.0
1366,1,16384,256,11264,0,24,0,48,64,"batch_decode_kernels::mfma_head_gemm(float*, float const*, unsigned short const*, int, int, int, int, int, int, unsigned long)",1367,29,59789.0,131072.0,0.0,0.0,0.0,0.0,256.0,4912602298884153.0,4912602298913273.0
1367,1,16384,256,11264,0,24,0,48,64,"batch_decode_kernels::mfma_gemm(float*, float const*, unsigned short const*, int, int, int, int)",1368,19,167158.0,524288.0,0.0,0.0,0.0,0.0,256.0,4912602299033754.0,4912602299127674.0
1368,1,6400,256,1024,0,12,4,32,64,"batch_decode_kernels::rmsnorm(float*, float const*, unsigned short const*, int, int, float)",1369,36,33524.0,0.0,0.0,0.0,0.0,0.0,100.0,4912602299191995.0,4912602299204795.0
1369,1,512,256,11264,0,24,0,48,64,"batch_decode_kernels::mfma_gemm(float*, float const*, unsigned short const*, int, int, int, int)",1370,19,172886.0,16384.0,0.0,0.0,0.0,0.0,8.0,4912602299275035.0,4912602299370875.0
1370,1,1600,64,0,0,16,0,48,64,"void moe_kernels::router_topk_wave64_kernel<64>(float*, float const*, int*, float*, int, int, int, int, int, float)",1371,55,38690.0,0.0,0.0,0.0,0.0,0.0,25.0,4912602299486556.0,4912602299502556.0
1371,1,256,256,1024,0,12,4,64,64,"batch_decode_kernels::align_routes(int const*, int, int, int, int*, int*, int*)",1372,17,45765.0,0.0,0.0,0.0,0.0,0.0,4.0,4912602299583996.0,4912602299604316.0
1372,1,394240,256,19968,0,36,4,48,64,"void batch_decode_kernels::grouped_expert_gate_up<16, 1>(float const*, char const*, unsigned long const*, unsigned long const*, int const*, int const*, float*, unsigned short*, int, int, int, int, int)",1373,31,593265.0,8290304.0,0.0,0.0,0.0,0.0,6160.0,4912602299669277.0,4912602300032958.0
1373,1,22528,256,19968,0,32,0,48,64,"batch_decode_kernels::mfma_gate_up_swiglu(float*, float const*, unsigned short const*, unsigned short const*, int, int, int)",1374,20,180050.0,1441792.0,0.0,0.0,0.0,0.0,352.0,4912602300142559.0,4912602300245759.0
1374,1,573440,256,11264,0,24,0,48,64,"void batch_decode_kernels::grouped_expert_down<16, 1>(float const*, unsigned short const*, char const*, unsigned long const*, int const*, int const*, float*, int, int, int, int)",1375,32,341333.0,4145152.0,0.0,0.0,0.0,0.0,8960.0,4912602300353600.0,4912602300561121.0
1375,1,6400,256,0,0,12,4,32,64,"batch_decode_kernels::reduce_routes_add(float*, float const*, float const*, int, int, int)",1376,28,57601.0,0.0,0.0,0.0,0.0,0.0,100.0,4912602300649601.0,4912602300676961.0
1376,1,16384,256,11264,0,24,0,48,64,"batch_decode_kernels::mfma_gemm(float*, float const*, unsigned short const*, int, int, int, int)",1377,19,225452.0,720896.0,0.0,0.0,0.0,0.0,256.0,4912602300796162.0,4912602300925442.0
1377,1,6400,256,1024,0,12,4,32,64,"batch_decode_kernels::rmsnorm(float*, float const*, unsigned short const*, int, int, float)",1378,36,32152.0,0.0,0.0,0.0,0.0,0.0,100.0,4912602301021123.0,4912602301033283.0
1378,1,24576,256,11264,0,24,0,48,64,"batch_decode_kernels::mfma_gemm(float*, float const*, unsigned short const*, int, int, int, int)",1379,19,167585.0,786432.0,0.0,0.0,0.0,0.0,384.0,4912602301101763.0,4912602301196643.0
1379,1,4608,256,11264,0,24,0,48,64,"batch_decode_kernels::mfma_gemm(float*, float const*, unsigned short const*, int, int, int, int)",1380,19,164943.0,147456.0,0.0,0.0,0.0,0.0,72.0,4912602301268644.0,4912602301360324.0
1380,1,6400,256,1024,0,24,0,32,64,"batch_decode_kernels::prefill_kv_norm_rope(unsigned short*, float const*, unsigned short const*, int, int, int, int, int, int, float const*, int, float)",1381,38,29371.0,0.0,0.0,0.0,0.0,0.0,100.0,4912602301481285.0,4912602301491685.0
1381,1,65536,256,11264,0,24,0,48,64,"batch_decode_kernels::mfma_head_gemm(float*, float const*, unsigned short const*, int, int, int, int, int, int, unsigned long)",1382,29,35141.0,131072.0,0.0,0.0,0.0,0.0,1024.0,4912602301567205.0,4912602301581445.0
1382,1,25600,256,0,0,24,0,32,64,"batch_decode_kernels::prefill_q_rope(float*, float const*, int, int, int, int, int, float const*, int)",1383,40,24583.0,0.0,0.0,0.0,0.0,0.0,400.0,4912602301652325.0,4912602301660005.0
1383,1,25600,256,0,0,64,0,96,64,"void batch_decode_kernels::flash_prefill<8>(float*, float const*, float const*, unsigned short const*, int, int, int, int, int, int, int, float)",1384,26,68267.0,0.0,0.0,0.0,0.0,0.0,400.0,4912602301736806.0,4912602301770886.0
1384,1,16384,256,11264,0,24,0,48,64,"batch_decode_kernels::mfma_head_gemm(float*, float const*, unsigned short const*, int, int, int, int, int, int, unsigned long)",1385,29,59936.0,131072.0,0.0,0.0,0.0,0.0,256.0,4912602301890886.0,4912602301919847.0
1385,1,16384,256,11264,0,24,0,48,64,"batch_decode_kernels::mfma_gemm(float*, float const*, unsigned short const*, int, int, int, int)",1386,19,169133.0,524288.0,0.0,0.0,0.0,0.0,256.0,4912602301980967.0,4912602302076167.0
1386,1,6400,256,1024,0,12,4,32,64,"batch_decode_kernels::rmsnorm(float*, float const*, unsigned short const*, int, int, float)",1387,36,32636.0,0.0,0.0,0.0,0.0,0.0,100.0,4912602302135688.0,4912602302148328.0
1387,1,512,256,11264,0,24,0,48,64,"batch_decode_kernels::mfma_gemm(float*, float const*, unsigned short const*, int, int, int, int)",1388,19,176122.0,16384.0,0.0,0.0,0.0,0.0,8.0,4912602302221768.0,4912602302319528.0
1388,1,1600,64,0,0,16,0,48,64,"void moe_kernels::router_topk_wave64_kernel<64>(float*, float const*, int*, float*, int, int, int, int, int, float)",1389,55,39165.0,0.0,0.0,0.0,0.0,0.0,25.0,4912602302442729.0,4912602302458889.0
1389,1,256,256,1024,0,12,4,64,64,"batch_decode_kernels::align_routes(int const*, int, int, int, int*, int*, int*)",1390,17,46335.0,0.0,0.0,0.0,0.0,0.0,4.0,4912602302525769.0,4912602302546409.0
1390,1,394240,256,19968,0,36,4,48,64,"void batch_decode_kernels::grouped_expert_gate_up<16, 1>(float const*, char const*, unsigned long const*, unsigned long const*, int const*, int const*, float*, unsigned short*, int, int, int, int, int)",1391,31,580578.0,9011200.0,0.0,0.0,0.0,0.0,6160.0,4912602302621450.0,4912602302979531.0
1391,1,22528,256,19968,0,32,0,48,64,"batch_decode_kernels::mfma_gate_up_swiglu(float*, float const*, unsigned short const*, unsigned short const*, int, int, int)",1392,20,180686.0,1441792.0,0.0,0.0,0.0,0.0,352.0,4912602303100492.0,4912602303204012.0
1392,1,573440,256,11264,0,24,0,48,64,"void batch_decode_kernels::grouped_expert_down<16, 1>(float const*, unsigned short const*, char const*, unsigned long const*, int const*, int const*, float*, int, int, int, int)",1393,32,344941.0,4505600.0,0.0,0.0,0.0,0.0,8960.0,4912602303319693.0,4912602303530574.0
1393,1,6400,256,0,0,12,4,32,64,"batch_decode_kernels::reduce_routes_add(float*, float const*, float const*, int, int, int)",1394,28,57813.0,0.0,0.0,0.0,0.0,0.0,100.0,4912602303602894.0,4912602303630414.0
1394,1,16384,256,11264,0,24,0,48,64,"batch_decode_kernels::mfma_gemm(float*, float const*, unsigned short const*, int, int, int, int)",1395,19,223581.0,720896.0,0.0,0.0,0.0,0.0,256.0,4912602303693134.0,4912602303821295.0
1395,1,6400,256,1024,0,12,4,32,64,"batch_decode_kernels::rmsnorm(float*, float const*, unsigned short const*, int, int, float)",1396,36,32591.0,0.0,0.0,0.0,0.0,0.0,100.0,4912602303914895.0,4912602303927375.0
1396,1,24576,256,11264,0,24,0,48,64,"batch_decode_kernels::mfma_gemm(float*, float const*, unsigned short const*, int, int, int, int)",1397,19,166113.0,786432.0,0.0,0.0,0.0,0.0,384.0,4912602304007856.0,4912602304101936.0
1397,1,4608,256,11264,0,24,0,48,64,"batch_decode_kernels::mfma_gemm(float*, float const*, unsigned short const*, int, int, int, int)",1398,19,166279.0,147456.0,0.0,0.0,0.0,0.0,72.0,4912602304167696.0,4912602304259857.0
1398,1,6400,256,1024,0,24,0,32,64,"batch_decode_kernels::prefill_kv_norm_rope(unsigned short*, float const*, unsigned short const*, int, int, int, int, int, int, float const*, int, float)",1399,38,28343.0,0.0,0.0,0.0,0.0,0.0,100.0,4912602304328817.0,4912602304338897.0
1399,1,65536,256,11264,0,24,0,48,64,"batch_decode_kernels::mfma_head_gemm(float*, float const*, unsigned short const*, int, int, int, int, int, int, unsigned long)",1400,29,36913.0,131072.0,0.0,0.0,0.0,0.0,1024.0,4912602304415378.0,4912602304430898.0
1400,1,25600,256,0,0,24,0,32,64,"batch_decode_kernels::prefill_q_rope(float*, float const*, int, int, int, int, int, float const*, int)",1401,40,25747.0,0.0,0.0,0.0,0.0,0.0,400.0,4912602304500338.0,4912602304508498.0
1401,1,25600,256,0,0,64,0,96,64,"void batch_decode_kernels::flash_prefill<8>(float*, float const*, float const*, unsigned short const*, int, int, int, int, int, int, int, float)",1402,26,66449.0,0.0,0.0,0.0,0.0,0.0,400.0,4912602304585298.0,4912602304618418.0
1402,1,16384,256,11264,0,24,0,48,64,"batch_decode_kernels::mfma_head_gemm(float*, float const*, unsigned short const*, int, int, int, int, int, int, unsigned long)",1403,29,61675.0,131072.0,0.0,0.0,0.0,0.0,256.0,4912602304739379.0,4912602304769459.0
1403,1,16384,256,11264,0,24,0,48,64,"batch_decode_kernels::mfma_gemm(float*, float const*, unsigned short const*, int, int, int, int)",1404,19,168073.0,524288.0,0.0,0.0,0.0,0.0,256.0,4912602304829459.0,4912602304924180.0
1404,1,6400,256,1024,0,12,4,32,64,"batch_decode_kernels::rmsnorm(float*, float const*, unsigned short const*, int, int, float)",1405,36,33362.0,0.0,0.0,0.0,0.0,0.0,100.0,4912602305059220.0,4912602305072020.0
1405,1,512,256,11264,0,24,0,48,64,"batch_decode_kernels::mfma_gemm(float*, float const*, unsigned short const*, int, int, int, int)",1406,19,178194.0,16384.0,0.0,0.0,0.0,0.0,8.0,4912602305146261.0,4912602305245301.0
1406,1,1600,64,0,0,16,0,48,64,"void moe_kernels::router_topk_wave64_kernel<64>(float*, float const*, int*, float*, int, int, int, int, int, float)",1407,55,36259.0,0.0,0.0,0.0,0.0,0.0,25.0,4912602305365462.0,4912602305380022.0
1407,1,256,256,1024,0,12,4,64,64,"batch_decode_kernels::align_routes(int const*, int, int, int, int*, int*, int*)",1408,17,44819.0,0.0,0.0,0.0,0.0,0.0,4.0,4912602305452342.0,4912602305472022.0
1408,1,394240,256,19968,0,36,4,48,64,"void batch_decode_kernels::grouped_expert_gate_up<16, 1>(float const*, char const*, unsigned long const*, unsigned long const*, int const*, int const*, float*, unsigned short*, int, int, int, int, int)",1409,31,593120.0,8290304.0,0.0,0.0,0.0,0.0,6160.0,4912602305541783.0,4912602305906104.0
1409,1,22528,256,19968,0,32,0,48,64,"batch_decode_kernels::mfma_gate_up_swiglu(float*, float const*, unsigned short const*, unsigned short const*, int, int, int)",1410,20,181341.0,1441792.0,0.0,0.0,0.0,0.0,352.0,4912602305979224.0,4912602306083385.0
1410,1,573440,256,11264,0,24,0,48,64,"void batch_decode_kernels::grouped_expert_down<16, 1>(float const*, unsigned short const*, char const*, unsigned long const*, int const*, int const*, float*, int, int, int, int)",1411,32,342892.0,4145152.0,0.0,0.0,0.0,0.0,8960.0,4912602306145785.0,4912602306354426.0
1411,1,6400,256,0,0,12,4,32,64,"batch_decode_kernels::reduce_routes_add(float*, float const*, float const*, int, int, int)",1412,28,59218.0,0.0,0.0,0.0,0.0,0.0,100.0,4912602306438106.0,4912602306465947.0
1412,1,16384,256,11264,0,24,0,48,64,"batch_decode_kernels::mfma_gemm(float*, float const*, unsigned short const*, int, int, int, int)",1413,19,225048.0,720896.0,0.0,0.0,0.0,0.0,256.0,4912602306532187.0,4912602306661307.0
1413,1,6400,256,1024,0,12,4,32,64,"batch_decode_kernels::rmsnorm(float*, float const*, unsigned short const*, int, int, float)",1414,36,31771.0,0.0,0.0,0.0,0.0,0.0,100.0,4912602306755388.0,4912602306767708.0
1414,1,24576,256,11264,0,24,0,48,64,"batch_decode_kernels::mfma_gemm(float*, float const*, unsigned short const*, int, int, int, int)",1415,19,169317.0,786432.0,0.0,0.0,0.0,0.0,384.0,4912602306853788.0,4912602306950109.0
1415,1,4608,256,11264,0,24,0,48,64,"batch_decode_kernels::mfma_gemm(float*, float const*, unsigned short const*, int, int, int, int)",1416,19,163588.0,147456.0,0.0,0.0,0.0,0.0,72.0,4912602307010429.0,4912602307101149.0
1416,1,6400,256,1024,0,24,0,32,64,"batch_decode_kernels::prefill_kv_norm_rope(unsigned short*, float const*, unsigned short const*, int, int, int, int, int, int, float const*, int, float)",1417,38,28690.0,0.0,0.0,0.0,0.0,0.0,100.0,4912602307167390.0,4912602307177310.0
1417,1,65536,256,11264,0,24,0,48,64,"batch_decode_kernels::mfma_head_gemm(float*, float const*, unsigned short const*, int, int, int, int, int, int, unsigned long)",1418,29,35973.0,131072.0,0.0,0.0,0.0,0.0,1024.0,4912602307254590.0,4912602307269470.0
1418,1,25600,256,0,0,24,0,32,64,"batch_decode_kernels::prefill_q_rope(float*, float const*, int, int, int, int, int, float const*, int)",1419,40,24859.0,0.0,0.0,0.0,0.0,0.0,400.0,4912602307355711.0,4912602307363551.0
1419,1,25600,256,0,0,64,0,96,64,"void batch_decode_kernels::flash_prefill<8>(float*, float const*, float const*, unsigned short const*, int, int, int, int, int, int, int, float)",1420,26,66786.0,0.0,0.0,0.0,0.0,0.0,400.0,4912602307442751.0,4912602307475711.0
1420,1,16384,256,11264,0,24,0,48,64,"batch_decode_kernels::mfma_head_gemm(float*, float const*, unsigned short const*, int, int, int, int, int, int, unsigned long)",1421,29,60631.0,131072.0,0.0,0.0,0.0,0.0,256.0,4912602307597952.0,4912602307627392.0
1421,1,16384,256,11264,0,24,0,48,64,"batch_decode_kernels::mfma_gemm(float*, float const*, unsigned short const*, int, int, int, int)",1422,19,167827.0,524288.0,0.0,0.0,0.0,0.0,256.0,4912602307690592.0,4912602307784992.0
1422,1,6400,256,1024,0,12,4,32,64,"batch_decode_kernels::rmsnorm(float*, float const*, unsigned short const*, int, int, float)",1423,36,31894.0,0.0,0.0,0.0,0.0,0.0,100.0,4912602307917633.0,4912602307929633.0
1423,1,512,256,11264,0,24,0,48,64,"batch_decode_kernels::mfma_gemm(float*, float const*, unsigned short const*, int, int, int, int)",1424,19,172284.0,16384.0,0.0,0.0,0.0,0.0,8.0,4912602308004193.0,4912602308099554.0
1424,1,1600,64,0,0,16,0,48,64,"void moe_kernels::router_topk_wave64_kernel<64>(float*, float const*, int*, float*, int, int, int, int, int, float)",1425,55,39376.0,0.0,0.0,0.0,0.0,0.0,25.0,4912602308164834.0,4912602308180834.0
1425,1,256,256,1024,0,12,4,64,64,"batch_decode_kernels::align_routes(int const*, int, int, int, int*, int*, int*)",1426,17,45855.0,0.0,0.0,0.0,0.0,0.0,4.0,4912602308251874.0,4912602308271875.0
1426,1,394240,256,19968,0,36,4,48,64,"void batch_decode_kernels::grouped_expert_gate_up<16, 1>(float const*, char const*, unsigned long const*, unsigned long const*, int const*, int const*, float*, unsigned short*, int, int, int, int, int)",1427,31,592159.0,9011200.0,0.0,0.0,0.0,0.0,6160.0,4912602308339875.0,4912602308704676.0
1427,1,22528,256,19968,0,32,0,48,64,"batch_decode_kernels::mfma_gate_up_swiglu(float*, float const*, unsigned short const*, unsigned short const*, int, int, int)",1428,20,182723.0,1441792.0,0.0,0.0,0.0,0.0,352.0,4912602308771557.0,4912602308876357.0
1428,1,573440,256,11264,0,24,0,48,64,"void batch_decode_kernels::grouped_expert_down<16, 1>(float const*, unsigned short const*, char const*, unsigned long const*, int const*, int const*, float*, int, int, int, int)",1429,32,344997.0,4505600.0,0.0,0.0,0.0,0.0,8960.0,4912602308999398.0,4912602309209799.0
1429,1,6400,256,0,0,12,4,32,64,"batch_decode_kernels::reduce_routes_add(float*, float const*, float const*, int, int, int)",1430,28,58006.0,0.0,0.0,0.0,0.0,0.0,100.0,4912602309306279.0,4912602309334119.0
1430,1,16384,256,11264,0,24,0,48,64,"batch_decode_kernels::mfma_gemm(float*, float const*, unsigned short const*, int, int, int, int)",1431,19,226211.0,720896.0,0.0,0.0,0.0,0.0,256.0,4912602309401160.0,4912602309530760.0
1431,1,6400,256,1024,0,12,4,32,64,"batch_decode_kernels::rmsnorm(float*, float const*, unsigned short const*, int, int, float)",1432,36,33246.0,0.0,0.0,0.0,0.0,0.0,100.0,4912602309629001.0,4912602309641801.0
1432,1,24576,256,11264,0,24,0,48,64,"batch_decode_kernels::mfma_gemm(float*, float const*, unsigned short const*, int, int, int, int)",1433,19,167253.0,786432.0,0.0,0.0,0.0,0.0,384.0,4912602309716361.0,4912602309811561.0
1433,1,4608,256,11264,0,24,0,48,64,"batch_decode_kernels::mfma_gemm(float*, float const*, unsigned short const*, int, int, int, int)",1434,19,163736.0,147456.0,0.0,0.0,0.0,0.0,72.0,4912602309878602.0,4912602309969322.0
1434,1,6400,256,1024,0,24,0,32,64,"batch_decode_kernels::prefill_kv_norm_rope(unsigned short*, float const*, unsigned short const*, int, int, int, int, int, int, float const*, int, float)",1435,38,29259.0,0.0,0.0,0.0,0.0,0.0,100.0,4912602310048682.0,4912602310059082.0
1435,1,65536,256,11264,0,24,0,48,64,"batch_decode_kernels::mfma_head_gemm(float*, float const*, unsigned short const*, int, int, int, int, int, int, unsigned long)",1436,29,36547.0,131072.0,0.0,0.0,0.0,0.0,1024.0,4912602310142123.0,4912602310157163.0
1436,1,25600,256,0,0,24,0,32,64,"batch_decode_kernels::prefill_q_rope(float*, float const*, int, int, int, int, int, float const*, int)",1437,40,24937.0,0.0,0.0,0.0,0.0,0.0,400.0,4912602310231083.0,4912602310239243.0
1437,1,25600,256,0,0,64,0,96,64,"void batch_decode_kernels::flash_prefill<8>(float*, float const*, float const*, unsigned short const*, int, int, int, int, int, int, int, float)",1438,26,68319.0,0.0,0.0,0.0,0.0,0.0,400.0,4912602310318924.0,4912602310353004.0
1438,1,16384,256,11264,0,24,0,48,64,"batch_decode_kernels::mfma_head_gemm(float*, float const*, unsigned short const*, int, int, int, int, int, int, unsigned long)",1439,29,61353.0,131072.0,0.0,0.0,0.0,0.0,256.0,4912602310412684.0,4912602310442124.0
1439,1,16384,256,11264,0,24,0,48,64,"batch_decode_kernels::mfma_gemm(float*, float const*, unsigned short const*, int, int, int, int)",1440,19,169754.0,524288.0,0.0,0.0,0.0,0.0,256.0,4912602310570125.0,4912602310665485.0
1440,1,6400,256,1024,0,12,4,32,64,"batch_decode_kernels::rmsnorm(float*, float const*, unsigned short const*, int, int, float)",1441,36,32454.0,0.0,0.0,0.0,0.0,0.0,100.0,4912602310735565.0,4912602310747885.0
1441,1,512,256,11264,0,24,0,48,64,"batch_decode_kernels::mfma_gemm(float*, float const*, unsigned short const*, int, int, int, int)",1442,19,173009.0,16384.0,0.0,0.0,0.0,0.0,8.0,4912602310825006.0,4912602310921006.0
1442,1,1600,64,0,0,16,0,48,64,"void moe_kernels::router_topk_wave64_kernel<64>(float*, float const*, int*, float*, int, int, int, int, int, float)",1443,55,39194.0,0.0,0.0,0.0,0.0,0.0,25.0,4912602310985167.0,4912602311001327.0
1443,1,256,256,1024,0,12,4,64,64,"batch_decode_kernels::align_routes(int const*, int, int, int, int*, int*, int*)",1444,17,45999.0,0.0,0.0,0.0,0.0,0.0,4.0,4912602311079087.0,4912602311099567.0
1444,1,394240,256,19968,0,36,4,48,64,"void batch_decode_kernels::grouped_expert_gate_up<16, 1>(float const*, char const*, unsigned long const*, unsigned long const*, int const*, int const*, float*, unsigned short*, int, int, int, int, int)",1445,31,531358.0,7929856.0,0.0,0.0,0.0,0.0,6160.0,4912602311170287.0,4912602311497169.0
1445,1,22528,256,19968,0,32,0,48,64,"batch_decode_kernels::mfma_gate_up_swiglu(float*, float const*, unsigned short const*, unsigned short const*, int, int, int)",1446,20,183139.0,1441792.0,0.0,0.0,0.0,0.0,352.0,4912602311612515.0,4912602311717795.0
1446,1,573440,256,11264,0,24,0,48,64,"void batch_decode_kernels::grouped_expert_down<16, 1>(float const*, unsigned short const*, char const*, unsigned long const*, int const*, int const*, float*, int, int, int, int)",1447,32,326252.0,3964928.0,0.0,0.0,0.0,0.0,8960.0,4912602311857635.0,4912602312055876.0
1447,1,6400,256,0,0,12,4,32,64,"batch_decode_kernels::reduce_routes_add(float*, float const*, float const*, int, int, int)",1448,28,58717.0,0.0,0.0,0.0,0.0,0.0,100.0,4912602312161636.0,4912602312189796.0
1448,1,16384,256,11264,0,24,0,48,64,"batch_decode_kernels::mfma_gemm(float*, float const*, unsigned short const*, int, int, int, int)",1449,19,227164.0,720896.0,0.0,0.0,0.0,0.0,256.0,4912602312251396.0,4912602312381637.0
1449,1,6400,256,1024,0,12,4,32,64,"batch_decode_kernels::rmsnorm(float*, float const*, unsigned short const*, int, int, float)",1450,36,33243.0,0.0,0.0,0.0,0.0,0.0,100.0,4912602312485477.0,4912602312498277.0
1450,1,24576,256,11264,0,24,0,48,64,"batch_decode_kernels::mfma_gemm(float*, float const*, unsigned short const*, int, int, int, int)",1451,19,167549.0,786432.0,0.0,0.0,0.0,0.0,384.0,4912602312575558.0,4912602312670598.0
1451,1,4608,256,11264,0,24,0,48,64,"batch_decode_kernels::mfma_gemm(float*, float const*, unsigned short const*, int, int, int, int)",1452,19,162119.0,147456.0,0.0,0.0,0.0,0.0,72.0,4912602312737479.0,4912602312827239.0
1452,1,6400,256,1024,0,24,0,32,64,"batch_decode_kernels::prefill_kv_norm_rope(unsigned short*, float const*, unsigned short const*, int, int, int, int, int, int, float const*, int, float)",1453,38,28422.0,0.0,0.0,0.0,0.0,0.0,100.0,4912602312905319.0,4912602312915239.0
1453,1,65536,256,11264,0,24,0,48,64,"batch_decode_kernels::mfma_head_gemm(float*, float const*, unsigned short const*, int, int, int, int, int, int, unsigned long)",1454,29,36010.0,131072.0,0.0,0.0,0.0,0.0,1024.0,4912602312998280.0,4912602313012840.0
1454,1,25600,256,0,0,24,0,32,64,"batch_decode_kernels::prefill_q_rope(float*, float const*, int, int, int, int, int, float const*, int)",1455,40,24686.0,0.0,0.0,0.0,0.0,0.0,400.0,4912602313093480.0,4912602313101320.0
1455,1,25600,256,0,0,64,0,96,64,"void batch_decode_kernels::flash_prefill<8>(float*, float const*, float const*, unsigned short const*, int, int, int, int, int, int, int, float)",1456,26,67327.0,0.0,0.0,0.0,0.0,0.0,400.0,4912602313184360.0,4912602313217801.0
1456,1,16384,256,11264,0,24,0,48,64,"batch_decode_kernels::mfma_head_gemm(float*, float const*, unsigned short const*, int, int, int, int, int, int, unsigned long)",1457,29,61398.0,131072.0,0.0,0.0,0.0,0.0,256.0,4912602313342121.0,4912602313371721.0
1457,1,16384,256,11264,0,24,0,48,64,"batch_decode_kernels::mfma_gemm(float*, float const*, unsigned short const*, int, int, int, int)",1458,19,165754.0,524288.0,0.0,0.0,0.0,0.0,256.0,4912602313437802.0,4912602313530922.0
1458,1,6400,256,1024,0,12,4,32,64,"batch_decode_kernels::rmsnorm(float*, float const*, unsigned short const*, int, int, float)",1459,36,34731.0,0.0,0.0,0.0,0.0,0.0,100.0,4912602313605322.0,4912602313619242.0
1459,1,512,256,11264,0,24,0,48,64,"batch_decode_kernels::mfma_gemm(float*, float const*, unsigned short const*, int, int, int, int)",1460,19,176133.0,16384.0,0.0,0.0,0.0,0.0,8.0,4912602313697003.0,4912602313794763.0
1460,1,1600,64,0,0,16,0,48,64,"void moe_kernels::router_topk_wave64_kernel<64>(float*, float const*, int*, float*, int, int, int, int, int, float)",1461,55,38680.0,0.0,0.0,0.0,0.0,0.0,25.0,4912602313858123.0,4912602313873964.0
1461,1,256,256,1024,0,12,4,64,64,"batch_decode_kernels::align_routes(int const*, int, int, int, int*, int*, int*)",1462,17,45589.0,0.0,0.0,0.0,0.0,0.0,4.0,4912602313947724.0,4912602313968044.0
1462,1,394240,256,19968,0,36,4,48,64,"void batch_decode_kernels::grouped_expert_gate_up<16, 1>(float const*, char const*, unsigned long const*, unsigned long const*, int const*, int const*, float*, unsigned short*, int, int, int, int, int)",1463,31,594758.0,7929856.0,0.0,0.0,0.0,0.0,6160.0,4912602314049644.0,4912602314414126.0
1463,1,22528,256,19968,0,32,0,48,64,"batch_decode_kernels::mfma_gate_up_swiglu(float*, float const*, unsigned short const*, unsigned short const*, int, int, int)",1464,20,182750.0,1441792.0,0.0,0.0,0.0,0.0,352.0,4912602314514286.0,4912602314619247.0
1464,1,573440,256,11264,0,24,0,48,64,"void batch_decode_kernels::grouped_expert_down<16, 1>(float const*, unsigned short const*, char const*, unsigned long const*, int const*, int const*, float*, int, int, int, int)",1465,32,346357.0,3964928.0,0.0,0.0,0.0,0.0,8960.0,4912602314685647.0,4912602314895728.0
1465,1,6400,256,0,0,12,4,32,64,"batch_decode_kernels::reduce_routes_add(float*, float const*, float const*, int, int, int)",1466,28,58710.0,0.0,0.0,0.0,0.0,0.0,100.0,4912602314993968.0,4912602315022129.0
1466,1,16384,256,11264,0,24,0,48,64,"batch_decode_kernels::mfma_gemm(float*, float const*, unsigned short const*, int, int, int, int)",1467,19,225030.0,720896.0,0.0,0.0,0.0,0.0,256.0,4912602315093489.0,4912602315222289.0
1467,1,6400,256,1024,0,12,4,32,64,"batch_decode_kernels::rmsnorm(float*, float const*, unsigned short const*, int, int, float)",1468,36,32737.0,0.0,0.0,0.0,0.0,0.0,100.0,4912602315330450.0,4912602315342930.0
1468,1,24576,256,11264,0,24,0,48,64,"batch_decode_kernels::mfma_gemm(float*, float const*, unsigned short const*, int, int, int, int)",1469,19,166272.0,786432.0,0.0,0.0,0.0,0.0,384.0,4912602315423890.0,4912602315518291.0
1469,1,4608,256,11264,0,24,0,48,64,"batch_decode_kernels::mfma_gemm(float*, float const*, unsigned short const*, int, int, int, int)",1470,19,164893.0,147456.0,0.0,0.0,0.0,0.0,72.0,4912602315590771.0,4912602315682291.0
1470,1,6400,256,1024,0,24,0,32,64,"batch_decode_kernels::prefill_kv_norm_rope(unsigned short*, float const*, unsigned short const*, int, int, int, int, int, int, float const*, int, float)",1471,38,29384.0,0.0,0.0,0.0,0.0,0.0,100.0,4912602315761812.0,4912602315772372.0
1471,1,65536,256,11264,0,24,0,48,64,"batch_decode_kernels::mfma_head_gemm(float*, float const*, unsigned short const*, int, int, int, int, int, int, unsigned long)",1472,29,36545.0,131072.0,0.0,0.0,0.0,0.0,1024.0,4912602315857972.0,4912602315872692.0
1472,1,25600,256,0,0,24,0,32,64,"batch_decode_kernels::prefill_q_rope(float*, float const*, int, int, int, int, int, float const*, int)",1473,40,25339.0,0.0,0.0,0.0,0.0,0.0,400.0,4912602315950453.0,4912602315958773.0
1473,1,25600,256,0,0,64,0,96,64,"void batch_decode_kernels::flash_prefill<8>(float*, float const*, float const*, unsigned short const*, int, int, int, int, int, int, int, float)",1474,26,70121.0,0.0,0.0,0.0,0.0,0.0,400.0,4912602316050613.0,4912602316085813.0
1474,1,16384,256,11264,0,24,0,48,64,"batch_decode_kernels::mfma_head_gemm(float*, float const*, unsigned short const*, int, int, int, int, int, int, unsigned long)",1475,29,60370.0,131072.0,0.0,0.0,0.0,0.0,256.0,4912602316213014.0,4912602316242294.0
1475,1,16384,256,11264,0,24,0,48,64,"batch_decode_kernels::mfma_gemm(float*, float const*, unsigned short const*, int, int, int, int)",1476,19,169261.0,524288.0,0.0,0.0,0.0,0.0,256.0,4912602316317174.0,4912602316412535.0
1476,1,6400,256,1024,0,12,4,32,64,"batch_decode_kernels::rmsnorm(float*, float const*, unsigned short const*, int, int, float)",1477,36,31790.0,0.0,0.0,0.0,0.0,0.0,100.0,4912602316501015.0,4912602316513175.0
1477,1,512,256,11264,0,24,0,48,64,"batch_decode_kernels::mfma_gemm(float*, float const*, unsigned short const*, int, int, int, int)",1478,19,176145.0,16384.0,0.0,0.0,0.0,0.0,8.0,4912602316593815.0,4912602316691576.0
1478,1,1600,64,0,0,16,0,48,64,"void moe_kernels::router_topk_wave64_kernel<64>(float*, float const*, int*, float*, int, int, int, int, int, float)",1479,55,38988.0,0.0,0.0,0.0,0.0,0.0,25.0,4912602316764856.0,4912602316780856.0
1479,1,256,256,1024,0,12,4,64,64,"batch_decode_kernels::align_routes(int const*, int, int, int, int*, int*, int*)",1480,17,44787.0,0.0,0.0,0.0,0.0,0.0,4.0,4912602316859257.0,4912602316878937.0
1480,1,394240,256,19968,0,36,4,48,64,"void batch_decode_kernels::grouped_expert_gate_up<16, 1>(float const*, char const*, unsigned long const*, unsigned long const*, int const*, int const*, float*, unsigned short*, int, int, int, int, int)",1481,31,552824.0,7569408.0,0.0,0.0,0.0,0.0,6160.0,4912602316951577.0,4912602317290299.0
1481,1,22528,256,19968,0,32,0,48,64,"batch_decode_kernels::mfma_gate_up_swiglu(float*, float const*, unsigned short const*, unsigned short const*, int, int, int)",1482,20,182726.0,1441792.0,0.0,0.0,0.0,0.0,352.0,4912602317420379.0,4912602317525180.0
1482,1,573440,256,11264,0,24,0,48,64,"void batch_decode_kernels::grouped_expert_down<16, 1>(float const*, unsigned short const*, char const*, unsigned long const*, int const*, int const*, float*, int, int, int, int)",1483,32,332047.0,3784704.0,0.0,0.0,0.0,0.0,8960.0,4912602317588540.0,4912602317790141.0
1483,1,6400,256,0,0,12,4,32,64,"batch_decode_kernels::reduce_routes_add(float*, float const*, float const*, int, int, int)",1484,28,58274.0,0.0,0.0,0.0,0.0,0.0,100.0,4912602317909821.0,4912602317937341.0
1484,1,16384,256,11264,0,24,0,48,64,"batch_decode_kernels::mfma_gemm(float*, float const*, unsigned short const*, int, int, int, int)",1485,19,223947.0,720896.0,0.0,0.0,0.0,0.0,256.0,4912602318006462.0,4912602318135102.0
1485,1,6400,256,1024,0,12,4,32,64,"batch_decode_kernels::rmsnorm(float*, float const*, unsigned short const*, int, int, float)",1486,36,32359.0,0.0,0.0,0.0,0.0,0.0,100.0,4912602318256063.0,4912602318268543.0
1486,1,24576,256,11264,0,24,0,48,64,"batch_decode_kernels::mfma_gemm(float*, float const*, unsigned short const*, int, int, int, int)",1487,19,166329.0,786432.0,0.0,0.0,0.0,0.0,384.0,4912602318350463.0,4912602318444864.0
1487,1,4608,256,11264,0,24,0,48,64,"batch_decode_kernels::mfma_gemm(float*, float const*, unsigned short const*, int, int, int, int)",1488,19,164184.0,147456.0,0.0,0.0,0.0,0.0,72.0,4912602318520224.0,4912602318611424.0
1488,1,6400,256,1024,0,24,0,32,64,"batch_decode_kernels::prefill_kv_norm_rope(unsigned short*, float const*, unsigned short const*, int, int, int, int, int, int, float const*, int, float)",1489,38,27888.0,0.0,0.0,0.0,0.0,0.0,100.0,4912602318697345.0,4912602318706945.0
1489,1,65536,256,11264,0,24,0,48,64,"batch_decode_kernels::mfma_head_gemm(float*, float const*, unsigned short const*, int, int, int, int, int, int, unsigned long)",1490,29,35351.0,131072.0,0.0,0.0,0.0,0.0,1024.0,4912602318791585.0,4912602318805825.0
1490,1,25600,256,0,0,24,0,32,64,"batch_decode_kernels::prefill_q_rope(float*, float const*, int, int, int, int, int, float const*, int)",1491,40,25556.0,0.0,0.0,0.0,0.0,0.0,400.0,4912602318885826.0,4912602318893986.0
1491,1,25600,256,0,0,64,0,96,64,"void batch_decode_kernels::flash_prefill<8>(float*, float const*, float const*, unsigned short const*, int, int, int, int, int, int, int, float)",1492,26,67529.0,0.0,0.0,0.0,0.0,0.0,400.0,4912602318981986.0,4912602319015586.0
1492,1,16384,256,11264,0,24,0,48,64,"batch_decode_kernels::mfma_head_gemm(float*, float const*, unsigned short const*, int, int, int, int, int, int, unsigned long)",1493,29,60220.0,131072.0,0.0,0.0,0.0,0.0,256.0,4912602319081186.0,4912602319110467.0
1493,1,16384,256,11264,0,24,0,48,64,"batch_decode_kernels::mfma_gemm(float*, float const*, unsigned short const*, int, int, int, int)",1494,19,170473.0,524288.0,0.0,0.0,0.0,0.0,256.0,4912602319181347.0,4912602319277027.0
1494,1,6400,256,1024,0,12,4,32,64,"batch_decode_kernels::rmsnorm(float*, float const*, unsigned short const*, int, int, float)",1495,36,32955.0,0.0,0.0,0.0,0.0,0.0,100.0,4912602319357508.0,4912602319370308.0
1495,1,512,256,11264,0,24,0,48,64,"batch_decode_kernels::mfma_gemm(float*, float const*, unsigned short const*, int, int, int, int)",1496,19,175719.0,16384.0,0.0,0.0,0.0,0.0,8.0,4912602319454308.0,4912602319551269.0
1496,1,1600,64,0,0,16,0,48,64,"void moe_kernels::router_topk_wave64_kernel<64>(float*, float const*, int*, float*, int, int, int, int, int, float)",1497,55,39311.0,0.0,0.0,0.0,0.0,0.0,25.0,4912602319626469.0,4912602319642789.0
1497,1,256,256,1024,0,12,4,64,64,"batch_decode_kernels::align_routes(int const*, int, int, int, int*, int*, int*)",1498,17,44143.0,0.0,0.0,0.0,0.0,0.0,4.0,4912602319720069.0,4912602319739269.0
1498,1,394240,256,19968,0,36,4,48,64,"void batch_decode_kernels::grouped_expert_gate_up<16, 1>(float const*, char const*, unsigned long const*, unsigned long const*, int const*, int const*, float*, unsigned short*, int, int, int, int, int)",1499,31,552559.0,8290304.0,0.0,0.0,0.0,0.0,6160.0,4912602319814310.0,4912602320154791.0
1499,1,22528,256,19968,0,32,0,48,64,"batch_decode_kernels::mfma_gate_up_swiglu(float*, float const*, unsigned short const*, unsigned short const*, int, int, int)",1500,20,176345.0,1441792.0,0.0,0.0,0.0,0.0,352.0,4912602320225511.0,4912602320326632.0
1500,1,573440,256,11264,0,24,0,48,64,"void batch_decode_kernels::grouped_expert_down<16, 1>(float const*, unsigned short const*, char const*, unsigned long const*, int const*, int const*, float*, int, int, int, int)",1501,32,337619.0,4145152.0,0.0,0.0,0.0,0.0,8960.0,4912602320401672.0,4912602320606953.0
1501,1,6400,256,0,0,12,4,32,64,"batch_decode_kernels::reduce_routes_add(float*, float const*, float const*, int, int, int)",1502,28,57281.0,0.0,0.0,0.0,0.0,0.0,100.0,4912602320727434.0,4912602320754954.0
1502,1,16384,256,11264,0,24,0,48,64,"batch_decode_kernels::mfma_gemm(float*, float const*, unsigned short const*, int, int, int, int)",1503,19,226828.0,720896.0,0.0,0.0,0.0,0.0,256.0,4912602320826314.0,4912602320956235.0
1503,1,6400,256,1024,0,12,4,32,64,"batch_decode_kernels::rmsnorm(float*, float const*, unsigned short const*, int, int, float)",1504,36,32184.0,0.0,0.0,0.0,0.0,0.0,100.0,4912602321082635.0,4912602321094795.0
1504,1,24576,256,11264,0,24,0,48,64,"batch_decode_kernels::mfma_gemm(float*, float const*, unsigned short const*, int, int, int, int)",1505,19,167569.0,786432.0,0.0,0.0,0.0,0.0,384.0,4912602321178796.0,4912602321273996.0
1505,1,4608,256,11264,0,24,0,48,64,"batch_decode_kernels::mfma_gemm(float*, float const*, unsigned short const*, int, int, int, int)",1506,19,165426.0,147456.0,0.0,0.0,0.0,0.0,72.0,4912602321351436.0,4912602321443277.0
1506,1,6400,256,1024,0,24,0,32,64,"batch_decode_kernels::prefill_kv_norm_rope(unsigned short*, float const*, unsigned short const*, int, int, int, int, int, int, float const*, int, float)",1507,38,28196.0,0.0,0.0,0.0,0.0,0.0,100.0,4912602321529517.0,4912602321539437.0
1507,1,65536,256,11264,0,24,0,48,64,"batch_decode_kernels::mfma_head_gemm(float*, float const*, unsigned short const*, int, int, int, int, int, int, unsigned long)",1508,29,34622.0,131072.0,0.0,0.0,0.0,0.0,1024.0,4912602321626958.0,4912602321640878.0
1508,1,25600,256,0,0,24,0,32,64,"batch_decode_kernels::prefill_q_rope(float*, float const*, int, int, int, int, int, float const*, int)",1509,40,25253.0,0.0,0.0,0.0,0.0,0.0,400.0,4912602321723278.0,4912602321731598.0
1509,1,25600,256,0,0,64,0,96,64,"void batch_decode_kernels::flash_prefill<8>(float*, float const*, float const*, unsigned short const*, int, int, int, int, int, int, int, float)",1510,26,69470.0,0.0,0.0,0.0,0.0,0.0,400.0,4912602321816558.0,4912602321851119.0
1510,1,16384,256,11264,0,24,0,48,64,"batch_decode_kernels::mfma_head_gemm(float*, float const*, unsigned short const*, int, int, int, int, int, int, unsigned long)",1511,29,59323.0,131072.0,0.0,0.0,0.0,0.0,256.0,4912602321923759.0,4912602321952559.0
1511,1,16384,256,11264,0,24,0,48,64,"batch_decode_kernels::mfma_gemm(float*, float const*, unsigned short const*, int, int, int, int)",1512,19,168300.0,524288.0,0.0,0.0,0.0,0.0,256.0,4912602322024879.0,4912602322119600.0
1512,1,6400,256,1024,0,12,4,32,64,"batch_decode_kernels::rmsnorm(float*, float const*, unsigned short const*, int, int, float)",1513,36,32225.0,0.0,0.0,0.0,0.0,0.0,100.0,4912602322198320.0,4912602322210640.0
1513,1,512,256,11264,0,24,0,48,64,"batch_decode_kernels::mfma_gemm(float*, float const*, unsigned short const*, int, int, int, int)",1514,19,180228.0,16384.0,0.0,0.0,0.0,0.0,8.0,4912602322296881.0,4912602322397041.0
1514,1,1600,64,0,0,16,0,48,64,"void moe_kernels::router_topk_wave64_kernel<64>(float*, float const*, int*, float*, int, int, int, int, int, float)",1515,55,38510.0,0.0,0.0,0.0,0.0,0.0,25.0,4912602322472401.0,4912602322488401.0
1515,1,256,256,1024,0,12,4,64,64,"batch_decode_kernels::align_routes(int const*, int, int, int, int*, int*, int*)",1516,17,45954.0,0.0,0.0,0.0,0.0,0.0,4.0,4912602322568562.0,4912602322589042.0
1516,1,394240,256,19968,0,36,4,48,64,"void batch_decode_kernels::grouped_expert_gate_up<16, 1>(float const*, char const*, unsigned long const*, unsigned long const*, int const*, int const*, float*, unsigned short*, int, int, int, int, int)",1517,31,593897.0,9011200.0,0.0,0.0,0.0,0.0,6160.0,4912602322664882.0,4912602323031124.0
1517,1,22528,256,19968,0,32,0,48,64,"batch_decode_kernels::mfma_gate_up_swiglu(float*, float const*, unsigned short const*, unsigned short const*, int, int, int)",1518,20,180329.0,1441792.0,0.0,0.0,0.0,0.0,352.0,4912602323166324.0,4912602323269685.0
1518,1,573440,256,11264,0,24,0,48,64,"void batch_decode_kernels::grouped_expert_down<16, 1>(float const*, unsigned short const*, char const*, unsigned long const*, int const*, int const*, float*, int, int, int, int)",1519,32,348659.0,4505600.0,0.0,0.0,0.0,0.0,8960.0,4912602323346005.0,4912602323558966.0
1519,1,6400,256,0,0,12,4,32,64,"batch_decode_kernels::reduce_routes_add(float*, float const*, float const*, int, int, int)",1520,28,58242.0,0.0,0.0,0.0,0.0,0.0,100.0,4912602323681687.0,4912602323709207.0
1520,1,16384,256,11264,0,24,0,48,64,"batch_decode_kernels::mfma_gemm(float*, float const*, unsigned short const*, int, int, int, int)",1521,19,228691.0,720896.0,0.0,0.0,0.0,0.0,256.0,4912602323780887.0,4912602323912088.0
1521,1,6400,256,1024,0,12,4,32,64,"batch_decode_kernels::rmsnorm(float*, float const*, unsigned short const*, int, int, float)",1522,36,32916.0,0.0,0.0,0.0,0.0,0.0,100.0,4912602324045688.0,4912602324058328.0
1522,1,24576,256,11264,0,24,0,48,64,"batch_decode_kernels::mfma_gemm(float*, float const*, unsigned short const*, int, int, int, int)",1523,19,166336.0,786432.0,0.0,0.0,0.0,0.0,384.0,4912602324144889.0,4912602324239289.0
1523,1,4608,256,11264,0,24,0,48,64,"batch_decode_kernels::mfma_gemm(float*, float const*, unsigned short const*, int, int, int, int)",1524,19,165077.0,147456.0,0.0,0.0,0.0,0.0,72.0,4912602324323290.0,4912602324414970.0
1524,1,6400,256,1024,0,24,0,32,64,"batch_decode_kernels::prefill_kv_norm_rope(unsigned short*, float const*, unsigned short const*, int, int, int, int, int, int, float const*, int, float)",1525,38,28801.0,0.0,0.0,0.0,0.0,0.0,100.0,4912602324509850.0,4912602324519930.0
1525,1,65536,256,11264,0,24,0,48,64,"batch_decode_kernels::mfma_head_gemm(float*, float const*, unsigned short const*, int, int, int, int, int, int, unsigned long)",1526,29,35608.0,131072.0,0.0,0.0,0.0,0.0,1024.0,4912602324612571.0,4912602324626811.0
1526,1,25600,256,0,0,24,0,32,64,"batch_decode_kernels::prefill_q_rope(float*, float const*, int, int, int, int, int, float const*, int)",1527,40,25513.0,0.0,0.0,0.0,0.0,0.0,400.0,4912602324709531.0,4912602324717371.0
1527,1,25600,256,0,0,64,0,96,64,"void batch_decode_kernels::flash_prefill<8>(float*, float const*, float const*, unsigned short const*, int, int, int, int, int, int, int, float)",1528,26,68808.0,0.0,0.0,0.0,0.0,0.0,400.0,4912602324809852.0,4912602324844412.0
1528,1,16384,256,11264,0,24,0,48,64,"batch_decode_kernels::mfma_head_gemm(float*, float const*, unsigned short const*, int, int, int, int, int, int, unsigned long)",1529,29,60536.0,131072.0,0.0,0.0,0.0,0.0,256.0,4912602324982492.0,4912602325011933.0
1529,1,16384,256,11264,0,24,0,48,64,"batch_decode_kernels::mfma_gemm(float*, float const*, unsigned short const*, int, int, int, int)",1530,19,168445.0,524288.0,0.0,0.0,0.0,0.0,256.0,4912602325100733.0,4912602325195613.0
1530,1,6400,256,1024,0,12,4,32,64,"batch_decode_kernels::rmsnorm(float*, float const*, unsigned short const*, int, int, float)",1531,36,32938.0,0.0,0.0,0.0,0.0,0.0,100.0,4912602325279454.0,4912602325291934.0
1531,1,512,256,11264,0,24,0,48,64,"batch_decode_kernels::mfma_gemm(float*, float const*, unsigned short const*, int, int, int, int)",1532,19,174591.0,16384.0,0.0,0.0,0.0,0.0,8.0,4912602325376894.0,4912602325473855.0
1532,1,1600,64,0,0,16,0,48,64,"void moe_kernels::router_topk_wave64_kernel<64>(float*, float const*, int*, float*, int, int, int, int, int, float)",1533,55,38709.0,0.0,0.0,0.0,0.0,0.0,25.0,4912602325559935.0,4912602325575935.0
1533,1,256,256,1024,0,12,4,64,64,"batch_decode_kernels::align_routes(int const*, int, int, int, int*, int*, int*)",1534,17,43337.0,0.0,0.0,0.0,0.0,0.0,4.0,4912602325658495.0,4912602325677375.0
1534,1,394240,256,19968,0,36,4,48,64,"void batch_decode_kernels::grouped_expert_gate_up<16, 1>(float const*, char const*, unsigned long const*, unsigned long const*, int const*, int const*, float*, unsigned short*, int, int, int, int, int)",1535,31,554040.0,7929856.0,0.0,0.0,0.0,0.0,6160.0,4912602325755936.0,4912602326096417.0
1535,1,22528,256,19968,0,32,0,48,64,"batch_decode_kernels::mfma_gate_up_swiglu(float*, float const*, unsigned short const*, unsigned short const*, int, int, int)",1536,20,178078.0,1441792.0,0.0,0.0,0.0,0.0,352.0,4912602326180898.0,4912602326282818.0
1536,1,573440,256,11264,0,24,0,48,64,"void batch_decode_kernels::grouped_expert_down<16, 1>(float const*, unsigned short const*, char const*, unsigned long const*, int const*, int const*, float*, int, int, int, int)",1537,32,341208.0,3964928.0,0.0,0.0,0.0,0.0,8960.0,4912602326366659.0,4912602326573699.0
1537,1,6400,256,0,0,12,4,32,64,"batch_decode_kernels::reduce_routes_add(float*, float const*, float const*, int, int, int)",1538,28,58023.0,0.0,0.0,0.0,0.0,0.0,100.0,4912602326701860.0,4912602326729380.0
1538,1,16384,256,11264,0,24,0,48,64,"batch_decode_kernels::mfma_gemm(float*, float const*, unsigned short const*, int, int, int, int)",1539,19,224863.0,720896.0,0.0,0.0,0.0,0.0,256.0,4912602326803140.0,4912602326931941.0
1539,1,10240,256,0,0,4,4,16,64,"batch_decode_kernels::gather_last_hidden(float*, float const*, int, int, int)",1540,42,20479.0,0.0,0.0,0.0,0.0,0.0,160.0,4912602327077862.0,4912602327082982.0
1540,1,1280,256,1024,0,12,4,32,64,"batch_decode_kernels::rmsnorm(float*, float const*, unsigned short const*, int, int, float)",1541,36,33069.0,0.0,0.0,0.0,0.0,0.0,20.0,4912602327183622.0,4912602327196422.0
1541,1,409600,256,11264,0,24,0,48,64,"batch_decode_kernels::mfma_gemm(float*, float const*, unsigned short const*, int, int, int, int)",1542,19,804087.0,13107200.0,0.0,0.0,0.0,0.0,6400.0,4912602327283623.0,4912602327787465.0
1542,1,1280,256,2048,0,8,0,32,64,"batch_decode_kernels::argmax(float const*, int, int*, int)",1543,22,320617.0,0.0,0.0,0.0,0.0,0.0,20.0,4912602327855625.0,4912602328039466.0
1543,1,10240,256,0,0,8,0,32,64,"batch_decode_kernels::embedding(float*, unsigned short const*, int const*, int*, int, int, int, int)",1544,35,20435.0,0.0,0.0,0.0,0.0,0.0,160.0,4912602328124426.0,4912602328129706.0
1544,1,1280,256,1024,0,12,4,32,64,"batch_decode_kernels::rmsnorm(float*, float const*, unsigned short const*, int, int, float)",1545,36,31907.0,0.0,0.0,0.0,0.0,0.0,20.0,4912602328227627.0,4912602328239787.0
1545,1,12288,256,11264,0,24,0,48,64,"batch_decode_kernels::mfma_gemm(float*, float const*, unsigned short const*, int, int, int, int)",1546,19,142141.0,393216.0,0.0,0.0,0.0,0.0,192.0,4912602328328907.0,4912602328407147.0
1546,1,2304,256,11264,0,24,0,48,64,"batch_decode_kernels::mfma_gemm(float*, float const*, unsigned short const*, int, int, int, int)",1547,19,145455.0,73728.0,0.0,0.0,0.0,0.0,36.0,4912602328531788.0,4912602328611628.0
1547,1,1280,256,1024,0,24,0,32,64,"batch_decode_kernels::kv_norm_rope(unsigned short*, float const*, unsigned short const*, int, int, int, int, int, int, float const*, int, float)",1548,43,28302.0,0.0,0.0,0.0,0.0,0.0,20.0,4912602328717709.0,4912602328727309.0
1548,1,32768,256,11264,0,24,0,48,64,"batch_decode_kernels::mfma_head_gemm(float*, float const*, unsigned short const*, int, int, int, int, int, int, unsigned long)",1549,29,32969.0,65536.0,0.0,0.0,0.0,0.0,512.0,4912602328819789.0,4912602328832429.0
1549,1,5120,256,0,0,24,0,32,64,"batch_decode_kernels::q_rope(float*, float const*, int, int, int, int, int, int, float const*, int)",1550,39,23823.0,0.0,0.0,0.0,0.0,0.0,80.0,4912602328918990.0,4912602328926030.0
1550,1,30720,256,0,0,16,0,32,64,"batch_decode_kernels::attention_score(float*, float const*, float const*, unsigned short const*, int, int, int, int, int, int, int, float)",1551,27,29196.0,0.0,0.0,0.0,0.0,0.0,480.0,4912602329027150.0,4912602329037390.0
1551,1,20480,256,1024,0,20,4,48,64,"void attention_kernels::softmax_rows_kernel<256>(float*, int, int, int, int)",1552,52,25446.0,0.0,0.0,0.0,0.0,0.0,320.0,4912602329126671.0,4912602329134831.0
1552,1,2621440,256,0,0,16,0,32,64,"batch_decode_kernels::latent_context(float*, float const*, unsigned short const*, int, int, int, int, int, int)",1553,41,66697.0,0.0,0.0,0.0,0.0,0.0,40960.0,4912602329232591.0,4912602329267151.0
1553,1,8192,256,11264,0,24,0,48,64,"batch_decode_kernels::mfma_head_gemm(float*, float const*, unsigned short const*, int, int, int, int, int, int, unsigned long)",1554,29,54949.0,65536.0,0.0,0.0,0.0,0.0,128.0,4912602329333072.0,4912602329358832.0
1554,1,8192,256,11264,0,24,0,48,64,"batch_decode_kernels::mfma_gemm(float*, float const*, unsigned short const*, int, int, int, int)",1555,19,145815.0,262144.0,0.0,0.0,0.0,0.0,128.0,4912602329441072.0,4912602329521552.0
1555,1,1280,256,1024,0,12,4,32,64,"batch_decode_kernels::rmsnorm(float*, float const*, unsigned short const*, int, int, float)",1556,36,33427.0,0.0,0.0,0.0,0.0,0.0,20.0,4912602329626353.0,4912602329639473.0
1556,1,43776,256,19968,0,32,0,48,64,"batch_decode_kernels::mfma_gate_up_swiglu(float*, float const*, unsigned short const*, unsigned short const*, int, int, int)",1557,20,202947.0,2801664.0,0.0,0.0,0.0,0.0,684.0,4912602329728913.0,4912602329848114.0
1557,1,8192,256,11264,0,24,0,48,64,"batch_decode_kernels::mfma_gemm(float*, float const*, unsigned short const*, int, int, int, int)",1558,19,681295.0,1400832.0,0.0,0.0,0.0,0.0,128.0,4912602329918674.0,4912602330320596.0
1558,1,1280,256,1024,0,12,4,32,64,"batch_decode_kernels::rmsnorm(float*, float const*, unsigned short const*, int, int, float)",1559,36,33697.0,0.0,0.0,0.0,0.0,0.0,20.0,4912602330436916.0,4912602330450196.0
1559,1,12288,256,11264,0,24,0,48,64,"batch_decode_kernels::mfma_gemm(float*, float const*, unsigned short const*, int, int, int, int)",1560,19,140040.0,393216.0,0.0,0.0,0.0,0.0,192.0,4912602330542037.0,4912602330619317.0
1560,1,2304,256,11264,0,24,0,48,64,"batch_decode_kernels::mfma_gemm(float*, float const*, unsigned short const*, int, int, int, int)",1561,19,147074.0,73728.0,0.0,0.0,0.0,0.0,36.0,4912602330728118.0,4912602330808918.0
1561,1,1280,256,1024,0,24,0,32,64,"batch_decode_kernels::kv_norm_rope(unsigned short*, float const*, unsigned short const*, int, int, int, int, int, int, float const*, int, float)",1562,43,28393.0,0.0,0.0,0.0,0.0,0.0,20.0,4912602330920279.0,4912602330930039.0
1562,1,32768,256,11264,0,24,0,48,64,"batch_decode_kernels::mfma_head_gemm(float*, float const*, unsigned short const*, int, int, int, int, int, int, unsigned long)",1563,29,33504.0,65536.0,0.0,0.0,0.0,0.0,512.0,4912602331030039.0,4912602331042999.0
1563,1,5120,256,0,0,24,0,32,64,"batch_decode_kernels::q_rope(float*, float const*, int, int, int, int, int, int, float const*, int)",1564,39,24438.0,0.0,0.0,0.0,0.0,0.0,80.0,4912602331131479.0,4912602331139000.0
1564,1,30720,256,0,0,16,0,32,64,"batch_decode_kernels::attention_score(float*, float const*, float const*, unsigned short const*, int, int, int, int, int, int, int, float)",1565,27,28202.0,0.0,0.0,0.0,0.0,0.0,480.0,4912602331236600.0,4912602331246680.0
1565,1,20480,256,1024,0,20,4,48,64,"void attention_kernels::softmax_rows_kernel<256>(float*, int, int, int, int)",1566,52,25978.0,0.0,0.0,0.0,0.0,0.0,320.0,4912602331339000.0,4912602331347480.0
1566,1,2621440,256,0,0,16,0,32,64,"batch_decode_kernels::latent_context(float*, float const*, unsigned short const*, int, int, int, int, int, int)",1567,41,66405.0,0.0,0.0,0.0,0.0,0.0,40960.0,4912602331446841.0,4912602331481561.0
1567,1,8192,256,11264,0,24,0,48,64,"batch_decode_kernels::mfma_head_gemm(float*, float const*, unsigned short const*, int, int, int, int, int, int, unsigned long)",1568,29,55387.0,65536.0,0.0,0.0,0.0,0.0,128.0,4912602331550201.0,4912602331576121.0
1568,1,8192,256,11264,0,24,0,48,64,"batch_decode_kernels::mfma_gemm(float*, float const*, unsigned short const*, int, int, int, int)",1569,19,147193.0,262144.0,0.0,0.0,0.0,0.0,128.0,4912602331653402.0,4912602331734682.0
1569,1,1280,256,1024,0,12,4,32,64,"batch_decode_kernels::rmsnorm(float*, float const*, unsigned short const*, int, int, float)",1570,36,35584.0,0.0,0.0,0.0,0.0,0.0,20.0,4912602331841243.0,4912602331855483.0
1570,1,256,256,11264,0,24,0,48,64,"batch_decode_kernels::mfma_gemm(float*, float const*, unsigned short const*, int, int, int, int)",1571,19,157428.0,8192.0,0.0,0.0,0.0,0.0,4.0,4912602331945243.0,4912602332031963.0
1571,1,320,64,0,0,16,0,48,64,"void moe_kernels::router_topk_wave64_kernel<64>(float*, float const*, int*, float*, int, int, int, int, int, float)",1572,55,39405.0,0.0,0.0,0.0,0.0,0.0,5.0,4912602332142204.0,4912602332158044.0
1572,1,256,256,1024,0,12,4,64,64,"batch_decode_kernels::align_routes(int const*, int, int, int, int*, int*, int*)",1573,17,39170.0,0.0,0.0,0.0,0.0,0.0,4.0,4912602332244124.0,4912602332260604.0
1573,1,349184,256,19968,0,36,4,48,64,"void batch_decode_kernels::grouped_expert_gate_up<16, 1>(float const*, char const*, unsigned long const*, unsigned long const*, int const*, int const*, float*, unsigned short*, int, int, int, int, int)",1574,31,228659.0,2162688.0,0.0,0.0,0.0,0.0,5456.0,4912602332346525.0,4912602332480605.0
1574,1,11264,256,19968,0,32,0,48,64,"batch_decode_kernels::mfma_gate_up_swiglu(float*, float const*, unsigned short const*, unsigned short const*, int, int, int)",1575,20,158389.0,720896.0,0.0,0.0,0.0,0.0,176.0,4912602332540286.0,4912602332628766.0
1575,1,507904,256,11264,0,24,0,48,64,"void batch_decode_kernels::grouped_expert_down<16, 1>(float const*, unsigned short const*, char const*, unsigned long const*, int const*, int const*, float*, int, int, int, int)",1576,32,139520.0,1081344.0,0.0,0.0,0.0,0.0,7936.0,4912602332738527.0,4912602332817727.0
1576,1,1280,256,0,0,12,4,32,64,"batch_decode_kernels::reduce_routes_add(float*, float const*, float const*, int, int, int)",1577,28,62310.0,0.0,0.0,0.0,0.0,0.0,20.0,4912602332930207.0,4912602332960288.0
1577,1,8192,256,11264,0,24,0,48,64,"batch_decode_kernels::mfma_gemm(float*, float const*, unsigned short const*, int, int, int, int)",1578,19,196368.0,360448.0,0.0,0.0,0.0,0.0,128.0,4912602333047008.0,4912602333157728.0
1578,1,1280,256,1024,0,12,4,32,64,"batch_decode_kernels::rmsnorm(float*, float const*, unsigned short const*, int, int, float)",1579,36,32785.0,0.0,0.0,0.0,0.0,0.0,20.0,4912602333239969.0,4912602333252609.0
1579,1,12288,256,11264,0,24,0,48,64,"batch_decode_kernels::mfma_gemm(float*, float const*, unsigned short const*, int, int, int, int)",1580,19,142487.0,393216.0,0.0,0.0,0.0,0.0,192.0,4912602333358689.0,4912602333437410.0
1580,1,2304,256,11264,0,24,0,48,64,"batch_decode_kernels::mfma_gemm(float*, float const*, unsigned short const*, int, int, int, int)",1581,19,144157.0,73728.0,0.0,0.0,0.0,0.0,36.0,4912602333546050.0,4912602333625090.0
1581,1,1280,256,1024,0,24,0,32,64,"batch_decode_kernels::kv_norm_rope(unsigned short*, float const*, unsigned short const*, int, int, int, int, int, int, float const*, int, float)",1582,43,28074.0,0.0,0.0,0.0,0.0,0.0,20.0,4912602333730691.0,4912602333740451.0
1582,1,32768,256,11264,0,24,0,48,64,"batch_decode_kernels::mfma_head_gemm(float*, float const*, unsigned short const*, int, int, int, int, int, int, unsigned long)",1583,29,33568.0,65536.0,0.0,0.0,0.0,0.0,512.0,4912602333834531.0,4912602333847811.0
1583,1,5120,256,0,0,24,0,32,64,"batch_decode_kernels::q_rope(float*, float const*, int, int, int, int, int, int, float const*, int)",1584,39,22915.0,0.0,0.0,0.0,0.0,0.0,80.0,4912602333938692.0,4912602333945412.0
1584,1,30720,256,0,0,16,0,32,64,"batch_decode_kernels::attention_score(float*, float const*, float const*, unsigned short const*, int, int, int, int, int, int, int, float)",1585,27,29000.0,0.0,0.0,0.0,0.0,0.0,480.0,4912602334049572.0,4912602334059972.0
1585,1,20480,256,1024,0,20,4,48,64,"void attention_kernels::softmax_rows_kernel<256>(float*, int, int, int, int)",1586,52,25573.0,0.0,0.0,0.0,0.0,0.0,320.0,4912602334154853.0,4912602334163173.0
1586,1,2621440,256,0,0,16,0,32,64,"batch_decode_kernels::latent_context(float*, float const*, unsigned short const*, int, int, int, int, int, int)",1587,41,66922.0,0.0,0.0,0.0,0.0,0.0,40960.0,4912602334257893.0,4912602334292453.0
1587,1,8192,256,11264,0,24,0,48,64,"batch_decode_kernels::mfma_head_gemm(float*, float const*, unsigned short const*, int, int, int, int, int, int, unsigned long)",1588,29,54597.0,65536.0,0.0,0.0,0.0,0.0,128.0,4912602334376134.0,4912602334401734.0
1588,1,8192,256,11264,0,24,0,48,64,"batch_decode_kernels::mfma_gemm(float*, float const*, unsigned short const*, int, int, int, int)",1589,19,144285.0,262144.0,0.0,0.0,0.0,0.0,128.0,4912602334486854.0,4912602334566215.0
1589,1,1280,256,1024,0,12,4,32,64,"batch_decode_kernels::rmsnorm(float*, float const*, unsigned short const*, int, int, float)",1590,36,32627.0,0.0,0.0,0.0,0.0,0.0,20.0,4912602334677895.0,4912602334690695.0
1590,1,256,256,11264,0,24,0,48,64,"batch_decode_kernels::mfma_gemm(float*, float const*, unsigned short const*, int, int, int, int)",1591,19,155335.0,8192.0,0.0,0.0,0.0,0.0,4.0,4912602334791176.0,4912602334876616.0
1591,1,320,64,0,0,16,0,48,64,"void moe_kernels::router_topk_wave64_kernel<64>(float*, float const*, int*, float*, int, int, int, int, int, float)",1592,55,39365.0,0.0,0.0,0.0,0.0,0.0,5.0,4912602334980296.0,4912602334996617.0
1592,1,256,256,1024,0,12,4,64,64,"batch_decode_kernels::align_routes(int const*, int, int, int, int*, int*, int*)",1593,17,39531.0,0.0,0.0,0.0,0.0,0.0,4.0,4912602335089897.0,4912602335106537.0
1593,1,349184,256,19968,0,36,4,48,64,"void batch_decode_kernels::grouped_expert_gate_up<16, 1>(float const*, char const*, unsigned long const*, unsigned long const*, int const*, int const*, float*, unsigned short*, int, int, int, int, int)",1594,31,233509.0,2162688.0,0.0,0.0,0.0,0.0,5456.0,4912602335198217.0,4912602335334858.0
1594,1,11264,256,19968,0,32,0,48,64,"batch_decode_kernels::mfma_gate_up_swiglu(float*, float const*, unsigned short const*, unsigned short const*, int, int, int)",1595,20,157250.0,720896.0,0.0,0.0,0.0,0.0,176.0,4912602335474539.0,4912602335562539.0
1595,1,507904,256,11264,0,24,0,48,64,"void batch_decode_kernels::grouped_expert_down<16, 1>(float const*, unsigned short const*, char const*, unsigned long const*, int const*, int const*, float*, int, int, int, int)",1596,32,142842.0,1081344.0,0.0,0.0,0.0,0.0,7936.0,4912602335680300.0,4912602335761260.0
1596,1,1280,256,0,0,12,4,32,64,"batch_decode_kernels::reduce_routes_add(float*, float const*, float const*, int, int, int)",1597,28,62429.0,0.0,0.0,0.0,0.0,0.0,20.0,4912602335878060.0,4912602335908461.0
1597,1,8192,256,11264,0,24,0,48,64,"batch_decode_kernels::mfma_gemm(float*, float const*, unsigned short const*, int, int, int, int)",1598,19,196745.0,360448.0,0.0,0.0,0.0,0.0,128.0,4912602335985261.0,4912602336095981.0
1598,1,1280,256,1024,0,12,4,32,64,"batch_decode_kernels::rmsnorm(float*, float const*, unsigned short const*, int, int, float)",1599,36,34182.0,0.0,0.0,0.0,0.0,0.0,20.0,4912602336184302.0,4912602336197742.0
1599,1,12288,256,11264,0,24,0,48,64,"batch_decode_kernels::mfma_gemm(float*, float const*, unsigned short const*, int, int, int, int)",1600,19,142343.0,393216.0,0.0,0.0,0.0,0.0,192.0,4912602336299662.0,4912602336378063.0
1600,1,2304,256,11264,0,24,0,48,64,"batch_decode_kernels::mfma_gemm(float*, float const*, unsigned short const*, int, int, int, int)",1601,19,146475.0,73728.0,0.0,0.0,0.0,0.0,36.0,4912602336516623.0,4912602336597104.0
1601,1,1280,256,1024,0,24,0,32,64,"batch_decode_kernels::kv_norm_rope(unsigned short*, float const*, unsigned short const*, int, int, int, int, int, int, float const*, int, float)",1602,43,28128.0,0.0,0.0,0.0,0.0,0.0,20.0,4912602336730704.0,4912602336740304.0
1602,1,32768,256,11264,0,24,0,48,64,"batch_decode_kernels::mfma_head_gemm(float*, float const*, unsigned short const*, int, int, int, int, int, int, unsigned long)",1603,29,33017.0,65536.0,0.0,0.0,0.0,0.0,512.0,4912602336837265.0,4912602336850385.0
1603,1,5120,256,0,0,24,0,32,64,"batch_decode_kernels::q_rope(float*, float const*, int, int, int, int, int, int, float const*, int)",1604,39,24050.0,0.0,0.0,0.0,0.0,0.0,80.0,4912602336953905.0,4912602336961105.0
1604,1,30720,256,0,0,16,0,32,64,"batch_decode_kernels::attention_score(float*, float const*, float const*, unsigned short const*, int, int, int, int, int, int, int, float)",1605,27,27883.0,0.0,0.0,0.0,0.0,0.0,480.0,4912602337073106.0,4912602337082866.0
1605,1,20480,256,1024,0,20,4,48,64,"void attention_kernels::softmax_rows_kernel<256>(float*, int, int, int, int)",1606,52,25450.0,0.0,0.0,0.0,0.0,0.0,320.0,4912602337180146.0,4912602337188466.0
1606,1,2621440,256,0,0,16,0,32,64,"batch_decode_kernels::latent_context(float*, float const*, unsigned short const*, int, int, int, int, int, int)",1607,41,66770.0,0.0,0.0,0.0,0.0,0.0,40960.0,4912602337285107.0,4912602337319827.0
1607,1,8192,256,11264,0,24,0,48,64,"batch_decode_kernels::mfma_head_gemm(float*, float const*, unsigned short const*, int, int, int, int, int, int, unsigned long)",1608,29,54327.0,65536.0,0.0,0.0,0.0,0.0,128.0,4912602337395187.0,4912602337420627.0
1608,1,8192,256,11264,0,24,0,48,64,"batch_decode_kernels::mfma_gemm(float*, float const*, unsigned short const*, int, int, int, int)",1609,19,144319.0,262144.0,0.0,0.0,0.0,0.0,128.0,4912602337503028.0,4912602337582708.0
1609,1,1280,256,1024,0,12,4,32,64,"batch_decode_kernels::rmsnorm(float*, float const*, unsigned short const*, int, int, float)",1610,36,33790.0,0.0,0.0,0.0,0.0,0.0,20.0,4912602337703828.0,4912602337717108.0
1610,1,256,256,11264,0,24,0,48,64,"batch_decode_kernels::mfma_gemm(float*, float const*, unsigned short const*, int, int, int, int)",1611,19,155508.0,8192.0,0.0,0.0,0.0,0.0,4.0,4912602337811189.0,4912602337896309.0
1611,1,320,64,0,0,16,0,48,64,"void moe_kernels::router_topk_wave64_kernel<64>(float*, float const*, int*, float*, int, int, int, int, int, float)",1612,55,39182.0,0.0,0.0,0.0,0.0,0.0,5.0,4912602338012630.0,4912602338028470.0
1612,1,256,256,1024,0,12,4,64,64,"batch_decode_kernels::align_routes(int const*, int, int, int, int*, int*, int*)",1613,17,41044.0,0.0,0.0,0.0,0.0,0.0,4.0,4912602338127190.0,4912602338144630.0
1613,1,349184,256,19968,0,36,4,48,64,"void batch_decode_kernels::grouped_expert_gate_up<16, 1>(float const*, char const*, unsigned long const*, unsigned long const*, int const*, int const*, float*, unsigned short*, int, int, int, int, int)",1614,31,233152.0,2162688.0,0.0,0.0,0.0,0.0,5456.0,4912602338233751.0,4912602338370231.0
1614,1,11264,256,19968,0,32,0,48,64,"batch_decode_kernels::mfma_gate_up_swiglu(float*, float const*, unsigned short const*, unsigned short const*, int, int, int)",1615,20,158729.0,720896.0,0.0,0.0,0.0,0.0,176.0,4912602338516792.0,4912602338605432.0
1615,1,507904,256,11264,0,24,0,48,64,"void batch_decode_kernels::grouped_expert_down<16, 1>(float const*, unsigned short const*, char const*, unsigned long const*, int const*, int const*, float*, int, int, int, int)",1616,32,141384.0,1081344.0,0.0,0.0,0.0,0.0,7936.0,4912602338715513.0,4912602338795993.0
1616,1,1280,256,0,0,12,4,32,64,"batch_decode_kernels::reduce_routes_add(float*, float const*, float const*, int, int, int)",1617,28,61555.0,0.0,0.0,0.0,0.0,0.0,20.0,4912602338917754.0,4912602338947514.0
1617,1,8192,256,11264,0,24,0,48,64,"batch_decode_kernels::mfma_gemm(float*, float const*, unsigned short const*, int, int, int, int)",1618,19,195129.0,360448.0,0.0,0.0,0.0,0.0,128.0,4912602339046074.0,4912602339155995.0
1618,1,1280,256,1024,0,12,4,32,64,"batch_decode_kernels::rmsnorm(float*, float const*, unsigned short const*, int, int, float)",1619,36,33678.0,0.0,0.0,0.0,0.0,0.0,20.0,4912602339245435.0,4912602339258555.0
1619,1,12288,256,11264,0,24,0,48,64,"batch_decode_kernels::mfma_gemm(float*, float const*, unsigned short const*, int, int, int, int)",1620,19,144542.0,393216.0,0.0,0.0,0.0,0.0,192.0,4912602339355356.0,4912602339435036.0
1620,1,2304,256,11264,0,24,0,48,64,"batch_decode_kernels::mfma_gemm(float*, float const*, unsigned short const*, int, int, int, int)",1621,19,145051.0,73728.0,0.0,0.0,0.0,0.0,36.0,4912602339558877.0,4912602339638237.0
1621,1,1280,256,1024,0,24,0,32,64,"batch_decode_kernels::kv_norm_rope(unsigned short*, float const*, unsigned short const*, int, int, int, int, int, int, float const*, int, float)",1622,43,28628.0,0.0,0.0,0.0,0.0,0.0,20.0,4912602339759197.0,4912602339768958.0
1622,1,32768,256,11264,0,24,0,48,64,"batch_decode_kernels::mfma_head_gemm(float*, float const*, unsigned short const*, int, int, int, int, int, int, unsigned long)",1623,29,33741.0,65536.0,0.0,0.0,0.0,0.0,512.0,4912602339869278.0,4912602339882558.0
1623,1,5120,256,0,0,24,0,32,64,"batch_decode_kernels::q_rope(float*, float const*, int, int, int, int, int, int, float const*, int)",1624,39,24217.0,0.0,0.0,0.0,0.0,0.0,80.0,4912602339983038.0,4912602339990558.0
1624,1,30720,256,0,0,16,0,32,64,"batch_decode_kernels::attention_score(float*, float const*, float const*, unsigned short const*, int, int, int, int, int, int, int, float)",1625,27,28874.0,0.0,0.0,0.0,0.0,0.0,480.0,4912602340103039.0,4912602340113279.0
1625,1,20480,256,1024,0,20,4,48,64,"void attention_kernels::softmax_rows_kernel<256>(float*, int, int, int, int)",1626,52,25276.0,0.0,0.0,0.0,0.0,0.0,320.0,4912602340213279.0,4912602340221440.0
1626,1,2621440,256,0,0,16,0,32,64,"batch_decode_kernels::latent_context(float*, float const*, unsigned short const*, int, int, int, int, int, int)",1627,41,67219.0,0.0,0.0,0.0,0.0,0.0,40960.0,4912602340323520.0,4912602340358400.0
1627,1,8192,256,11264,0,24,0,48,64,"batch_decode_kernels::mfma_head_gemm(float*, float const*, unsigned short const*, int, int, int, int, int, int, unsigned long)",1628,29,54593.0,65536.0,0.0,0.0,0.0,0.0,128.0,4912602340429280.0,4912602340454881.0
1628,1,8192,256,11264,0,24,0,48,64,"batch_decode_kernels::mfma_gemm(float*, float const*, unsigned short const*, int, int, int, int)",1629,19,147615.0,262144.0,0.0,0.0,0.0,0.0,128.0,4912602340539681.0,4912602340621281.0
1629,1,1280,256,1024,0,12,4,32,64,"batch_decode_kernels::rmsnorm(float*, float const*, unsigned short const*, int, int, float)",1630,36,32193.0,0.0,0.0,0.0,0.0,0.0,20.0,4912602340744162.0,4912602340756322.0
1630,1,256,256,11264,0,24,0,48,64,"batch_decode_kernels::mfma_gemm(float*, float const*, unsigned short const*, int, int, int, int)",1631,19,156944.0,8192.0,0.0,0.0,0.0,0.0,4.0,4912602340853282.0,4912602340939203.0
1631,1,320,64,0,0,16,0,48,64,"void moe_kernels::router_topk_wave64_kernel<64>(float*, float const*, int*, float*, int, int, int, int, int, float)",1632,55,39317.0,0.0,0.0,0.0,0.0,0.0,5.0,4912602341067523.0,4912602341084003.0
1632,1,256,256,1024,0,12,4,64,64,"batch_decode_kernels::align_routes(int const*, int, int, int, int*, int*, int*)",1633,17,40829.0,0.0,0.0,0.0,0.0,0.0,4.0,4912602341176644.0,4912602341193764.0
1633,1,349184,256,19968,0,36,4,48,64,"void batch_decode_kernels::grouped_expert_gate_up<16, 1>(float const*, char const*, unsigned long const*, unsigned long const*, int const*, int const*, float*, unsigned short*, int, int, int, int, int)",1634,31,233990.0,2162688.0,0.0,0.0,0.0,0.0,5456.0,4912602341286564.0,4912602341423365.0
1634,1,11264,256,19968,0,32,0,48,64,"batch_decode_kernels::mfma_gate_up_swiglu(float*, float const*, unsigned short const*, unsigned short const*, int, int, int)",1635,20,156533.0,720896.0,0.0,0.0,0.0,0.0,176.0,4912602341490245.0,4912602341577765.0
1635,1,507904,256,11264,0,24,0,48,64,"void batch_decode_kernels::grouped_expert_down<16, 1>(float const*, unsigned short const*, char const*, unsigned long const*, int const*, int const*, float*, int, int, int, int)",1636,32,139886.0,1081344.0,0.0,0.0,0.0,0.0,7936.0,4912602341689766.0,4912602341769286.0
1636,1,1280,256,0,0,12,4,32,64,"batch_decode_kernels::reduce_routes_add(float*, float const*, float const*, int, int, int)",1637,28,64553.0,0.0,0.0,0.0,0.0,0.0,20.0,4912602341895367.0,4912602341926567.0
1637,1,8192,256,11264,0,24,0,48,64,"batch_decode_kernels::mfma_gemm(float*, float const*, unsigned short const*, int, int, int, int)",1638,19,194566.0,360448.0,0.0,0.0,0.0,0.0,128.0,4912602342005607.0,4912602342115208.0
1638,1,1280,256,1024,0,12,4,32,64,"batch_decode_kernels::rmsnorm(float*, float const*, unsigned short const*, int, int, float)",1639,36,32563.0,0.0,0.0,0.0,0.0,0.0,20.0,4912602342207208.0,4912602342219848.0
1639,1,12288,256,11264,0,24,0,48,64,"batch_decode_kernels::mfma_gemm(float*, float const*, unsigned short const*, int, int, int, int)",1640,19,142769.0,393216.0,0.0,0.0,0.0,0.0,192.0,4912602342316649.0,4912602342395529.0
1640,1,2304,256,11264,0,24,0,48,64,"batch_decode_kernels::mfma_gemm(float*, float const*, unsigned short const*, int, int, int, int)",1641,19,146966.0,73728.0,0.0,0.0,0.0,0.0,36.0,4912602342521930.0,4912602342602410.0
1641,1,1280,256,1024,0,24,0,32,64,"batch_decode_kernels::kv_norm_rope(unsigned short*, float const*, unsigned short const*, int, int, int, int, int, int, float const*, int, float)",1642,43,28574.0,0.0,0.0,0.0,0.0,0.0,20.0,4912602342721451.0,4912602342731531.0
1642,1,32768,256,11264,0,24,0,48,64,"batch_decode_kernels::mfma_head_gemm(float*, float const*, unsigned short const*, int, int, int, int, int, int, unsigned long)",1643,29,32372.0,65536.0,0.0,0.0,0.0,0.0,512.0,4912602342830891.0,4912602342843211.0
1643,1,5120,256,0,0,24,0,32,64,"batch_decode_kernels::q_rope(float*, float const*, int, int, int, int, int, int, float const*, int)",1644,39,25324.0,0.0,0.0,0.0,0.0,0.0,80.0,4912602342953772.0,4912602342961612.0
1644,1,30720,256,0,0,16,0,32,64,"batch_decode_kernels::attention_score(float*, float const*, float const*, unsigned short const*, int, int, int, int, int, int, int, float)",1645,27,29443.0,0.0,0.0,0.0,0.0,0.0,480.0,4912602343071532.0,4912602343082092.0
1645,1,20480,256,1024,0,20,4,48,64,"void attention_kernels::softmax_rows_kernel<256>(float*, int, int, int, int)",1646,52,24571.0,0.0,0.0,0.0,0.0,0.0,320.0,4912602343180813.0,4912602343188813.0
1646,1,2621440,256,0,0,16,0,32,64,"batch_decode_kernels::latent_context(float*, float const*, unsigned short const*, int, int, int, int, int, int)",1647,41,66587.0,0.0,0.0,0.0,0.0,0.0,40960.0,4912602343288493.0,4912602343323053.0
1647,1,8192,256,11264,0,24,0,48,64,"batch_decode_kernels::mfma_head_gemm(float*, float const*, unsigned short const*, int, int, int, int, int, int, unsigned long)",1648,29,54857.0,65536.0,0.0,0.0,0.0,0.0,128.0,4912602343397293.0,4912602343423054.0
1648,1,8192,256,11264,0,24,0,48,64,"batch_decode_kernels::mfma_gemm(float*, float const*, unsigned short const*, int, int, int, int)",1649,19,147497.0,262144.0,0.0,0.0,0.0,0.0,128.0,4912602343510894.0,4912602343592174.0
1649,1,1280,256,1024,0,12,4,32,64,"batch_decode_kernels::rmsnorm(float*, float const*, unsigned short const*, int, int, float)",1650,36,33595.0,0.0,0.0,0.0,0.0,0.0,20.0,4912602343707855.0,4912602343720815.0
1650,1,256,256,11264,0,24,0,48,64,"batch_decode_kernels::mfma_gemm(float*, float const*, unsigned short const*, int, int, int, int)",1651,19,154680.0,8192.0,0.0,0.0,0.0,0.0,4.0,4912602343819695.0,4912602343904496.0
1651,1,320,64,0,0,16,0,48,64,"void moe_kernels::router_topk_wave64_kernel<64>(float*, float const*, int*, float*, int, int, int, int, int, float)",1652,55,39397.0,0.0,0.0,0.0,0.0,0.0,5.0,4912602344035216.0,4912602344051216.0
1652,1,256,256,1024,0,12,4,64,64,"batch_decode_kernels::align_routes(int const*, int, int, int, int*, int*, int*)",1653,17,40359.0,0.0,0.0,0.0,0.0,0.0,4.0,4912602344146737.0,4912602344163857.0
1653,1,349184,256,19968,0,36,4,48,64,"void batch_decode_kernels::grouped_expert_gate_up<16, 1>(float const*, char const*, unsigned long const*, unsigned long const*, int const*, int const*, float*, unsigned short*, int, int, int, int, int)",1654,31,231747.0,2162688.0,0.0,0.0,0.0,0.0,5456.0,4912602344257457.0,4912602344393138.0
1654,1,11264,256,19968,0,32,0,48,64,"batch_decode_kernels::mfma_gate_up_swiglu(float*, float const*, unsigned short const*, unsigned short const*, int, int, int)",1655,20,157849.0,720896.0,0.0,0.0,0.0,0.0,176.0,4912602344480818.0,4912602344568979.0
1655,1,507904,256,11264,0,24,0,48,64,"void batch_decode_kernels::grouped_expert_down<16, 1>(float const*, unsigned short const*, char const*, unsigned long const*, int const*, int const*, float*, int, int, int, int)",1656,32,139489.0,1081344.0,0.0,0.0,0.0,0.0,7936.0,4912602344683699.0,4912602344762900.0
1656,1,1280,256,0,0,12,4,32,64,"batch_decode_kernels::reduce_routes_add(float*, float const*, float const*, int, int, int)",1657,28,60947.0,0.0,0.0,0.0,0.0,0.0,20.0,4912602344892500.0,4912602344921780.0
1657,1,8192,256,11264,0,24,0,48,64,"batch_decode_kernels::mfma_gemm(float*, float const*, unsigned short const*, int, int, int, int)",1658,19,193679.0,360448.0,0.0,0.0,0.0,0.0,128.0,4912602345004021.0,4912602345113141.0
1658,1,1280,256,1024,0,12,4,32,64,"batch_decode_kernels::rmsnorm(float*, float const*, unsigned short const*, int, int, float)",1659,36,32717.0,0.0,0.0,0.0,0.0,0.0,20.0,4912602345214421.0,4912602345227222.0
1659,1,12288,256,11264,0,24,0,48,64,"batch_decode_kernels::mfma_gemm(float*, float const*, unsigned short const*, int, int, int, int)",1660,19,141881.0,393216.0,0.0,0.0,0.0,0.0,192.0,4912602345329462.0,4912602345407862.0
1660,1,2304,256,11264,0,24,0,48,64,"batch_decode_kernels::mfma_gemm(float*, float const*, unsigned short const*, int, int, int, int)",1661,19,146239.0,73728.0,0.0,0.0,0.0,0.0,36.0,4912602345535063.0,4912602345615063.0
1661,1,1280,256,1024,0,24,0,32,64,"batch_decode_kernels::kv_norm_rope(unsigned short*, float const*, unsigned short const*, int, int, int, int, int, int, float const*, int, float)",1662,43,28432.0,0.0,0.0,0.0,0.0,0.0,20.0,4912602345744184.0,4912602345753944.0
1662,1,32768,256,11264,0,24,0,48,64,"batch_decode_kernels::mfma_head_gemm(float*, float const*, unsigned short const*, int, int, int, int, int, int, unsigned long)",1663,29,32416.0,65536.0,0.0,0.0,0.0,0.0,512.0,4912602345855544.0,4912602345867864.0
1663,1,5120,256,0,0,24,0,32,64,"batch_decode_kernels::q_rope(float*, float const*, int, int, int, int, int, int, float const*, int)",1664,39,23710.0,0.0,0.0,0.0,0.0,0.0,80.0,4912602345968185.0,4912602345975385.0
1664,1,30720,256,0,0,16,0,32,64,"batch_decode_kernels::attention_score(float*, float const*, float const*, unsigned short const*, int, int, int, int, int, int, int, float)",1665,27,28015.0,0.0,0.0,0.0,0.0,0.0,480.0,4912602346084985.0,4912602346094745.0
1665,1,20480,256,1024,0,20,4,48,64,"void attention_kernels::softmax_rows_kernel<256>(float*, int, int, int, int)",1666,52,24625.0,0.0,0.0,0.0,0.0,0.0,320.0,4912602346199226.0,4912602346206906.0
1666,1,2621440,256,0,0,16,0,32,64,"batch_decode_kernels::latent_context(float*, float const*, unsigned short const*, int, int, int, int, int, int)",1667,41,66846.0,0.0,0.0,0.0,0.0,0.0,40960.0,4912602346314106.0,4912602346348826.0
1667,1,8192,256,11264,0,24,0,48,64,"batch_decode_kernels::mfma_head_gemm(float*, float const*, unsigned short const*, int, int, int, int, int, int, unsigned long)",1668,29,55856.0,65536.0,0.0,0.0,0.0,0.0,128.0,4912602346429307.0,4912602346455707.0
1668,1,8192,256,11264,0,24,0,48,64,"batch_decode_kernels::mfma_gemm(float*, float const*, unsigned short const*, int, int, int, int)",1669,19,147531.0,262144.0,0.0,0.0,0.0,0.0,128.0,4912602346541787.0,4912602346623388.0
1669,1,1280,256,1024,0,12,4,32,64,"batch_decode_kernels::rmsnorm(float*, float const*, unsigned short const*, int, int, float)",1670,36,33045.0,0.0,0.0,0.0,0.0,0.0,20.0,4912602346749468.0,4912602346762268.0
1670,1,256,256,11264,0,24,0,48,64,"batch_decode_kernels::mfma_gemm(float*, float const*, unsigned short const*, int, int, int, int)",1671,19,157787.0,8192.0,0.0,0.0,0.0,0.0,4.0,4912602346868029.0,4912602346954749.0
1671,1,320,64,0,0,16,0,48,64,"void moe_kernels::router_topk_wave64_kernel<64>(float*, float const*, int*, float*, int, int, int, int, int, float)",1672,55,40960.0,0.0,0.0,0.0,0.0,0.0,5.0,4912602347165150.0,4912602347182270.0
1672,1,256,256,1024,0,12,4,64,64,"batch_decode_kernels::align_routes(int const*, int, int, int, int*, int*, int*)",1673,17,40028.0,0.0,0.0,0.0,0.0,0.0,4.0,4912602347283711.0,4912602347300351.0
1673,1,349184,256,19968,0,36,4,48,64,"void batch_decode_kernels::grouped_expert_gate_up<16, 1>(float const*, char const*, unsigned long const*, unsigned long const*, int const*, int const*, float*, unsigned short*, int, int, int, int, int)",1674,31,235036.0,2162688.0,0.0,0.0,0.0,0.0,5456.0,4912602347401791.0,4912602347539392.0
1674,1,11264,256,19968,0,32,0,48,64,"batch_decode_kernels::mfma_gate_up_swiglu(float*, float const*, unsigned short const*, unsigned short const*, int, int, int)",1675,20,158919.0,720896.0,0.0,0.0,0.0,0.0,176.0,4912602347608352.0,4912602347697312.0
1675,1,507904,256,11264,0,24,0,48,64,"void batch_decode_kernels::grouped_expert_down<16, 1>(float const*, unsigned short const*, char const*, unsigned long const*, int const*, int const*, float*, int, int, int, int)",1676,32,140580.0,1081344.0,0.0,0.0,0.0,0.0,7936.0,4912602347824513.0,4912602347904353.0
1676,1,1280,256,0,0,12,4,32,64,"batch_decode_kernels::reduce_routes_add(float*, float const*, float const*, int, int, int)",1677,28,62985.0,0.0,0.0,0.0,0.0,0.0,20.0,4912602348042274.0,4912602348072354.0
1677,1,8192,256,11264,0,24,0,48,64,"batch_decode_kernels::mfma_gemm(float*, float const*, unsigned short const*, int, int, int, int)",1678,19,195620.0,360448.0,0.0,0.0,0.0,0.0,128.0,4912602348155394.0,4912602348265635.0
1678,1,1280,256,1024,0,12,4,32,64,"batch_decode_kernels::rmsnorm(float*, float const*, unsigned short const*, int, int, float)",1679,36,33612.0,0.0,0.0,0.0,0.0,0.0,20.0,4912602348367075.0,4912602348380035.0
1679,1,12288,256,11264,0,24,0,48,64,"batch_decode_kernels::mfma_gemm(float*, float const*, unsigned short const*, int, int, int, int)",1680,19,142729.0,393216.0,0.0,0.0,0.0,0.0,192.0,4912602348480836.0,4912602348559876.0
1680,1,2304,256,11264,0,24,0,48,64,"batch_decode_kernels::mfma_gemm(float*, float const*, unsigned short const*, int, int, int, int)",1681,19,145951.0,73728.0,0.0,0.0,0.0,0.0,36.0,4912602348624357.0,4912602348704517.0
1681,1,1280,256,1024,0,24,0,32,64,"batch_decode_kernels::kv_norm_rope(unsigned short*, float const*, unsigned short const*, int, int, int, int, int, int, float const*, int, float)",1682,43,28797.0,0.0,0.0,0.0,0.0,0.0,20.0,4912602348835717.0,4912602348845637.0
1682,1,32768,256,11264,0,24,0,48,64,"batch_decode_kernels::mfma_head_gemm(float*, float const*, unsigned short const*, int, int, int, int, int, int, unsigned long)",1683,29,32951.0,65536.0,0.0,0.0,0.0,0.0,512.0,4912602348976678.0,4912602348989478.0
1683,1,5120,256,0,0,24,0,32,64,"batch_decode_kernels::q_rope(float*, float const*, int, int, int, int, int, int, float const*, int)",1684,39,24314.0,0.0,0.0,0.0,0.0,0.0,80.0,4912602349096359.0,4912602349103559.0
1684,1,30720,256,0,0,16,0,32,64,"batch_decode_kernels::attention_score(float*, float const*, float const*, unsigned short const*, int, int, int, int, int, int, int, float)",1685,27,28051.0,0.0,0.0,0.0,0.0,0.0,480.0,4912602349210919.0,4912602349220839.0
1685,1,20480,256,1024,0,20,4,48,64,"void attention_kernels::softmax_rows_kernel<256>(float*, int, int, int, int)",1686,52,24755.0,0.0,0.0,0.0,0.0,0.0,320.0,4912602349337160.0,4912602349345000.0
1686,1,2621440,256,0,0,16,0,32,64,"batch_decode_kernels::latent_context(float*, float const*, unsigned short const*, int, int, int, int, int, int)",1687,41,66225.0,0.0,0.0,0.0,0.0,0.0,40960.0,4912602349455560.0,4912602349489960.0
1687,1,8192,256,11264,0,24,0,48,64,"batch_decode_kernels::mfma_head_gemm(float*, float const*, unsigned short const*, int, int, int, int, int, int, unsigned long)",1688,29,55282.0,65536.0,0.0,0.0,0.0,0.0,128.0,4912602349572201.0,4912602349598281.0
1688,1,8192,256,11264,0,24,0,48,64,"batch_decode_kernels::mfma_gemm(float*, float const*, unsigned short const*, int, int, int, int)",1689,19,146539.0,262144.0,0.0,0.0,0.0,0.0,128.0,4912602349685641.0,4912602349766602.0
1689,1,1280,256,1024,0,12,4,32,64,"batch_decode_kernels::rmsnorm(float*, float const*, unsigned short const*, int, int, float)",1690,36,32552.0,0.0,0.0,0.0,0.0,0.0,20.0,4912602349894282.0,4912602349906602.0
1690,1,256,256,11264,0,24,0,48,64,"batch_decode_kernels::mfma_gemm(float*, float const*, unsigned short const*, int, int, int, int)",1691,19,156625.0,8192.0,0.0,0.0,0.0,0.0,4.0,4912602350011083.0,4912602350097003.0
1691,1,320,64,0,0,16,0,48,64,"void moe_kernels::router_topk_wave64_kernel<64>(float*, float const*, int*, float*, int, int, int, int, int, float)",1692,55,39527.0,0.0,0.0,0.0,0.0,0.0,5.0,4912602350231724.0,4912602350248204.0
1692,1,256,256,1024,0,12,4,64,64,"batch_decode_kernels::align_routes(int const*, int, int, int, int*, int*, int*)",1693,17,40001.0,0.0,0.0,0.0,0.0,0.0,4.0,4912602350348044.0,4912602350365004.0
1693,1,349184,256,19968,0,36,4,48,64,"void batch_decode_kernels::grouped_expert_gate_up<16, 1>(float const*, char const*, unsigned long const*, unsigned long const*, int const*, int const*, float*, unsigned short*, int, int, int, int, int)",1694,31,229231.0,2162688.0,0.0,0.0,0.0,0.0,5456.0,4912602350461965.0,4912602350596205.0
1694,1,11264,256,19968,0,32,0,48,64,"batch_decode_kernels::mfma_gate_up_swiglu(float*, float const*, unsigned short const*, unsigned short const*, int, int, int)",1695,20,159082.0,720896.0,0.0,0.0,0.0,0.0,176.0,4912602350672846.0,4912602350761806.0
1695,1,507904,256,11264,0,24,0,48,64,"void batch_decode_kernels::grouped_expert_down<16, 1>(float const*, unsigned short const*, char const*, unsigned long const*, int const*, int const*, float*, int, int, int, int)",1696,32,139327.0,1081344.0,0.0,0.0,0.0,0.0,7936.0,4912602350884686.0,4912602350963887.0
1696,1,1280,256,0,0,12,4,32,64,"batch_decode_kernels::reduce_routes_add(float*, float const*, float const*, int, int, int)",1697,28,62400.0,0.0,0.0,0.0,0.0,0.0,20.0,4912602351110447.0,4912602351140528.0
1697,1,8192,256,11264,0,24,0,48,64,"batch_decode_kernels::mfma_gemm(float*, float const*, unsigned short const*, int, int, int, int)",1698,19,195905.0,360448.0,0.0,0.0,0.0,0.0,128.0,4912602351232848.0,4912602351343088.0
1698,1,1280,256,1024,0,12,4,32,64,"batch_decode_kernels::rmsnorm(float*, float const*, unsigned short const*, int, int, float)",1699,36,32230.0,0.0,0.0,0.0,0.0,0.0,20.0,4912602351438929.0,4912602351451249.0
1699,1,12288,256,11264,0,24,0,48,64,"batch_decode_kernels::mfma_gemm(float*, float const*, unsigned short const*, int, int, int, int)",1700,19,143345.0,393216.0,0.0,0.0,0.0,0.0,192.0,4912602351555889.0,4912602351635250.0
1700,1,2304,256,11264,0,24,0,48,64,"batch_decode_kernels::mfma_gemm(float*, float const*, unsigned short const*, int, int, int, int)",1701,19,145108.0,73728.0,0.0,0.0,0.0,0.0,36.0,4912602351765330.0,4912602351844851.0
1701,1,1280,256,1024,0,24,0,32,64,"batch_decode_kernels::kv_norm_rope(unsigned short*, float const*, unsigned short const*, int, int, int, int, int, int, float const*, int, float)",1702,43,28079.0,0.0,0.0,0.0,0.0,0.0,20.0,4912602351981171.0,4912602351990771.0
1702,1,32768,256,11264,0,24,0,48,64,"batch_decode_kernels::mfma_head_gemm(float*, float const*, unsigned short const*, int, int, int, int, int, int, unsigned long)",1703,29,32535.0,65536.0,0.0,0.0,0.0,0.0,512.0,4912602352103092.0,4912602352115572.0
1703,1,5120,256,0,0,24,0,32,64,"batch_decode_kernels::q_rope(float*, float const*, int, int, int, int, int, int, float const*, int)",1704,39,24243.0,0.0,0.0,0.0,0.0,0.0,80.0,4912602352224692.0,4912602352231732.0
1704,1,30720,256,0,0,16,0,32,64,"batch_decode_kernels::attention_score(float*, float const*, float const*, unsigned short const*, int, int, int, int, int, int, int, float)",1705,27,28497.0,0.0,0.0,0.0,0.0,0.0,480.0,4912602352341333.0,4912602352351253.0
1705,1,20480,256,1024,0,20,4,48,64,"void attention_kernels::softmax_rows_kernel<256>(float*, int, int, int, int)",1706,52,25343.0,0.0,0.0,0.0,0.0,0.0,320.0,4912602352457333.0,4912602352465333.0
1706,1,2621440,256,0,0,16,0,32,64,"batch_decode_kernels::latent_context(float*, float const*, unsigned short const*, int, int, int, int, int, int)",1707,41,66581.0,0.0,0.0,0.0,0.0,0.0,40960.0,4912602352568854.0,4912602352603574.0
1707,1,8192,256,11264,0,24,0,48,64,"batch_decode_kernels::mfma_head_gemm(float*, float const*, unsigned short const*, int, int, int, int, int, int, unsigned long)",1708,29,54821.0,65536.0,0.0,0.0,0.0,0.0,128.0,4912602352692054.0,4912602352717815.0
1708,1,8192,256,11264,0,24,0,48,64,"batch_decode_kernels::mfma_gemm(float*, float const*, unsigned short const*, int, int, int, int)",1709,19,145576.0,262144.0,0.0,0.0,0.0,0.0,128.0,4912602352807735.0,4912602352887735.0
1709,1,1280,256,1024,0,12,4,32,64,"batch_decode_kernels::rmsnorm(float*, float const*, unsigned short const*, int, int, float)",1710,36,34853.0,0.0,0.0,0.0,0.0,0.0,20.0,4912602353040856.0,4912602353054616.0
1710,1,256,256,11264,0,24,0,48,64,"batch_decode_kernels::mfma_gemm(float*, float const*, unsigned short const*, int, int, int, int)",1711,19,155845.0,8192.0,0.0,0.0,0.0,0.0,4.0,4912602353159256.0,4912602353244857.0
1711,1,320,64,0,0,16,0,48,64,"void moe_kernels::router_topk_wave64_kernel<64>(float*, float const*, int*, float*, int, int, int, int, int, float)",1712,55,41207.0,0.0,0.0,0.0,0.0,0.0,5.0,4912602353386457.0,4912602353403738.0
1712,1,256,256,1024,0,12,4,64,64,"batch_decode_kernels::align_routes(int const*, int, int, int, int*, int*, int*)",1713,17,39821.0,0.0,0.0,0.0,0.0,0.0,4.0,4912602353505178.0,4912602353521978.0
1713,1,349184,256,19968,0,36,4,48,64,"void batch_decode_kernels::grouped_expert_gate_up<16, 1>(float const*, char const*, unsigned long const*, unsigned long const*, int const*, int const*, float*, unsigned short*, int, int, int, int, int)",1714,31,231727.0,2162688.0,0.0,0.0,0.0,0.0,5456.0,4912602353627259.0,4912602353763259.0
1714,1,11264,256,19968,0,32,0,48,64,"batch_decode_kernels::mfma_gate_up_swiglu(float*, float const*, unsigned short const*, unsigned short const*, int, int, int)",1715,20,158135.0,720896.0,0.0,0.0,0.0,0.0,176.0,4912602353843259.0,4912602353931580.0
1715,1,507904,256,11264,0,24,0,48,64,"void batch_decode_kernels::grouped_expert_down<16, 1>(float const*, unsigned short const*, char const*, unsigned long const*, int const*, int const*, float*, int, int, int, int)",1716,32,140658.0,1081344.0,0.0,0.0,0.0,0.0,7936.0,4912602354076861.0,4912602354156701.0
1716,1,1280,256,0,0,12,4,32,64,"batch_decode_kernels::reduce_routes_add(float*, float const*, float const*, int, int, int)",1717,28,61997.0,0.0,0.0,0.0,0.0,0.0,20.0,4912602354297501.0,4912602354327422.0
1717,1,8192,256,11264,0,24,0,48,64,"batch_decode_kernels::mfma_gemm(float*, float const*, unsigned short const*, int, int, int, int)",1718,19,192663.0,360448.0,0.0,0.0,0.0,0.0,128.0,4912602354413822.0,4912602354522462.0
1718,1,1280,256,1024,0,12,4,32,64,"batch_decode_kernels::rmsnorm(float*, float const*, unsigned short const*, int, int, float)",1719,36,32287.0,0.0,0.0,0.0,0.0,0.0,20.0,4912602354631103.0,4912602354643423.0
1719,1,12288,256,11264,0,24,0,48,64,"batch_decode_kernels::mfma_gemm(float*, float const*, unsigned short const*, int, int, int, int)",1720,19,141698.0,393216.0,0.0,0.0,0.0,0.0,192.0,4912602354764384.0,4912602354842784.0
1720,1,2304,256,11264,0,24,0,48,64,"batch_decode_kernels::mfma_gemm(float*, float const*, unsigned short const*, int, int, int, int)",1721,19,146195.0,73728.0,0.0,0.0,0.0,0.0,36.0,4912602354978784.0,4912602355059105.0
1721,1,1280,256,1024,0,24,0,32,64,"batch_decode_kernels::kv_norm_rope(unsigned short*, float const*, unsigned short const*, int, int, int, int, int, int, float const*, int, float)",1722,43,28990.0,0.0,0.0,0.0,0.0,0.0,20.0,4912602355120225.0,4912602355130305.0
1722,1,32768,256,11264,0,24,0,48,64,"batch_decode_kernels::mfma_head_gemm(float*, float const*, unsigned short const*, int, int, int, int, int, int, unsigned long)",1723,29,32245.0,65536.0,0.0,0.0,0.0,0.0,512.0,4912602355241986.0,4912602355254466.0
1723,1,5120,256,0,0,24,0,32,64,"batch_decode_kernels::q_rope(float*, float const*, int, int, int, int, int, int, float const*, int)",1724,39,25228.0,0.0,0.0,0.0,0.0,0.0,80.0,4912602355361826.0,4912602355369826.0
1724,1,30720,256,0,0,16,0,32,64,"batch_decode_kernels::attention_score(float*, float const*, float const*, unsigned short const*, int, int, int, int, int, int, int, float)",1725,27,28267.0,0.0,0.0,0.0,0.0,0.0,480.0,4912602355478627.0,4912602355488387.0
1725,1,20480,256,1024,0,20,4,48,64,"void attention_kernels::softmax_rows_kernel<256>(float*, int, int, int, int)",1726,52,25721.0,0.0,0.0,0.0,0.0,0.0,320.0,4912602355602787.0,4912602355611107.0
1726,1,2621440,256,0,0,16,0,32,64,"batch_decode_kernels::latent_context(float*, float const*, unsigned short const*, int, int, int, int, int, int)",1727,41,66270.0,0.0,0.0,0.0,0.0,0.0,40960.0,4912602355720548.0,4912602355755108.0
1727,1,8192,256,11264,0,24,0,48,64,"batch_decode_kernels::mfma_head_gemm(float*, float const*, unsigned short const*, int, int, int, int, int, int, unsigned long)",1728,29,55114.0,65536.0,0.0,0.0,0.0,0.0,128.0,4912602355843428.0,4912602355869028.0
1728,1,8192,256,11264,0,24,0,48,64,"batch_decode_kernels::mfma_gemm(float*, float const*, unsigned short const*, int, int, int, int)",1729,19,145059.0,262144.0,0.0,0.0,0.0,0.0,128.0,4912602355963109.0,4912602356043109.0
1729,1,1280,256,1024,0,12,4,32,64,"batch_decode_kernels::rmsnorm(float*, float const*, unsigned short const*, int, int, float)",1730,36,32923.0,0.0,0.0,0.0,0.0,0.0,20.0,4912602356103749.0,4912602356116549.0
1730,1,256,256,11264,0,24,0,48,64,"batch_decode_kernels::mfma_gemm(float*, float const*, unsigned short const*, int, int, int, int)",1731,19,155954.0,8192.0,0.0,0.0,0.0,0.0,4.0,4912602356223750.0,4912602356309510.0
1731,1,320,64,0,0,16,0,48,64,"void moe_kernels::router_topk_wave64_kernel<64>(float*, float const*, int*, float*, int, int, int, int, int, float)",1732,55,41187.0,0.0,0.0,0.0,0.0,0.0,5.0,4912602356448711.0,4912602356465831.0
1732,1,256,256,1024,0,12,4,64,64,"batch_decode_kernels::align_routes(int const*, int, int, int, int*, int*, int*)",1733,17,40658.0,0.0,0.0,0.0,0.0,0.0,4.0,4912602356569191.0,4912602356586152.0
1733,1,349184,256,19968,0,36,4,48,64,"void batch_decode_kernels::grouped_expert_gate_up<16, 1>(float const*, char const*, unsigned long const*, unsigned long const*, int const*, int const*, float*, unsigned short*, int, int, int, int, int)",1734,31,232264.0,2162688.0,0.0,0.0,0.0,0.0,5456.0,4912602356690152.0,4912602356826313.0
1734,1,11264,256,19968,0,32,0,48,64,"batch_decode_kernels::mfma_gate_up_swiglu(float*, float const*, unsigned short const*, unsigned short const*, int, int, int)",1735,20,159064.0,720896.0,0.0,0.0,0.0,0.0,176.0,4912602356914633.0,4912602357003433.0
1735,1,507904,256,11264,0,24,0,48,64,"void batch_decode_kernels::grouped_expert_down<16, 1>(float const*, unsigned short const*, char const*, unsigned long const*, int const*, int const*, float*, int, int, int, int)",1736,32,140552.0,1081344.0,0.0,0.0,0.0,0.0,7936.0,4912602357144714.0,4912602357224074.0
1736,1,1280,256,0,0,12,4,32,64,"batch_decode_kernels::reduce_routes_add(float*, float const*, float const*, int, int, int)",1737,28,61829.0,0.0,0.0,0.0,0.0,0.0,20.0,4912602357366315.0,4912602357395915.0
1737,1,8192,256,11264,0,24,0,48,64,"batch_decode_kernels::mfma_gemm(float*, float const*, unsigned short const*, int, int, int, int)",1738,19,193893.0,360448.0,0.0,0.0,0.0,0.0,128.0,4912602357486316.0,4912602357595756.0
1738,1,1280,256,1024,0,12,4,32,64,"batch_decode_kernels::rmsnorm(float*, float const*, unsigned short const*, int, int, float)",1739,36,33361.0,0.0,0.0,0.0,0.0,0.0,20.0,4912602357713677.0,4912602357726477.0
1739,1,12288,256,11264,0,24,0,48,64,"batch_decode_kernels::mfma_gemm(float*, float const*, unsigned short const*, int, int, int, int)",1740,19,141849.0,393216.0,0.0,0.0,0.0,0.0,192.0,4912602357832237.0,4912602357910637.0
1740,1,2304,256,11264,0,24,0,48,64,"batch_decode_kernels::mfma_gemm(float*, float const*, unsigned short const*, int, int, int, int)",1741,19,142409.0,73728.0,0.0,0.0,0.0,0.0,36.0,4912602358069678.0,4912602358147438.0
1741,1,1280,256,1024,0,24,0,32,64,"batch_decode_kernels::kv_norm_rope(unsigned short*, float const*, unsigned short const*, int, int, int, int, int, int, float const*, int, float)",1742,43,28286.0,0.0,0.0,0.0,0.0,0.0,20.0,4912602358294159.0,4912602358303919.0
1742,1,32768,256,11264,0,24,0,48,64,"batch_decode_kernels::mfma_head_gemm(float*, float const*, unsigned short const*, int, int, int, int, int, int, unsigned long)",1743,29,32793.0,65536.0,0.0,0.0,0.0,0.0,512.0,4912602358414320.0,4912602358427280.0
1743,1,5120,256,0,0,24,0,32,64,"batch_decode_kernels::q_rope(float*, float const*, int, int, int, int, int, int, float const*, int)",1744,39,25637.0,0.0,0.0,0.0,0.0,0.0,80.0,4912602358536240.0,4912602358544560.0
1744,1,30720,256,0,0,16,0,32,64,"batch_decode_kernels::attention_score(float*, float const*, float const*, unsigned short const*, int, int, int, int, int, int, int, float)",1745,27,27600.0,0.0,0.0,0.0,0.0,0.0,480.0,4912602358654801.0,4912602358664401.0
1745,1,20480,256,1024,0,20,4,48,64,"void attention_kernels::softmax_rows_kernel<256>(float*, int, int, int, int)",1746,52,24649.0,0.0,0.0,0.0,0.0,0.0,320.0,4912602358778641.0,4912602358786321.0
1746,1,2621440,256,0,0,16,0,32,64,"batch_decode_kernels::latent_context(float*, float const*, unsigned short const*, int, int, int, int, int, int)",1747,41,66056.0,0.0,0.0,0.0,0.0,0.0,40960.0,4912602358900722.0,4912602358935122.0
1747,1,8192,256,11264,0,24,0,48,64,"batch_decode_kernels::mfma_head_gemm(float*, float const*, unsigned short const*, int, int, int, int, int, int, unsigned long)",1748,29,55625.0,65536.0,0.0,0.0,0.0,0.0,128.0,4912602359032402.0,4912602359058642.0
1748,1,8192,256,11264,0,24,0,48,64,"batch_decode_kernels::mfma_gemm(float*, float const*, unsigned short const*, int, int, int, int)",1749,19,144388.0,262144.0,0.0,0.0,0.0,0.0,128.0,4912602359152243.0,4912602359231763.0
1749,1,1280,256,1024,0,12,4,32,64,"batch_decode_kernels::rmsnorm(float*, float const*, unsigned short const*, int, int, float)",1750,36,33522.0,0.0,0.0,0.0,0.0,0.0,20.0,4912602359381684.0,4912602359394644.0
1750,1,256,256,11264,0,24,0,48,64,"batch_decode_kernels::mfma_gemm(float*, float const*, unsigned short const*, int, int, int, int)",1751,19,152585.0,8192.0,0.0,0.0,0.0,0.0,4.0,4912602359505364.0,4912602359589045.0
1751,1,320,64,0,0,16,0,48,64,"void moe_kernels::router_topk_wave64_kernel<64>(float*, float const*, int*, float*, int, int, int, int, int, float)",1752,55,39578.0,0.0,0.0,0.0,0.0,0.0,5.0,4912602359740405.0,4912602359756726.0
1752,1,256,256,1024,0,12,4,64,64,"batch_decode_kernels::align_routes(int const*, int, int, int, int*, int*, int*)",1753,17,39961.0,0.0,0.0,0.0,0.0,0.0,4.0,4912602359860246.0,4912602359876886.0
1753,1,349184,256,19968,0,36,4,48,64,"void batch_decode_kernels::grouped_expert_gate_up<16, 1>(float const*, char const*, unsigned long const*, unsigned long const*, int const*, int const*, float*, unsigned short*, int, int, int, int, int)",1754,31,232353.0,2162688.0,0.0,0.0,0.0,0.0,5456.0,4912602359988727.0,4912602360124247.0
1754,1,11264,256,19968,0,32,0,48,64,"batch_decode_kernels::mfma_gate_up_swiglu(float*, float const*, unsigned short const*, unsigned short const*, int, int, int)",1755,20,160231.0,720896.0,0.0,0.0,0.0,0.0,176.0,4912602360224568.0,4912602360314168.0
1755,1,507904,256,11264,0,24,0,48,64,"void batch_decode_kernels::grouped_expert_down<16, 1>(float const*, unsigned short const*, char const*, unsigned long const*, int const*, int const*, float*, int, int, int, int)",1756,32,141953.0,1081344.0,0.0,0.0,0.0,0.0,7936.0,4912602360450009.0,4912602360530649.0
1756,1,1280,256,0,0,12,4,32,64,"batch_decode_kernels::reduce_routes_add(float*, float const*, float const*, int, int, int)",1757,28,63126.0,0.0,0.0,0.0,0.0,0.0,20.0,4912602360679450.0,4912602360709690.0
1757,1,8192,256,11264,0,24,0,48,64,"batch_decode_kernels::mfma_gemm(float*, float const*, unsigned short const*, int, int, int, int)",1758,19,193875.0,360448.0,0.0,0.0,0.0,0.0,128.0,4912602360802330.0,4912602360911611.0
1758,1,1280,256,1024,0,12,4,32,64,"batch_decode_kernels::rmsnorm(float*, float const*, unsigned short const*, int, int, float)",1759,36,32776.0,0.0,0.0,0.0,0.0,0.0,20.0,4912602361109851.0,4912602361122332.0
1759,1,12288,256,11264,0,24,0,48,64,"batch_decode_kernels::mfma_gemm(float*, float const*, unsigned short const*, int, int, int, int)",1760,19,142097.0,393216.0,0.0,0.0,0.0,0.0,192.0,4912602361235612.0,4912602361314332.0
1760,1,2304,256,11264,0,24,0,48,64,"batch_decode_kernels::mfma_gemm(float*, float const*, unsigned short const*, int, int, int, int)",1761,19,143085.0,73728.0,0.0,0.0,0.0,0.0,36.0,4912602361459453.0,4912602361538013.0
1761,1,1280,256,1024,0,24,0,32,64,"batch_decode_kernels::kv_norm_rope(unsigned short*, float const*, unsigned short const*, int, int, int, int, int, int, float const*, int, float)",1762,43,29144.0,0.0,0.0,0.0,0.0,0.0,20.0,4912602361684894.0,4912602361695134.0
1762,1,32768,256,11264,0,24,0,48,64,"batch_decode_kernels::mfma_head_gemm(float*, float const*, unsigned short const*, int, int, int, int, int, int, unsigned long)",1763,29,32549.0,65536.0,0.0,0.0,0.0,0.0,512.0,4912602361809215.0,4912602361821695.0
1763,1,5120,256,0,0,24,0,32,64,"batch_decode_kernels::q_rope(float*, float const*, int, int, int, int, int, int, float const*, int)",1764,39,23708.0,0.0,0.0,0.0,0.0,0.0,80.0,4912602361928575.0,4912602361935775.0
1764,1,30720,256,0,0,16,0,32,64,"batch_decode_kernels::attention_score(float*, float const*, float const*, unsigned short const*, int, int, int, int, int, int, int, float)",1765,27,28983.0,0.0,0.0,0.0,0.0,0.0,480.0,4912602362060416.0,4912602362070816.0
1765,1,20480,256,1024,0,20,4,48,64,"void attention_kernels::softmax_rows_kernel<256>(float*, int, int, int, int)",1766,52,25708.0,0.0,0.0,0.0,0.0,0.0,320.0,4912602362182976.0,4912602362190816.0
1766,1,2621440,256,0,0,16,0,32,64,"batch_decode_kernels::latent_context(float*, float const*, unsigned short const*, int, int, int, int, int, int)",1767,41,66225.0,0.0,0.0,0.0,0.0,0.0,40960.0,4912602362306657.0,4912602362341217.0
1767,1,8192,256,11264,0,24,0,48,64,"batch_decode_kernels::mfma_head_gemm(float*, float const*, unsigned short const*, int, int, int, int, int, int, unsigned long)",1768,29,55478.0,65536.0,0.0,0.0,0.0,0.0,128.0,4912602362431617.0,4912602362457697.0
1768,1,8192,256,11264,0,24,0,48,64,"batch_decode_kernels::mfma_gemm(float*, float const*, unsigned short const*, int, int, int, int)",1769,19,145586.0,262144.0,0.0,0.0,0.0,0.0,128.0,4912602362558498.0,4912602362638818.0
1769,1,1280,256,1024,0,12,4,32,64,"batch_decode_kernels::rmsnorm(float*, float const*, unsigned short const*, int, int, float)",1770,36,32240.0,0.0,0.0,0.0,0.0,0.0,20.0,4912602362786019.0,4912602362798659.0
1770,1,256,256,11264,0,24,0,48,64,"batch_decode_kernels::mfma_gemm(float*, float const*, unsigned short const*, int, int, int, int)",1771,19,157297.0,8192.0,0.0,0.0,0.0,0.0,4.0,4912602362910019.0,4912602362996580.0
1771,1,320,64,0,0,16,0,48,64,"void moe_kernels::router_topk_wave64_kernel<64>(float*, float const*, int*, float*, int, int, int, int, int, float)",1772,55,39327.0,0.0,0.0,0.0,0.0,0.0,5.0,4912602363150660.0,4912602363167141.0
1772,1,256,256,1024,0,12,4,64,64,"batch_decode_kernels::align_routes(int const*, int, int, int, int*, int*, int*)",1773,17,39433.0,0.0,0.0,0.0,0.0,0.0,4.0,4912602363274981.0,4912602363291461.0
1773,1,349184,256,19968,0,36,4,48,64,"void batch_decode_kernels::grouped_expert_gate_up<16, 1>(float const*, char const*, unsigned long const*, unsigned long const*, int const*, int const*, float*, unsigned short*, int, int, int, int, int)",1774,31,235054.0,2162688.0,0.0,0.0,0.0,0.0,5456.0,4912602363398022.0,4912602363535462.0
1774,1,11264,256,19968,0,32,0,48,64,"batch_decode_kernels::mfma_gate_up_swiglu(float*, float const*, unsigned short const*, unsigned short const*, int, int, int)",1775,20,160694.0,720896.0,0.0,0.0,0.0,0.0,176.0,4912602363627783.0,4912602363717703.0
1775,1,507904,256,11264,0,24,0,48,64,"void batch_decode_kernels::grouped_expert_down<16, 1>(float const*, unsigned short const*, char const*, unsigned long const*, int const*, int const*, float*, int, int, int, int)",1776,32,139276.0,1081344.0,0.0,0.0,0.0,0.0,7936.0,4912602363861864.0,4912602363941064.0
1776,1,1280,256,0,0,12,4,32,64,"batch_decode_kernels::reduce_routes_add(float*, float const*, float const*, int, int, int)",1777,28,61484.0,0.0,0.0,0.0,0.0,0.0,20.0,4912602364101225.0,4912602364130665.0
1777,1,8192,256,11264,0,24,0,48,64,"batch_decode_kernels::mfma_gemm(float*, float const*, unsigned short const*, int, int, int, int)",1778,19,192843.0,360448.0,0.0,0.0,0.0,0.0,128.0,4912602364224425.0,4912602364333226.0
1778,1,1280,256,1024,0,12,4,32,64,"batch_decode_kernels::rmsnorm(float*, float const*, unsigned short const*, int, int, float)",1779,36,33845.0,0.0,0.0,0.0,0.0,0.0,20.0,4912602364450346.0,4912602364463306.0
1779,1,12288,256,11264,0,24,0,48,64,"batch_decode_kernels::mfma_gemm(float*, float const*, unsigned short const*, int, int, int, int)",1780,19,141991.0,393216.0,0.0,0.0,0.0,0.0,192.0,4912602364579307.0,4912602364657867.0
1780,1,2304,256,11264,0,24,0,48,64,"batch_decode_kernels::mfma_gemm(float*, float const*, unsigned short const*, int, int, int, int)",1781,19,145746.0,73728.0,0.0,0.0,0.0,0.0,36.0,4912602364812108.0,4912602364892108.0
1781,1,1280,256,1024,0,24,0,32,64,"batch_decode_kernels::kv_norm_rope(unsigned short*, float const*, unsigned short const*, int, int, int, int, int, int, float const*, int, float)",1782,43,27678.0,0.0,0.0,0.0,0.0,0.0,20.0,4912602365044589.0,4912602365054189.0
1782,1,32768,256,11264,0,24,0,48,64,"batch_decode_kernels::mfma_head_gemm(float*, float const*, unsigned short const*, int, int, int, int, int, int, unsigned long)",1783,29,32339.0,65536.0,0.0,0.0,0.0,0.0,512.0,4912602365174989.0,4912602365187469.0
1783,1,5120,256,0,0,24,0,32,64,"batch_decode_kernels::q_rope(float*, float const*, int, int, int, int, int, int, float const*, int)",1784,39,23975.0,0.0,0.0,0.0,0.0,0.0,80.0,4912602365301230.0,4912602365308750.0
1784,1,30720,256,0,0,16,0,32,64,"batch_decode_kernels::attention_score(float*, float const*, float const*, unsigned short const*, int, int, int, int, int, int, int, float)",1785,27,28993.0,0.0,0.0,0.0,0.0,0.0,480.0,4912602365425390.0,4912602365435631.0
1785,1,20480,256,1024,0,20,4,48,64,"void attention_kernels::softmax_rows_kernel<256>(float*, int, int, int, int)",1786,52,25685.0,0.0,0.0,0.0,0.0,0.0,320.0,4912602365553071.0,4912602365561391.0
1786,1,2621440,256,0,0,16,0,32,64,"batch_decode_kernels::latent_context(float*, float const*, unsigned short const*, int, int, int, int, int, int)",1787,41,67143.0,0.0,0.0,0.0,0.0,0.0,40960.0,4912602365684272.0,4912602365719312.0
1787,1,8192,256,11264,0,24,0,48,64,"batch_decode_kernels::mfma_head_gemm(float*, float const*, unsigned short const*, int, int, int, int, int, int, unsigned long)",1788,29,54541.0,65536.0,0.0,0.0,0.0,0.0,128.0,4912602365808752.0,4912602365834352.0
1788,1,8192,256,11264,0,24,0,48,64,"batch_decode_kernels::mfma_gemm(float*, float const*, unsigned short const*, int, int, int, int)",1789,19,146105.0,262144.0,0.0,0.0,0.0,0.0,128.0,4912602365930673.0,4912602366011313.0
1789,1,1280,256,1024,0,12,4,32,64,"batch_decode_kernels::rmsnorm(float*, float const*, unsigned short const*, int, int, float)",1790,36,35371.0,0.0,0.0,0.0,0.0,0.0,20.0,4912602366174834.0,4912602366189234.0
1790,1,256,256,11264,0,24,0,48,64,"batch_decode_kernels::mfma_gemm(float*, float const*, unsigned short const*, int, int, int, int)",1791,19,156016.0,8192.0,0.0,0.0,0.0,0.0,4.0,4912602366300434.0,4912602366386195.0
1791,1,320,64,0,0,16,0,48,64,"void moe_kernels::router_topk_wave64_kernel<64>(float*, float const*, int*, float*, int, int, int, int, int, float)",1792,55,39047.0,0.0,0.0,0.0,0.0,0.0,5.0,4912602366523795.0,4912602366539955.0
1792,1,256,256,1024,0,12,4,64,64,"batch_decode_kernels::align_routes(int const*, int, int, int, int*, int*, int*)",1793,17,40097.0,0.0,0.0,0.0,0.0,0.0,4.0,4912602366666516.0,4912602366683636.0
1793,1,349184,256,19968,0,36,4,48,64,"void batch_decode_kernels::grouped_expert_gate_up<16, 1>(float const*, char const*, unsigned long const*, unsigned long const*, int const*, int const*, float*, unsigned short*, int, int, int, int, int)",1794,31,230635.0,2162688.0,0.0,0.0,0.0,0.0,5456.0,4912602366792596.0,4912602366927637.0
1794,1,11264,256,19968,0,32,0,48,64,"batch_decode_kernels::mfma_gate_up_swiglu(float*, float const*, unsigned short const*, unsigned short const*, int, int, int)",1795,20,161505.0,720896.0,0.0,0.0,0.0,0.0,176.0,4912602367037238.0,4912602367127478.0
1795,1,507904,256,11264,0,24,0,48,64,"void batch_decode_kernels::grouped_expert_down<16, 1>(float const*, unsigned short const*, char const*, unsigned long const*, int const*, int const*, float*, int, int, int, int)",1796,32,142713.0,1081344.0,0.0,0.0,0.0,0.0,7936.0,4912602367276759.0,4912602367357719.0
1796,1,1280,256,0,0,12,4,32,64,"batch_decode_kernels::reduce_routes_add(float*, float const*, float const*, int, int, int)",1797,28,63008.0,0.0,0.0,0.0,0.0,0.0,20.0,4912602367510520.0,4912602367541080.0
1797,1,8192,256,11264,0,24,0,48,64,"batch_decode_kernels::mfma_gemm(float*, float const*, unsigned short const*, int, int, int, int)",1798,19,194959.0,360448.0,0.0,0.0,0.0,0.0,128.0,4912602367641400.0,4912602367751161.0
1798,1,1280,256,1024,0,12,4,32,64,"batch_decode_kernels::rmsnorm(float*, float const*, unsigned short const*, int, int, float)",1799,36,32823.0,0.0,0.0,0.0,0.0,0.0,20.0,4912602367878841.0,4912602367891321.0
1799,1,12288,256,11264,0,24,0,48,64,"batch_decode_kernels::mfma_gemm(float*, float const*, unsigned short const*, int, int, int, int)",1800,19,142752.0,393216.0,0.0,0.0,0.0,0.0,192.0,4912602368011002.0,4912602368089882.0
1800,1,2304,256,11264,0,24,0,48,64,"batch_decode_kernels::mfma_gemm(float*, float const*, unsigned short const*, int, int, int, int)",1801,19,145124.0,73728.0,0.0,0.0,0.0,0.0,36.0,4912602368241403.0,4912602368320763.0
1801,1,1280,256,1024,0,24,0,32,64,"batch_decode_kernels::kv_norm_rope(unsigned short*, float const*, unsigned short const*, int, int, int, int, int, int, float const*, int, float)",1802,43,28951.0,0.0,0.0,0.0,0.0,0.0,20.0,4912602368479804.0,4912602368489884.0
1802,1,32768,256,11264,0,24,0,48,64,"batch_decode_kernels::mfma_head_gemm(float*, float const*, unsigned short const*, int, int, int, int, int, int, unsigned long)",1803,29,32557.0,65536.0,0.0,0.0,0.0,0.0,512.0,4912602368605724.0,4912602368618525.0
1803,1,5120,256,0,0,24,0,32,64,"batch_decode_kernels::q_rope(float*, float const*, int, int, int, int, int, int, float const*, int)",1804,39,23994.0,0.0,0.0,0.0,0.0,0.0,80.0,4912602368729565.0,4912602368737085.0
1804,1,30720,256,0,0,16,0,32,64,"batch_decode_kernels::attention_score(float*, float const*, float const*, unsigned short const*, int, int, int, int, int, int, int, float)",1805,27,27999.0,0.0,0.0,0.0,0.0,0.0,480.0,4912602368856126.0,4912602368865886.0
1805,1,20480,256,1024,0,20,4,48,64,"void attention_kernels::softmax_rows_kernel<256>(float*, int, int, int, int)",1806,52,25856.0,0.0,0.0,0.0,0.0,0.0,320.0,4912602368985726.0,4912602368993886.0
1806,1,2621440,256,0,0,16,0,32,64,"batch_decode_kernels::latent_context(float*, float const*, unsigned short const*, int, int, int, int, int, int)",1807,41,66588.0,0.0,0.0,0.0,0.0,0.0,40960.0,4912602369119967.0,4912602369154527.0
1807,1,8192,256,11264,0,24,0,48,64,"batch_decode_kernels::mfma_head_gemm(float*, float const*, unsigned short const*, int, int, int, int, int, int, unsigned long)",1808,29,54843.0,65536.0,0.0,0.0,0.0,0.0,128.0,4912602369244607.0,4912602369270367.0
1808,1,8192,256,11264,0,24,0,48,64,"batch_decode_kernels::mfma_gemm(float*, float const*, unsigned short const*, int, int, int, int)",1809,19,148008.0,262144.0,0.0,0.0,0.0,0.0,128.0,4912602369372448.0,4912602369454208.0
1809,1,1280,256,1024,0,12,4,32,64,"batch_decode_kernels::rmsnorm(float*, float const*, unsigned short const*, int, int, float)",1810,36,34458.0,0.0,0.0,0.0,0.0,0.0,20.0,4912602369610689.0,4912602369624609.0
1810,1,256,256,11264,0,24,0,48,64,"batch_decode_kernels::mfma_gemm(float*, float const*, unsigned short const*, int, int, int, int)",1811,19,154892.0,8192.0,0.0,0.0,0.0,0.0,4.0,4912602369735969.0,4912602369821090.0
1811,1,320,64,0,0,16,0,48,64,"void moe_kernels::router_topk_wave64_kernel<64>(float*, float const*, int*, float*, int, int, int, int, int, float)",1812,55,38652.0,0.0,0.0,0.0,0.0,0.0,5.0,4912602369975331.0,4912602369991171.0
1812,1,256,256,1024,0,12,4,64,64,"batch_decode_kernels::align_routes(int const*, int, int, int, int*, int*, int*)",1813,17,40048.0,0.0,0.0,0.0,0.0,0.0,4.0,4912602370108931.0,4912602370125571.0
1813,1,349184,256,19968,0,36,4,48,64,"void batch_decode_kernels::grouped_expert_gate_up<16, 1>(float const*, char const*, unsigned long const*, unsigned long const*, int const*, int const*, float*, unsigned short*, int, int, int, int, int)",1814,31,232079.0,2162688.0,0.0,0.0,0.0,0.0,5456.0,4912602370238052.0,4912602370373732.0
1814,1,11264,256,19968,0,32,0,48,64,"batch_decode_kernels::mfma_gate_up_swiglu(float*, float const*, unsigned short const*, unsigned short const*, int, int, int)",1815,20,158125.0,720896.0,0.0,0.0,0.0,0.0,176.0,4912602370475493.0,4912602370563973.0
1815,1,507904,256,11264,0,24,0,48,64,"void batch_decode_kernels::grouped_expert_down<16, 1>(float const*, unsigned short const*, char const*, unsigned long const*, int const*, int const*, float*, int, int, int, int)",1816,32,140614.0,1081344.0,0.0,0.0,0.0,0.0,7936.0,4912602370712934.0,4912602370792454.0
1816,1,1280,256,0,0,12,4,32,64,"batch_decode_kernels::reduce_routes_add(float*, float const*, float const*, int, int, int)",1817,28,64721.0,0.0,0.0,0.0,0.0,0.0,20.0,4912602370947015.0,4912602370978855.0
1817,1,8192,256,11264,0,24,0,48,64,"batch_decode_kernels::mfma_gemm(float*, float const*, unsigned short const*, int, int, int, int)",1818,19,194738.0,360448.0,0.0,0.0,0.0,0.0,128.0,4912602371083815.0,4912602371193416.0
1818,1,1280,256,1024,0,12,4,32,64,"batch_decode_kernels::rmsnorm(float*, float const*, unsigned short const*, int, int, float)",1819,36,33118.0,0.0,0.0,0.0,0.0,0.0,20.0,4912602371325416.0,4912602371338217.0
1819,1,12288,256,11264,0,24,0,48,64,"batch_decode_kernels::mfma_gemm(float*, float const*, unsigned short const*, int, int, int, int)",1820,19,143485.0,393216.0,0.0,0.0,0.0,0.0,192.0,4912602371457097.0,4912602371536297.0
1820,1,2304,256,11264,0,24,0,48,64,"batch_decode_kernels::mfma_gemm(float*, float const*, unsigned short const*, int, int, int, int)",1821,19,144409.0,73728.0,0.0,0.0,0.0,0.0,36.0,4912602371697418.0,4912602371776778.0
1821,1,1280,256,1024,0,24,0,32,64,"batch_decode_kernels::kv_norm_rope(unsigned short*, float const*, unsigned short const*, int, int, int, int, int, int, float const*, int, float)",1822,43,28686.0,0.0,0.0,0.0,0.0,0.0,20.0,4912602371936779.0,4912602371946699.0
1822,1,32768,256,11264,0,24,0,48,64,"batch_decode_kernels::mfma_head_gemm(float*, float const*, unsigned short const*, int, int, int, int, int, int, unsigned long)",1823,29,33204.0,65536.0,0.0,0.0,0.0,0.0,512.0,4912602372072300.0,4912602372085260.0
1823,1,5120,256,0,0,24,0,32,64,"batch_decode_kernels::q_rope(float*, float const*, int, int, int, int, int, int, float const*, int)",1824,39,24946.0,0.0,0.0,0.0,0.0,0.0,80.0,4912602372200780.0,4912602372208620.0
1824,1,30720,256,0,0,16,0,32,64,"batch_decode_kernels::attention_score(float*, float const*, float const*, unsigned short const*, int, int, int, int, int, int, int, float)",1825,27,27999.0,0.0,0.0,0.0,0.0,0.0,480.0,4912602372342701.0,4912602372352461.0
1825,1,20480,256,1024,0,20,4,48,64,"void attention_kernels::softmax_rows_kernel<256>(float*, int, int, int, int)",1826,52,25475.0,0.0,0.0,0.0,0.0,0.0,320.0,4912602372471501.0,4912602372479822.0
1826,1,2621440,256,0,0,16,0,32,64,"batch_decode_kernels::latent_context(float*, float const*, unsigned short const*, int, int, int, int, int, int)",1827,41,66260.0,0.0,0.0,0.0,0.0,0.0,40960.0,4912602372599182.0,4912602372633742.0
1827,1,8192,256,11264,0,24,0,48,64,"batch_decode_kernels::mfma_head_gemm(float*, float const*, unsigned short const*, int, int, int, int, int, int, unsigned long)",1828,29,55440.0,65536.0,0.0,0.0,0.0,0.0,128.0,4912602372725423.0,4912602372751503.0
1828,1,8192,256,11264,0,24,0,48,64,"batch_decode_kernels::mfma_gemm(float*, float const*, unsigned short const*, int, int, int, int)",1829,19,146891.0,262144.0,0.0,0.0,0.0,0.0,128.0,4912602372868623.0,4912602372949744.0
1829,1,1280,256,1024,0,12,4,32,64,"batch_decode_kernels::rmsnorm(float*, float const*, unsigned short const*, int, int, float)",1830,36,33201.0,0.0,0.0,0.0,0.0,0.0,20.0,4912602373120304.0,4912602373133264.0
1830,1,256,256,11264,0,24,0,48,64,"batch_decode_kernels::mfma_gemm(float*, float const*, unsigned short const*, int, int, int, int)",1831,19,157398.0,8192.0,0.0,0.0,0.0,0.0,4.0,4912602373252305.0,4912602373338705.0
1831,1,320,64,0,0,16,0,48,64,"void moe_kernels::router_topk_wave64_kernel<64>(float*, float const*, int*, float*, int, int, int, int, int, float)",1832,55,40981.0,0.0,0.0,0.0,0.0,0.0,5.0,4912602373494546.0,4912602373511666.0
1832,1,256,256,1024,0,12,4,64,64,"batch_decode_kernels::align_routes(int const*, int, int, int, int*, int*, int*)",1833,17,39836.0,0.0,0.0,0.0,0.0,0.0,4.0,4912602373628467.0,4912602373645107.0
1833,1,349184,256,19968,0,36,4,48,64,"void batch_decode_kernels::grouped_expert_gate_up<16, 1>(float const*, char const*, unsigned long const*, unsigned long const*, int const*, int const*, float*, unsigned short*, int, int, int, int, int)",1834,31,229923.0,2162688.0,0.0,0.0,0.0,0.0,5456.0,4912602373758067.0,4912602373892468.0
1834,1,11264,256,19968,0,32,0,48,64,"batch_decode_kernels::mfma_gate_up_swiglu(float*, float const*, unsigned short const*, unsigned short const*, int, int, int)",1835,20,157370.0,720896.0,0.0,0.0,0.0,0.0,176.0,4912602374003668.0,4912602374091669.0
1835,1,507904,256,11264,0,24,0,48,64,"void batch_decode_kernels::grouped_expert_down<16, 1>(float const*, unsigned short const*, char const*, unsigned long const*, int const*, int const*, float*, int, int, int, int)",1836,32,142185.0,1081344.0,0.0,0.0,0.0,0.0,7936.0,4912602374255585.0,4912602374336225.0
1836,1,1280,256,0,0,12,4,32,64,"batch_decode_kernels::reduce_routes_add(float*, float const*, float const*, int, int, int)",1837,28,64294.0,0.0,0.0,0.0,0.0,0.0,20.0,4912602374502145.0,4912602374533505.0
1837,1,8192,256,11264,0,24,0,48,64,"batch_decode_kernels::mfma_gemm(float*, float const*, unsigned short const*, int, int, int, int)",1838,19,194333.0,360448.0,0.0,0.0,0.0,0.0,128.0,4912602374634625.0,4912602374744226.0
1838,1,1280,256,1024,0,12,4,32,64,"batch_decode_kernels::rmsnorm(float*, float const*, unsigned short const*, int, int, float)",1839,36,34092.0,0.0,0.0,0.0,0.0,0.0,20.0,4912602374874626.0,4912602374887746.0
1839,1,12288,256,11264,0,24,0,48,64,"batch_decode_kernels::mfma_gemm(float*, float const*, unsigned short const*, int, int, int, int)",1840,19,142400.0,393216.0,0.0,0.0,0.0,0.0,192.0,4912602375006467.0,4912602375085187.0
1840,1,2304,256,11264,0,24,0,48,64,"batch_decode_kernels::mfma_gemm(float*, float const*, unsigned short const*, int, int, int, int)",1841,19,146084.0,73728.0,0.0,0.0,0.0,0.0,36.0,4912602375152707.0,4912602375233028.0
1841,1,1280,256,1024,0,24,0,32,64,"batch_decode_kernels::kv_norm_rope(unsigned short*, float const*, unsigned short const*, int, int, int, int, int, int, float const*, int, float)",1842,43,28556.0,0.0,0.0,0.0,0.0,0.0,20.0,4912602375397349.0,4912602375407269.0
1842,1,32768,256,11264,0,24,0,48,64,"batch_decode_kernels::mfma_head_gemm(float*, float const*, unsigned short const*, int, int, int, int, int, int, unsigned long)",1843,29,33662.0,65536.0,0.0,0.0,0.0,0.0,512.0,4912602375529189.0,4912602375542149.0
1843,1,5120,256,0,0,24,0,32,64,"batch_decode_kernels::q_rope(float*, float const*, int, int, int, int, int, int, float const*, int)",1844,39,24867.0,0.0,0.0,0.0,0.0,0.0,80.0,4912602375658150.0,4912602375665990.0
1844,1,30720,256,0,0,16,0,32,64,"batch_decode_kernels::attention_score(float*, float const*, float const*, unsigned short const*, int, int, int, int, int, int, int, float)",1845,27,29005.0,0.0,0.0,0.0,0.0,0.0,480.0,4912602375791910.0,4912602375802310.0
1845,1,20480,256,1024,0,20,4,48,64,"void attention_kernels::softmax_rows_kernel<256>(float*, int, int, int, int)",1846,52,24921.0,0.0,0.0,0.0,0.0,0.0,320.0,4912602375925671.0,4912602375933511.0
1846,1,2621440,256,0,0,16,0,32,64,"batch_decode_kernels::latent_context(float*, float const*, unsigned short const*, int, int, int, int, int, int)",1847,41,66516.0,0.0,0.0,0.0,0.0,0.0,40960.0,4912602376065191.0,4912602376099912.0
1847,1,8192,256,11264,0,24,0,48,64,"batch_decode_kernels::mfma_head_gemm(float*, float const*, unsigned short const*, int, int, int, int, int, int, unsigned long)",1848,29,54817.0,65536.0,0.0,0.0,0.0,0.0,128.0,4912602376198152.0,4912602376223912.0
1848,1,8192,256,11264,0,24,0,48,64,"batch_decode_kernels::mfma_gemm(float*, float const*, unsigned short const*, int, int, int, int)",1849,19,144715.0,262144.0,0.0,0.0,0.0,0.0,128.0,4912602376333833.0,4912602376413513.0
1849,1,1280,256,1024,0,12,4,32,64,"batch_decode_kernels::rmsnorm(float*, float const*, unsigned short const*, int, int, float)",1850,36,33138.0,0.0,0.0,0.0,0.0,0.0,20.0,4912602376584234.0,4912602376596874.0
1850,1,256,256,11264,0,24,0,48,64,"batch_decode_kernels::mfma_gemm(float*, float const*, unsigned short const*, int, int, int, int)",1851,19,156055.0,8192.0,0.0,0.0,0.0,0.0,4.0,4912602376716714.0,4912602376802635.0
1851,1,320,64,0,0,16,0,48,64,"void moe_kernels::router_topk_wave64_kernel<64>(float*, float const*, int*, float*, int, int, int, int, int, float)",1852,55,39759.0,0.0,0.0,0.0,0.0,0.0,5.0,4912602376962635.0,4912602376979116.0
1852,1,256,256,1024,0,12,4,64,64,"batch_decode_kernels::align_routes(int const*, int, int, int, int*, int*, int*)",1853,17,42659.0,0.0,0.0,0.0,0.0,0.0,4.0,4912602377101996.0,4912602377120076.0
1853,1,349184,256,19968,0,36,4,48,64,"void batch_decode_kernels::grouped_expert_gate_up<16, 1>(float const*, char const*, unsigned long const*, unsigned long const*, int const*, int const*, float*, unsigned short*, int, int, int, int, int)",1854,31,233065.0,2162688.0,0.0,0.0,0.0,0.0,5456.0,4912602377233997.0,4912602377370477.0
1854,1,11264,256,19968,0,32,0,48,64,"batch_decode_kernels::mfma_gate_up_swiglu(float*, float const*, unsigned short const*, unsigned short const*, int, int, int)",1855,20,159703.0,720896.0,0.0,0.0,0.0,0.0,176.0,4912602377482638.0,4912602377572078.0
1855,1,507904,256,11264,0,24,0,48,64,"void batch_decode_kernels::grouped_expert_down<16, 1>(float const*, unsigned short const*, char const*, unsigned long const*, int const*, int const*, float*, int, int, int, int)",1856,32,142803.0,1081344.0,0.0,0.0,0.0,0.0,7936.0,4912602377733679.0,4912602377814639.0
1856,1,1280,256,0,0,12,4,32,64,"batch_decode_kernels::reduce_routes_add(float*, float const*, float const*, int, int, int)",1857,28,63464.0,0.0,0.0,0.0,0.0,0.0,20.0,4912602377981040.0,4912602378011760.0
1857,1,8192,256,11264,0,24,0,48,64,"batch_decode_kernels::mfma_gemm(float*, float const*, unsigned short const*, int, int, int, int)",1858,19,197399.0,360448.0,0.0,0.0,0.0,0.0,128.0,4912602378129521.0,4912602378240721.0
1858,1,1280,256,1024,0,12,4,32,64,"batch_decode_kernels::rmsnorm(float*, float const*, unsigned short const*, int, int, float)",1859,36,33814.0,0.0,0.0,0.0,0.0,0.0,20.0,4912602378366962.0,4912602378380082.0
1859,1,12288,256,11264,0,24,0,48,64,"batch_decode_kernels::mfma_gemm(float*, float const*, unsigned short const*, int, int, int, int)",1860,19,141321.0,393216.0,0.0,0.0,0.0,0.0,192.0,4912602378497522.0,4912602378575603.0
1860,1,2304,256,11264,0,24,0,48,64,"batch_decode_kernels::mfma_gemm(float*, float const*, unsigned short const*, int, int, int, int)",1861,19,145365.0,73728.0,0.0,0.0,0.0,0.0,36.0,4912602378636723.0,4912602378716403.0
1861,1,1280,256,1024,0,24,0,32,64,"batch_decode_kernels::kv_norm_rope(unsigned short*, float const*, unsigned short const*, int, int, int, int, int, int, float const*, int, float)",1862,43,28450.0,0.0,0.0,0.0,0.0,0.0,20.0,4912602378784083.0,4912602378794003.0
1862,1,32768,256,11264,0,24,0,48,64,"batch_decode_kernels::mfma_head_gemm(float*, float const*, unsigned short const*, int, int, int, int, int, int, unsigned long)",1863,29,33316.0,65536.0,0.0,0.0,0.0,0.0,512.0,4912602378916884.0,4912602378930004.0
1863,1,5120,256,0,0,24,0,32,64,"batch_decode_kernels::q_rope(float*, float const*, int, int, int, int, int, int, float const*, int)",1864,39,24582.0,0.0,0.0,0.0,0.0,0.0,80.0,4912602379063605.0,4912602379071125.0
1864,1,30720,256,0,0,16,0,32,64,"batch_decode_kernels::attention_score(float*, float const*, float const*, unsigned short const*, int, int, int, int, int, int, int, float)",1865,27,28221.0,0.0,0.0,0.0,0.0,0.0,480.0,4912602379194165.0,4912602379203925.0
1865,1,20480,256,1024,0,20,4,48,64,"void attention_kernels::softmax_rows_kernel<256>(float*, int, int, int, int)",1866,52,25857.0,0.0,0.0,0.0,0.0,0.0,320.0,4912602379330006.0,4912602379338166.0
1866,1,2621440,256,0,0,16,0,32,64,"batch_decode_kernels::latent_context(float*, float const*, unsigned short const*, int, int, int, int, int, int)",1867,41,66093.0,0.0,0.0,0.0,0.0,0.0,40960.0,4912602379467606.0,4912602379502007.0
1867,1,8192,256,11264,0,24,0,48,64,"batch_decode_kernels::mfma_head_gemm(float*, float const*, unsigned short const*, int, int, int, int, int, int, unsigned long)",1868,29,55183.0,65536.0,0.0,0.0,0.0,0.0,128.0,4912602379610007.0,4912602379635447.0
1868,1,8192,256,11264,0,24,0,48,64,"batch_decode_kernels::mfma_gemm(float*, float const*, unsigned short const*, int, int, int, int)",1869,19,146571.0,262144.0,0.0,0.0,0.0,0.0,128.0,4912602379743448.0,4912602379824408.0
1869,1,1280,256,1024,0,12,4,32,64,"batch_decode_kernels::rmsnorm(float*, float const*, unsigned short const*, int, int, float)",1870,36,33276.0,0.0,0.0,0.0,0.0,0.0,20.0,4912602379885048.0,4912602379898008.0
1870,1,256,256,11264,0,24,0,48,64,"batch_decode_kernels::mfma_gemm(float*, float const*, unsigned short const*, int, int, int, int)",1871,19,155985.0,8192.0,0.0,0.0,0.0,0.0,4.0,4912602380033049.0,4912602380118969.0
1871,1,320,64,0,0,16,0,48,64,"void moe_kernels::router_topk_wave64_kernel<64>(float*, float const*, int*, float*, int, int, int, int, int, float)",1872,55,38913.0,0.0,0.0,0.0,0.0,0.0,5.0,4912602380288890.0,4912602380304890.0
1872,1,256,256,1024,0,12,4,64,64,"batch_decode_kernels::align_routes(int const*, int, int, int, int*, int*, int*)",1873,17,40201.0,0.0,0.0,0.0,0.0,0.0,4.0,4912602380425851.0,4912602380442491.0
1873,1,349184,256,19968,0,36,4,48,64,"void batch_decode_kernels::grouped_expert_gate_up<16, 1>(float const*, char const*, unsigned long const*, unsigned long const*, int const*, int const*, float*, unsigned short*, int, int, int, int, int)",1874,31,229323.0,2162688.0,0.0,0.0,0.0,0.0,5456.0,4912602380567611.0,4912602380701852.0
1874,1,11264,256,19968,0,32,0,48,64,"batch_decode_kernels::mfma_gate_up_swiglu(float*, float const*, unsigned short const*, unsigned short const*, int, int, int)",1875,20,156987.0,720896.0,0.0,0.0,0.0,0.0,176.0,4912602380825852.0,4912602380913533.0
1875,1,507904,256,11264,0,24,0,48,64,"void batch_decode_kernels::grouped_expert_down<16, 1>(float const*, unsigned short const*, char const*, unsigned long const*, int const*, int const*, float*, int, int, int, int)",1876,32,139438.0,1081344.0,0.0,0.0,0.0,0.0,7936.0,4912602380978013.0,4912602381057053.0
1876,1,1280,256,0,0,12,4,32,64,"batch_decode_kernels::reduce_routes_add(float*, float const*, float const*, int, int, int)",1877,28,61216.0,0.0,0.0,0.0,0.0,0.0,20.0,4912602381122974.0,4912602381152574.0
1877,1,8192,256,11264,0,24,0,48,64,"batch_decode_kernels::mfma_gemm(float*, float const*, unsigned short const*, int, int, int, int)",1878,19,195106.0,360448.0,0.0,0.0,0.0,0.0,128.0,4912602381262174.0,4912602381372095.0
1878,1,1280,256,1024,0,12,4,32,64,"batch_decode_kernels::rmsnorm(float*, float const*, unsigned short const*, int, int, float)",1879,36,34941.0,0.0,0.0,0.0,0.0,0.0,20.0,4912602381521375.0,4912602381534976.0
1879,1,12288,256,11264,0,24,0,48,64,"batch_decode_kernels::mfma_gemm(float*, float const*, unsigned short const*, int, int, int, int)",1880,19,144532.0,393216.0,0.0,0.0,0.0,0.0,192.0,4912602381658496.0,4912602381738496.0
1880,1,2304,256,11264,0,24,0,48,64,"batch_decode_kernels::mfma_gemm(float*, float const*, unsigned short const*, int, int, int, int)",1881,19,144772.0,73728.0,0.0,0.0,0.0,0.0,36.0,4912602381801057.0,4912602381880417.0
1881,1,1280,256,1024,0,24,0,32,64,"batch_decode_kernels::kv_norm_rope(unsigned short*, float const*, unsigned short const*, int, int, int, int, int, int, float const*, int, float)",1882,43,28488.0,0.0,0.0,0.0,0.0,0.0,20.0,4912602381943137.0,4912602381953217.0
1882,1,32768,256,11264,0,24,0,48,64,"batch_decode_kernels::mfma_head_gemm(float*, float const*, unsigned short const*, int, int, int, int, int, int, unsigned long)",1883,29,32236.0,65536.0,0.0,0.0,0.0,0.0,512.0,4912602382083458.0,4912602382095938.0
1883,1,5120,256,0,0,24,0,32,64,"batch_decode_kernels::q_rope(float*, float const*, int, int, int, int, int, int, float const*, int)",1884,39,25458.0,0.0,0.0,0.0,0.0,0.0,80.0,4912602382217219.0,4912602382225379.0
1884,1,30720,256,0,0,16,0,32,64,"batch_decode_kernels::attention_score(float*, float const*, float const*, unsigned short const*, int, int, int, int, int, int, int, float)",1885,27,28889.0,0.0,0.0,0.0,0.0,0.0,480.0,4912602382365219.0,4912602382375299.0
1885,1,20480,256,1024,0,20,4,48,64,"void attention_kernels::softmax_rows_kernel<256>(float*, int, int, int, int)",1886,52,26135.0,0.0,0.0,0.0,0.0,0.0,320.0,4912602382501220.0,4912602382509540.0
1886,1,2621440,256,0,0,16,0,32,64,"batch_decode_kernels::latent_context(float*, float const*, unsigned short const*, int, int, int, int, int, int)",1887,41,66144.0,0.0,0.0,0.0,0.0,0.0,40960.0,4912602382634820.0,4912602382669541.0
1887,1,8192,256,11264,0,24,0,48,64,"batch_decode_kernels::mfma_head_gemm(float*, float const*, unsigned short const*, int, int, int, int, int, int, unsigned long)",1888,29,54815.0,65536.0,0.0,0.0,0.0,0.0,128.0,4912602382775461.0,4912602382801381.0
1888,1,8192,256,11264,0,24,0,48,64,"batch_decode_kernels::mfma_gemm(float*, float const*, unsigned short const*, int, int, int, int)",1889,19,145500.0,262144.0,0.0,0.0,0.0,0.0,128.0,4912602382914342.0,4912602382994502.0
1889,1,1280,256,1024,0,12,4,32,64,"batch_decode_kernels::rmsnorm(float*, float const*, unsigned short const*, int, int, float)",1890,36,33800.0,0.0,0.0,0.0,0.0,0.0,20.0,4912602383064102.0,4912602383077222.0
1890,1,256,256,11264,0,24,0,48,64,"batch_decode_kernels::mfma_gemm(float*, float const*, unsigned short const*, int, int, int, int)",1891,19,156193.0,8192.0,0.0,0.0,0.0,0.0,4.0,4912602383207623.0,4912602383293543.0
1891,1,320,64,0,0,16,0,48,64,"void moe_kernels::router_topk_wave64_kernel<64>(float*, float const*, int*, float*, int, int, int, int, int, float)",1892,55,39038.0,0.0,0.0,0.0,0.0,0.0,5.0,4912602383465224.0,4912602383481544.0
1892,1,256,256,1024,0,12,4,64,64,"batch_decode_kernels::align_routes(int const*, int, int, int, int*, int*, int*)",1893,17,39850.0,0.0,0.0,0.0,0.0,0.0,4.0,4912602383600905.0,4912602383617865.0
1893,1,349184,256,19968,0,36,4,48,64,"void batch_decode_kernels::grouped_expert_gate_up<16, 1>(float const*, char const*, unsigned long const*, unsigned long const*, int const*, int const*, float*, unsigned short*, int, int, int, int, int)",1894,31,232112.0,2162688.0,0.0,0.0,0.0,0.0,5456.0,4912602383737385.0,4912602383873386.0
1894,1,11264,256,19968,0,32,0,48,64,"batch_decode_kernels::mfma_gate_up_swiglu(float*, float const*, unsigned short const*, unsigned short const*, int, int, int)",1895,20,156031.0,720896.0,0.0,0.0,0.0,0.0,176.0,4912602383995946.0,4912602384083147.0
1895,1,507904,256,11264,0,24,0,48,64,"void batch_decode_kernels::grouped_expert_down<16, 1>(float const*, unsigned short const*, char const*, unsigned long const*, int const*, int const*, float*, int, int, int, int)",1896,32,143125.0,1081344.0,0.0,0.0,0.0,0.0,7936.0,4912602384151627.0,4912602384233067.0
1896,1,1280,256,0,0,12,4,32,64,"batch_decode_kernels::reduce_routes_add(float*, float const*, float const*, int, int, int)",1897,28,63217.0,0.0,0.0,0.0,0.0,0.0,20.0,4912602384406028.0,4912602384436748.0
1897,1,8192,256,11264,0,24,0,48,64,"batch_decode_kernels::mfma_gemm(float*, float const*, unsigned short const*, int, int, int, int)",1898,19,196844.0,360448.0,0.0,0.0,0.0,0.0,128.0,4912602384544269.0,4912602384655149.0
1898,1,1280,256,1024,0,12,4,32,64,"batch_decode_kernels::rmsnorm(float*, float const*, unsigned short const*, int, int, float)",1899,36,33090.0,0.0,0.0,0.0,0.0,0.0,20.0,4912602384797070.0,4912602384809710.0
1899,1,12288,256,11264,0,24,0,48,64,"batch_decode_kernels::mfma_gemm(float*, float const*, unsigned short const*, int, int, int, int)",1900,19,143782.0,393216.0,0.0,0.0,0.0,0.0,192.0,4912602384934350.0,4912602385013391.0
1900,1,2304,256,11264,0,24,0,48,64,"batch_decode_kernels::mfma_gemm(float*, float const*, unsigned short const*, int, int, int, int)",1901,19,146166.0,73728.0,0.0,0.0,0.0,0.0,36.0,4912602385084751.0,4912602385164752.0
1901,1,1280,256,1024,0,24,0,32,64,"batch_decode_kernels::kv_norm_rope(unsigned short*, float const*, unsigned short const*, int, int, int, int, int, int, float const*, int, float)",1902,43,29397.0,0.0,0.0,0.0,0.0,0.0,20.0,4912602385233712.0,4912602385243952.0
1902,1,32768,256,11264,0,24,0,48,64,"batch_decode_kernels::mfma_head_gemm(float*, float const*, unsigned short const*, int, int, int, int, int, int, unsigned long)",1903,29,33239.0,65536.0,0.0,0.0,0.0,0.0,512.0,4912602385371312.0,4912602385384432.0
1903,1,5120,256,0,0,24,0,32,64,"batch_decode_kernels::q_rope(float*, float const*, int, int, int, int, int, int, float const*, int)",1904,39,23727.0,0.0,0.0,0.0,0.0,0.0,80.0,4912602385510033.0,4912602385517233.0
1904,1,30720,256,0,0,16,0,32,64,"batch_decode_kernels::attention_score(float*, float const*, float const*, unsigned short const*, int, int, int, int, int, int, int, float)",1905,27,27954.0,0.0,0.0,0.0,0.0,0.0,480.0,4912602385646354.0,4912602385656114.0
1905,1,20480,256,1024,0,20,4,48,64,"void attention_kernels::softmax_rows_kernel<256>(float*, int, int, int, int)",1906,52,25285.0,0.0,0.0,0.0,0.0,0.0,320.0,4912602385787314.0,4912602385795634.0
1906,1,2621440,256,0,0,16,0,32,64,"batch_decode_kernels::latent_context(float*, float const*, unsigned short const*, int, int, int, int, int, int)",1907,41,66833.0,0.0,0.0,0.0,0.0,0.0,40960.0,4912602385922995.0,4912602385957875.0
1907,1,8192,256,11264,0,24,0,48,64,"batch_decode_kernels::mfma_head_gemm(float*, float const*, unsigned short const*, int, int, int, int, int, int, unsigned long)",1908,29,54192.0,65536.0,0.0,0.0,0.0,0.0,128.0,4912602386066515.0,4912602386092276.0
1908,1,8192,256,11264,0,24,0,48,64,"batch_decode_kernels::mfma_gemm(float*, float const*, unsigned short const*, int, int, int, int)",1909,19,146502.0,262144.0,0.0,0.0,0.0,0.0,128.0,4912602386206196.0,4912602386287156.0
1909,1,1280,256,1024,0,12,4,32,64,"batch_decode_kernels::rmsnorm(float*, float const*, unsigned short const*, int, int, float)",1910,36,32297.0,0.0,0.0,0.0,0.0,0.0,20.0,4912602386353717.0,4912602386366037.0
1910,1,256,256,11264,0,24,0,48,64,"batch_decode_kernels::mfma_gemm(float*, float const*, unsigned short const*, int, int, int, int)",1911,19,156157.0,8192.0,0.0,0.0,0.0,0.0,4.0,4912602386492437.0,4912602386578198.0
1911,1,320,64,0,0,16,0,48,64,"void moe_kernels::router_topk_wave64_kernel<64>(float*, float const*, int*, float*, int, int, int, int, int, float)",1912,55,38179.0,0.0,0.0,0.0,0.0,0.0,5.0,4912602386646198.0,4912602386661718.0
1912,1,256,256,1024,0,12,4,64,64,"batch_decode_kernels::align_routes(int const*, int, int, int, int*, int*, int*)",1913,17,41480.0,0.0,0.0,0.0,0.0,0.0,4.0,4912602386783799.0,4912602386801399.0
1913,1,349184,256,19968,0,36,4,48,64,"void batch_decode_kernels::grouped_expert_gate_up<16, 1>(float const*, char const*, unsigned long const*, unsigned long const*, int const*, int const*, float*, unsigned short*, int, int, int, int, int)",1914,31,233338.0,2162688.0,0.0,0.0,0.0,0.0,5456.0,4912602386921399.0,4912602387058040.0
1914,1,11264,256,19968,0,32,0,48,64,"batch_decode_kernels::mfma_gate_up_swiglu(float*, float const*, unsigned short const*, unsigned short const*, int, int, int)",1915,20,158657.0,720896.0,0.0,0.0,0.0,0.0,176.0,4912602387191480.0,4912602387280441.0
1915,1,507904,256,11264,0,24,0,48,64,"void batch_decode_kernels::grouped_expert_down<16, 1>(float const*, unsigned short const*, char const*, unsigned long const*, int const*, int const*, float*, int, int, int, int)",1916,32,138571.0,1081344.0,0.0,0.0,0.0,0.0,7936.0,4912602387450682.0,4912602387529242.0
1916,1,1280,256,0,0,12,4,32,64,"batch_decode_kernels::reduce_routes_add(float*, float const*, float const*, int, int, int)",1917,28,62203.0,0.0,0.0,0.0,0.0,0.0,20.0,4912602387593562.0,4912602387623642.0
1917,1,8192,256,11264,0,24,0,48,64,"batch_decode_kernels::mfma_gemm(float*, float const*, unsigned short const*, int, int, int, int)",1918,19,195791.0,360448.0,0.0,0.0,0.0,0.0,128.0,4912602387732923.0,4912602387843163.0
1918,1,1280,256,1024,0,12,4,32,64,"batch_decode_kernels::rmsnorm(float*, float const*, unsigned short const*, int, int, float)",1919,36,33983.0,0.0,0.0,0.0,0.0,0.0,20.0,4912602387996604.0,4912602388010044.0
1919,1,12288,256,11264,0,24,0,48,64,"batch_decode_kernels::mfma_gemm(float*, float const*, unsigned short const*, int, int, int, int)",1920,19,141605.0,393216.0,0.0,0.0,0.0,0.0,192.0,4912602388135325.0,4912602388213565.0
1920,1,2304,256,11264,0,24,0,48,64,"batch_decode_kernels::mfma_gemm(float*, float const*, unsigned short const*, int, int, int, int)",1921,19,146543.0,73728.0,0.0,0.0,0.0,0.0,36.0,4912602388377726.0,4912602388458206.0
1921,1,1280,256,1024,0,24,0,32,64,"batch_decode_kernels::kv_norm_rope(unsigned short*, float const*, unsigned short const*, int, int, int, int, int, int, float const*, int, float)",1922,43,28527.0,0.0,0.0,0.0,0.0,0.0,20.0,4912602388525886.0,4912602388535806.0
1922,1,32768,256,11264,0,24,0,48,64,"batch_decode_kernels::mfma_head_gemm(float*, float const*, unsigned short const*, int, int, int, int, int, int, unsigned long)",1923,29,34012.0,65536.0,0.0,0.0,0.0,0.0,512.0,4912602388669407.0,4912602388682847.0
1923,1,5120,256,0,0,24,0,32,64,"batch_decode_kernels::q_rope(float*, float const*, int, int, int, int, int, int, float const*, int)",1924,39,24030.0,0.0,0.0,0.0,0.0,0.0,80.0,4912602388807168.0,4912602388814528.0
1924,1,30720,256,0,0,16,0,32,64,"batch_decode_kernels::attention_score(float*, float const*, float const*, unsigned short const*, int, int, int, int, int, int, int, float)",1925,27,28299.0,0.0,0.0,0.0,0.0,0.0,480.0,4912602388946208.0,4912602388956448.0
1925,1,20480,256,1024,0,20,4,48,64,"void attention_kernels::softmax_rows_kernel<256>(float*, int, int, int, int)",1926,52,25560.0,0.0,0.0,0.0,0.0,0.0,320.0,4912602389101729.0,4912602389109889.0
1926,1,2621440,256,0,0,16,0,32,64,"batch_decode_kernels::latent_context(float*, float const*, unsigned short const*, int, int, int, int, int, int)",1927,41,67213.0,0.0,0.0,0.0,0.0,0.0,40960.0,4912602389241249.0,4912602389276290.0
1927,1,8192,256,11264,0,24,0,48,64,"batch_decode_kernels::mfma_head_gemm(float*, float const*, unsigned short const*, int, int, int, int, int, int, unsigned long)",1928,29,55705.0,65536.0,0.0,0.0,0.0,0.0,128.0,4912602389381090.0,4912602389407010.0
1928,1,8192,256,11264,0,24,0,48,64,"batch_decode_kernels::mfma_gemm(float*, float const*, unsigned short const*, int, int, int, int)",1929,19,146767.0,262144.0,0.0,0.0,0.0,0.0,128.0,4912602389522851.0,4912602389603811.0
1929,1,1280,256,1024,0,12,4,32,64,"batch_decode_kernels::rmsnorm(float*, float const*, unsigned short const*, int, int, float)",1930,36,32755.0,0.0,0.0,0.0,0.0,0.0,20.0,4912602389670211.0,4912602389682851.0
1930,1,256,256,11264,0,24,0,48,64,"batch_decode_kernels::mfma_gemm(float*, float const*, unsigned short const*, int, int, int, int)",1931,19,153332.0,8192.0,0.0,0.0,0.0,0.0,4.0,4912602389810212.0,4912602389894052.0
1931,1,320,64,0,0,16,0,48,64,"void moe_kernels::router_topk_wave64_kernel<64>(float*, float const*, int*, float*, int, int, int, int, int, float)",1932,55,39088.0,0.0,0.0,0.0,0.0,0.0,5.0,4912602389957413.0,4912602389973253.0
1932,1,256,256,1024,0,12,4,64,64,"batch_decode_kernels::align_routes(int const*, int, int, int, int*, int*, int*)",1933,17,40167.0,0.0,0.0,0.0,0.0,0.0,4.0,4912602390105253.0,4912602390122373.0
1933,1,349184,256,19968,0,36,4,48,64,"void batch_decode_kernels::grouped_expert_gate_up<16, 1>(float const*, char const*, unsigned long const*, unsigned long const*, int const*, int const*, float*, unsigned short*, int, int, int, int, int)",1934,31,233047.0,2162688.0,0.0,0.0,0.0,0.0,5456.0,4912602390249894.0,4912602390385894.0
1934,1,11264,256,19968,0,32,0,48,64,"batch_decode_kernels::mfma_gate_up_swiglu(float*, float const*, unsigned short const*, unsigned short const*, int, int, int)",1935,20,157420.0,720896.0,0.0,0.0,0.0,0.0,176.0,4912602390520135.0,4912602390607655.0
1935,1,507904,256,11264,0,24,0,48,64,"void batch_decode_kernels::grouped_expert_down<16, 1>(float const*, unsigned short const*, char const*, unsigned long const*, int const*, int const*, float*, int, int, int, int)",1936,32,140199.0,1081344.0,0.0,0.0,0.0,0.0,7936.0,4912602390787656.0,4912602390866697.0
1936,1,1280,256,0,0,12,4,32,64,"batch_decode_kernels::reduce_routes_add(float*, float const*, float const*, int, int, int)",1937,28,64644.0,0.0,0.0,0.0,0.0,0.0,20.0,4912602390934057.0,4912602390965417.0
1937,1,8192,256,11264,0,24,0,48,64,"batch_decode_kernels::mfma_gemm(float*, float const*, unsigned short const*, int, int, int, int)",1938,19,195974.0,360448.0,0.0,0.0,0.0,0.0,128.0,4912602391081898.0,4912602391192298.0
1938,1,1280,256,1024,0,12,4,32,64,"batch_decode_kernels::rmsnorm(float*, float const*, unsigned short const*, int, int, float)",1939,36,33311.0,0.0,0.0,0.0,0.0,0.0,20.0,4912602391357739.0,4912602391370699.0
1939,1,12288,256,11264,0,24,0,48,64,"batch_decode_kernels::mfma_gemm(float*, float const*, unsigned short const*, int, int, int, int)",1940,19,142494.0,393216.0,0.0,0.0,0.0,0.0,192.0,4912602391501099.0,4912602391579980.0
1940,1,2304,256,11264,0,24,0,48,64,"batch_decode_kernels::mfma_gemm(float*, float const*, unsigned short const*, int, int, int, int)",1941,19,143326.0,73728.0,0.0,0.0,0.0,0.0,36.0,4912602391651180.0,4912602391729740.0
1941,1,1280,256,1024,0,24,0,32,64,"batch_decode_kernels::kv_norm_rope(unsigned short*, float const*, unsigned short const*, int, int, int, int, int, int, float const*, int, float)",1942,43,29056.0,0.0,0.0,0.0,0.0,0.0,20.0,4912602391803981.0,4912602391814221.0
1942,1,32768,256,11264,0,24,0,48,64,"batch_decode_kernels::mfma_head_gemm(float*, float const*, unsigned short const*, int, int, int, int, int, int, unsigned long)",1943,29,33528.0,65536.0,0.0,0.0,0.0,0.0,512.0,4912602391949421.0,4912602391962541.0
1943,1,5120,256,0,0,24,0,32,64,"batch_decode_kernels::q_rope(float*, float const*, int, int, int, int, int, int, float const*, int)",1944,39,24730.0,0.0,0.0,0.0,0.0,0.0,80.0,4912602392144622.0,4912602392152302.0
1944,1,30720,256,0,0,16,0,32,64,"batch_decode_kernels::attention_score(float*, float const*, float const*, unsigned short const*, int, int, int, int, int, int, int, float)",1945,27,28792.0,0.0,0.0,0.0,0.0,0.0,480.0,4912602392289423.0,4912602392299503.0
1945,1,20480,256,1024,0,20,4,48,64,"void attention_kernels::softmax_rows_kernel<256>(float*, int, int, int, int)",1946,52,25076.0,0.0,0.0,0.0,0.0,0.0,320.0,4912602392429743.0,4912602392437903.0
1946,1,2621440,256,0,0,16,0,32,64,"batch_decode_kernels::latent_context(float*, float const*, unsigned short const*, int, int, int, int, int, int)",1947,41,67004.0,0.0,0.0,0.0,0.0,0.0,40960.0,4912602392575344.0,4912602392610224.0
1947,1,8192,256,11264,0,24,0,48,64,"batch_decode_kernels::mfma_head_gemm(float*, float const*, unsigned short const*, int, int, int, int, int, int, unsigned long)",1948,29,56193.0,65536.0,0.0,0.0,0.0,0.0,128.0,4912602392718225.0,4912602392744945.0
1948,1,8192,256,11264,0,24,0,48,64,"batch_decode_kernels::mfma_gemm(float*, float const*, unsigned short const*, int, int, int, int)",1949,19,144174.0,262144.0,0.0,0.0,0.0,0.0,128.0,4912602392857585.0,4912602392936786.0
1949,1,1280,256,1024,0,12,4,32,64,"batch_decode_kernels::rmsnorm(float*, float const*, unsigned short const*, int, int, float)",1950,36,33587.0,0.0,0.0,0.0,0.0,0.0,20.0,4912602393007506.0,4912602393020626.0
1950,1,256,256,11264,0,24,0,48,64,"batch_decode_kernels::mfma_gemm(float*, float const*, unsigned short const*, int, int, int, int)",1951,19,154272.0,8192.0,0.0,0.0,0.0,0.0,4.0,4912602393163507.0,4912602393248307.0
1951,1,320,64,0,0,16,0,48,64,"void moe_kernels::router_topk_wave64_kernel<64>(float*, float const*, int*, float*, int, int, int, int, int, float)",1952,55,40114.0,0.0,0.0,0.0,0.0,0.0,5.0,4912602393430868.0,4912602393447668.0
1952,1,256,256,1024,0,12,4,64,64,"batch_decode_kernels::align_routes(int const*, int, int, int, int*, int*, int*)",1953,17,41069.0,0.0,0.0,0.0,0.0,0.0,4.0,4912602393571988.0,4912602393589589.0
1953,1,349184,256,19968,0,36,4,48,64,"void batch_decode_kernels::grouped_expert_gate_up<16, 1>(float const*, char const*, unsigned long const*, unsigned long const*, int const*, int const*, float*, unsigned short*, int, int, int, int, int)",1954,31,232787.0,2162688.0,0.0,0.0,0.0,0.0,5456.0,4912602393715189.0,4912602393851670.0
1954,1,11264,256,19968,0,32,0,48,64,"batch_decode_kernels::mfma_gate_up_swiglu(float*, float const*, unsigned short const*, unsigned short const*, int, int, int)",1955,20,159590.0,720896.0,0.0,0.0,0.0,0.0,176.0,4912602393989750.0,4912602394079031.0
1955,1,507904,256,11264,0,24,0,48,64,"void batch_decode_kernels::grouped_expert_down<16, 1>(float const*, unsigned short const*, char const*, unsigned long const*, int const*, int const*, float*, int, int, int, int)",1956,32,141041.0,1081344.0,0.0,0.0,0.0,0.0,7936.0,4912602394150711.0,4912602394230711.0
1956,1,1280,256,0,0,12,4,32,64,"batch_decode_kernels::reduce_routes_add(float*, float const*, float const*, int, int, int)",1957,28,61712.0,0.0,0.0,0.0,0.0,0.0,20.0,4912602394301592.0,4912602394331352.0
1957,1,8192,256,11264,0,24,0,48,64,"batch_decode_kernels::mfma_gemm(float*, float const*, unsigned short const*, int, int, int, int)",1958,19,194851.0,360448.0,0.0,0.0,0.0,0.0,128.0,4912602394444152.0,4912602394553273.0
1958,1,1280,256,1024,0,12,4,32,64,"batch_decode_kernels::rmsnorm(float*, float const*, unsigned short const*, int, int, float)",1959,36,33452.0,0.0,0.0,0.0,0.0,0.0,20.0,4912602394716794.0,4912602394729754.0
1959,1,12288,256,11264,0,24,0,48,64,"batch_decode_kernels::mfma_gemm(float*, float const*, unsigned short const*, int, int, int, int)",1960,19,142415.0,393216.0,0.0,0.0,0.0,0.0,192.0,4912602394867354.0,4912602394946075.0
1960,1,2304,256,11264,0,24,0,48,64,"batch_decode_kernels::mfma_gemm(float*, float const*, unsigned short const*, int, int, int, int)",1961,19,143701.0,73728.0,0.0,0.0,0.0,0.0,36.0,4912602395028635.0,4912602395107195.0
1961,1,1280,256,1024,0,24,0,32,64,"batch_decode_kernels::kv_norm_rope(unsigned short*, float const*, unsigned short const*, int, int, int, int, int, int, float const*, int, float)",1962,43,30099.0,0.0,0.0,0.0,0.0,0.0,20.0,4912602395180316.0,4912602395190716.0
1962,1,32768,256,11264,0,24,0,48,64,"batch_decode_kernels::mfma_head_gemm(float*, float const*, unsigned short const*, int, int, int, int, int, int, unsigned long)",1963,29,33773.0,65536.0,0.0,0.0,0.0,0.0,512.0,4912602395349116.0,4912602395362396.0
1963,1,5120,256,0,0,24,0,32,64,"batch_decode_kernels::q_rope(float*, float const*, int, int, int, int, int, int, float const*, int)",1964,39,23400.0,0.0,0.0,0.0,0.0,0.0,80.0,4912602395495837.0,4912602395502717.0
1964,1,30720,256,0,0,16,0,32,64,"batch_decode_kernels::attention_score(float*, float const*, float const*, unsigned short const*, int, int, int, int, int, int, int, float)",1965,27,28459.0,0.0,0.0,0.0,0.0,0.0,480.0,4912602395639038.0,4912602395648958.0
1965,1,20480,256,1024,0,20,4,48,64,"void attention_kernels::softmax_rows_kernel<256>(float*, int, int, int, int)",1966,52,25023.0,0.0,0.0,0.0,0.0,0.0,320.0,4912602395787358.0,4912602395795358.0
1966,1,2621440,256,0,0,16,0,32,64,"batch_decode_kernels::latent_context(float*, float const*, unsigned short const*, int, int, int, int, int, int)",1967,41,67022.0,0.0,0.0,0.0,0.0,0.0,40960.0,4912602395931839.0,4912602395966719.0
1967,1,8192,256,11264,0,24,0,48,64,"batch_decode_kernels::mfma_head_gemm(float*, float const*, unsigned short const*, int, int, int, int, int, int, unsigned long)",1968,29,55773.0,65536.0,0.0,0.0,0.0,0.0,128.0,4912602396086240.0,4912602396112160.0
1968,1,8192,256,11264,0,24,0,48,64,"batch_decode_kernels::mfma_gemm(float*, float const*, unsigned short const*, int, int, int, int)",1969,19,144308.0,262144.0,0.0,0.0,0.0,0.0,128.0,4912602396233120.0,4912602396312641.0
1969,1,1280,256,1024,0,12,4,32,64,"batch_decode_kernels::rmsnorm(float*, float const*, unsigned short const*, int, int, float)",1970,36,34843.0,0.0,0.0,0.0,0.0,0.0,20.0,4912602396384801.0,4912602396398561.0
1970,1,256,256,11264,0,24,0,48,64,"batch_decode_kernels::mfma_gemm(float*, float const*, unsigned short const*, int, int, int, int)",1971,19,153224.0,8192.0,0.0,0.0,0.0,0.0,4.0,4912602396528801.0,4912602396612962.0
1971,1,320,64,0,0,16,0,48,64,"void moe_kernels::router_topk_wave64_kernel<64>(float*, float const*, int*, float*, int, int, int, int, int, float)",1972,55,38807.0,0.0,0.0,0.0,0.0,0.0,5.0,4912602396682082.0,4912602396698082.0
1972,1,256,256,1024,0,12,4,64,64,"batch_decode_kernels::align_routes(int const*, int, int, int, int*, int*, int*)",1973,17,40710.0,0.0,0.0,0.0,0.0,0.0,4.0,4912602396826083.0,4912602396843363.0
1973,1,349184,256,19968,0,36,4,48,64,"void batch_decode_kernels::grouped_expert_gate_up<16, 1>(float const*, char const*, unsigned long const*, unsigned long const*, int const*, int const*, float*, unsigned short*, int, int, int, int, int)",1974,31,236077.0,2162688.0,0.0,0.0,0.0,0.0,5456.0,4912602396970883.0,4912602397108964.0
1974,1,11264,256,19968,0,32,0,48,64,"batch_decode_kernels::mfma_gate_up_swiglu(float*, float const*, unsigned short const*, unsigned short const*, int, int, int)",1975,20,158173.0,720896.0,0.0,0.0,0.0,0.0,176.0,4912602397254245.0,4912602397342725.0
1975,1,507904,256,11264,0,24,0,48,64,"void batch_decode_kernels::grouped_expert_down<16, 1>(float const*, unsigned short const*, char const*, unsigned long const*, int const*, int const*, float*, int, int, int, int)",1976,32,141798.0,1081344.0,0.0,0.0,0.0,0.0,7936.0,4912602397411845.0,4912602397492326.0
1976,1,1280,256,0,0,12,4,32,64,"batch_decode_kernels::reduce_routes_add(float*, float const*, float const*, int, int, int)",1977,28,62503.0,0.0,0.0,0.0,0.0,0.0,20.0,4912602397566086.0,4912602397596486.0
1977,1,8192,256,11264,0,24,0,48,64,"batch_decode_kernels::mfma_gemm(float*, float const*, unsigned short const*, int, int, int, int)",1978,19,193626.0,360448.0,0.0,0.0,0.0,0.0,128.0,4912602397710887.0,4912602397820007.0
1978,1,1280,256,1024,0,12,4,32,64,"batch_decode_kernels::rmsnorm(float*, float const*, unsigned short const*, int, int, float)",1979,36,32985.0,0.0,0.0,0.0,0.0,0.0,20.0,4912602397993128.0,4912602398005768.0
1979,1,12288,256,11264,0,24,0,48,64,"batch_decode_kernels::mfma_gemm(float*, float const*, unsigned short const*, int, int, int, int)",1980,19,142550.0,393216.0,0.0,0.0,0.0,0.0,192.0,4912602398150889.0,4912602398229609.0
1980,1,2304,256,11264,0,24,0,48,64,"batch_decode_kernels::mfma_gemm(float*, float const*, unsigned short const*, int, int, int, int)",1981,19,144023.0,73728.0,0.0,0.0,0.0,0.0,36.0,4912602398295369.0,4912602398374250.0
1981,1,1280,256,1024,0,24,0,32,64,"batch_decode_kernels::kv_norm_rope(unsigned short*, float const*, unsigned short const*, int, int, int, int, int, int, float const*, int, float)",1982,43,29701.0,0.0,0.0,0.0,0.0,0.0,20.0,4912602398440010.0,4912602398450570.0
1982,1,32768,256,11264,0,24,0,48,64,"batch_decode_kernels::mfma_head_gemm(float*, float const*, unsigned short const*, int, int, int, int, int, int, unsigned long)",1983,29,32393.0,65536.0,0.0,0.0,0.0,0.0,512.0,4912602398588491.0,4912602398601131.0
1983,1,5120,256,0,0,24,0,32,64,"batch_decode_kernels::q_rope(float*, float const*, int, int, int, int, int, int, float const*, int)",1984,39,23884.0,0.0,0.0,0.0,0.0,0.0,80.0,4912602398735371.0,4912602398742411.0
1984,1,30720,256,0,0,16,0,32,64,"batch_decode_kernels::attention_score(float*, float const*, float const*, unsigned short const*, int, int, int, int, int, int, int, float)",1985,27,27936.0,0.0,0.0,0.0,0.0,0.0,480.0,4912602398878412.0,4912602398888012.0
1985,1,20480,256,1024,0,20,4,48,64,"void attention_kernels::softmax_rows_kernel<256>(float*, int, int, int, int)",1986,52,25088.0,0.0,0.0,0.0,0.0,0.0,320.0,4912602399035373.0,4912602399043533.0
1986,1,2621440,256,0,0,16,0,32,64,"batch_decode_kernels::latent_context(float*, float const*, unsigned short const*, int, int, int, int, int, int)",1987,41,66636.0,0.0,0.0,0.0,0.0,0.0,40960.0,4912602399181133.0,4912602399215693.0
1987,1,8192,256,11264,0,24,0,48,64,"batch_decode_kernels::mfma_head_gemm(float*, float const*, unsigned short const*, int, int, int, int, int, int, unsigned long)",1988,29,55800.0,65536.0,0.0,0.0,0.0,0.0,128.0,4912602399325614.0,4912602399351694.0
1988,1,8192,256,11264,0,24,0,48,64,"batch_decode_kernels::mfma_gemm(float*, float const*, unsigned short const*, int, int, int, int)",1989,19,146073.0,262144.0,0.0,0.0,0.0,0.0,128.0,4912602399475854.0,4912602399556175.0
1989,1,1280,256,1024,0,12,4,32,64,"batch_decode_kernels::rmsnorm(float*, float const*, unsigned short const*, int, int, float)",1990,36,31821.0,0.0,0.0,0.0,0.0,0.0,20.0,4912602399629615.0,4912602399641935.0
1990,1,256,256,11264,0,24,0,48,64,"batch_decode_kernels::mfma_gemm(float*, float const*, unsigned short const*, int, int, int, int)",1991,19,155809.0,8192.0,0.0,0.0,0.0,0.0,4.0,4912602399773456.0,4912602399859216.0
1991,1,320,64,0,0,16,0,48,64,"void moe_kernels::router_topk_wave64_kernel<64>(float*, float const*, int*, float*, int, int, int, int, int, float)",1992,55,39031.0,0.0,0.0,0.0,0.0,0.0,5.0,4912602399930256.0,4912602399946257.0
1992,1,256,256,1024,0,12,4,64,64,"batch_decode_kernels::align_routes(int const*, int, int, int, int*, int*, int*)",1993,17,39507.0,0.0,0.0,0.0,0.0,0.0,4.0,4912602400080177.0,4912602400096657.0
1993,1,349184,256,19968,0,36,4,48,64,"void batch_decode_kernels::grouped_expert_gate_up<16, 1>(float const*, char const*, unsigned long const*, unsigned long const*, int const*, int const*, float*, unsigned short*, int, int, int, int, int)",1994,31,230611.0,2162688.0,0.0,0.0,0.0,0.0,5456.0,4912602400231858.0,4912602400366898.0
1994,1,11264,256,19968,0,32,0,48,64,"batch_decode_kernels::mfma_gate_up_swiglu(float*, float const*, unsigned short const*, unsigned short const*, int, int, int)",1995,20,158491.0,720896.0,0.0,0.0,0.0,0.0,176.0,4912602400503379.0,4912602400592019.0
1995,1,507904,256,11264,0,24,0,48,64,"void batch_decode_kernels::grouped_expert_down<16, 1>(float const*, unsigned short const*, char const*, unsigned long const*, int const*, int const*, float*, int, int, int, int)",1996,32,140439.0,1081344.0,0.0,0.0,0.0,0.0,7936.0,4912602400661780.0,4912602400741620.0
1996,1,1280,256,0,0,12,4,32,64,"batch_decode_kernels::reduce_routes_add(float*, float const*, float const*, int, int, int)",1997,28,62594.0,0.0,0.0,0.0,0.0,0.0,20.0,4912602400817140.0,4912602400847060.0
1997,1,8192,256,11264,0,24,0,48,64,"batch_decode_kernels::mfma_gemm(float*, float const*, unsigned short const*, int, int, int, int)",1998,19,194125.0,360448.0,0.0,0.0,0.0,0.0,128.0,4912602400964981.0,4912602401074421.0
1998,1,1280,256,1024,0,12,4,32,64,"batch_decode_kernels::rmsnorm(float*, float const*, unsigned short const*, int, int, float)",1999,36,32599.0,0.0,0.0,0.0,0.0,0.0,20.0,4912602401248982.0,4912602401261302.0
1999,1,12288,256,11264,0,24,0,48,64,"batch_decode_kernels::mfma_gemm(float*, float const*, unsigned short const*, int, int, int, int)",2000,19,142384.0,393216.0,0.0,0.0,0.0,0.0,192.0,4912602401395703.0,4912602401474263.0
2000,1,2304,256,11264,0,24,0,48,64,"batch_decode_kernels::mfma_gemm(float*, float const*, unsigned short const*, int, int, int, int)",2001,19,144017.0,73728.0,0.0,0.0,0.0,0.0,36.0,4912602401542264.0,4912602401620984.0
2001,1,1280,256,1024,0,24,0,32,64,"batch_decode_kernels::kv_norm_rope(unsigned short*, float const*, unsigned short const*, int, int, int, int, int, int, float const*, int, float)",2002,43,28689.0,0.0,0.0,0.0,0.0,0.0,20.0,4912602401694424.0,4912602401704184.0
2002,1,32768,256,11264,0,24,0,48,64,"batch_decode_kernels::mfma_head_gemm(float*, float const*, unsigned short const*, int, int, int, int, int, int, unsigned long)",2003,29,34151.0,65536.0,0.0,0.0,0.0,0.0,512.0,4912602401844185.0,4912602401857625.0
2003,1,5120,256,0,0,24,0,32,64,"batch_decode_kernels::q_rope(float*, float const*, int, int, int, int, int, int, float const*, int)",2004,39,23777.0,0.0,0.0,0.0,0.0,0.0,80.0,4912602401992986.0,4912602402000026.0
2004,1,30720,256,0,0,16,0,32,64,"batch_decode_kernels::attention_score(float*, float const*, float const*, unsigned short const*, int, int, int, int, int, int, int, float)",2005,27,28558.0,0.0,0.0,0.0,0.0,0.0,480.0,4912602402150266.0,4912602402160186.0
2005,1,20480,256,1024,0,20,4,48,64,"void attention_kernels::softmax_rows_kernel<256>(float*, int, int, int, int)",2006,52,24607.0,0.0,0.0,0.0,0.0,0.0,320.0,4912602402442267.0,4912602402450108.0
2006,1,2621440,256,0,0,16,0,32,64,"batch_decode_kernels::latent_context(float*, float const*, unsigned short const*, int, int, int, int, int, int)",2007,41,66025.0,0.0,0.0,0.0,0.0,0.0,40960.0,4912602402611228.0,4912602402645788.0
2007,1,8192,256,11264,0,24,0,48,64,"batch_decode_kernels::mfma_head_gemm(float*, float const*, unsigned short const*, int, int, int, int, int, int, unsigned long)",2008,29,54037.0,65536.0,0.0,0.0,0.0,0.0,128.0,4912602402761629.0,4912602402787229.0
2008,1,8192,256,11264,0,24,0,48,64,"batch_decode_kernels::mfma_gemm(float*, float const*, unsigned short const*, int, int, int, int)",2009,19,146069.0,262144.0,0.0,0.0,0.0,0.0,128.0,4912602402910430.0,4912602402990910.0
2009,1,1280,256,1024,0,12,4,32,64,"batch_decode_kernels::rmsnorm(float*, float const*, unsigned short const*, int, int, float)",2010,36,34065.0,0.0,0.0,0.0,0.0,0.0,20.0,4912602403072510.0,4912602403085470.0
2010,1,256,256,11264,0,24,0,48,64,"batch_decode_kernels::mfma_gemm(float*, float const*, unsigned short const*, int, int, int, int)",2011,19,155573.0,8192.0,0.0,0.0,0.0,0.0,4.0,4912602403221151.0,4912602403306911.0
2011,1,320,64,0,0,16,0,48,64,"void moe_kernels::router_topk_wave64_kernel<64>(float*, float const*, int*, float*, int, int, int, int, int, float)",2012,55,38660.0,0.0,0.0,0.0,0.0,0.0,5.0,4912602403379552.0,4912602403395552.0
2012,1,256,256,1024,0,12,4,64,64,"batch_decode_kernels::align_routes(int const*, int, int, int, int*, int*, int*)",2013,17,39717.0,0.0,0.0,0.0,0.0,0.0,4.0,4912602403544352.0,4912602403560832.0
2013,1,349184,256,19968,0,36,4,48,64,"void batch_decode_kernels::grouped_expert_gate_up<16, 1>(float const*, char const*, unsigned long const*, unsigned long const*, int const*, int const*, float*, unsigned short*, int, int, int, int, int)",2014,31,234424.0,2162688.0,0.0,0.0,0.0,0.0,5456.0,4912602403692193.0,4912602403829314.0
2014,1,11264,256,19968,0,32,0,48,64,"batch_decode_kernels::mfma_gate_up_swiglu(float*, float const*, unsigned short const*, unsigned short const*, int, int, int)",2015,20,159519.0,720896.0,0.0,0.0,0.0,0.0,176.0,4912602403971874.0,4912602404061155.0
2015,1,507904,256,11264,0,24,0,48,64,"void batch_decode_kernels::grouped_expert_down<16, 1>(float const*, unsigned short const*, char const*, unsigned long const*, int const*, int const*, float*, int, int, int, int)",2016,32,140808.0,1081344.0,0.0,0.0,0.0,0.0,7936.0,4912602404131875.0,4912602404211875.0
2016,1,1280,256,0,0,12,4,32,64,"batch_decode_kernels::reduce_routes_add(float*, float const*, float const*, int, int, int)",2017,28,62245.0,0.0,0.0,0.0,0.0,0.0,20.0,4912602404280196.0,4912602404310436.0
2017,1,8192,256,11264,0,24,0,48,64,"batch_decode_kernels::mfma_gemm(float*, float const*, unsigned short const*, int, int, int, int)",2018,19,193016.0,360448.0,0.0,0.0,0.0,0.0,128.0,4912602404441476.0,4912602404549637.0
2018,1,1280,256,1024,0,12,4,32,64,"batch_decode_kernels::rmsnorm(float*, float const*, unsigned short const*, int, int, float)",2019,36,34326.0,0.0,0.0,0.0,0.0,0.0,20.0,4912602404720518.0,4912602404733958.0
2019,1,12288,256,11264,0,24,0,48,64,"batch_decode_kernels::mfma_gemm(float*, float const*, unsigned short const*, int, int, int, int)",2020,19,143358.0,393216.0,0.0,0.0,0.0,0.0,192.0,4912602404871558.0,4912602404950919.0
2020,1,2304,256,11264,0,24,0,48,64,"batch_decode_kernels::mfma_gemm(float*, float const*, unsigned short const*, int, int, int, int)",2021,19,145293.0,73728.0,0.0,0.0,0.0,0.0,36.0,4912602405029799.0,4912602405109639.0
2021,1,1280,256,1024,0,24,0,32,64,"batch_decode_kernels::kv_norm_rope(unsigned short*, float const*, unsigned short const*, int, int, int, int, int, int, float const*, int, float)",2022,43,28445.0,0.0,0.0,0.0,0.0,0.0,20.0,4912602405181000.0,4912602405190760.0
2022,1,32768,256,11264,0,24,0,48,64,"batch_decode_kernels::mfma_head_gemm(float*, float const*, unsigned short const*, int, int, int, int, int, int, unsigned long)",2023,29,33029.0,65536.0,0.0,0.0,0.0,0.0,512.0,4912602405330280.0,4912602405343080.0
2023,1,5120,256,0,0,24,0,32,64,"batch_decode_kernels::q_rope(float*, float const*, int, int, int, int, int, int, float const*, int)",2024,39,23990.0,0.0,0.0,0.0,0.0,0.0,80.0,4912602405480361.0,4912602405487721.0
2024,1,30720,256,0,0,16,0,32,64,"batch_decode_kernels::attention_score(float*, float const*, float const*, unsigned short const*, int, int, int, int, int, int, int, float)",2025,27,28838.0,0.0,0.0,0.0,0.0,0.0,480.0,4912602405633162.0,4912602405643562.0
2025,1,20480,256,1024,0,20,4,48,64,"void attention_kernels::softmax_rows_kernel<256>(float*, int, int, int, int)",2026,52,25147.0,0.0,0.0,0.0,0.0,0.0,320.0,4912602405787402.0,4912602405795402.0
2026,1,2621440,256,0,0,16,0,32,64,"batch_decode_kernels::latent_context(float*, float const*, unsigned short const*, int, int, int, int, int, int)",2027,41,66407.0,0.0,0.0,0.0,0.0,0.0,40960.0,4912602405937323.0,4912602405971883.0
2027,1,8192,256,11264,0,24,0,48,64,"batch_decode_kernels::mfma_head_gemm(float*, float const*, unsigned short const*, int, int, int, int, int, int, unsigned long)",2028,29,55004.0,65536.0,0.0,0.0,0.0,0.0,128.0,4912602406094604.0,4912602406120524.0
2028,1,8192,256,11264,0,24,0,48,64,"batch_decode_kernels::mfma_gemm(float*, float const*, unsigned short const*, int, int, int, int)",2029,19,145051.0,262144.0,0.0,0.0,0.0,0.0,128.0,4912602406263084.0,4912602406342765.0
2029,1,1280,256,1024,0,12,4,32,64,"batch_decode_kernels::rmsnorm(float*, float const*, unsigned short const*, int, int, float)",2030,36,33502.0,0.0,0.0,0.0,0.0,0.0,20.0,4912602406415245.0,4912602406428045.0
2030,1,256,256,11264,0,24,0,48,64,"batch_decode_kernels::mfma_gemm(float*, float const*, unsigned short const*, int, int, int, int)",2031,19,155270.0,8192.0,0.0,0.0,0.0,0.0,4.0,4912602406566286.0,4912602406651726.0
2031,1,320,64,0,0,16,0,48,64,"void moe_kernels::router_topk_wave64_kernel<64>(float*, float const*, int*, float*, int, int, int, int, int, float)",2032,55,39173.0,0.0,0.0,0.0,0.0,0.0,5.0,4912602406730126.0,4912602406746126.0
2032,1,256,256,1024,0,12,4,64,64,"batch_decode_kernels::align_routes(int const*, int, int, int, int*, int*, int*)",2033,17,39904.0,0.0,0.0,0.0,0.0,0.0,4.0,4912602406880527.0,4912602406897327.0
2033,1,349184,256,19968,0,36,4,48,64,"void batch_decode_kernels::grouped_expert_gate_up<16, 1>(float const*, char const*, unsigned long const*, unsigned long const*, int const*, int const*, float*, unsigned short*, int, int, int, int, int)",2034,31,228830.0,2162688.0,0.0,0.0,0.0,0.0,5456.0,4912602407037648.0,4912602407171568.0
2034,1,11264,256,19968,0,32,0,48,64,"batch_decode_kernels::mfma_gate_up_swiglu(float*, float const*, unsigned short const*, unsigned short const*, int, int, int)",2035,20,158508.0,720896.0,0.0,0.0,0.0,0.0,176.0,4912602407325329.0,4912602407413969.0
2035,1,507904,256,11264,0,24,0,48,64,"void batch_decode_kernels::grouped_expert_down<16, 1>(float const*, unsigned short const*, char const*, unsigned long const*, int const*, int const*, float*, int, int, int, int)",2036,32,141568.0,1081344.0,0.0,0.0,0.0,0.0,7936.0,4912602407483890.0,4912602407564370.0
2036,1,1280,256,0,0,12,4,32,64,"batch_decode_kernels::reduce_routes_add(float*, float const*, float const*, int, int, int)",2037,28,61807.0,0.0,0.0,0.0,0.0,0.0,20.0,4912602407636690.0,4912602407666450.0
2037,1,8192,256,11264,0,24,0,48,64,"batch_decode_kernels::mfma_gemm(float*, float const*, unsigned short const*, int, int, int, int)",2038,19,194477.0,360448.0,0.0,0.0,0.0,0.0,128.0,4912602407792211.0,4912602407901971.0
2038,1,1280,256,1024,0,12,4,32,64,"batch_decode_kernels::rmsnorm(float*, float const*, unsigned short const*, int, int, float)",2039,36,35007.0,0.0,0.0,0.0,0.0,0.0,20.0,4912602408082932.0,4912602408096852.0
2039,1,12288,256,11264,0,24,0,48,64,"batch_decode_kernels::mfma_gemm(float*, float const*, unsigned short const*, int, int, int, int)",2040,19,142742.0,393216.0,0.0,0.0,0.0,0.0,192.0,4912602408234453.0,4912602408313333.0
2040,1,2304,256,11264,0,24,0,48,64,"batch_decode_kernels::mfma_gemm(float*, float const*, unsigned short const*, int, int, int, int)",2041,19,146380.0,73728.0,0.0,0.0,0.0,0.0,36.0,4912602408384534.0,4912602408464694.0
2041,1,1280,256,1024,0,24,0,32,64,"batch_decode_kernels::kv_norm_rope(unsigned short*, float const*, unsigned short const*, int, int, int, int, int, int, float const*, int, float)",2042,43,28107.0,0.0,0.0,0.0,0.0,0.0,20.0,4912602408538774.0,4912602408548534.0
2042,1,32768,256,11264,0,24,0,48,64,"batch_decode_kernels::mfma_head_gemm(float*, float const*, unsigned short const*, int, int, int, int, int, int, unsigned long)",2043,29,32509.0,65536.0,0.0,0.0,0.0,0.0,512.0,4912602408696535.0,4912602408709175.0
2043,1,5120,256,0,0,24,0,32,64,"batch_decode_kernels::q_rope(float*, float const*, int, int, int, int, int, int, float const*, int)",2044,39,24372.0,0.0,0.0,0.0,0.0,0.0,80.0,4912602408848536.0,4912602408855896.0
2044,1,30720,256,0,0,16,0,32,64,"batch_decode_kernels::attention_score(float*, float const*, float const*, unsigned short const*, int, int, int, int, int, int, int, float)",2045,27,27827.0,0.0,0.0,0.0,0.0,0.0,480.0,4912602409000696.0,4912602409010456.0
2045,1,20480,256,1024,0,20,4,48,64,"void attention_kernels::softmax_rows_kernel<256>(float*, int, int, int, int)",2046,52,24553.0,0.0,0.0,0.0,0.0,0.0,320.0,4912602409174937.0,4912602409182777.0
2046,1,2621440,256,0,0,16,0,32,64,"batch_decode_kernels::latent_context(float*, float const*, unsigned short const*, int, int, int, int, int, int)",2047,41,65974.0,0.0,0.0,0.0,0.0,0.0,40960.0,4912602409324058.0,4912602409358618.0
2047,1,8192,256,11264,0,24,0,48,64,"batch_decode_kernels::mfma_head_gemm(float*, float const*, unsigned short const*, int, int, int, int, int, int, unsigned long)",2048,29,55253.0,65536.0,0.0,0.0,0.0,0.0,128.0,4912602409478778.0,4912602409504699.0
2048,1,8192,256,11264,0,24,0,48,64,"batch_decode_kernels::mfma_gemm(float*, float const*, unsigned short const*, int, int, int, int)",2049,19,144196.0,262144.0,0.0,0.0,0.0,0.0,128.0,4912602409644059.0,4912602409723580.0
2049,1,1280,256,1024,0,12,4,32,64,"batch_decode_kernels::rmsnorm(float*, float const*, unsigned short const*, int, int, float)",2050,36,31638.0,0.0,0.0,0.0,0.0,0.0,20.0,4912602409798940.0,4912602409810940.0
2050,1,256,256,11264,0,24,0,48,64,"batch_decode_kernels::mfma_gemm(float*, float const*, unsigned short const*, int, int, int, int)",2051,19,156071.0,8192.0,0.0,0.0,0.0,0.0,4.0,4912602409954141.0,4912602410039741.0
2051,1,320,64,0,0,16,0,48,64,"void moe_kernels::router_topk_wave64_kernel<64>(float*, float const*, int*, float*, int, int, int, int, int, float)",2052,55,39025.0,0.0,0.0,0.0,0.0,0.0,5.0,4912602410134141.0,4912602410150461.0
2052,1,256,256,1024,0,12,4,64,64,"batch_decode_kernels::align_routes(int const*, int, int, int, int*, int*, int*)",2053,17,39430.0,0.0,0.0,0.0,0.0,0.0,4.0,4912602410287902.0,4912602410304382.0
2053,1,349184,256,19968,0,36,4,48,64,"void batch_decode_kernels::grouped_expert_gate_up<16, 1>(float const*, char const*, unsigned long const*, unsigned long const*, int const*, int const*, float*, unsigned short*, int, int, int, int, int)",2054,31,232913.0,2162688.0,0.0,0.0,0.0,0.0,5456.0,4912602410441343.0,4912602410577663.0
2054,1,11264,256,19968,0,32,0,48,64,"batch_decode_kernels::mfma_gate_up_swiglu(float*, float const*, unsigned short const*, unsigned short const*, int, int, int)",2055,20,156593.0,720896.0,0.0,0.0,0.0,0.0,176.0,4912602410648384.0,4912602410735904.0
2055,1,507904,256,11264,0,24,0,48,64,"void batch_decode_kernels::grouped_expert_down<16, 1>(float const*, unsigned short const*, char const*, unsigned long const*, int const*, int const*, float*, int, int, int, int)",2056,32,141638.0,1081344.0,0.0,0.0,0.0,0.0,7936.0,4912602410805664.0,4912602410885825.0
2056,1,1280,256,0,0,12,4,32,64,"batch_decode_kernels::reduce_routes_add(float*, float const*, float const*, int, int, int)",2057,28,63588.0,0.0,0.0,0.0,0.0,0.0,20.0,4912602410959585.0,4912602410990465.0
2057,1,8192,256,11264,0,24,0,48,64,"batch_decode_kernels::mfma_gemm(float*, float const*, unsigned short const*, int, int, int, int)",2058,19,195180.0,360448.0,0.0,0.0,0.0,0.0,128.0,4912602411125346.0,4912602411235426.0
2058,1,1280,256,1024,0,12,4,32,64,"batch_decode_kernels::rmsnorm(float*, float const*, unsigned short const*, int, int, float)",2059,36,33313.0,0.0,0.0,0.0,0.0,0.0,20.0,4912602413711757.0,4912602413724557.0
2059,1,12288,256,11264,0,24,0,48,64,"batch_decode_kernels::mfma_gemm(float*, float const*, unsigned short const*, int, int, int, int)",2060,19,142629.0,393216.0,0.0,0.0,0.0,0.0,192.0,4912602413919118.0,4912602413997838.0
2060,1,2304,256,11264,0,24,0,48,64,"batch_decode_kernels::mfma_gemm(float*, float const*, unsigned short const*, int, int, int, int)",2061,19,147249.0,73728.0,0.0,0.0,0.0,0.0,36.0,4912602414082959.0,4912602414163599.0
2061,1,1280,256,1024,0,24,0,32,64,"batch_decode_kernels::kv_norm_rope(unsigned short*, float const*, unsigned short const*, int, int, int, int, int, int, float const*, int, float)",2062,43,27461.0,0.0,0.0,0.0,0.0,0.0,20.0,4912602414241199.0,4912602414250799.0
2062,1,32768,256,11264,0,24,0,48,64,"batch_decode_kernels::mfma_head_gemm(float*, float const*, unsigned short const*, int, int, int, int, int, int, unsigned long)",2063,29,32237.0,65536.0,0.0,0.0,0.0,0.0,512.0,4912602414403760.0,4912602414416080.0
2063,1,5120,256,0,0,24,0,32,64,"batch_decode_kernels::q_rope(float*, float const*, int, int, int, int, int, int, float const*, int)",2064,39,24073.0,0.0,0.0,0.0,0.0,0.0,80.0,4912602414558481.0,4912602414566001.0
2064,1,30720,256,0,0,16,0,32,64,"batch_decode_kernels::attention_score(float*, float const*, float const*, unsigned short const*, int, int, int, int, int, int, int, float)",2065,27,28648.0,0.0,0.0,0.0,0.0,0.0,480.0,4912602414714321.0,4912602414724401.0
2065,1,20480,256,1024,0,20,4,48,64,"void attention_kernels::softmax_rows_kernel<256>(float*, int, int, int, int)",2066,52,25014.0,0.0,0.0,0.0,0.0,0.0,320.0,4912602414885522.0,4912602414893522.0
2066,1,2621440,256,0,0,16,0,32,64,"batch_decode_kernels::latent_context(float*, float const*, unsigned short const*, int, int, int, int, int, int)",2067,41,67060.0,0.0,0.0,0.0,0.0,0.0,40960.0,4912602415048883.0,4912602415083763.0
2067,1,8192,256,11264,0,24,0,48,64,"batch_decode_kernels::mfma_head_gemm(float*, float const*, unsigned short const*, int, int, int, int, int, int, unsigned long)",2068,29,55757.0,65536.0,0.0,0.0,0.0,0.0,128.0,4912602415204404.0,4912602415230484.0
2068,1,8192,256,11264,0,24,0,48,64,"batch_decode_kernels::mfma_gemm(float*, float const*, unsigned short const*, int, int, int, int)",2069,19,146717.0,262144.0,0.0,0.0,0.0,0.0,128.0,4912602415366484.0,4912602415447285.0
2069,1,1280,256,1024,0,12,4,32,64,"batch_decode_kernels::rmsnorm(float*, float const*, unsigned short const*, int, int, float)",2070,36,33430.0,0.0,0.0,0.0,0.0,0.0,20.0,4912602415522645.0,4912602415535605.0
2070,1,256,256,11264,0,24,0,48,64,"batch_decode_kernels::mfma_gemm(float*, float const*, unsigned short const*, int, int, int, int)",2071,19,156231.0,8192.0,0.0,0.0,0.0,0.0,4.0,4912602415677526.0,4912602415763126.0
2071,1,320,64,0,0,16,0,48,64,"void moe_kernels::router_topk_wave64_kernel<64>(float*, float const*, int*, float*, int, int, int, int, int, float)",2072,55,37763.0,0.0,0.0,0.0,0.0,0.0,5.0,4912602415842166.0,4912602415857686.0
2072,1,256,256,1024,0,12,4,64,64,"batch_decode_kernels::align_routes(int const*, int, int, int, int*, int*, int*)",2073,17,39711.0,0.0,0.0,0.0,0.0,0.0,4.0,4912602416000727.0,4912602416017687.0
2073,1,349184,256,19968,0,36,4,48,64,"void batch_decode_kernels::grouped_expert_gate_up<16, 1>(float const*, char const*, unsigned long const*, unsigned long const*, int const*, int const*, float*, unsigned short*, int, int, int, int, int)",2074,31,229149.0,2162688.0,0.0,0.0,0.0,0.0,5456.0,4912602416164088.0,4912602416298168.0
2074,1,11264,256,19968,0,32,0,48,64,"batch_decode_kernels::mfma_gate_up_swiglu(float*, float const*, unsigned short const*, unsigned short const*, int, int, int)",2075,20,159372.0,720896.0,0.0,0.0,0.0,0.0,176.0,4912602416481689.0,4912602416570650.0
2075,1,507904,256,11264,0,24,0,48,64,"void batch_decode_kernels::grouped_expert_down<16, 1>(float const*, unsigned short const*, char const*, unsigned long const*, int const*, int const*, float*, int, int, int, int)",2076,32,138466.0,1081344.0,0.0,0.0,0.0,0.0,7936.0,4912602416642650.0,4912602416721370.0
2076,1,1280,256,0,0,12,4,32,64,"batch_decode_kernels::reduce_routes_add(float*, float const*, float const*, int, int, int)",2077,28,61566.0,0.0,0.0,0.0,0.0,0.0,20.0,4912602416799451.0,4912602416829051.0
2077,1,8192,256,11264,0,24,0,48,64,"batch_decode_kernels::mfma_gemm(float*, float const*, unsigned short const*, int, int, int, int)",2078,19,195847.0,360448.0,0.0,0.0,0.0,0.0,128.0,4912602416961531.0,4912602417071932.0
2078,1,1280,256,1024,0,12,4,32,64,"batch_decode_kernels::rmsnorm(float*, float const*, unsigned short const*, int, int, float)",2079,36,33392.0,0.0,0.0,0.0,0.0,0.0,20.0,4912602417257693.0,4912602417270493.0
2079,1,409600,256,11264,0,24,0,48,64,"batch_decode_kernels::mfma_gemm(float*, float const*, unsigned short const*, int, int, int, int)",2080,19,812835.0,13107200.0,0.0,0.0,0.0,0.0,6400.0,4912602417418813.0,4912602417927616.0
2080,1,1280,256,2048,0,8,0,32,64,"batch_decode_kernels::argmax(float const*, int, int*, int)",2081,22,317579.0,0.0,0.0,0.0,0.0,0.0,20.0,4912602418118816.0,4912602418300897.0
2081,1,10240,256,0,0,8,0,32,64,"batch_decode_kernels::embedding(float*, unsigned short const*, int const*, int*, int, int, int, int)",2082,35,18744.0,0.0,0.0,0.0,0.0,0.0,160.0,4912602418415138.0,4912602418419298.0
2082,1,1280,256,1024,0,12,4,32,64,"batch_decode_kernels::rmsnorm(float*, float const*, unsigned short const*, int, int, float)",2083,36,32629.0,0.0,0.0,0.0,0.0,0.0,20.0,4912602418596099.0,4912602418608899.0
2083,1,12288,256,11264,0,24,0,48,64,"batch_decode_kernels::mfma_gemm(float*, float const*, unsigned short const*, int, int, int, int)",2084,19,143041.0,393216.0,0.0,0.0,0.0,0.0,192.0,4912602418756899.0,4912602418835940.0
2084,1,2304,256,11264,0,24,0,48,64,"batch_decode_kernels::mfma_gemm(float*, float const*, unsigned short const*, int, int, int, int)",2085,19,146399.0,73728.0,0.0,0.0,0.0,0.0,36.0,4912602418914660.0,4912602418994820.0
2085,1,1280,256,1024,0,24,0,32,64,"batch_decode_kernels::kv_norm_rope(unsigned short*, float const*, unsigned short const*, int, int, int, int, int, int, float const*, int, float)",2086,43,28876.0,0.0,0.0,0.0,0.0,0.0,20.0,4912602419086181.0,4912602419096581.0
2086,1,32768,256,11264,0,24,0,48,64,"batch_decode_kernels::mfma_head_gemm(float*, float const*, unsigned short const*, int, int, int, int, int, int, unsigned long)",2087,29,32121.0,65536.0,0.0,0.0,0.0,0.0,512.0,4912602419250181.0,4912602419262341.0
2087,1,5120,256,0,0,24,0,32,64,"batch_decode_kernels::q_rope(float*, float const*, int, int, int, int, int, int, float const*, int)",2088,39,23120.0,0.0,0.0,0.0,0.0,0.0,80.0,4912602419414502.0,4912602419421542.0
2088,1,35840,256,0,0,16,0,32,64,"batch_decode_kernels::attention_score(float*, float const*, float const*, unsigned short const*, int, int, int, int, int, int, int, float)",2089,27,28607.0,0.0,0.0,0.0,0.0,0.0,560.0,4912602419572103.0,4912602419582503.0
2089,1,20480,256,1024,0,20,4,48,64,"void attention_kernels::softmax_rows_kernel<256>(float*, int, int, int, int)",2090,52,25563.0,0.0,0.0,0.0,0.0,0.0,320.0,4912602419730824.0,4912602419738984.0
2090,1,2621440,256,0,0,16,0,32,64,"batch_decode_kernels::latent_context(float*, float const*, unsigned short const*, int, int, int, int, int, int)",2091,41,66865.0,0.0,0.0,0.0,0.0,0.0,40960.0,4912602419895304.0,4912602419930184.0
2091,1,8192,256,11264,0,24,0,48,64,"batch_decode_kernels::mfma_head_gemm(float*, float const*, unsigned short const*, int, int, int, int, int, int, unsigned long)",2092,29,53644.0,65536.0,0.0,0.0,0.0,0.0,128.0,4912602420064105.0,4912602420089385.0
2092,1,8192,256,11264,0,24,0,48,64,"batch_decode_kernels::mfma_gemm(float*, float const*, unsigned short const*, int, int, int, int)",2093,19,145687.0,262144.0,0.0,0.0,0.0,0.0,128.0,4912602420224746.0,4912602420305066.0
2093,1,1280,256,1024,0,12,4,32,64,"batch_decode_kernels::rmsnorm(float*, float const*, unsigned short const*, int, int, float)",2094,36,32648.0,0.0,0.0,0.0,0.0,0.0,20.0,4912602420392106.0,4912602420404586.0
2094,1,43776,256,19968,0,32,0,48,64,"batch_decode_kernels::mfma_gate_up_swiglu(float*, float const*, unsigned short const*, unsigned short const*, int, int, int)",2095,20,202227.0,2801664.0,0.0,0.0,0.0,0.0,684.0,4912602420553227.0,4912602420672108.0
2095,1,8192,256,11264,0,24,0,48,64,"batch_decode_kernels::mfma_gemm(float*, float const*, unsigned short const*, int, int, int, int)",2096,19,681627.0,1400832.0,0.0,0.0,0.0,0.0,128.0,4912602420840748.0,4912602421242670.0
2096,1,1280,256,1024,0,12,4,32,64,"batch_decode_kernels::rmsnorm(float*, float const*, unsigned short const*, int, int, float)",2097,36,33310.0,0.0,0.0,0.0,0.0,0.0,20.0,4912602421371631.0,4912602421384431.0
2097,1,12288,256,11264,0,24,0,48,64,"batch_decode_kernels::mfma_gemm(float*, float const*, unsigned short const*, int, int, int, int)",2098,19,142167.0,393216.0,0.0,0.0,0.0,0.0,192.0,4912602421520751.0,4912602421599152.0
2098,1,2304,256,11264,0,24,0,48,64,"batch_decode_kernels::mfma_gemm(float*, float const*, unsigned short const*, int, int, int, int)",2099,19,144532.0,73728.0,0.0,0.0,0.0,0.0,36.0,4912602421668592.0,4912602421747952.0
2099,1,1280,256,1024,0,24,0,32,64,"batch_decode_kernels::kv_norm_rope(unsigned short*, float const*, unsigned short const*, int, int, int, int, int, int, float const*, int, float)",2100,43,28292.0,0.0,0.0,0.0,0.0,0.0,20.0,4912602421818673.0,4912602421828593.0
2100,1,32768,256,11264,0,24,0,48,64,"batch_decode_kernels::mfma_head_gemm(float*, float const*, unsigned short const*, int, int, int, int, int, int, unsigned long)",2101,29,33824.0,65536.0,0.0,0.0,0.0,0.0,512.0,4912602421967793.0,4912602421981073.0
2101,1,5120,256,0,0,24,0,32,64,"batch_decode_kernels::q_rope(float*, float const*, int, int, int, int, int, int, float const*, int)",2102,39,24629.0,0.0,0.0,0.0,0.0,0.0,80.0,4912602422125074.0,4912602422132594.0
2102,1,35840,256,0,0,16,0,32,64,"batch_decode_kernels::attention_score(float*, float const*, float const*, unsigned short const*, int, int, int, int, int, int, int, float)",2103,27,29183.0,0.0,0.0,0.0,0.0,0.0,560.0,4912602422275795.0,4912602422286035.0
2103,1,20480,256,1024,0,20,4,48,64,"void attention_kernels::softmax_rows_kernel<256>(float*, int, int, int, int)",2104,52,24888.0,0.0,0.0,0.0,0.0,0.0,320.0,4912602422425715.0,4912602422433715.0
2104,1,2621440,256,0,0,16,0,32,64,"batch_decode_kernels::latent_context(float*, float const*, unsigned short const*, int, int, int, int, int, int)",2105,41,66089.0,0.0,0.0,0.0,0.0,0.0,40960.0,4912602422572916.0,4912602422607476.0
2105,1,8192,256,11264,0,24,0,48,64,"batch_decode_kernels::mfma_head_gemm(float*, float const*, unsigned short const*, int, int, int, int, int, int, unsigned long)",2106,29,54576.0,65536.0,0.0,0.0,0.0,0.0,128.0,4912602422721717.0,4912602422747317.0
2106,1,8192,256,11264,0,24,0,48,64,"batch_decode_kernels::mfma_gemm(float*, float const*, unsigned short const*, int, int, int, int)",2107,19,143155.0,262144.0,0.0,0.0,0.0,0.0,128.0,4912602422870357.0,4912602422949398.0
2107,1,1280,256,1024,0,12,4,32,64,"batch_decode_kernels::rmsnorm(float*, float const*, unsigned short const*, int, int, float)",2108,36,35354.0,0.0,0.0,0.0,0.0,0.0,20.0,4912602423026838.0,4912602423040758.0
2108,1,256,256,11264,0,24,0,48,64,"batch_decode_kernels::mfma_gemm(float*, float const*, unsigned short const*, int, int, int, int)",2109,19,155763.0,8192.0,0.0,0.0,0.0,0.0,4.0,4912602423176279.0,4912602423261559.0
2109,1,320,64,0,0,16,0,48,64,"void moe_kernels::router_topk_wave64_kernel<64>(float*, float const*, int*, float*, int, int, int, int, int, float)",2110,55,38423.0,0.0,0.0,0.0,0.0,0.0,5.0,4912602423323479.0,4912602423339159.0
2110,1,256,256,1024,0,12,4,64,64,"batch_decode_kernels::align_routes(int const*, int, int, int, int*, int*, int*)",2111,17,40770.0,0.0,0.0,0.0,0.0,0.0,4.0,4912602423471160.0,4912602423488440.0
2111,1,349184,256,19968,0,36,4,48,64,"void batch_decode_kernels::grouped_expert_gate_up<16, 1>(float const*, char const*, unsigned long const*, unsigned long const*, int const*, int const*, float*, unsigned short*, int, int, int, int, int)",2112,31,231588.0,2162688.0,0.0,0.0,0.0,0.0,5456.0,4912602423618201.0,4912602423753881.0
2112,1,11264,256,19968,0,32,0,48,64,"batch_decode_kernels::mfma_gate_up_swiglu(float*, float const*, unsigned short const*, unsigned short const*, int, int, int)",2113,20,156889.0,720896.0,0.0,0.0,0.0,0.0,176.0,4912602423886842.0,4912602423974362.0
2113,1,507904,256,11264,0,24,0,48,64,"void batch_decode_kernels::grouped_expert_down<16, 1>(float const*, unsigned short const*, char const*, unsigned long const*, int const*, int const*, float*, int, int, int, int)",2114,32,140665.0,1081344.0,0.0,0.0,0.0,0.0,7936.0,4912602424040602.0,4912602424120443.0
2114,1,1280,256,0,0,12,4,32,64,"batch_decode_kernels::reduce_routes_add(float*, float const*, float const*, int, int, int)",2115,28,62430.0,0.0,0.0,0.0,0.0,0.0,20.0,4912602424186043.0,4912602424216283.0
2115,1,8192,256,11264,0,24,0,48,64,"batch_decode_kernels::mfma_gemm(float*, float const*, unsigned short const*, int, int, int, int)",2116,19,195993.0,360448.0,0.0,0.0,0.0,0.0,128.0,4912602424332444.0,4912602424443004.0
2116,1,1280,256,1024,0,12,4,32,64,"batch_decode_kernels::rmsnorm(float*, float const*, unsigned short const*, int, int, float)",2117,36,34793.0,0.0,0.0,0.0,0.0,0.0,20.0,4912602424600125.0,4912602424613565.0
2117,1,12288,256,11264,0,24,0,48,64,"batch_decode_kernels::mfma_gemm(float*, float const*, unsigned short const*, int, int, int, int)",2118,19,142559.0,393216.0,0.0,0.0,0.0,0.0,192.0,4912602424743486.0,4912602424822686.0
2118,1,2304,256,11264,0,24,0,48,64,"batch_decode_kernels::mfma_gemm(float*, float const*, unsigned short const*, int, int, int, int)",2119,19,146290.0,73728.0,0.0,0.0,0.0,0.0,36.0,4912602424887166.0,4912602424967327.0
2119,1,1280,256,1024,0,24,0,32,64,"batch_decode_kernels::kv_norm_rope(unsigned short*, float const*, unsigned short const*, int, int, int, int, int, int, float const*, int, float)",2120,43,28733.0,0.0,0.0,0.0,0.0,0.0,20.0,4912602425039807.0,4912602425049727.0
2120,1,32768,256,11264,0,24,0,48,64,"batch_decode_kernels::mfma_head_gemm(float*, float const*, unsigned short const*, int, int, int, int, int, int, unsigned long)",2121,29,32926.0,65536.0,0.0,0.0,0.0,0.0,512.0,4912602425185087.0,4912602425197728.0
2121,1,5120,256,0,0,24,0,32,64,"batch_decode_kernels::q_rope(float*, float const*, int, int, int, int, int, int, float const*, int)",2122,39,23931.0,0.0,0.0,0.0,0.0,0.0,80.0,4912602425329408.0,4912602425336608.0
2122,1,35840,256,0,0,16,0,32,64,"batch_decode_kernels::attention_score(float*, float const*, float const*, unsigned short const*, int, int, int, int, int, int, int, float)",2123,27,28619.0,0.0,0.0,0.0,0.0,0.0,560.0,4912602425473089.0,4912602425483329.0
2123,1,20480,256,1024,0,20,4,48,64,"void attention_kernels::softmax_rows_kernel<256>(float*, int, int, int, int)",2124,52,25321.0,0.0,0.0,0.0,0.0,0.0,320.0,4912602425615969.0,4912602425624129.0
2124,1,2621440,256,0,0,16,0,32,64,"batch_decode_kernels::latent_context(float*, float const*, unsigned short const*, int, int, int, int, int, int)",2125,41,66310.0,0.0,0.0,0.0,0.0,0.0,40960.0,4912602425759330.0,4912602425794210.0
2125,1,8192,256,11264,0,24,0,48,64,"batch_decode_kernels::mfma_head_gemm(float*, float const*, unsigned short const*, int, int, int, int, int, int, unsigned long)",2126,29,55926.0,65536.0,0.0,0.0,0.0,0.0,128.0,4912602425902851.0,4912602425928931.0
2126,1,8192,256,11264,0,24,0,48,64,"batch_decode_kernels::mfma_gemm(float*, float const*, unsigned short const*, int, int, int, int)",2127,19,148100.0,262144.0,0.0,0.0,0.0,0.0,128.0,4912602426051171.0,4912602426133092.0
2127,1,1280,256,1024,0,12,4,32,64,"batch_decode_kernels::rmsnorm(float*, float const*, unsigned short const*, int, int, float)",2128,36,34135.0,0.0,0.0,0.0,0.0,0.0,20.0,4912602426195492.0,4912602426208612.0
2128,1,256,256,11264,0,24,0,48,64,"batch_decode_kernels::mfma_gemm(float*, float const*, unsigned short const*, int, int, int, int)",2129,19,157765.0,8192.0,0.0,0.0,0.0,0.0,4.0,4912602426338373.0,4912602426425093.0
2129,1,320,64,0,0,16,0,48,64,"void moe_kernels::router_topk_wave64_kernel<64>(float*, float const*, int*, float*, int, int, int, int, int, float)",2130,55,40727.0,0.0,0.0,0.0,0.0,0.0,5.0,4912602426597734.0,4912602426615014.0
2130,1,256,256,1024,0,12,4,64,64,"batch_decode_kernels::align_routes(int const*, int, int, int, int*, int*, int*)",2131,17,40944.0,0.0,0.0,0.0,0.0,0.0,4.0,4912602426739014.0,4912602426756454.0
2131,1,349184,256,19968,0,36,4,48,64,"void batch_decode_kernels::grouped_expert_gate_up<16, 1>(float const*, char const*, unsigned long const*, unsigned long const*, int const*, int const*, float*, unsigned short*, int, int, int, int, int)",2132,31,232956.0,2162688.0,0.0,0.0,0.0,0.0,5456.0,4912602426880775.0,4912602427017096.0
2132,1,11264,256,19968,0,32,0,48,64,"batch_decode_kernels::mfma_gate_up_swiglu(float*, float const*, unsigned short const*, unsigned short const*, int, int, int)",2133,20,157148.0,720896.0,0.0,0.0,0.0,0.0,176.0,4912602427143656.0,4912602427231496.0
2133,1,507904,256,11264,0,24,0,48,64,"void batch_decode_kernels::grouped_expert_down<16, 1>(float const*, unsigned short const*, char const*, unsigned long const*, int const*, int const*, float*, int, int, int, int)",2134,32,139582.0,1081344.0,0.0,0.0,0.0,0.0,7936.0,4912602427400937.0,4912602427480138.0
2134,1,1280,256,0,0,12,4,32,64,"batch_decode_kernels::reduce_routes_add(float*, float const*, float const*, int, int, int)",2135,28,63109.0,0.0,0.0,0.0,0.0,0.0,20.0,4912602427657258.0,4912602427687818.0
2135,1,8192,256,11264,0,24,0,48,64,"batch_decode_kernels::mfma_gemm(float*, float const*, unsigned short const*, int, int, int, int)",2136,19,198340.0,360448.0,0.0,0.0,0.0,0.0,128.0,4912602427797579.0,4912602427909259.0
2136,1,1280,256,1024,0,12,4,32,64,"batch_decode_kernels::rmsnorm(float*, float const*, unsigned short const*, int, int, float)",2137,36,32925.0,0.0,0.0,0.0,0.0,0.0,20.0,4912602428063180.0,4912602428075820.0
2137,1,12288,256,11264,0,24,0,48,64,"batch_decode_kernels::mfma_gemm(float*, float const*, unsigned short const*, int, int, int, int)",2138,19,143578.0,393216.0,0.0,0.0,0.0,0.0,192.0,4912602428205421.0,4912602428284941.0
2138,1,2304,256,11264,0,24,0,48,64,"batch_decode_kernels::mfma_gemm(float*, float const*, unsigned short const*, int, int, int, int)",2139,19,145909.0,73728.0,0.0,0.0,0.0,0.0,36.0,4912602428344621.0,4912602428424142.0
2139,1,1280,256,1024,0,24,0,32,64,"batch_decode_kernels::kv_norm_rope(unsigned short*, float const*, unsigned short const*, int, int, int, int, int, int, float const*, int, float)",2140,43,27286.0,0.0,0.0,0.0,0.0,0.0,20.0,4912602428602543.0,4912602428611823.0
2140,1,32768,256,11264,0,24,0,48,64,"batch_decode_kernels::mfma_head_gemm(float*, float const*, unsigned short const*, int, int, int, int, int, int, unsigned long)",2141,29,32551.0,65536.0,0.0,0.0,0.0,0.0,512.0,4912602428742863.0,4912602428755503.0
2141,1,5120,256,0,0,24,0,32,64,"batch_decode_kernels::q_rope(float*, float const*, int, int, int, int, int, int, float const*, int)",2142,39,23673.0,0.0,0.0,0.0,0.0,0.0,80.0,4912602428879984.0,4912602428887184.0
2142,1,35840,256,0,0,16,0,32,64,"batch_decode_kernels::attention_score(float*, float const*, float const*, unsigned short const*, int, int, int, int, int, int, int, float)",2143,27,28556.0,0.0,0.0,0.0,0.0,0.0,560.0,4912602429027984.0,4912602429037904.0
2143,1,20480,256,1024,0,20,4,48,64,"void attention_kernels::softmax_rows_kernel<256>(float*, int, int, int, int)",2144,52,24672.0,0.0,0.0,0.0,0.0,0.0,320.0,4912602429166865.0,4912602429174865.0
2144,1,2621440,256,0,0,16,0,32,64,"batch_decode_kernels::latent_context(float*, float const*, unsigned short const*, int, int, int, int, int, int)",2145,41,66923.0,0.0,0.0,0.0,0.0,0.0,40960.0,4912602429303186.0,4912602429338066.0
2145,1,8192,256,11264,0,24,0,48,64,"batch_decode_kernels::mfma_head_gemm(float*, float const*, unsigned short const*, int, int, int, int, int, int, unsigned long)",2146,29,54320.0,65536.0,0.0,0.0,0.0,0.0,128.0,4912602429441426.0,4912602429466866.0
2146,1,8192,256,11264,0,24,0,48,64,"batch_decode_kernels::mfma_gemm(float*, float const*, unsigned short const*, int, int, int, int)",2147,19,144960.0,262144.0,0.0,0.0,0.0,0.0,128.0,4912602429575667.0,4912602429655667.0
2147,1,1280,256,1024,0,12,4,32,64,"batch_decode_kernels::rmsnorm(float*, float const*, unsigned short const*, int, int, float)",2148,36,33543.0,0.0,0.0,0.0,0.0,0.0,20.0,4912602429825268.0,4912602429838388.0
2148,1,256,256,11264,0,24,0,48,64,"batch_decode_kernels::mfma_gemm(float*, float const*, unsigned short const*, int, int, int, int)",2149,19,157051.0,8192.0,0.0,0.0,0.0,0.0,4.0,4912602429962388.0,4912602430048949.0
2149,1,320,64,0,0,16,0,48,64,"void moe_kernels::router_topk_wave64_kernel<64>(float*, float const*, int*, float*, int, int, int, int, int, float)",2150,55,39084.0,0.0,0.0,0.0,0.0,0.0,5.0,4912602430220790.0,4912602430236950.0
2150,1,256,256,1024,0,12,4,64,64,"batch_decode_kernels::align_routes(int const*, int, int, int, int*, int*, int*)",2151,17,40035.0,0.0,0.0,0.0,0.0,0.0,4.0,4912602430357750.0,4912602430374390.0
2151,1,349184,256,19968,0,36,4,48,64,"void batch_decode_kernels::grouped_expert_gate_up<16, 1>(float const*, char const*, unsigned long const*, unsigned long const*, int const*, int const*, float*, unsigned short*, int, int, int, int, int)",2152,31,233077.0,2162688.0,0.0,0.0,0.0,0.0,5456.0,4912602430493111.0,4912602430629431.0
2152,1,11264,256,19968,0,32,0,48,64,"batch_decode_kernels::mfma_gate_up_swiglu(float*, float const*, unsigned short const*, unsigned short const*, int, int, int)",2153,20,157786.0,720896.0,0.0,0.0,0.0,0.0,176.0,4912602430742872.0,4912602430830872.0
2153,1,507904,256,11264,0,24,0,48,64,"void batch_decode_kernels::grouped_expert_down<16, 1>(float const*, unsigned short const*, char const*, unsigned long const*, int const*, int const*, float*, int, int, int, int)",2154,32,140159.0,1081344.0,0.0,0.0,0.0,0.0,7936.0,4912602430988793.0,4912602431068313.0
2154,1,1280,256,0,0,12,4,32,64,"batch_decode_kernels::reduce_routes_add(float*, float const*, float const*, int, int, int)",2155,28,62483.0,0.0,0.0,0.0,0.0,0.0,20.0,4912602431133594.0,4912602431163354.0
2155,1,8192,256,11264,0,24,0,48,64,"batch_decode_kernels::mfma_gemm(float*, float const*, unsigned short const*, int, int, int, int)",2156,19,195213.0,360448.0,0.0,0.0,0.0,0.0,128.0,4912602431268474.0,4912602431378395.0
2156,1,1280,256,1024,0,12,4,32,64,"batch_decode_kernels::rmsnorm(float*, float const*, unsigned short const*, int, int, float)",2157,36,32270.0,0.0,0.0,0.0,0.0,0.0,20.0,4912602431513435.0,4912602431525755.0
2157,1,12288,256,11264,0,24,0,48,64,"batch_decode_kernels::mfma_gemm(float*, float const*, unsigned short const*, int, int, int, int)",2158,19,142098.0,393216.0,0.0,0.0,0.0,0.0,192.0,4912602431647836.0,4912602431726396.0
2158,1,2304,256,11264,0,24,0,48,64,"batch_decode_kernels::mfma_gemm(float*, float const*, unsigned short const*, int, int, int, int)",2159,19,144776.0,73728.0,0.0,0.0,0.0,0.0,36.0,4912602431892157.0,4912602431971357.0
2159,1,1280,256,1024,0,24,0,32,64,"batch_decode_kernels::kv_norm_rope(unsigned short*, float const*, unsigned short const*, int, int, int, int, int, int, float const*, int, float)",2160,43,28172.0,0.0,0.0,0.0,0.0,0.0,20.0,4912602432033598.0,4912602432043358.0
2160,1,32768,256,11264,0,24,0,48,64,"batch_decode_kernels::mfma_head_gemm(float*, float const*, unsigned short const*, int, int, int, int, int, int, unsigned long)",2161,29,32462.0,65536.0,0.0,0.0,0.0,0.0,512.0,4912602432168318.0,4912602432180958.0
2161,1,5120,256,0,0,24,0,32,64,"batch_decode_kernels::q_rope(float*, float const*, int, int, int, int, int, int, float const*, int)",2162,39,23539.0,0.0,0.0,0.0,0.0,0.0,80.0,4912602432300959.0,4912602432308319.0
2162,1,35840,256,0,0,16,0,32,64,"batch_decode_kernels::attention_score(float*, float const*, float const*, unsigned short const*, int, int, int, int, int, int, int, float)",2163,27,28315.0,0.0,0.0,0.0,0.0,0.0,560.0,4912602432434559.0,4912602432444479.0
2163,1,20480,256,1024,0,20,4,48,64,"void attention_kernels::softmax_rows_kernel<256>(float*, int, int, int, int)",2164,52,25144.0,0.0,0.0,0.0,0.0,0.0,320.0,4912602432566880.0,4912602432574880.0
2164,1,2621440,256,0,0,16,0,32,64,"batch_decode_kernels::latent_context(float*, float const*, unsigned short const*, int, int, int, int, int, int)",2165,41,66859.0,0.0,0.0,0.0,0.0,0.0,40960.0,4912602432698561.0,4912602432733601.0
2165,1,8192,256,11264,0,24,0,48,64,"batch_decode_kernels::mfma_head_gemm(float*, float const*, unsigned short const*, int, int, int, int, int, int, unsigned long)",2166,29,54798.0,65536.0,0.0,0.0,0.0,0.0,128.0,4912602432831041.0,4912602432856641.0
2166,1,8192,256,11264,0,24,0,48,64,"batch_decode_kernels::mfma_gemm(float*, float const*, unsigned short const*, int, int, int, int)",2167,19,146242.0,262144.0,0.0,0.0,0.0,0.0,128.0,4912602432963042.0,4912602433043842.0
2167,1,1280,256,1024,0,12,4,32,64,"batch_decode_kernels::rmsnorm(float*, float const*, unsigned short const*, int, int, float)",2168,36,32928.0,0.0,0.0,0.0,0.0,0.0,20.0,4912602433209763.0,4912602433222243.0
2168,1,256,256,11264,0,24,0,48,64,"batch_decode_kernels::mfma_gemm(float*, float const*, unsigned short const*, int, int, int, int)",2169,19,155789.0,8192.0,0.0,0.0,0.0,0.0,4.0,4912602433342243.0,4912602433427844.0
2169,1,320,64,0,0,16,0,48,64,"void moe_kernels::router_topk_wave64_kernel<64>(float*, float const*, int*, float*, int, int, int, int, int, float)",2170,55,39162.0,0.0,0.0,0.0,0.0,0.0,5.0,4912602433580804.0,4912602433597124.0
2170,1,256,256,1024,0,12,4,64,64,"batch_decode_kernels::align_routes(int const*, int, int, int, int*, int*, int*)",2171,17,40514.0,0.0,0.0,0.0,0.0,0.0,4.0,4912602433712325.0,4912602433729445.0
2171,1,349184,256,19968,0,36,4,48,64,"void batch_decode_kernels::grouped_expert_gate_up<16, 1>(float const*, char const*, unsigned long const*, unsigned long const*, int const*, int const*, float*, unsigned short*, int, int, int, int, int)",2172,31,235235.0,2162688.0,0.0,0.0,0.0,0.0,5456.0,4912602433843526.0,4912602433980806.0
2172,1,11264,256,19968,0,32,0,48,64,"batch_decode_kernels::mfma_gate_up_swiglu(float*, float const*, unsigned short const*, unsigned short const*, int, int, int)",2173,20,157140.0,720896.0,0.0,0.0,0.0,0.0,176.0,4912602434088647.0,4912602434176647.0
2173,1,507904,256,11264,0,24,0,48,64,"void batch_decode_kernels::grouped_expert_down<16, 1>(float const*, unsigned short const*, char const*, unsigned long const*, int const*, int const*, float*, int, int, int, int)",2174,32,139419.0,1081344.0,0.0,0.0,0.0,0.0,7936.0,4912602434324008.0,4912602434403368.0
2174,1,1280,256,0,0,12,4,32,64,"batch_decode_kernels::reduce_routes_add(float*, float const*, float const*, int, int, int)",2175,28,63563.0,0.0,0.0,0.0,0.0,0.0,20.0,4912602434572649.0,4912602434603529.0
2175,1,8192,256,11264,0,24,0,48,64,"batch_decode_kernels::mfma_gemm(float*, float const*, unsigned short const*, int, int, int, int)",2176,19,194073.0,360448.0,0.0,0.0,0.0,0.0,128.0,4912602434700969.0,4912602434810570.0
2176,1,1280,256,1024,0,12,4,32,64,"batch_decode_kernels::rmsnorm(float*, float const*, unsigned short const*, int, int, float)",2177,36,34772.0,0.0,0.0,0.0,0.0,0.0,20.0,4912602434935050.0,4912602434948810.0
2177,1,12288,256,11264,0,24,0,48,64,"batch_decode_kernels::mfma_gemm(float*, float const*, unsigned short const*, int, int, int, int)",2178,19,142108.0,393216.0,0.0,0.0,0.0,0.0,192.0,4912602435072011.0,4912602435150571.0
2178,1,2304,256,11264,0,24,0,48,64,"batch_decode_kernels::mfma_gemm(float*, float const*, unsigned short const*, int, int, int, int)",2179,19,145491.0,73728.0,0.0,0.0,0.0,0.0,36.0,4912602435306572.0,4912602435386572.0
2179,1,1280,256,1024,0,24,0,32,64,"batch_decode_kernels::kv_norm_rope(unsigned short*, float const*, unsigned short const*, int, int, int, int, int, int, float const*, int, float)",2180,43,28215.0,0.0,0.0,0.0,0.0,0.0,20.0,4912602435538573.0,4912602435548333.0
2180,1,32768,256,11264,0,24,0,48,64,"batch_decode_kernels::mfma_head_gemm(float*, float const*, unsigned short const*, int, int, int, int, int, int, unsigned long)",2181,29,33171.0,65536.0,0.0,0.0,0.0,0.0,512.0,4912602435667854.0,4912602435680814.0
2181,1,5120,256,0,0,24,0,32,64,"batch_decode_kernels::q_rope(float*, float const*, int, int, int, int, int, int, float const*, int)",2182,39,24581.0,0.0,0.0,0.0,0.0,0.0,80.0,4912602435795854.0,4912602435803214.0
2182,1,35840,256,0,0,16,0,32,64,"batch_decode_kernels::attention_score(float*, float const*, float const*, unsigned short const*, int, int, int, int, int, int, int, float)",2183,27,28049.0,0.0,0.0,0.0,0.0,0.0,560.0,4912602435922895.0,4912602435932815.0
2183,1,20480,256,1024,0,20,4,48,64,"void attention_kernels::softmax_rows_kernel<256>(float*, int, int, int, int)",2184,52,24783.0,0.0,0.0,0.0,0.0,0.0,320.0,4912602436057135.0,4912602436065135.0
2184,1,2621440,256,0,0,16,0,32,64,"batch_decode_kernels::latent_context(float*, float const*, unsigned short const*, int, int, int, int, int, int)",2185,41,66311.0,0.0,0.0,0.0,0.0,0.0,40960.0,4912602436184016.0,4912602436218896.0
2185,1,8192,256,11264,0,24,0,48,64,"batch_decode_kernels::mfma_head_gemm(float*, float const*, unsigned short const*, int, int, int, int, int, int, unsigned long)",2186,29,54417.0,65536.0,0.0,0.0,0.0,0.0,128.0,4912602436309136.0,4912602436334737.0
2186,1,8192,256,11264,0,24,0,48,64,"batch_decode_kernels::mfma_gemm(float*, float const*, unsigned short const*, int, int, int, int)",2187,19,146216.0,262144.0,0.0,0.0,0.0,0.0,128.0,4912602436436017.0,4912602436516657.0
2187,1,1280,256,1024,0,12,4,32,64,"batch_decode_kernels::rmsnorm(float*, float const*, unsigned short const*, int, int, float)",2188,36,33569.0,0.0,0.0,0.0,0.0,0.0,20.0,4912602436662418.0,4912602436675538.0
2188,1,256,256,11264,0,24,0,48,64,"batch_decode_kernels::mfma_gemm(float*, float const*, unsigned short const*, int, int, int, int)",2189,19,155522.0,8192.0,0.0,0.0,0.0,0.0,4.0,4912602436785619.0,4912602436871539.0
2189,1,320,64,0,0,16,0,48,64,"void moe_kernels::router_topk_wave64_kernel<64>(float*, float const*, int*, float*, int, int, int, int, int, float)",2190,55,38640.0,0.0,0.0,0.0,0.0,0.0,5.0,4912602437018188.0,4912602437034348.0
2190,1,256,256,1024,0,12,4,64,64,"batch_decode_kernels::align_routes(int const*, int, int, int, int*, int*, int*)",2191,17,40091.0,0.0,0.0,0.0,0.0,0.0,4.0,4912602437150348.0,4912602437167308.0
2191,1,349184,256,19968,0,36,4,48,64,"void batch_decode_kernels::grouped_expert_gate_up<16, 1>(float const*, char const*, unsigned long const*, unsigned long const*, int const*, int const*, float*, unsigned short*, int, int, int, int, int)",2192,31,232379.0,2162688.0,0.0,0.0,0.0,0.0,5456.0,4912602437282508.0,4912602437418509.0
2192,1,11264,256,19968,0,32,0,48,64,"batch_decode_kernels::mfma_gate_up_swiglu(float*, float const*, unsigned short const*, unsigned short const*, int, int, int)",2193,20,157253.0,720896.0,0.0,0.0,0.0,0.0,176.0,4912602437508109.0,4912602437595790.0
2193,1,507904,256,11264,0,24,0,48,64,"void batch_decode_kernels::grouped_expert_down<16, 1>(float const*, unsigned short const*, char const*, unsigned long const*, int const*, int const*, float*, int, int, int, int)",2194,32,140155.0,1081344.0,0.0,0.0,0.0,0.0,7936.0,4912602437734670.0,4912602437814511.0
2194,1,1280,256,0,0,12,4,32,64,"batch_decode_kernels::reduce_routes_add(float*, float const*, float const*, int, int, int)",2195,28,60804.0,0.0,0.0,0.0,0.0,0.0,20.0,4912602437962191.0,4912602437991311.0
2195,1,8192,256,11264,0,24,0,48,64,"batch_decode_kernels::mfma_gemm(float*, float const*, unsigned short const*, int, int, int, int)",2196,19,193905.0,360448.0,0.0,0.0,0.0,0.0,128.0,4912602438093072.0,4912602438202352.0
2196,1,1280,256,1024,0,12,4,32,64,"batch_decode_kernels::rmsnorm(float*, float const*, unsigned short const*, int, int, float)",2197,36,33651.0,0.0,0.0,0.0,0.0,0.0,20.0,4912602438319153.0,4912602438332273.0
2197,1,12288,256,11264,0,24,0,48,64,"batch_decode_kernels::mfma_gemm(float*, float const*, unsigned short const*, int, int, int, int)",2198,19,143425.0,393216.0,0.0,0.0,0.0,0.0,192.0,4912602438443313.0,4912602438522834.0
2198,1,2304,256,11264,0,24,0,48,64,"batch_decode_kernels::mfma_gemm(float*, float const*, unsigned short const*, int, int, int, int)",2199,19,145722.0,73728.0,0.0,0.0,0.0,0.0,36.0,4912602438667794.0,4912602438747635.0
2199,1,1280,256,1024,0,24,0,32,64,"batch_decode_kernels::kv_norm_rope(unsigned short*, float const*, unsigned short const*, int, int, int, int, int, int, float const*, int, float)",2200,43,28245.0,0.0,0.0,0.0,0.0,0.0,20.0,4912602438892115.0,4912602438901875.0
2200,1,32768,256,11264,0,24,0,48,64,"batch_decode_kernels::mfma_head_gemm(float*, float const*, unsigned short const*, int, int, int, int, int, int, unsigned long)",2201,29,32486.0,65536.0,0.0,0.0,0.0,0.0,512.0,4912602439021716.0,4912602439034196.0
2201,1,5120,256,0,0,24,0,32,64,"batch_decode_kernels::q_rope(float*, float const*, int, int, int, int, int, int, float const*, int)",2202,39,24143.0,0.0,0.0,0.0,0.0,0.0,80.0,4912602439144116.0,4912602439151796.0
2202,1,35840,256,0,0,16,0,32,64,"batch_decode_kernels::attention_score(float*, float const*, float const*, unsigned short const*, int, int, int, int, int, int, int, float)",2203,27,27886.0,0.0,0.0,0.0,0.0,0.0,560.0,4912602439266517.0,4912602439276277.0
2203,1,20480,256,1024,0,20,4,48,64,"void attention_kernels::softmax_rows_kernel<256>(float*, int, int, int, int)",2204,52,24825.0,0.0,0.0,0.0,0.0,0.0,320.0,4912602439389398.0,4912602439397398.0
2204,1,2621440,256,0,0,16,0,32,64,"batch_decode_kernels::latent_context(float*, float const*, unsigned short const*, int, int, int, int, int, int)",2205,41,67064.0,0.0,0.0,0.0,0.0,0.0,40960.0,4912602439510518.0,4912602439545398.0
2205,1,8192,256,11264,0,24,0,48,64,"batch_decode_kernels::mfma_head_gemm(float*, float const*, unsigned short const*, int, int, int, int, int, int, unsigned long)",2206,29,55063.0,65536.0,0.0,0.0,0.0,0.0,128.0,4912602439630839.0,4912602439656599.0
2206,1,8192,256,11264,0,24,0,48,64,"batch_decode_kernels::mfma_gemm(float*, float const*, unsigned short const*, int, int, int, int)",2207,19,144259.0,262144.0,0.0,0.0,0.0,0.0,128.0,4912602439749559.0,4912602439829079.0
2207,1,1280,256,1024,0,12,4,32,64,"batch_decode_kernels::rmsnorm(float*, float const*, unsigned short const*, int, int, float)",2208,36,32616.0,0.0,0.0,0.0,0.0,0.0,20.0,4912602439970200.0,4912602439982840.0
2208,1,256,256,11264,0,24,0,48,64,"batch_decode_kernels::mfma_gemm(float*, float const*, unsigned short const*, int, int, int, int)",2209,19,156591.0,8192.0,0.0,0.0,0.0,0.0,4.0,4912602440098201.0,4912602440184441.0
2209,1,320,64,0,0,16,0,48,64,"void moe_kernels::router_topk_wave64_kernel<64>(float*, float const*, int*, float*, int, int, int, int, int, float)",2210,55,38655.0,0.0,0.0,0.0,0.0,0.0,5.0,4912602440319162.0,4912602440335002.0
2210,1,256,256,1024,0,12,4,64,64,"batch_decode_kernels::align_routes(int const*, int, int, int, int*, int*, int*)",2211,17,39988.0,0.0,0.0,0.0,0.0,0.0,4.0,4912602440439642.0,4912602440456442.0
2211,1,349184,256,19968,0,36,4,48,64,"void batch_decode_kernels::grouped_expert_gate_up<16, 1>(float const*, char const*, unsigned long const*, unsigned long const*, int const*, int const*, float*, unsigned short*, int, int, int, int, int)",2212,31,234298.0,2162688.0,0.0,0.0,0.0,0.0,5456.0,4912602440557563.0,4912602440694843.0
2212,1,11264,256,19968,0,32,0,48,64,"batch_decode_kernels::mfma_gate_up_swiglu(float*, float const*, unsigned short const*, unsigned short const*, int, int, int)",2213,20,157181.0,720896.0,0.0,0.0,0.0,0.0,176.0,4912602440773884.0,4912602440861724.0
2213,1,507904,256,11264,0,24,0,48,64,"void batch_decode_kernels::grouped_expert_down<16, 1>(float const*, unsigned short const*, char const*, unsigned long const*, int const*, int const*, float*, int, int, int, int)",2214,32,141918.0,1081344.0,0.0,0.0,0.0,0.0,7936.0,4912602440990205.0,4912602441070685.0
2214,1,1280,256,0,0,12,4,32,64,"batch_decode_kernels::reduce_routes_add(float*, float const*, float const*, int, int, int)",2215,28,64446.0,0.0,0.0,0.0,0.0,0.0,20.0,4912602441212766.0,4912602441244126.0
2215,1,8192,256,11264,0,24,0,48,64,"batch_decode_kernels::mfma_gemm(float*, float const*, unsigned short const*, int, int, int, int)",2216,19,195198.0,360448.0,0.0,0.0,0.0,0.0,128.0,4912602441331486.0,4912602441441567.0
2216,1,1280,256,1024,0,12,4,32,64,"batch_decode_kernels::rmsnorm(float*, float const*, unsigned short const*, int, int, float)",2217,36,31756.0,0.0,0.0,0.0,0.0,0.0,20.0,4912602441545887.0,4912602441558047.0
2217,1,12288,256,11264,0,24,0,48,64,"batch_decode_kernels::mfma_gemm(float*, float const*, unsigned short const*, int, int, int, int)",2218,19,142947.0,393216.0,0.0,0.0,0.0,0.0,192.0,4912602441664928.0,4912602441744128.0
2218,1,2304,256,11264,0,24,0,48,64,"batch_decode_kernels::mfma_gemm(float*, float const*, unsigned short const*, int, int, int, int)",2219,19,145060.0,73728.0,0.0,0.0,0.0,0.0,36.0,4912602441878689.0,4912602441958049.0
2219,1,1280,256,1024,0,24,0,32,64,"batch_decode_kernels::kv_norm_rope(unsigned short*, float const*, unsigned short const*, int, int, int, int, int, int, float const*, int, float)",2220,43,28664.0,0.0,0.0,0.0,0.0,0.0,20.0,4912602442099170.0,4912602442108930.0
2220,1,32768,256,11264,0,24,0,48,64,"batch_decode_kernels::mfma_head_gemm(float*, float const*, unsigned short const*, int, int, int, int, int, int, unsigned long)",2221,29,33410.0,65536.0,0.0,0.0,0.0,0.0,512.0,4912602442216770.0,4912602442229730.0
2221,1,5120,256,0,0,24,0,32,64,"batch_decode_kernels::q_rope(float*, float const*, int, int, int, int, int, int, float const*, int)",2222,39,23635.0,0.0,0.0,0.0,0.0,0.0,80.0,4912602442335171.0,4912602442342051.0
2222,1,35840,256,0,0,16,0,32,64,"batch_decode_kernels::attention_score(float*, float const*, float const*, unsigned short const*, int, int, int, int, int, int, int, float)",2223,27,28423.0,0.0,0.0,0.0,0.0,0.0,560.0,4912602442450051.0,4912602442460131.0
2223,1,20480,256,1024,0,20,4,48,64,"void attention_kernels::softmax_rows_kernel<256>(float*, int, int, int, int)",2224,52,24823.0,0.0,0.0,0.0,0.0,0.0,320.0,4912602442565412.0,4912602442573412.0
2224,1,2621440,256,0,0,16,0,32,64,"batch_decode_kernels::latent_context(float*, float const*, unsigned short const*, int, int, int, int, int, int)",2225,41,66298.0,0.0,0.0,0.0,0.0,0.0,40960.0,4912602442681252.0,4912602442715812.0
2225,1,8192,256,11264,0,24,0,48,64,"batch_decode_kernels::mfma_head_gemm(float*, float const*, unsigned short const*, int, int, int, int, int, int, unsigned long)",2226,29,54928.0,65536.0,0.0,0.0,0.0,0.0,128.0,4912602442796453.0,4912602442822213.0
2226,1,8192,256,11264,0,24,0,48,64,"batch_decode_kernels::mfma_gemm(float*, float const*, unsigned short const*, int, int, int, int)",2227,19,146098.0,262144.0,0.0,0.0,0.0,0.0,128.0,4912602442912133.0,4912602442992934.0
2227,1,1280,256,1024,0,12,4,32,64,"batch_decode_kernels::rmsnorm(float*, float const*, unsigned short const*, int, int, float)",2228,36,32915.0,0.0,0.0,0.0,0.0,0.0,20.0,4912602443127974.0,4912602443140614.0
2228,1,256,256,11264,0,24,0,48,64,"batch_decode_kernels::mfma_gemm(float*, float const*, unsigned short const*, int, int, int, int)",2229,19,157046.0,8192.0,0.0,0.0,0.0,0.0,4.0,4912602443244295.0,4912602443330375.0
2229,1,320,64,0,0,16,0,48,64,"void moe_kernels::router_topk_wave64_kernel<64>(float*, float const*, int*, float*, int, int, int, int, int, float)",2230,55,38794.0,0.0,0.0,0.0,0.0,0.0,5.0,4912602443454376.0,4912602443470216.0
2230,1,256,256,1024,0,12,4,64,64,"batch_decode_kernels::align_routes(int const*, int, int, int, int*, int*, int*)",2231,17,39455.0,0.0,0.0,0.0,0.0,0.0,4.0,4912602443569416.0,4912602443585896.0
2231,1,349184,256,19968,0,36,4,48,64,"void batch_decode_kernels::grouped_expert_gate_up<16, 1>(float const*, char const*, unsigned long const*, unsigned long const*, int const*, int const*, float*, unsigned short*, int, int, int, int, int)",2232,31,231437.0,2162688.0,0.0,0.0,0.0,0.0,5456.0,4912602443683017.0,4912602443818377.0
2232,1,11264,256,19968,0,32,0,48,64,"batch_decode_kernels::mfma_gate_up_swiglu(float*, float const*, unsigned short const*, unsigned short const*, int, int, int)",2233,20,156169.0,720896.0,0.0,0.0,0.0,0.0,176.0,4912602443890697.0,4912602443978218.0
2233,1,507904,256,11264,0,24,0,48,64,"void batch_decode_kernels::grouped_expert_down<16, 1>(float const*, unsigned short const*, char const*, unsigned long const*, int const*, int const*, float*, int, int, int, int)",2234,32,139757.0,1081344.0,0.0,0.0,0.0,0.0,7936.0,4912602444102218.0,4912602444181419.0
2234,1,1280,256,0,0,12,4,32,64,"batch_decode_kernels::reduce_routes_add(float*, float const*, float const*, int, int, int)",2235,28,63013.0,0.0,0.0,0.0,0.0,0.0,20.0,4912602444307659.0,4912602444338379.0
2235,1,8192,256,11264,0,24,0,48,64,"batch_decode_kernels::mfma_gemm(float*, float const*, unsigned short const*, int, int, int, int)",2236,19,195730.0,360448.0,0.0,0.0,0.0,0.0,128.0,4912602444419660.0,4912602444530060.0
2236,1,1280,256,1024,0,12,4,32,64,"batch_decode_kernels::rmsnorm(float*, float const*, unsigned short const*, int, int, float)",2237,36,31868.0,0.0,0.0,0.0,0.0,0.0,20.0,4912602444626541.0,4912602444638541.0
2237,1,12288,256,11264,0,24,0,48,64,"batch_decode_kernels::mfma_gemm(float*, float const*, unsigned short const*, int, int, int, int)",2238,19,141920.0,393216.0,0.0,0.0,0.0,0.0,192.0,4912602444738701.0,4912602444816942.0
2238,1,2304,256,11264,0,24,0,48,64,"batch_decode_kernels::mfma_gemm(float*, float const*, unsigned short const*, int, int, int, int)",2239,19,145241.0,73728.0,0.0,0.0,0.0,0.0,36.0,4912602444942382.0,4912602445022062.0
2239,1,1280,256,1024,0,24,0,32,64,"batch_decode_kernels::kv_norm_rope(unsigned short*, float const*, unsigned short const*, int, int, int, int, int, int, float const*, int, float)",2240,43,28359.0,0.0,0.0,0.0,0.0,0.0,20.0,4912602445152463.0,4912602445162223.0
2240,1,32768,256,11264,0,24,0,48,64,"batch_decode_kernels::mfma_head_gemm(float*, float const*, unsigned short const*, int, int, int, int, int, int, unsigned long)",2241,29,32401.0,65536.0,0.0,0.0,0.0,0.0,512.0,4912602445266064.0,4912602445278224.0
2241,1,5120,256,0,0,24,0,32,64,"batch_decode_kernels::q_rope(float*, float const*, int, int, int, int, int, int, float const*, int)",2242,39,25100.0,0.0,0.0,0.0,0.0,0.0,80.0,4912602445378704.0,4912602445386544.0
2242,1,35840,256,0,0,16,0,32,64,"batch_decode_kernels::attention_score(float*, float const*, float const*, unsigned short const*, int, int, int, int, int, int, int, float)",2243,27,28332.0,0.0,0.0,0.0,0.0,0.0,560.0,4912602445489745.0,4912602445499665.0
2243,1,20480,256,1024,0,20,4,48,64,"void attention_kernels::softmax_rows_kernel<256>(float*, int, int, int, int)",2244,52,25617.0,0.0,0.0,0.0,0.0,0.0,320.0,4912602445600945.0,4912602445609585.0
2244,1,2621440,256,0,0,16,0,32,64,"batch_decode_kernels::latent_context(float*, float const*, unsigned short const*, int, int, int, int, int, int)",2245,41,67561.0,0.0,0.0,0.0,0.0,0.0,40960.0,4912602445711506.0,4912602445746546.0
2245,1,8192,256,11264,0,24,0,48,64,"batch_decode_kernels::mfma_head_gemm(float*, float const*, unsigned short const*, int, int, int, int, int, int, unsigned long)",2246,29,54387.0,65536.0,0.0,0.0,0.0,0.0,128.0,4912602445824466.0,4912602445850066.0
2246,1,8192,256,11264,0,24,0,48,64,"batch_decode_kernels::mfma_gemm(float*, float const*, unsigned short const*, int, int, int, int)",2247,19,144636.0,262144.0,0.0,0.0,0.0,0.0,128.0,4912602445934227.0,4912602446013907.0
2247,1,1280,256,1024,0,12,4,32,64,"batch_decode_kernels::rmsnorm(float*, float const*, unsigned short const*, int, int, float)",2248,36,32157.0,0.0,0.0,0.0,0.0,0.0,20.0,4912602446141587.0,4912602446153588.0
2248,1,256,256,11264,0,24,0,48,64,"batch_decode_kernels::mfma_gemm(float*, float const*, unsigned short const*, int, int, int, int)",2249,19,158426.0,8192.0,0.0,0.0,0.0,0.0,4.0,4912602446250868.0,4912602446338228.0
2249,1,320,64,0,0,16,0,48,64,"void moe_kernels::router_topk_wave64_kernel<64>(float*, float const*, int*, float*, int, int, int, int, int, float)",2250,55,40829.0,0.0,0.0,0.0,0.0,0.0,5.0,4912602446448629.0,4912602446465909.0
2250,1,256,256,1024,0,12,4,64,64,"batch_decode_kernels::align_routes(int const*, int, int, int, int*, int*, int*)",2251,17,40609.0,0.0,0.0,0.0,0.0,0.0,4.0,4912602446558069.0,4912602446575349.0
2251,1,349184,256,19968,0,36,4,48,64,"void batch_decode_kernels::grouped_expert_gate_up<16, 1>(float const*, char const*, unsigned long const*, unsigned long const*, int const*, int const*, float*, unsigned short*, int, int, int, int, int)",2252,31,228794.0,2162688.0,0.0,0.0,0.0,0.0,5456.0,4912602446666710.0,4912602446800630.0
2252,1,11264,256,19968,0,32,0,48,64,"batch_decode_kernels::mfma_gate_up_swiglu(float*, float const*, unsigned short const*, unsigned short const*, int, int, int)",2253,20,157328.0,720896.0,0.0,0.0,0.0,0.0,176.0,4912602446863351.0,4912602446951351.0
2253,1,507904,256,11264,0,24,0,48,64,"void batch_decode_kernels::grouped_expert_down<16, 1>(float const*, unsigned short const*, char const*, unsigned long const*, int const*, int const*, float*, int, int, int, int)",2254,32,141776.0,1081344.0,0.0,0.0,0.0,0.0,7936.0,4912602447076472.0,4912602447156792.0
2254,1,1280,256,0,0,12,4,32,64,"batch_decode_kernels::reduce_routes_add(float*, float const*, float const*, int, int, int)",2255,28,60971.0,0.0,0.0,0.0,0.0,0.0,20.0,4912602447273272.0,4912602447302553.0
2255,1,8192,256,11264,0,24,0,48,64,"batch_decode_kernels::mfma_gemm(float*, float const*, unsigned short const*, int, int, int, int)",2256,19,195132.0,360448.0,0.0,0.0,0.0,0.0,128.0,4912602447380313.0,4912602447490073.0
2256,1,1280,256,1024,0,12,4,32,64,"batch_decode_kernels::rmsnorm(float*, float const*, unsigned short const*, int, int, float)",2257,36,32995.0,0.0,0.0,0.0,0.0,0.0,20.0,4912602447575834.0,4912602447588474.0
2257,1,12288,256,11264,0,24,0,48,64,"batch_decode_kernels::mfma_gemm(float*, float const*, unsigned short const*, int, int, int, int)",2258,19,143033.0,393216.0,0.0,0.0,0.0,0.0,192.0,4912602447683034.0,4912602447762235.0
2258,1,2304,256,11264,0,24,0,48,64,"batch_decode_kernels::mfma_gemm(float*, float const*, unsigned short const*, int, int, int, int)",2259,19,145904.0,73728.0,0.0,0.0,0.0,0.0,36.0,4912602447876955.0,4912602447956796.0
2259,1,1280,256,1024,0,24,0,32,64,"batch_decode_kernels::kv_norm_rope(unsigned short*, float const*, unsigned short const*, int, int, int, int, int, int, float const*, int, float)",2260,43,27700.0,0.0,0.0,0.0,0.0,0.0,20.0,4912602448078076.0,4912602448087516.0
2260,1,32768,256,11264,0,24,0,48,64,"batch_decode_kernels::mfma_head_gemm(float*, float const*, unsigned short const*, int, int, int, int, int, int, unsigned long)",2261,29,32075.0,65536.0,0.0,0.0,0.0,0.0,512.0,4912602448184317.0,4912602448196637.0
2261,1,5120,256,0,0,24,0,32,64,"batch_decode_kernels::q_rope(float*, float const*, int, int, int, int, int, int, float const*, int)",2262,39,23604.0,0.0,0.0,0.0,0.0,0.0,80.0,4912602448292317.0,4912602448299357.0
2262,1,35840,256,0,0,16,0,32,64,"batch_decode_kernels::attention_score(float*, float const*, float const*, unsigned short const*, int, int, int, int, int, int, int, float)",2263,27,28192.0,0.0,0.0,0.0,0.0,0.0,560.0,4912602448485598.0,4912602448495518.0
2263,1,20480,256,1024,0,20,4,48,64,"void attention_kernels::softmax_rows_kernel<256>(float*, int, int, int, int)",2264,52,25204.0,0.0,0.0,0.0,0.0,0.0,320.0,4912602448590878.0,4912602448599038.0
2264,1,2621440,256,0,0,16,0,32,64,"batch_decode_kernels::latent_context(float*, float const*, unsigned short const*, int, int, int, int, int, int)",2265,41,67347.0,0.0,0.0,0.0,0.0,0.0,40960.0,4912602448695519.0,4912602448730559.0
2265,1,8192,256,11264,0,24,0,48,64,"batch_decode_kernels::mfma_head_gemm(float*, float const*, unsigned short const*, int, int, int, int, int, int, unsigned long)",2266,29,54606.0,65536.0,0.0,0.0,0.0,0.0,128.0,4912602448798879.0,4912602448824479.0
2266,1,8192,256,11264,0,24,0,48,64,"batch_decode_kernels::mfma_gemm(float*, float const*, unsigned short const*, int, int, int, int)",2267,19,146071.0,262144.0,0.0,0.0,0.0,0.0,128.0,4912602448903520.0,4912602448984160.0
2267,1,1280,256,1024,0,12,4,32,64,"batch_decode_kernels::rmsnorm(float*, float const*, unsigned short const*, int, int, float)",2268,36,33233.0,0.0,0.0,0.0,0.0,0.0,20.0,4912602449098561.0,4912602449111521.0
2268,1,256,256,11264,0,24,0,48,64,"batch_decode_kernels::mfma_gemm(float*, float const*, unsigned short const*, int, int, int, int)",2269,19,156899.0,8192.0,0.0,0.0,0.0,0.0,4.0,4912602449204481.0,4912602449291041.0
2269,1,320,64,0,0,16,0,48,64,"void moe_kernels::router_topk_wave64_kernel<64>(float*, float const*, int*, float*, int, int, int, int, int, float)",2270,55,39309.0,0.0,0.0,0.0,0.0,0.0,5.0,4912602449392802.0,4912602449409282.0
2270,1,256,256,1024,0,12,4,64,64,"batch_decode_kernels::align_routes(int const*, int, int, int, int*, int*, int*)",2271,17,40147.0,0.0,0.0,0.0,0.0,0.0,4.0,4912602449495362.0,4912602449512482.0
2271,1,349184,256,19968,0,36,4,48,64,"void batch_decode_kernels::grouped_expert_gate_up<16, 1>(float const*, char const*, unsigned long const*, unsigned long const*, int const*, int const*, float*, unsigned short*, int, int, int, int, int)",2272,31,230940.0,2162688.0,0.0,0.0,0.0,0.0,5456.0,4912602449599843.0,4912602449735043.0
2272,1,11264,256,19968,0,32,0,48,64,"batch_decode_kernels::mfma_gate_up_swiglu(float*, float const*, unsigned short const*, unsigned short const*, int, int, int)",2273,20,157747.0,720896.0,0.0,0.0,0.0,0.0,176.0,4912602449872964.0,4912602449960964.0
2273,1,507904,256,11264,0,24,0,48,64,"void batch_decode_kernels::grouped_expert_down<16, 1>(float const*, unsigned short const*, char const*, unsigned long const*, int const*, int const*, float*, int, int, int, int)",2274,32,139500.0,1081344.0,0.0,0.0,0.0,0.0,7936.0,4912602450066405.0,4912602450145445.0
2274,1,1280,256,0,0,12,4,32,64,"batch_decode_kernels::reduce_routes_add(float*, float const*, float const*, int, int, int)",2275,28,62137.0,0.0,0.0,0.0,0.0,0.0,20.0,4912602450251206.0,4912602450281126.0
2275,1,8192,256,11264,0,24,0,48,64,"batch_decode_kernels::mfma_gemm(float*, float const*, unsigned short const*, int, int, int, int)",2276,19,195221.0,360448.0,0.0,0.0,0.0,0.0,128.0,4912602450352806.0,4912602450462887.0
2276,1,1280,256,1024,0,12,4,32,64,"batch_decode_kernels::rmsnorm(float*, float const*, unsigned short const*, int, int, float)",2277,36,33851.0,0.0,0.0,0.0,0.0,0.0,20.0,4912602450537127.0,4912602450550247.0
2277,1,12288,256,11264,0,24,0,48,64,"batch_decode_kernels::mfma_gemm(float*, float const*, unsigned short const*, int, int, int, int)",2278,19,140881.0,393216.0,0.0,0.0,0.0,0.0,192.0,4912602450639367.0,4912602450717288.0
2278,1,2304,256,11264,0,24,0,48,64,"batch_decode_kernels::mfma_gemm(float*, float const*, unsigned short const*, int, int, int, int)",2279,19,144423.0,73728.0,0.0,0.0,0.0,0.0,36.0,4912602450823688.0,4912602450902569.0
2279,1,1280,256,1024,0,24,0,32,64,"batch_decode_kernels::kv_norm_rope(unsigned short*, float const*, unsigned short const*, int, int, int, int, int, int, float const*, int, float)",2280,43,28417.0,0.0,0.0,0.0,0.0,0.0,20.0,4912602451006889.0,4912602451016649.0
2280,1,32768,256,11264,0,24,0,48,64,"batch_decode_kernels::mfma_head_gemm(float*, float const*, unsigned short const*, int, int, int, int, int, int, unsigned long)",2281,29,33563.0,65536.0,0.0,0.0,0.0,0.0,512.0,4912602451117130.0,4912602451129930.0
2281,1,5120,256,0,0,24,0,32,64,"batch_decode_kernels::q_rope(float*, float const*, int, int, int, int, int, int, float const*, int)",2282,39,24017.0,0.0,0.0,0.0,0.0,0.0,80.0,4912602451216970.0,4912602451224490.0
2282,1,35840,256,0,0,16,0,32,64,"batch_decode_kernels::attention_score(float*, float const*, float const*, unsigned short const*, int, int, int, int, int, int, int, float)",2283,27,28607.0,0.0,0.0,0.0,0.0,0.0,560.0,4912602451317290.0,4912602451327370.0
2283,1,20480,256,1024,0,20,4,48,64,"void attention_kernels::softmax_rows_kernel<256>(float*, int, int, int, int)",2284,52,25274.0,0.0,0.0,0.0,0.0,0.0,320.0,4912602451416651.0,4912602451424651.0
2284,1,2621440,256,0,0,16,0,32,64,"batch_decode_kernels::latent_context(float*, float const*, unsigned short const*, int, int, int, int, int, int)",2285,41,67468.0,0.0,0.0,0.0,0.0,0.0,40960.0,4912602451515691.0,4912602451550731.0
2285,1,8192,256,11264,0,24,0,48,64,"batch_decode_kernels::mfma_head_gemm(float*, float const*, unsigned short const*, int, int, int, int, int, int, unsigned long)",2286,29,53573.0,65536.0,0.0,0.0,0.0,0.0,128.0,4912602451614252.0,4912602451639532.0
2286,1,8192,256,11264,0,24,0,48,64,"batch_decode_kernels::mfma_gemm(float*, float const*, unsigned short const*, int, int, int, int)",2287,19,145808.0,262144.0,0.0,0.0,0.0,0.0,128.0,4912602451712972.0,4912602451793293.0
2287,1,1280,256,1024,0,12,4,32,64,"batch_decode_kernels::rmsnorm(float*, float const*, unsigned short const*, int, int, float)",2288,36,33857.0,0.0,0.0,0.0,0.0,0.0,20.0,4912602451892813.0,4912602451906093.0
2288,1,256,256,11264,0,24,0,48,64,"batch_decode_kernels::mfma_gemm(float*, float const*, unsigned short const*, int, int, int, int)",2289,19,158594.0,8192.0,0.0,0.0,0.0,0.0,4.0,4912602451992333.0,4912602452079694.0
2289,1,320,64,0,0,16,0,48,64,"void moe_kernels::router_topk_wave64_kernel<64>(float*, float const*, int*, float*, int, int, int, int, int, float)",2290,55,40111.0,0.0,0.0,0.0,0.0,0.0,5.0,4912602452179054.0,4912602452195854.0
2290,1,256,256,1024,0,12,4,64,64,"batch_decode_kernels::align_routes(int const*, int, int, int, int*, int*, int*)",2291,17,40107.0,0.0,0.0,0.0,0.0,0.0,4.0,4912602452276655.0,4912602452293455.0
2291,1,349184,256,19968,0,36,4,48,64,"void batch_decode_kernels::grouped_expert_gate_up<16, 1>(float const*, char const*, unsigned long const*, unsigned long const*, int const*, int const*, float*, unsigned short*, int, int, int, int, int)",2292,31,231902.0,2162688.0,0.0,0.0,0.0,0.0,5456.0,4912602452373615.0,4912602452509456.0
2292,1,11264,256,19968,0,32,0,48,64,"batch_decode_kernels::mfma_gate_up_swiglu(float*, float const*, unsigned short const*, unsigned short const*, int, int, int)",2293,20,158142.0,720896.0,0.0,0.0,0.0,0.0,176.0,4912602452628016.0,4912602452716497.0
2293,1,507904,256,11264,0,24,0,48,64,"void batch_decode_kernels::grouped_expert_down<16, 1>(float const*, unsigned short const*, char const*, unsigned long const*, int const*, int const*, float*, int, int, int, int)",2294,32,138106.0,1081344.0,0.0,0.0,0.0,0.0,7936.0,4912602452882577.0,4912602452960658.0
2294,1,1280,256,0,0,12,4,32,64,"batch_decode_kernels::reduce_routes_add(float*, float const*, float const*, int, int, int)",2295,28,63529.0,0.0,0.0,0.0,0.0,0.0,20.0,4912602453062898.0,4912602453093778.0
2295,1,8192,256,11264,0,24,0,48,64,"batch_decode_kernels::mfma_gemm(float*, float const*, unsigned short const*, int, int, int, int)",2296,19,194641.0,360448.0,0.0,0.0,0.0,0.0,128.0,4912602453163219.0,4912602453272979.0
2296,1,1280,256,1024,0,12,4,32,64,"batch_decode_kernels::rmsnorm(float*, float const*, unsigned short const*, int, int, float)",2297,36,32965.0,0.0,0.0,0.0,0.0,0.0,20.0,4912602453336659.0,4912602453349299.0
2297,1,12288,256,11264,0,24,0,48,64,"batch_decode_kernels::mfma_gemm(float*, float const*, unsigned short const*, int, int, int, int)",2298,19,143005.0,393216.0,0.0,0.0,0.0,0.0,192.0,4912602453515060.0,4912602453594100.0
2298,1,2304,256,11264,0,24,0,48,64,"batch_decode_kernels::mfma_gemm(float*, float const*, unsigned short const*, int, int, int, int)",2299,19,144337.0,73728.0,0.0,0.0,0.0,0.0,36.0,4912602453688021.0,4912602453767061.0
2299,1,1280,256,1024,0,24,0,32,64,"batch_decode_kernels::kv_norm_rope(unsigned short*, float const*, unsigned short const*, int, int, int, int, int, int, float const*, int, float)",2300,43,27505.0,0.0,0.0,0.0,0.0,0.0,20.0,4912602453940342.0,4912602453949942.0
2300,1,32768,256,11264,0,24,0,48,64,"batch_decode_kernels::mfma_head_gemm(float*, float const*, unsigned short const*, int, int, int, int, int, int, unsigned long)",2301,29,32855.0,65536.0,0.0,0.0,0.0,0.0,512.0,4912602454041622.0,4912602454054423.0
2301,1,5120,256,0,0,24,0,32,64,"batch_decode_kernels::q_rope(float*, float const*, int, int, int, int, int, int, float const*, int)",2302,39,24238.0,0.0,0.0,0.0,0.0,0.0,80.0,4912602454135543.0,4912602454143063.0
2302,1,35840,256,0,0,16,0,32,64,"batch_decode_kernels::attention_score(float*, float const*, float const*, unsigned short const*, int, int, int, int, int, int, int, float)",2303,27,28264.0,0.0,0.0,0.0,0.0,0.0,560.0,4912602454309464.0,4912602454319384.0
2303,1,20480,256,1024,0,20,4,48,64,"void attention_kernels::softmax_rows_kernel<256>(float*, int, int, int, int)",2304,52,24363.0,0.0,0.0,0.0,0.0,0.0,320.0,4912602454405464.0,4912602454413144.0
2304,1,2621440,256,0,0,16,0,32,64,"batch_decode_kernels::latent_context(float*, float const*, unsigned short const*, int, int, int, int, int, int)",2305,41,66316.0,0.0,0.0,0.0,0.0,0.0,40960.0,4912602454501625.0,4912602454536345.0
2305,1,8192,256,11264,0,24,0,48,64,"batch_decode_kernels::mfma_head_gemm(float*, float const*, unsigned short const*, int, int, int, int, int, int, unsigned long)",2306,29,54825.0,65536.0,0.0,0.0,0.0,0.0,128.0,4912602454595865.0,4912602454621625.0
2306,1,8192,256,11264,0,24,0,48,64,"batch_decode_kernels::mfma_gemm(float*, float const*, unsigned short const*, int, int, int, int)",2307,19,145791.0,262144.0,0.0,0.0,0.0,0.0,128.0,4912602454690105.0,4912602454769946.0
2307,1,1280,256,1024,0,12,4,32,64,"batch_decode_kernels::rmsnorm(float*, float const*, unsigned short const*, int, int, float)",2308,36,33203.0,0.0,0.0,0.0,0.0,0.0,20.0,4912602454860346.0,4912602454873306.0
2308,1,256,256,11264,0,24,0,48,64,"batch_decode_kernels::mfma_gemm(float*, float const*, unsigned short const*, int, int, int, int)",2309,19,154853.0,8192.0,0.0,0.0,0.0,0.0,4.0,4912602454953627.0,4912602455038747.0
2309,1,320,64,0,0,16,0,48,64,"void moe_kernels::router_topk_wave64_kernel<64>(float*, float const*, int*, float*, int, int, int, int, int, float)",2310,55,38535.0,0.0,0.0,0.0,0.0,0.0,5.0,4912602455131387.0,4912602455147227.0
2310,1,256,256,1024,0,12,4,64,64,"batch_decode_kernels::align_routes(int const*, int, int, int, int*, int*, int*)",2311,17,40892.0,0.0,0.0,0.0,0.0,0.0,4.0,4912602455225948.0,4912602455243228.0
2311,1,349184,256,19968,0,36,4,48,64,"void batch_decode_kernels::grouped_expert_gate_up<16, 1>(float const*, char const*, unsigned long const*, unsigned long const*, int const*, int const*, float*, unsigned short*, int, int, int, int, int)",2312,31,236282.0,2162688.0,0.0,0.0,0.0,0.0,5456.0,4912602455317148.0,4912602455455709.0
2312,1,11264,256,19968,0,32,0,48,64,"batch_decode_kernels::mfma_gate_up_swiglu(float*, float const*, unsigned short const*, unsigned short const*, int, int, int)",2313,20,159150.0,720896.0,0.0,0.0,0.0,0.0,176.0,4912602455557789.0,4912602455646910.0
2313,1,507904,256,11264,0,24,0,48,64,"void batch_decode_kernels::grouped_expert_down<16, 1>(float const*, unsigned short const*, char const*, unsigned long const*, int const*, int const*, float*, int, int, int, int)",2314,32,139646.0,1081344.0,0.0,0.0,0.0,0.0,7936.0,4912602455726110.0,4912602455804990.0
2314,1,1280,256,0,0,12,4,32,64,"batch_decode_kernels::reduce_routes_add(float*, float const*, float const*, int, int, int)",2315,28,62597.0,0.0,0.0,0.0,0.0,0.0,20.0,4912602455892511.0,4912602455922911.0
2315,1,8192,256,11264,0,24,0,48,64,"batch_decode_kernels::mfma_gemm(float*, float const*, unsigned short const*, int, int, int, int)",2316,19,192175.0,360448.0,0.0,0.0,0.0,0.0,128.0,4912602455983871.0,4912602456092032.0
2316,1,1280,256,1024,0,12,4,32,64,"batch_decode_kernels::rmsnorm(float*, float const*, unsigned short const*, int, int, float)",2317,36,34138.0,0.0,0.0,0.0,0.0,0.0,20.0,4912602456155392.0,4912602456168672.0
2317,1,12288,256,11264,0,24,0,48,64,"batch_decode_kernels::mfma_gemm(float*, float const*, unsigned short const*, int, int, int, int)",2318,19,142368.0,393216.0,0.0,0.0,0.0,0.0,192.0,4912602456247232.0,4912602456325793.0
2318,1,2304,256,11264,0,24,0,48,64,"batch_decode_kernels::mfma_gemm(float*, float const*, unsigned short const*, int, int, int, int)",2319,19,146558.0,73728.0,0.0,0.0,0.0,0.0,36.0,4912602456411713.0,4912602456492033.0
2319,1,1280,256,1024,0,24,0,32,64,"batch_decode_kernels::kv_norm_rope(unsigned short*, float const*, unsigned short const*, int, int, int, int, int, int, float const*, int, float)",2320,43,28541.0,0.0,0.0,0.0,0.0,0.0,20.0,4912602456575554.0,4912602456585794.0
2320,1,32768,256,11264,0,24,0,48,64,"batch_decode_kernels::mfma_head_gemm(float*, float const*, unsigned short const*, int, int, int, int, int, int, unsigned long)",2321,29,33639.0,65536.0,0.0,0.0,0.0,0.0,512.0,4912602456665954.0,4912602456679074.0
2321,1,5120,256,0,0,24,0,32,64,"batch_decode_kernels::q_rope(float*, float const*, int, int, int, int, int, int, float const*, int)",2322,39,23830.0,0.0,0.0,0.0,0.0,0.0,80.0,4912602456755075.0,4912602456762275.0
2322,1,35840,256,0,0,16,0,32,64,"batch_decode_kernels::attention_score(float*, float const*, float const*, unsigned short const*, int, int, int, int, int, int, int, float)",2323,27,28328.0,0.0,0.0,0.0,0.0,0.0,560.0,4912602456845475.0,4912602456855555.0
2323,1,20480,256,1024,0,20,4,48,64,"void attention_kernels::softmax_rows_kernel<256>(float*, int, int, int, int)",2324,52,25595.0,0.0,0.0,0.0,0.0,0.0,320.0,4912602457008036.0,4912602457016036.0
2324,1,2621440,256,0,0,16,0,32,64,"batch_decode_kernels::latent_context(float*, float const*, unsigned short const*, int, int, int, int, int, int)",2325,41,67845.0,0.0,0.0,0.0,0.0,0.0,40960.0,4912602457105316.0,4912602457140196.0
2325,1,8192,256,11264,0,24,0,48,64,"batch_decode_kernels::mfma_head_gemm(float*, float const*, unsigned short const*, int, int, int, int, int, int, unsigned long)",2326,29,53544.0,65536.0,0.0,0.0,0.0,0.0,128.0,4912602457264677.0,4912602457289957.0
2326,1,8192,256,11264,0,24,0,48,64,"batch_decode_kernels::mfma_gemm(float*, float const*, unsigned short const*, int, int, int, int)",2327,19,146399.0,262144.0,0.0,0.0,0.0,0.0,128.0,4912602457352517.0,4912602457433158.0
2327,1,1280,256,1024,0,12,4,32,64,"batch_decode_kernels::rmsnorm(float*, float const*, unsigned short const*, int, int, float)",2328,36,35694.0,0.0,0.0,0.0,0.0,0.0,20.0,4912602457512998.0,4912602457527238.0
2328,1,256,256,11264,0,24,0,48,64,"batch_decode_kernels::mfma_gemm(float*, float const*, unsigned short const*, int, int, int, int)",2329,19,156377.0,8192.0,0.0,0.0,0.0,0.0,4.0,4912602457674599.0,4912602457760519.0
2329,1,320,64,0,0,16,0,48,64,"void moe_kernels::router_topk_wave64_kernel<64>(float*, float const*, int*, float*, int, int, int, int, int, float)",2330,55,39416.0,0.0,0.0,0.0,0.0,0.0,5.0,4912602457832359.0,4912602457848839.0
2330,1,256,256,1024,0,12,4,64,64,"batch_decode_kernels::align_routes(int const*, int, int, int, int*, int*, int*)",2331,17,40517.0,0.0,0.0,0.0,0.0,0.0,4.0,4912602457921160.0,4912602457938280.0
2331,1,349184,256,19968,0,36,4,48,64,"void batch_decode_kernels::grouped_expert_gate_up<16, 1>(float const*, char const*, unsigned long const*, unsigned long const*, int const*, int const*, float*, unsigned short*, int, int, int, int, int)",2332,31,231903.0,2162688.0,0.0,0.0,0.0,0.0,5456.0,4912602458007720.0,4912602458143401.0
2332,1,11264,256,19968,0,32,0,48,64,"batch_decode_kernels::mfma_gate_up_swiglu(float*, float const*, unsigned short const*, unsigned short const*, int, int, int)",2333,20,156774.0,720896.0,0.0,0.0,0.0,0.0,176.0,4912602458241161.0,4912602458328841.0
2333,1,507904,256,11264,0,24,0,48,64,"void batch_decode_kernels::grouped_expert_down<16, 1>(float const*, unsigned short const*, char const*, unsigned long const*, int const*, int const*, float*, int, int, int, int)",2334,32,141380.0,1081344.0,0.0,0.0,0.0,0.0,7936.0,4912602458396362.0,4912602458476682.0
2334,1,1280,256,0,0,12,4,32,64,"batch_decode_kernels::reduce_routes_add(float*, float const*, float const*, int, int, int)",2335,28,64806.0,0.0,0.0,0.0,0.0,0.0,20.0,4912602458552682.0,4912602458584363.0
2335,1,8192,256,11264,0,24,0,48,64,"batch_decode_kernels::mfma_gemm(float*, float const*, unsigned short const*, int, int, int, int)",2336,19,195534.0,360448.0,0.0,0.0,0.0,0.0,128.0,4912602458708363.0,4912602458818604.0
2336,1,1280,256,1024,0,12,4,32,64,"batch_decode_kernels::rmsnorm(float*, float const*, unsigned short const*, int, int, float)",2337,36,31581.0,0.0,0.0,0.0,0.0,0.0,20.0,4912602458934124.0,4912602458945964.0
2337,1,12288,256,11264,0,24,0,48,64,"batch_decode_kernels::mfma_gemm(float*, float const*, unsigned short const*, int, int, int, int)",2338,19,141550.0,393216.0,0.0,0.0,0.0,0.0,192.0,4912602459024685.0,4912602459102925.0
2338,1,2304,256,11264,0,24,0,48,64,"batch_decode_kernels::mfma_gemm(float*, float const*, unsigned short const*, int, int, int, int)",2339,19,145761.0,73728.0,0.0,0.0,0.0,0.0,36.0,4912602459182605.0,4912602459262446.0
2339,1,1280,256,1024,0,24,0,32,64,"batch_decode_kernels::kv_norm_rope(unsigned short*, float const*, unsigned short const*, int, int, int, int, int, int, float const*, int, float)",2340,43,29080.0,0.0,0.0,0.0,0.0,0.0,20.0,4912602459403566.0,4912602459413806.0
2340,1,32768,256,11264,0,24,0,48,64,"batch_decode_kernels::mfma_head_gemm(float*, float const*, unsigned short const*, int, int, int, int, int, int, unsigned long)",2341,29,32068.0,65536.0,0.0,0.0,0.0,0.0,512.0,4912602459488367.0,4912602459500687.0
2341,1,5120,256,0,0,24,0,32,64,"batch_decode_kernels::q_rope(float*, float const*, int, int, int, int, int, int, float const*, int)",2342,39,24060.0,0.0,0.0,0.0,0.0,0.0,80.0,4912602459573167.0,4912602459580687.0
2342,1,35840,256,0,0,16,0,32,64,"batch_decode_kernels::attention_score(float*, float const*, float const*, unsigned short const*, int, int, int, int, int, int, int, float)",2343,27,27658.0,0.0,0.0,0.0,0.0,0.0,560.0,4912602459657807.0,4912602459667407.0
2343,1,20480,256,1024,0,20,4,48,64,"void attention_kernels::softmax_rows_kernel<256>(float*, int, int, int, int)",2344,52,25326.0,0.0,0.0,0.0,0.0,0.0,320.0,4912602459740208.0,4912602459748688.0
2344,1,2621440,256,0,0,16,0,32,64,"batch_decode_kernels::latent_context(float*, float const*, unsigned short const*, int, int, int, int, int, int)",2345,41,67766.0,0.0,0.0,0.0,0.0,0.0,40960.0,4912602459822928.0,4912602459858288.0
2345,1,8192,256,11264,0,24,0,48,64,"batch_decode_kernels::mfma_head_gemm(float*, float const*, unsigned short const*, int, int, int, int, int, int, unsigned long)",2346,29,53630.0,65536.0,0.0,0.0,0.0,0.0,128.0,4912602460043729.0,4912602460068689.0
2346,1,8192,256,11264,0,24,0,48,64,"batch_decode_kernels::mfma_gemm(float*, float const*, unsigned short const*, int, int, int, int)",2347,19,147717.0,262144.0,0.0,0.0,0.0,0.0,128.0,4912602460192530.0,4912602460273970.0
2347,1,1280,256,1024,0,12,4,32,64,"batch_decode_kernels::rmsnorm(float*, float const*, unsigned short const*, int, int, float)",2348,36,32288.0,0.0,0.0,0.0,0.0,0.0,20.0,4912602460338770.0,4912602460351250.0
2348,1,256,256,11264,0,24,0,48,64,"batch_decode_kernels::mfma_gemm(float*, float const*, unsigned short const*, int, int, int, int)",2349,19,157421.0,8192.0,0.0,0.0,0.0,0.0,4.0,4912602460420371.0,4912602460506931.0
2349,1,320,64,0,0,16,0,48,64,"void moe_kernels::router_topk_wave64_kernel<64>(float*, float const*, int*, float*, int, int, int, int, int, float)",2350,55,38055.0,0.0,0.0,0.0,0.0,0.0,5.0,4912602460566611.0,4912602460582451.0
2350,1,256,256,1024,0,12,4,64,64,"batch_decode_kernels::align_routes(int const*, int, int, int, int*, int*, int*)",2351,17,39292.0,0.0,0.0,0.0,0.0,0.0,4.0,4912602460648532.0,4912602460665012.0
2351,1,349184,256,19968,0,36,4,48,64,"void batch_decode_kernels::grouped_expert_gate_up<16, 1>(float const*, char const*, unsigned long const*, unsigned long const*, int const*, int const*, float*, unsigned short*, int, int, int, int, int)",2352,31,232178.0,2162688.0,0.0,0.0,0.0,0.0,5456.0,4912602460731572.0,4912602460867413.0
2352,1,11264,256,19968,0,32,0,48,64,"batch_decode_kernels::mfma_gate_up_swiglu(float*, float const*, unsigned short const*, unsigned short const*, int, int, int)",2353,20,158057.0,720896.0,0.0,0.0,0.0,0.0,176.0,4912602460943093.0,4912602461031573.0
2353,1,507904,256,11264,0,24,0,48,64,"void batch_decode_kernels::grouped_expert_down<16, 1>(float const*, unsigned short const*, char const*, unsigned long const*, int const*, int const*, float*, int, int, int, int)",2354,32,139337.0,1081344.0,0.0,0.0,0.0,0.0,7936.0,4912602461156534.0,4912602461235414.0
2354,1,1280,256,0,0,12,4,32,64,"batch_decode_kernels::reduce_routes_add(float*, float const*, float const*, int, int, int)",2355,28,63465.0,0.0,0.0,0.0,0.0,0.0,20.0,4912602461364855.0,4912602461395895.0
2355,1,8192,256,11264,0,24,0,48,64,"batch_decode_kernels::mfma_gemm(float*, float const*, unsigned short const*, int, int, int, int)",2356,19,196174.0,360448.0,0.0,0.0,0.0,0.0,128.0,4912602461574776.0,4912602461685336.0
2356,1,1280,256,1024,0,12,4,32,64,"batch_decode_kernels::rmsnorm(float*, float const*, unsigned short const*, int, int, float)",2357,36,31863.0,0.0,0.0,0.0,0.0,0.0,20.0,4912602461844857.0,4912602461857017.0
2357,1,12288,256,11264,0,24,0,48,64,"batch_decode_kernels::mfma_gemm(float*, float const*, unsigned short const*, int, int, int, int)",2358,19,143422.0,393216.0,0.0,0.0,0.0,0.0,192.0,4912602461923257.0,4912602462002458.0
2358,1,2304,256,11264,0,24,0,48,64,"batch_decode_kernels::mfma_gemm(float*, float const*, unsigned short const*, int, int, int, int)",2359,19,146219.0,73728.0,0.0,0.0,0.0,0.0,36.0,4912602462071738.0,4912602462152058.0
2359,1,1280,256,1024,0,24,0,32,64,"batch_decode_kernels::kv_norm_rope(unsigned short*, float const*, unsigned short const*, int, int, int, int, int, int, float const*, int, float)",2360,43,28986.0,0.0,0.0,0.0,0.0,0.0,20.0,4912602462212859.0,4912602462223259.0
2360,1,32768,256,11264,0,24,0,48,64,"batch_decode_kernels::mfma_head_gemm(float*, float const*, unsigned short const*, int, int, int, int, int, int, unsigned long)",2361,29,33692.0,65536.0,0.0,0.0,0.0,0.0,512.0,4912602462293019.0,4912602462306139.0
2361,1,5120,256,0,0,24,0,32,64,"batch_decode_kernels::q_rope(float*, float const*, int, int, int, int, int, int, float const*, int)",2362,39,26240.0,0.0,0.0,0.0,0.0,0.0,80.0,4912602462372059.0,4912602462380699.0
2362,1,35840,256,0,0,16,0,32,64,"batch_decode_kernels::attention_score(float*, float const*, float const*, unsigned short const*, int, int, int, int, int, int, int, float)",2363,27,28803.0,0.0,0.0,0.0,0.0,0.0,560.0,4912602462513500.0,4912602462523740.0
2363,1,20480,256,1024,0,20,4,48,64,"void attention_kernels::softmax_rows_kernel<256>(float*, int, int, int, int)",2364,52,25548.0,0.0,0.0,0.0,0.0,0.0,320.0,4912602462590140.0,4912602462598460.0
2364,1,2621440,256,0,0,16,0,32,64,"batch_decode_kernels::latent_context(float*, float const*, unsigned short const*, int, int, int, int, int, int)",2365,41,66421.0,0.0,0.0,0.0,0.0,0.0,40960.0,4912602462730301.0,4912602462765181.0
2365,1,8192,256,11264,0,24,0,48,64,"batch_decode_kernels::mfma_head_gemm(float*, float const*, unsigned short const*, int, int, int, int, int, int, unsigned long)",2366,29,54998.0,65536.0,0.0,0.0,0.0,0.0,128.0,4912602462929342.0,4912602462955262.0
2366,1,8192,256,11264,0,24,0,48,64,"batch_decode_kernels::mfma_gemm(float*, float const*, unsigned short const*, int, int, int, int)",2367,19,146849.0,262144.0,0.0,0.0,0.0,0.0,128.0,4912602463138943.0,4912602463219583.0
2367,1,1280,256,1024,0,12,4,32,64,"batch_decode_kernels::rmsnorm(float*, float const*, unsigned short const*, int, int, float)",2368,36,33308.0,0.0,0.0,0.0,0.0,0.0,20.0,4912602463336864.0,4912602463349824.0
2368,1,256,256,11264,0,24,0,48,64,"batch_decode_kernels::mfma_gemm(float*, float const*, unsigned short const*, int, int, int, int)",2369,19,154902.0,8192.0,0.0,0.0,0.0,0.0,4.0,4912602463412704.0,4912602463497984.0
2369,1,320,64,0,0,16,0,48,64,"void moe_kernels::router_topk_wave64_kernel<64>(float*, float const*, int*, float*, int, int, int, int, int, float)",2370,55,38831.0,0.0,0.0,0.0,0.0,0.0,5.0,4912602463671745.0,4912602463687905.0
2370,1,256,256,1024,0,12,4,64,64,"batch_decode_kernels::align_routes(int const*, int, int, int, int*, int*, int*)",2371,17,40510.0,0.0,0.0,0.0,0.0,0.0,4.0,4912602463747585.0,4912602463765026.0
2371,1,349184,256,19968,0,36,4,48,64,"void batch_decode_kernels::grouped_expert_gate_up<16, 1>(float const*, char const*, unsigned long const*, unsigned long const*, int const*, int const*, float*, unsigned short*, int, int, int, int, int)",2372,31,234185.0,2162688.0,0.0,0.0,0.0,0.0,5456.0,4912602463824386.0,4912602463961506.0
2372,1,11264,256,19968,0,32,0,48,64,"batch_decode_kernels::mfma_gate_up_swiglu(float*, float const*, unsigned short const*, unsigned short const*, int, int, int)",2373,20,158337.0,720896.0,0.0,0.0,0.0,0.0,176.0,4912602464025187.0,4912602464113667.0
2373,1,507904,256,11264,0,24,0,48,64,"void batch_decode_kernels::grouped_expert_down<16, 1>(float const*, unsigned short const*, char const*, unsigned long const*, int const*, int const*, float*, int, int, int, int)",2374,32,141059.0,1081344.0,0.0,0.0,0.0,0.0,7936.0,4912602464280228.0,4912602464360388.0
2374,1,1280,256,0,0,12,4,32,64,"batch_decode_kernels::reduce_routes_add(float*, float const*, float const*, int, int, int)",2375,28,62905.0,0.0,0.0,0.0,0.0,0.0,20.0,4912602464534789.0,4912602464565349.0
2375,1,8192,256,11264,0,24,0,48,64,"batch_decode_kernels::mfma_gemm(float*, float const*, unsigned short const*, int, int, int, int)",2376,19,195582.0,360448.0,0.0,0.0,0.0,0.0,128.0,4912602464667910.0,4912602464778310.0
2376,1,1280,256,1024,0,12,4,32,64,"batch_decode_kernels::rmsnorm(float*, float const*, unsigned short const*, int, int, float)",2377,36,33142.0,0.0,0.0,0.0,0.0,0.0,20.0,4912602464920711.0,4912602464933351.0
2377,1,12288,256,11264,0,24,0,48,64,"batch_decode_kernels::mfma_gemm(float*, float const*, unsigned short const*, int, int, int, int)",2378,19,141371.0,393216.0,0.0,0.0,0.0,0.0,192.0,4912602464994951.0,4912602465073191.0
2378,1,2304,256,11264,0,24,0,48,64,"batch_decode_kernels::mfma_gemm(float*, float const*, unsigned short const*, int, int, int, int)",2379,19,144971.0,73728.0,0.0,0.0,0.0,0.0,36.0,4912602465132712.0,4912602465212072.0
2379,1,1280,256,1024,0,24,0,32,64,"batch_decode_kernels::kv_norm_rope(unsigned short*, float const*, unsigned short const*, int, int, int, int, int, int, float const*, int, float)",2380,43,30391.0,0.0,0.0,0.0,0.0,0.0,20.0,4912602465383433.0,4912602465394473.0
2380,1,32768,256,11264,0,24,0,48,64,"batch_decode_kernels::mfma_head_gemm(float*, float const*, unsigned short const*, int, int, int, int, int, int, unsigned long)",2381,29,33066.0,65536.0,0.0,0.0,0.0,0.0,512.0,4912602465514793.0,4912602465527593.0
2381,1,5120,256,0,0,24,0,32,64,"batch_decode_kernels::q_rope(float*, float const*, int, int, int, int, int, int, float const*, int)",2382,39,23924.0,0.0,0.0,0.0,0.0,0.0,80.0,4912602465646314.0,4912602465653674.0
2382,1,35840,256,0,0,16,0,32,64,"batch_decode_kernels::attention_score(float*, float const*, float const*, unsigned short const*, int, int, int, int, int, int, int, float)",2383,27,28517.0,0.0,0.0,0.0,0.0,0.0,560.0,4912602465775594.0,4912602465785515.0
2383,1,20480,256,1024,0,20,4,48,64,"void attention_kernels::softmax_rows_kernel<256>(float*, int, int, int, int)",2384,52,24989.0,0.0,0.0,0.0,0.0,0.0,320.0,4912602465907115.0,4912602465915275.0
2384,1,2621440,256,0,0,16,0,32,64,"batch_decode_kernels::latent_context(float*, float const*, unsigned short const*, int, int, int, int, int, int)",2385,41,67171.0,0.0,0.0,0.0,0.0,0.0,40960.0,4912602466039596.0,4912602466074476.0
2385,1,8192,256,11264,0,24,0,48,64,"batch_decode_kernels::mfma_head_gemm(float*, float const*, unsigned short const*, int, int, int, int, int, int, unsigned long)",2386,29,54636.0,65536.0,0.0,0.0,0.0,0.0,128.0,4912602466228236.0,4912602466253517.0
2386,1,8192,256,11264,0,24,0,48,64,"batch_decode_kernels::mfma_gemm(float*, float const*, unsigned short const*, int, int, int, int)",2387,19,145543.0,262144.0,0.0,0.0,0.0,0.0,128.0,4912602466413037.0,4912602466493358.0
2387,1,1280,256,1024,0,12,4,32,64,"batch_decode_kernels::rmsnorm(float*, float const*, unsigned short const*, int, int, float)",2388,36,32418.0,0.0,0.0,0.0,0.0,0.0,20.0,4912602466653518.0,4912602466665838.0
2388,1,256,256,11264,0,24,0,48,64,"batch_decode_kernels::mfma_gemm(float*, float const*, unsigned short const*, int, int, int, int)",2389,19,155287.0,8192.0,0.0,0.0,0.0,0.0,4.0,4912602466725359.0,4912602466811119.0
2389,1,320,64,0,0,16,0,48,64,"void moe_kernels::router_topk_wave64_kernel<64>(float*, float const*, int*, float*, int, int, int, int, int, float)",2390,55,38238.0,0.0,0.0,0.0,0.0,0.0,5.0,4912602466964400.0,4912602466980240.0
2390,1,256,256,1024,0,12,4,64,64,"batch_decode_kernels::align_routes(int const*, int, int, int, int*, int*, int*)",2391,17,41261.0,0.0,0.0,0.0,0.0,0.0,4.0,4912602467099600.0,4912602467117200.0
2391,1,349184,256,19968,0,36,4,48,64,"void batch_decode_kernels::grouped_expert_gate_up<16, 1>(float const*, char const*, unsigned long const*, unsigned long const*, int const*, int const*, float*, unsigned short*, int, int, int, int, int)",2392,31,228195.0,2162688.0,0.0,0.0,0.0,0.0,5456.0,4912602467282321.0,4912602467415762.0
2392,1,11264,256,19968,0,32,0,48,64,"batch_decode_kernels::mfma_gate_up_swiglu(float*, float const*, unsigned short const*, unsigned short const*, int, int, int)",2393,20,158865.0,720896.0,0.0,0.0,0.0,0.0,176.0,4912602467573842.0,4912602467662483.0
2393,1,507904,256,11264,0,24,0,48,64,"void batch_decode_kernels::grouped_expert_down<16, 1>(float const*, unsigned short const*, char const*, unsigned long const*, int const*, int const*, float*, int, int, int, int)",2394,32,138095.0,1081344.0,0.0,0.0,0.0,0.0,7936.0,4912602467809684.0,4912602467887924.0
2394,1,1280,256,0,0,12,4,32,64,"batch_decode_kernels::reduce_routes_add(float*, float const*, float const*, int, int, int)",2395,28,60449.0,0.0,0.0,0.0,0.0,0.0,20.0,4912602468047285.0,4912602468076405.0
2395,1,8192,256,11264,0,24,0,48,64,"batch_decode_kernels::mfma_gemm(float*, float const*, unsigned short const*, int, int, int, int)",2396,19,196178.0,360448.0,0.0,0.0,0.0,0.0,128.0,4912602468227285.0,4912602468337686.0
2396,1,1280,256,1024,0,12,4,32,64,"batch_decode_kernels::rmsnorm(float*, float const*, unsigned short const*, int, int, float)",2397,36,33618.0,0.0,0.0,0.0,0.0,0.0,20.0,4912602468406166.0,4912602468419286.0
2397,1,12288,256,11264,0,24,0,48,64,"batch_decode_kernels::mfma_gemm(float*, float const*, unsigned short const*, int, int, int, int)",2398,19,144254.0,393216.0,0.0,0.0,0.0,0.0,192.0,4912602468531127.0,4912602468610807.0
2398,1,2304,256,11264,0,24,0,48,64,"batch_decode_kernels::mfma_gemm(float*, float const*, unsigned short const*, int, int, int, int)",2399,19,146399.0,73728.0,0.0,0.0,0.0,0.0,36.0,4912602468763608.0,4912602468843608.0
2399,1,1280,256,1024,0,24,0,32,64,"batch_decode_kernels::kv_norm_rope(unsigned short*, float const*, unsigned short const*, int, int, int, int, int, int, float const*, int, float)",2400,43,28175.0,0.0,0.0,0.0,0.0,0.0,20.0,4912602468992889.0,4912602469002649.0
2400,1,32768,256,11264,0,24,0,48,64,"batch_decode_kernels::mfma_head_gemm(float*, float const*, unsigned short const*, int, int, int, int, int, int, unsigned long)",2401,29,31756.0,65536.0,0.0,0.0,0.0,0.0,512.0,4912602469123129.0,4912602469135129.0
2401,1,5120,256,0,0,24,0,32,64,"batch_decode_kernels::q_rope(float*, float const*, int, int, int, int, int, int, float const*, int)",2402,39,23656.0,0.0,0.0,0.0,0.0,0.0,80.0,4912602469299130.0,4912602469306170.0
2402,1,35840,256,0,0,16,0,32,64,"batch_decode_kernels::attention_score(float*, float const*, float const*, unsigned short const*, int, int, int, int, int, int, int, float)",2403,27,28916.0,0.0,0.0,0.0,0.0,0.0,560.0,4912602469365530.0,4912602469375930.0
2403,1,20480,256,1024,0,20,4,48,64,"void attention_kernels::softmax_rows_kernel<256>(float*, int, int, int, int)",2404,52,25706.0,0.0,0.0,0.0,0.0,0.0,320.0,4912602469435451.0,4912602469443611.0
2404,1,2621440,256,0,0,16,0,32,64,"batch_decode_kernels::latent_context(float*, float const*, unsigned short const*, int, int, int, int, int, int)",2405,41,66238.0,0.0,0.0,0.0,0.0,0.0,40960.0,4912602469556731.0,4912602469591291.0
2405,1,8192,256,11264,0,24,0,48,64,"batch_decode_kernels::mfma_head_gemm(float*, float const*, unsigned short const*, int, int, int, int, int, int, unsigned long)",2406,29,55008.0,65536.0,0.0,0.0,0.0,0.0,128.0,4912602469676732.0,4912602469702652.0
2406,1,8192,256,11264,0,24,0,48,64,"batch_decode_kernels::mfma_gemm(float*, float const*, unsigned short const*, int, int, int, int)",2407,19,145870.0,262144.0,0.0,0.0,0.0,0.0,128.0,4912602469847933.0,4912602469928253.0
2407,1,1280,256,1024,0,12,4,32,64,"batch_decode_kernels::rmsnorm(float*, float const*, unsigned short const*, int, int, float)",2408,36,32944.0,0.0,0.0,0.0,0.0,0.0,20.0,4912602470078174.0,4912602470090654.0
2408,1,256,256,11264,0,24,0,48,64,"batch_decode_kernels::mfma_gemm(float*, float const*, unsigned short const*, int, int, int, int)",2409,19,156090.0,8192.0,0.0,0.0,0.0,0.0,4.0,4912602470249694.0,4912602470335455.0
2409,1,320,64,0,0,16,0,48,64,"void moe_kernels::router_topk_wave64_kernel<64>(float*, float const*, int*, float*, int, int, int, int, int, float)",2410,55,39745.0,0.0,0.0,0.0,0.0,0.0,5.0,4912602470473215.0,4912602470490015.0
2410,1,256,256,1024,0,12,4,64,64,"batch_decode_kernels::align_routes(int const*, int, int, int, int*, int*, int*)",2411,17,41418.0,0.0,0.0,0.0,0.0,0.0,4.0,4912602470643776.0,4912602470661216.0
2411,1,349184,256,19968,0,36,4,48,64,"void batch_decode_kernels::grouped_expert_gate_up<16, 1>(float const*, char const*, unsigned long const*, unsigned long const*, int const*, int const*, float*, unsigned short*, int, int, int, int, int)",2412,31,232060.0,2162688.0,0.0,0.0,0.0,0.0,5456.0,4912602470760257.0,4912602470895937.0
2412,1,11264,256,19968,0,32,0,48,64,"batch_decode_kernels::mfma_gate_up_swiglu(float*, float const*, unsigned short const*, unsigned short const*, int, int, int)",2413,20,156744.0,720896.0,0.0,0.0,0.0,0.0,176.0,4912602471038338.0,4912602471125858.0
2413,1,507904,256,11264,0,24,0,48,64,"void batch_decode_kernels::grouped_expert_down<16, 1>(float const*, unsigned short const*, char const*, unsigned long const*, int const*, int const*, float*, int, int, int, int)",2414,32,141753.0,1081344.0,0.0,0.0,0.0,0.0,7936.0,4912602471256419.0,4912602471336899.0
2414,1,1280,256,0,0,12,4,32,64,"batch_decode_kernels::reduce_routes_add(float*, float const*, float const*, int, int, int)",2415,28,62932.0,0.0,0.0,0.0,0.0,0.0,20.0,4912602471473700.0,4912602471504420.0
2415,1,8192,256,11264,0,24,0,48,64,"batch_decode_kernels::mfma_gemm(float*, float const*, unsigned short const*, int, int, int, int)",2416,19,195511.0,360448.0,0.0,0.0,0.0,0.0,128.0,4912602471640740.0,4912602471750981.0
2416,1,1280,256,1024,0,12,4,32,64,"batch_decode_kernels::rmsnorm(float*, float const*, unsigned short const*, int, int, float)",2417,36,33533.0,0.0,0.0,0.0,0.0,0.0,20.0,4912602471905062.0,4912602471918022.0
2417,1,12288,256,11264,0,24,0,48,64,"batch_decode_kernels::mfma_gemm(float*, float const*, unsigned short const*, int, int, int, int)",2418,19,140254.0,393216.0,0.0,0.0,0.0,0.0,192.0,4912602472075462.0,4912602472153223.0
2418,1,2304,256,11264,0,24,0,48,64,"batch_decode_kernels::mfma_gemm(float*, float const*, unsigned short const*, int, int, int, int)",2419,19,146583.0,73728.0,0.0,0.0,0.0,0.0,36.0,4912602472290343.0,4912602472370824.0
2419,1,1280,256,1024,0,24,0,32,64,"batch_decode_kernels::kv_norm_rope(unsigned short*, float const*, unsigned short const*, int, int, int, int, int, int, float const*, int, float)",2420,43,28827.0,0.0,0.0,0.0,0.0,0.0,20.0,4912602472452584.0,4912602472462504.0
2420,1,32768,256,11264,0,24,0,48,64,"batch_decode_kernels::mfma_head_gemm(float*, float const*, unsigned short const*, int, int, int, int, int, int, unsigned long)",2421,29,33786.0,65536.0,0.0,0.0,0.0,0.0,512.0,4912602472616265.0,4912602472629705.0
2421,1,5120,256,0,0,24,0,32,64,"batch_decode_kernels::q_rope(float*, float const*, int, int, int, int, int, int, float const*, int)",2422,39,23269.0,0.0,0.0,0.0,0.0,0.0,80.0,4912602472778666.0,4912602472785866.0
2422,1,35840,256,0,0,16,0,32,64,"batch_decode_kernels::attention_score(float*, float const*, float const*, unsigned short const*, int, int, int, int, int, int, int, float)",2423,27,28561.0,0.0,0.0,0.0,0.0,0.0,560.0,4912602472840746.0,4912602472850826.0
2423,1,20480,256,1024,0,20,4,48,64,"void attention_kernels::softmax_rows_kernel<256>(float*, int, int, int, int)",2424,52,25888.0,0.0,0.0,0.0,0.0,0.0,320.0,4912602473002667.0,4912602473010987.0
2424,1,2621440,256,0,0,16,0,32,64,"batch_decode_kernels::latent_context(float*, float const*, unsigned short const*, int, int, int, int, int, int)",2425,41,66837.0,0.0,0.0,0.0,0.0,0.0,40960.0,4912602473120267.0,4912602473155307.0
2425,1,8192,256,11264,0,24,0,48,64,"batch_decode_kernels::mfma_head_gemm(float*, float const*, unsigned short const*, int, int, int, int, int, int, unsigned long)",2426,29,54609.0,65536.0,0.0,0.0,0.0,0.0,128.0,4912602473279148.0,4912602473304588.0
2426,1,8192,256,11264,0,24,0,48,64,"batch_decode_kernels::mfma_gemm(float*, float const*, unsigned short const*, int, int, int, int)",2427,19,145958.0,262144.0,0.0,0.0,0.0,0.0,128.0,4912602473438348.0,4912602473518829.0
2427,1,1280,256,1024,0,12,4,32,64,"batch_decode_kernels::rmsnorm(float*, float const*, unsigned short const*, int, int, float)",2428,36,31251.0,0.0,0.0,0.0,0.0,0.0,20.0,4912602473643629.0,4912602473655309.0
2428,1,256,256,11264,0,24,0,48,64,"batch_decode_kernels::mfma_gemm(float*, float const*, unsigned short const*, int, int, int, int)",2429,19,155679.0,8192.0,0.0,0.0,0.0,0.0,4.0,4912602473802350.0,4912602473887790.0
2429,1,320,64,0,0,16,0,48,64,"void moe_kernels::router_topk_wave64_kernel<64>(float*, float const*, int*, float*, int, int, int, int, int, float)",2430,55,38363.0,0.0,0.0,0.0,0.0,0.0,5.0,4912602474004271.0,4912602474020111.0
2430,1,256,256,1024,0,12,4,64,64,"batch_decode_kernels::align_routes(int const*, int, int, int, int*, int*, int*)",2431,17,39767.0,0.0,0.0,0.0,0.0,0.0,4.0,4912602474167952.0,4912602474184432.0
2431,1,349184,256,19968,0,36,4,48,64,"void batch_decode_kernels::grouped_expert_gate_up<16, 1>(float const*, char const*, unsigned long const*, unsigned long const*, int const*, int const*, float*, unsigned short*, int, int, int, int, int)",2432,31,232168.0,2162688.0,0.0,0.0,0.0,0.0,5456.0,4912602474323792.0,4912602474459633.0
2432,1,11264,256,19968,0,32,0,48,64,"batch_decode_kernels::mfma_gate_up_swiglu(float*, float const*, unsigned short const*, unsigned short const*, int, int, int)",2433,20,156588.0,720896.0,0.0,0.0,0.0,0.0,176.0,4912602474567793.0,4912602474655314.0
2433,1,507904,256,11264,0,24,0,48,64,"void batch_decode_kernels::grouped_expert_down<16, 1>(float const*, unsigned short const*, char const*, unsigned long const*, int const*, int const*, float*, int, int, int, int)",2434,32,139958.0,1081344.0,0.0,0.0,0.0,0.0,7936.0,4912602474766834.0,4912602474846195.0
2434,1,1280,256,0,0,12,4,32,64,"batch_decode_kernels::reduce_routes_add(float*, float const*, float const*, int, int, int)",2435,28,60834.0,0.0,0.0,0.0,0.0,0.0,20.0,4912602474962195.0,4912602474991475.0
2435,1,8192,256,11264,0,24,0,48,64,"batch_decode_kernels::mfma_gemm(float*, float const*, unsigned short const*, int, int, int, int)",2436,19,195963.0,360448.0,0.0,0.0,0.0,0.0,128.0,4912602475117076.0,4912602475227476.0
2436,1,1280,256,1024,0,12,4,32,64,"batch_decode_kernels::rmsnorm(float*, float const*, unsigned short const*, int, int, float)",2437,36,31356.0,0.0,0.0,0.0,0.0,0.0,20.0,4912602475357877.0,4912602475369557.0
2437,1,12288,256,11264,0,24,0,48,64,"batch_decode_kernels::mfma_gemm(float*, float const*, unsigned short const*, int, int, int, int)",2438,19,144357.0,393216.0,0.0,0.0,0.0,0.0,192.0,4912602475508118.0,4912602475587958.0
2438,1,2304,256,11264,0,24,0,48,64,"batch_decode_kernels::mfma_gemm(float*, float const*, unsigned short const*, int, int, int, int)",2439,19,146139.0,73728.0,0.0,0.0,0.0,0.0,36.0,4912602475700278.0,4912602475780279.0
2439,1,1280,256,1024,0,24,0,32,64,"batch_decode_kernels::kv_norm_rope(unsigned short*, float const*, unsigned short const*, int, int, int, int, int, int, float const*, int, float)",2440,43,27830.0,0.0,0.0,0.0,0.0,0.0,20.0,4912602475894679.0,4912602475904119.0
2440,1,32768,256,11264,0,24,0,48,64,"batch_decode_kernels::mfma_head_gemm(float*, float const*, unsigned short const*, int, int, int, int, int, int, unsigned long)",2441,29,32445.0,65536.0,0.0,0.0,0.0,0.0,512.0,4912602476046040.0,4912602476058200.0
2441,1,5120,256,0,0,24,0,32,64,"batch_decode_kernels::q_rope(float*, float const*, int, int, int, int, int, int, float const*, int)",2442,39,23926.0,0.0,0.0,0.0,0.0,0.0,80.0,4912602476192921.0,4912602476200281.0
2442,1,35840,256,0,0,16,0,32,64,"batch_decode_kernels::attention_score(float*, float const*, float const*, unsigned short const*, int, int, int, int, int, int, int, float)",2443,27,29080.0,0.0,0.0,0.0,0.0,0.0,560.0,4912602476339321.0,4912602476349561.0
2443,1,20480,256,1024,0,20,4,48,64,"void attention_kernels::softmax_rows_kernel<256>(float*, int, int, int, int)",2444,52,24856.0,0.0,0.0,0.0,0.0,0.0,320.0,4912602476483962.0,4912602476491642.0
2444,1,2621440,256,0,0,16,0,32,64,"batch_decode_kernels::latent_context(float*, float const*, unsigned short const*, int, int, int, int, int, int)",2445,41,67055.0,0.0,0.0,0.0,0.0,0.0,40960.0,4912602476628763.0,4912602476663803.0
2445,1,8192,256,11264,0,24,0,48,64,"batch_decode_kernels::mfma_head_gemm(float*, float const*, unsigned short const*, int, int, int, int, int, int, unsigned long)",2446,29,54786.0,65536.0,0.0,0.0,0.0,0.0,128.0,4912602476771803.0,4912602476797403.0
2446,1,8192,256,11264,0,24,0,48,64,"batch_decode_kernels::mfma_gemm(float*, float const*, unsigned short const*, int, int, int, int)",2447,19,146343.0,262144.0,0.0,0.0,0.0,0.0,128.0,4912602476916124.0,4912602476996764.0
2447,1,1280,256,1024,0,12,4,32,64,"batch_decode_kernels::rmsnorm(float*, float const*, unsigned short const*, int, int, float)",2448,36,33927.0,0.0,0.0,0.0,0.0,0.0,20.0,4912602477105725.0,4912602477119005.0
2448,1,256,256,11264,0,24,0,48,64,"batch_decode_kernels::mfma_gemm(float*, float const*, unsigned short const*, int, int, int, int)",2449,19,154606.0,8192.0,0.0,0.0,0.0,0.0,4.0,4912602477247485.0,4912602477332446.0
2449,1,320,64,0,0,16,0,48,64,"void moe_kernels::router_topk_wave64_kernel<64>(float*, float const*, int*, float*, int, int, int, int, int, float)",2450,55,38792.0,0.0,0.0,0.0,0.0,0.0,5.0,4912602477472766.0,4912602477488766.0
2450,1,256,256,1024,0,12,4,64,64,"batch_decode_kernels::align_routes(int const*, int, int, int, int*, int*, int*)",2451,17,39277.0,0.0,0.0,0.0,0.0,0.0,4.0,4912602477611967.0,4912602477628607.0
2451,1,349184,256,19968,0,36,4,48,64,"void batch_decode_kernels::grouped_expert_gate_up<16, 1>(float const*, char const*, unsigned long const*, unsigned long const*, int const*, int const*, float*, unsigned short*, int, int, int, int, int)",2452,31,231526.0,2162688.0,0.0,0.0,0.0,0.0,5456.0,4912602477750048.0,4912602477885408.0
2452,1,11264,256,19968,0,32,0,48,64,"batch_decode_kernels::mfma_gate_up_swiglu(float*, float const*, unsigned short const*, unsigned short const*, int, int, int)",2453,20,158050.0,720896.0,0.0,0.0,0.0,0.0,176.0,4912602478019809.0,4912602478107969.0
2453,1,507904,256,11264,0,24,0,48,64,"void batch_decode_kernels::grouped_expert_down<16, 1>(float const*, unsigned short const*, char const*, unsigned long const*, int const*, int const*, float*, int, int, int, int)",2454,32,138577.0,1081344.0,0.0,0.0,0.0,0.0,7936.0,4912602478239970.0,4912602478318530.0
2454,1,1280,256,0,0,12,4,32,64,"batch_decode_kernels::reduce_routes_add(float*, float const*, float const*, int, int, int)",2455,28,64051.0,0.0,0.0,0.0,0.0,0.0,20.0,4912602478418371.0,4912602478449411.0
2455,1,8192,256,11264,0,24,0,48,64,"batch_decode_kernels::mfma_gemm(float*, float const*, unsigned short const*, int, int, int, int)",2456,19,194484.0,360448.0,0.0,0.0,0.0,0.0,128.0,4912602478555971.0,4912602478665732.0
2456,1,1280,256,1024,0,12,4,32,64,"batch_decode_kernels::rmsnorm(float*, float const*, unsigned short const*, int, int, float)",2457,36,34633.0,0.0,0.0,0.0,0.0,0.0,20.0,4912602478772772.0,4912602478786532.0
2457,1,12288,256,11264,0,24,0,48,64,"batch_decode_kernels::mfma_gemm(float*, float const*, unsigned short const*, int, int, int, int)",2458,19,141880.0,393216.0,0.0,0.0,0.0,0.0,192.0,4912602478907653.0,4912602478985893.0
2458,1,2304,256,11264,0,24,0,48,64,"batch_decode_kernels::mfma_gemm(float*, float const*, unsigned short const*, int, int, int, int)",2459,19,145474.0,73728.0,0.0,0.0,0.0,0.0,36.0,4912602479087333.0,4912602479167014.0
2459,1,1280,256,1024,0,24,0,32,64,"batch_decode_kernels::kv_norm_rope(unsigned short*, float const*, unsigned short const*, int, int, int, int, int, int, float const*, int, float)",2460,43,28916.0,0.0,0.0,0.0,0.0,0.0,20.0,4912602479306054.0,4912602479315815.0
2460,1,32768,256,11264,0,24,0,48,64,"batch_decode_kernels::mfma_head_gemm(float*, float const*, unsigned short const*, int, int, int, int, int, int, unsigned long)",2461,29,34214.0,65536.0,0.0,0.0,0.0,0.0,512.0,4912602479437895.0,4912602479451335.0
2461,1,5120,256,0,0,24,0,32,64,"batch_decode_kernels::q_rope(float*, float const*, int, int, int, int, int, int, float const*, int)",2462,39,23683.0,0.0,0.0,0.0,0.0,0.0,80.0,4912602479569576.0,4912602479576936.0
2462,1,35840,256,0,0,16,0,32,64,"batch_decode_kernels::attention_score(float*, float const*, float const*, unsigned short const*, int, int, int, int, int, int, int, float)",2463,27,29702.0,0.0,0.0,0.0,0.0,0.0,560.0,4912602479701576.0,4912602479711976.0
2463,1,20480,256,1024,0,20,4,48,64,"void attention_kernels::softmax_rows_kernel<256>(float*, int, int, int, int)",2464,52,24604.0,0.0,0.0,0.0,0.0,0.0,320.0,4912602479831337.0,4912602479839337.0
2464,1,2621440,256,0,0,16,0,32,64,"batch_decode_kernels::latent_context(float*, float const*, unsigned short const*, int, int, int, int, int, int)",2465,41,66442.0,0.0,0.0,0.0,0.0,0.0,40960.0,4912602479961737.0,4912602479996458.0
2465,1,8192,256,11264,0,24,0,48,64,"batch_decode_kernels::mfma_head_gemm(float*, float const*, unsigned short const*, int, int, int, int, int, int, unsigned long)",2466,29,54036.0,65536.0,0.0,0.0,0.0,0.0,128.0,4912602480095498.0,4912602480120778.0
2466,1,8192,256,11264,0,24,0,48,64,"batch_decode_kernels::mfma_gemm(float*, float const*, unsigned short const*, int, int, int, int)",2467,19,147630.0,262144.0,0.0,0.0,0.0,0.0,128.0,4912602480223659.0,4912602480304779.0
2467,1,1280,256,1024,0,12,4,32,64,"batch_decode_kernels::rmsnorm(float*, float const*, unsigned short const*, int, int, float)",2468,36,35221.0,0.0,0.0,0.0,0.0,0.0,20.0,4912602480429099.0,4912602480443019.0
2468,1,256,256,11264,0,24,0,48,64,"batch_decode_kernels::mfma_gemm(float*, float const*, unsigned short const*, int, int, int, int)",2469,19,156755.0,8192.0,0.0,0.0,0.0,0.0,4.0,4912602480555180.0,4912602480641260.0
2469,1,320,64,0,0,16,0,48,64,"void moe_kernels::router_topk_wave64_kernel<64>(float*, float const*, int*, float*, int, int, int, int, int, float)",2470,55,37923.0,0.0,0.0,0.0,0.0,0.0,5.0,4912602480757101.0,4912602480772941.0
2470,1,256,256,1024,0,12,4,64,64,"batch_decode_kernels::align_routes(int const*, int, int, int, int*, int*, int*)",2471,17,39711.0,0.0,0.0,0.0,0.0,0.0,4.0,4912602480883021.0,4912602480899822.0
2471,1,349184,256,19968,0,36,4,48,64,"void batch_decode_kernels::grouped_expert_gate_up<16, 1>(float const*, char const*, unsigned long const*, unsigned long const*, int const*, int const*, float*, unsigned short*, int, int, int, int, int)",2472,31,232541.0,2162688.0,0.0,0.0,0.0,0.0,5456.0,4912602481007502.0,4912602481143823.0
2472,1,11264,256,19968,0,32,0,48,64,"batch_decode_kernels::mfma_gate_up_swiglu(float*, float const*, unsigned short const*, unsigned short const*, int, int, int)",2473,20,157707.0,720896.0,0.0,0.0,0.0,0.0,176.0,4912602481248143.0,4912602481336303.0
2473,1,507904,256,11264,0,24,0,48,64,"void batch_decode_kernels::grouped_expert_down<16, 1>(float const*, unsigned short const*, char const*, unsigned long const*, int const*, int const*, float*, int, int, int, int)",2474,32,142819.0,1081344.0,0.0,0.0,0.0,0.0,7936.0,4912602481445264.0,4912602481526384.0
2474,1,1280,256,0,0,12,4,32,64,"batch_decode_kernels::reduce_routes_add(float*, float const*, float const*, int, int, int)",2475,28,62925.0,0.0,0.0,0.0,0.0,0.0,20.0,4912602481641105.0,4912602481671505.0
2475,1,8192,256,11264,0,24,0,48,64,"batch_decode_kernels::mfma_gemm(float*, float const*, unsigned short const*, int, int, int, int)",2476,19,194115.0,360448.0,0.0,0.0,0.0,0.0,128.0,4912602481799506.0,4912602481908786.0
2476,1,1280,256,1024,0,12,4,32,64,"batch_decode_kernels::rmsnorm(float*, float const*, unsigned short const*, int, int, float)",2477,36,31715.0,0.0,0.0,0.0,0.0,0.0,20.0,4912602482035347.0,4912602482047187.0
2477,1,12288,256,11264,0,24,0,48,64,"batch_decode_kernels::mfma_gemm(float*, float const*, unsigned short const*, int, int, int, int)",2478,19,142221.0,393216.0,0.0,0.0,0.0,0.0,192.0,4912602482154547.0,4912602482232947.0
2478,1,2304,256,11264,0,24,0,48,64,"batch_decode_kernels::mfma_gemm(float*, float const*, unsigned short const*, int, int, int, int)",2479,19,142455.0,73728.0,0.0,0.0,0.0,0.0,36.0,4912602482345908.0,4912602482423828.0
2479,1,1280,256,1024,0,24,0,32,64,"batch_decode_kernels::kv_norm_rope(unsigned short*, float const*, unsigned short const*, int, int, int, int, int, int, float const*, int, float)",2480,43,29250.0,0.0,0.0,0.0,0.0,0.0,20.0,4912602482535829.0,4912602482545749.0
2480,1,32768,256,11264,0,24,0,48,64,"batch_decode_kernels::mfma_head_gemm(float*, float const*, unsigned short const*, int, int, int, int, int, int, unsigned long)",2481,29,33743.0,65536.0,0.0,0.0,0.0,0.0,512.0,4912602482655349.0,4912602482668629.0
2481,1,5120,256,0,0,24,0,32,64,"batch_decode_kernels::q_rope(float*, float const*, int, int, int, int, int, int, float const*, int)",2482,39,24097.0,0.0,0.0,0.0,0.0,0.0,80.0,4912602482774550.0,4912602482781910.0
2482,1,35840,256,0,0,16,0,32,64,"batch_decode_kernels::attention_score(float*, float const*, float const*, unsigned short const*, int, int, int, int, int, int, int, float)",2483,27,28638.0,0.0,0.0,0.0,0.0,0.0,560.0,4912602482888790.0,4912602482898870.0
2483,1,20480,256,1024,0,20,4,48,64,"void attention_kernels::softmax_rows_kernel<256>(float*, int, int, int, int)",2484,52,24887.0,0.0,0.0,0.0,0.0,0.0,320.0,4912602483002711.0,4912602483010551.0
2484,1,2621440,256,0,0,16,0,32,64,"batch_decode_kernels::latent_context(float*, float const*, unsigned short const*, int, int, int, int, int, int)",2485,41,66560.0,0.0,0.0,0.0,0.0,0.0,40960.0,4912602483121911.0,4912602483156632.0
2485,1,8192,256,11264,0,24,0,48,64,"batch_decode_kernels::mfma_head_gemm(float*, float const*, unsigned short const*, int, int, int, int, int, int, unsigned long)",2486,29,54747.0,65536.0,0.0,0.0,0.0,0.0,128.0,4912602483268472.0,4912602483294232.0
2486,1,8192,256,11264,0,24,0,48,64,"batch_decode_kernels::mfma_gemm(float*, float const*, unsigned short const*, int, int, int, int)",2487,19,144727.0,262144.0,0.0,0.0,0.0,0.0,128.0,4912602483414553.0,4912602483494233.0
2487,1,1280,256,1024,0,12,4,32,64,"batch_decode_kernels::rmsnorm(float*, float const*, unsigned short const*, int, int, float)",2488,36,32479.0,0.0,0.0,0.0,0.0,0.0,20.0,4912602483591193.0,4912602483603674.0
2488,1,256,256,11264,0,24,0,48,64,"batch_decode_kernels::mfma_gemm(float*, float const*, unsigned short const*, int, int, int, int)",2489,19,156235.0,8192.0,0.0,0.0,0.0,0.0,4.0,4912602483701914.0,4912602483787674.0
2489,1,320,64,0,0,16,0,48,64,"void moe_kernels::router_topk_wave64_kernel<64>(float*, float const*, int*, float*, int, int, int, int, int, float)",2490,55,41500.0,0.0,0.0,0.0,0.0,0.0,5.0,4912602483879035.0,4912602483896475.0
2490,1,256,256,1024,0,12,4,64,64,"batch_decode_kernels::align_routes(int const*, int, int, int, int*, int*, int*)",2491,17,39747.0,0.0,0.0,0.0,0.0,0.0,4.0,4912602483988635.0,4912602484005435.0
2491,1,349184,256,19968,0,36,4,48,64,"void batch_decode_kernels::grouped_expert_gate_up<16, 1>(float const*, char const*, unsigned long const*, unsigned long const*, int const*, int const*, float*, unsigned short*, int, int, int, int, int)",2492,31,230960.0,2162688.0,0.0,0.0,0.0,0.0,5456.0,4912602484102076.0,4912602484237116.0
2492,1,11264,256,19968,0,32,0,48,64,"batch_decode_kernels::mfma_gate_up_swiglu(float*, float const*, unsigned short const*, unsigned short const*, int, int, int)",2493,20,158145.0,720896.0,0.0,0.0,0.0,0.0,176.0,4912602484336477.0,4912602484425117.0
2493,1,507904,256,11264,0,24,0,48,64,"void batch_decode_kernels::grouped_expert_down<16, 1>(float const*, unsigned short const*, char const*, unsigned long const*, int const*, int const*, float*, int, int, int, int)",2494,32,139858.0,1081344.0,0.0,0.0,0.0,0.0,7936.0,4912602484538238.0,4912602484617598.0
2494,1,1280,256,0,0,12,4,32,64,"batch_decode_kernels::reduce_routes_add(float*, float const*, float const*, int, int, int)",2495,28,63833.0,0.0,0.0,0.0,0.0,0.0,20.0,4912602484707998.0,4912602484739519.0
2495,1,8192,256,11264,0,24,0,48,64,"batch_decode_kernels::mfma_gemm(float*, float const*, unsigned short const*, int, int, int, int)",2496,19,193977.0,360448.0,0.0,0.0,0.0,0.0,128.0,4912602484845279.0,4912602484954559.0
2496,1,1280,256,1024,0,12,4,32,64,"batch_decode_kernels::rmsnorm(float*, float const*, unsigned short const*, int, int, float)",2497,36,34427.0,0.0,0.0,0.0,0.0,0.0,20.0,4912602485048000.0,4912602485061440.0
2497,1,12288,256,11264,0,24,0,48,64,"batch_decode_kernels::mfma_gemm(float*, float const*, unsigned short const*, int, int, int, int)",2498,19,143257.0,393216.0,0.0,0.0,0.0,0.0,192.0,4912602485154080.0,4912602485233121.0
2498,1,2304,256,11264,0,24,0,48,64,"batch_decode_kernels::mfma_gemm(float*, float const*, unsigned short const*, int, int, int, int)",2499,19,144045.0,73728.0,0.0,0.0,0.0,0.0,36.0,4912602485349441.0,4912602485428322.0
2499,1,1280,256,1024,0,24,0,32,64,"batch_decode_kernels::kv_norm_rope(unsigned short*, float const*, unsigned short const*, int, int, int, int, int, int, float const*, int, float)",2500,43,28940.0,0.0,0.0,0.0,0.0,0.0,20.0,4912602485543522.0,4912602485553442.0
2500,1,32768,256,11264,0,24,0,48,64,"batch_decode_kernels::mfma_head_gemm(float*, float const*, unsigned short const*, int, int, int, int, int, int, unsigned long)",2501,29,32211.0,65536.0,0.0,0.0,0.0,0.0,512.0,4912602485645763.0,4912602485658403.0
2501,1,5120,256,0,0,24,0,32,64,"batch_decode_kernels::q_rope(float*, float const*, int, int, int, int, int, int, float const*, int)",2502,39,24281.0,0.0,0.0,0.0,0.0,0.0,80.0,4912602485748643.0,4912602485756323.0
2502,1,35840,256,0,0,16,0,32,64,"batch_decode_kernels::attention_score(float*, float const*, float const*, unsigned short const*, int, int, int, int, int, int, int, float)",2503,27,28320.0,0.0,0.0,0.0,0.0,0.0,560.0,4912602485851203.0,4912602485861124.0
2503,1,20480,256,1024,0,20,4,48,64,"void attention_kernels::softmax_rows_kernel<256>(float*, int, int, int, int)",2504,52,25111.0,0.0,0.0,0.0,0.0,0.0,320.0,4912602485952644.0,4912602485960804.0
2504,1,2621440,256,0,0,16,0,32,64,"batch_decode_kernels::latent_context(float*, float const*, unsigned short const*, int, int, int, int, int, int)",2505,41,66575.0,0.0,0.0,0.0,0.0,0.0,40960.0,4912602486057924.0,4912602486092485.0
2505,1,8192,256,11264,0,24,0,48,64,"batch_decode_kernels::mfma_head_gemm(float*, float const*, unsigned short const*, int, int, int, int, int, int, unsigned long)",2506,29,55032.0,65536.0,0.0,0.0,0.0,0.0,128.0,4912602486184325.0,4912602486210405.0
2506,1,8192,256,11264,0,24,0,48,64,"batch_decode_kernels::mfma_gemm(float*, float const*, unsigned short const*, int, int, int, int)",2507,19,145235.0,262144.0,0.0,0.0,0.0,0.0,128.0,4912602486312166.0,4912602486392166.0
2507,1,1280,256,1024,0,12,4,32,64,"batch_decode_kernels::rmsnorm(float*, float const*, unsigned short const*, int, int, float)",2508,36,35202.0,0.0,0.0,0.0,0.0,0.0,20.0,4912602486494566.0,4912602486508486.0
2508,1,256,256,11264,0,24,0,48,64,"batch_decode_kernels::mfma_gemm(float*, float const*, unsigned short const*, int, int, int, int)",2509,19,156101.0,8192.0,0.0,0.0,0.0,0.0,4.0,4912602486594247.0,4912602486680167.0
2509,1,320,64,0,0,16,0,48,64,"void moe_kernels::router_topk_wave64_kernel<64>(float*, float const*, int*, float*, int, int, int, int, int, float)",2510,55,39578.0,0.0,0.0,0.0,0.0,0.0,5.0,4912602486772328.0,4912602486788648.0
2510,1,256,256,1024,0,12,4,64,64,"batch_decode_kernels::align_routes(int const*, int, int, int, int*, int*, int*)",2511,17,40085.0,0.0,0.0,0.0,0.0,0.0,4.0,4912602486898408.0,4912602486915208.0
2511,1,349184,256,19968,0,36,4,48,64,"void batch_decode_kernels::grouped_expert_gate_up<16, 1>(float const*, char const*, unsigned long const*, unsigned long const*, int const*, int const*, float*, unsigned short*, int, int, int, int, int)",2512,31,228765.0,2162688.0,0.0,0.0,0.0,0.0,5456.0,4912602487026569.0,4912602487160649.0
2512,1,11264,256,19968,0,32,0,48,64,"batch_decode_kernels::mfma_gate_up_swiglu(float*, float const*, unsigned short const*, unsigned short const*, int, int, int)",2513,20,158119.0,720896.0,0.0,0.0,0.0,0.0,176.0,4912602487259530.0,4912602487348170.0
2513,1,507904,256,11264,0,24,0,48,64,"void batch_decode_kernels::grouped_expert_down<16, 1>(float const*, unsigned short const*, char const*, unsigned long const*, int const*, int const*, float*, int, int, int, int)",2514,32,140242.0,1081344.0,0.0,0.0,0.0,0.0,7936.0,4912602487430890.0,4912602487510411.0
2514,1,1280,256,0,0,12,4,32,64,"batch_decode_kernels::reduce_routes_add(float*, float const*, float const*, int, int, int)",2515,28,61543.0,0.0,0.0,0.0,0.0,0.0,20.0,4912602487600651.0,4912602487630251.0
2515,1,8192,256,11264,0,24,0,48,64,"batch_decode_kernels::mfma_gemm(float*, float const*, unsigned short const*, int, int, int, int)",2516,19,193411.0,360448.0,0.0,0.0,0.0,0.0,128.0,4912602487718412.0,4912602487827212.0
2516,1,1280,256,1024,0,12,4,32,64,"batch_decode_kernels::rmsnorm(float*, float const*, unsigned short const*, int, int, float)",2517,36,32174.0,0.0,0.0,0.0,0.0,0.0,20.0,4912602487912013.0,4912602487923853.0
2517,1,12288,256,11264,0,24,0,48,64,"batch_decode_kernels::mfma_gemm(float*, float const*, unsigned short const*, int, int, int, int)",2518,19,142786.0,393216.0,0.0,0.0,0.0,0.0,192.0,4912602488034413.0,4912602488113453.0
2518,1,2304,256,11264,0,24,0,48,64,"batch_decode_kernels::mfma_gemm(float*, float const*, unsigned short const*, int, int, int, int)",2519,19,142791.0,73728.0,0.0,0.0,0.0,0.0,36.0,4912602488201454.0,4912602488279534.0
2519,1,1280,256,1024,0,24,0,32,64,"batch_decode_kernels::kv_norm_rope(unsigned short*, float const*, unsigned short const*, int, int, int, int, int, int, float const*, int, float)",2520,43,27601.0,0.0,0.0,0.0,0.0,0.0,20.0,4912602488365935.0,4912602488375535.0
2520,1,32768,256,11264,0,24,0,48,64,"batch_decode_kernels::mfma_head_gemm(float*, float const*, unsigned short const*, int, int, int, int, int, int, unsigned long)",2521,29,32304.0,65536.0,0.0,0.0,0.0,0.0,512.0,4912602488455695.0,4912602488468175.0
2521,1,5120,256,0,0,24,0,32,64,"batch_decode_kernels::q_rope(float*, float const*, int, int, int, int, int, int, float const*, int)",2522,39,24373.0,0.0,0.0,0.0,0.0,0.0,80.0,4912602488567696.0,4912602488575376.0
2522,1,35840,256,0,0,16,0,32,64,"batch_decode_kernels::attention_score(float*, float const*, float const*, unsigned short const*, int, int, int, int, int, int, int, float)",2523,27,28049.0,0.0,0.0,0.0,0.0,0.0,560.0,4912602488679216.0,4912602488689136.0
2523,1,20480,256,1024,0,20,4,48,64,"void attention_kernels::softmax_rows_kernel<256>(float*, int, int, int, int)",2524,52,24846.0,0.0,0.0,0.0,0.0,0.0,320.0,4912602488788496.0,4912602488796817.0
2524,1,2621440,256,0,0,16,0,32,64,"batch_decode_kernels::latent_context(float*, float const*, unsigned short const*, int, int, int, int, int, int)",2525,41,66605.0,0.0,0.0,0.0,0.0,0.0,40960.0,4912602488898737.0,4912602488933457.0
2525,1,8192,256,11264,0,24,0,48,64,"batch_decode_kernels::mfma_head_gemm(float*, float const*, unsigned short const*, int, int, int, int, int, int, unsigned long)",2526,29,54129.0,65536.0,0.0,0.0,0.0,0.0,128.0,4912602489036818.0,4912602489062258.0
2526,1,8192,256,11264,0,24,0,48,64,"batch_decode_kernels::mfma_gemm(float*, float const*, unsigned short const*, int, int, int, int)",2527,19,144717.0,262144.0,0.0,0.0,0.0,0.0,128.0,4912602489144818.0,4912602489224338.0
2527,1,1280,256,1024,0,12,4,32,64,"batch_decode_kernels::rmsnorm(float*, float const*, unsigned short const*, int, int, float)",2528,36,33744.0,0.0,0.0,0.0,0.0,0.0,20.0,4912602489320179.0,4912602489333139.0
2528,1,256,256,11264,0,24,0,48,64,"batch_decode_kernels::mfma_gemm(float*, float const*, unsigned short const*, int, int, int, int)",2529,19,157349.0,8192.0,0.0,0.0,0.0,0.0,4.0,4912602489423699.0,4912602489510100.0
2529,1,320,64,0,0,16,0,48,64,"void moe_kernels::router_topk_wave64_kernel<64>(float*, float const*, int*, float*, int, int, int, int, int, float)",2530,55,39623.0,0.0,0.0,0.0,0.0,0.0,5.0,4912602489596820.0,4912602489613460.0
2530,1,256,256,1024,0,12,4,64,64,"batch_decode_kernels::align_routes(int const*, int, int, int, int*, int*, int*)",2531,17,39404.0,0.0,0.0,0.0,0.0,0.0,4.0,4912602489697941.0,4912602489714421.0
2531,1,349184,256,19968,0,36,4,48,64,"void batch_decode_kernels::grouped_expert_gate_up<16, 1>(float const*, char const*, unsigned long const*, unsigned long const*, int const*, int const*, float*, unsigned short*, int, int, int, int, int)",2532,31,230987.0,2162688.0,0.0,0.0,0.0,0.0,5456.0,4912602489799061.0,4912602489934262.0
2532,1,11264,256,19968,0,32,0,48,64,"batch_decode_kernels::mfma_gate_up_swiglu(float*, float const*, unsigned short const*, unsigned short const*, int, int, int)",2533,20,157742.0,720896.0,0.0,0.0,0.0,0.0,176.0,4912602490038262.0,4912602490126422.0
2533,1,507904,256,11264,0,24,0,48,64,"void batch_decode_kernels::grouped_expert_down<16, 1>(float const*, unsigned short const*, char const*, unsigned long const*, int const*, int const*, float*, int, int, int, int)",2534,32,138521.0,1081344.0,0.0,0.0,0.0,0.0,7936.0,4912602490206103.0,4912602490284823.0
2534,1,1280,256,0,0,12,4,32,64,"batch_decode_kernels::reduce_routes_add(float*, float const*, float const*, int, int, int)",2535,28,61423.0,0.0,0.0,0.0,0.0,0.0,20.0,4912602490369463.0,4912602490399384.0
2535,1,8192,256,11264,0,24,0,48,64,"batch_decode_kernels::mfma_gemm(float*, float const*, unsigned short const*, int, int, int, int)",2536,19,195115.0,360448.0,0.0,0.0,0.0,0.0,128.0,4912602490490744.0,4912602490600665.0
2536,1,1280,256,1024,0,12,4,32,64,"batch_decode_kernels::rmsnorm(float*, float const*, unsigned short const*, int, int, float)",2537,36,31575.0,0.0,0.0,0.0,0.0,0.0,20.0,4912602490698265.0,4912602490710105.0
2537,1,12288,256,11264,0,24,0,48,64,"batch_decode_kernels::mfma_gemm(float*, float const*, unsigned short const*, int, int, int, int)",2538,19,142372.0,393216.0,0.0,0.0,0.0,0.0,192.0,4912602490793625.0,4912602490872346.0
2538,1,2304,256,11264,0,24,0,48,64,"batch_decode_kernels::mfma_gemm(float*, float const*, unsigned short const*, int, int, int, int)",2539,19,143056.0,73728.0,0.0,0.0,0.0,0.0,36.0,4912602490951866.0,4912602491029946.0
2539,1,1280,256,1024,0,24,0,32,64,"batch_decode_kernels::kv_norm_rope(unsigned short*, float const*, unsigned short const*, int, int, int, int, int, int, float const*, int, float)",2540,43,28439.0,0.0,0.0,0.0,0.0,0.0,20.0,4912602491112187.0,4912602491122107.0
2540,1,32768,256,11264,0,24,0,48,64,"batch_decode_kernels::mfma_head_gemm(float*, float const*, unsigned short const*, int, int, int, int, int, int, unsigned long)",2541,29,33214.0,65536.0,0.0,0.0,0.0,0.0,512.0,4912602491207867.0,4912602491220347.0
2541,1,5120,256,0,0,24,0,32,64,"batch_decode_kernels::q_rope(float*, float const*, int, int, int, int, int, int, float const*, int)",2542,39,23771.0,0.0,0.0,0.0,0.0,0.0,80.0,4912602491300508.0,4912602491307708.0
2542,1,35840,256,0,0,16,0,32,64,"batch_decode_kernels::attention_score(float*, float const*, float const*, unsigned short const*, int, int, int, int, int, int, int, float)",2543,27,29176.0,0.0,0.0,0.0,0.0,0.0,560.0,4912602491392188.0,4912602491402588.0
2543,1,20480,256,1024,0,20,4,48,64,"void attention_kernels::softmax_rows_kernel<256>(float*, int, int, int, int)",2544,52,25299.0,0.0,0.0,0.0,0.0,0.0,320.0,4912602491482748.0,4912602491490908.0
2544,1,2621440,256,0,0,16,0,32,64,"batch_decode_kernels::latent_context(float*, float const*, unsigned short const*, int, int, int, int, int, int)",2545,41,67091.0,0.0,0.0,0.0,0.0,0.0,40960.0,4912602491574269.0,4912602491609149.0
2545,1,8192,256,11264,0,24,0,48,64,"batch_decode_kernels::mfma_head_gemm(float*, float const*, unsigned short const*, int, int, int, int, int, int, unsigned long)",2546,29,55473.0,65536.0,0.0,0.0,0.0,0.0,128.0,4912602491702109.0,4912602491728350.0
2546,1,8192,256,11264,0,24,0,48,64,"batch_decode_kernels::mfma_gemm(float*, float const*, unsigned short const*, int, int, int, int)",2547,19,144638.0,262144.0,0.0,0.0,0.0,0.0,128.0,4912602491810430.0,4912602491890430.0
2547,1,1280,256,1024,0,12,4,32,64,"batch_decode_kernels::rmsnorm(float*, float const*, unsigned short const*, int, int, float)",2548,36,32355.0,0.0,0.0,0.0,0.0,0.0,20.0,4912602491971711.0,4912602491984191.0
2548,1,256,256,11264,0,24,0,48,64,"batch_decode_kernels::mfma_gemm(float*, float const*, unsigned short const*, int, int, int, int)",2549,19,157145.0,8192.0,0.0,0.0,0.0,0.0,4.0,4912602492062751.0,4912602492149151.0
2549,1,320,64,0,0,16,0,48,64,"void moe_kernels::router_topk_wave64_kernel<64>(float*, float const*, int*, float*, int, int, int, int, int, float)",2550,55,38216.0,0.0,0.0,0.0,0.0,0.0,5.0,4912602492225152.0,4912602492241152.0
2550,1,256,256,1024,0,12,4,64,64,"batch_decode_kernels::align_routes(int const*, int, int, int, int*, int*, int*)",2551,17,41598.0,0.0,0.0,0.0,0.0,0.0,4.0,4912602492327552.0,4912602492344992.0
2551,1,349184,256,19968,0,36,4,48,64,"void batch_decode_kernels::grouped_expert_gate_up<16, 1>(float const*, char const*, unsigned long const*, unsigned long const*, int const*, int const*, float*, unsigned short*, int, int, int, int, int)",2552,31,234951.0,2162688.0,0.0,0.0,0.0,0.0,5456.0,4912602492429953.0,4912602492567233.0
2552,1,11264,256,19968,0,32,0,48,64,"batch_decode_kernels::mfma_gate_up_swiglu(float*, float const*, unsigned short const*, unsigned short const*, int, int, int)",2553,20,158763.0,720896.0,0.0,0.0,0.0,0.0,176.0,4912602492641954.0,4912602492730754.0
2553,1,507904,256,11264,0,24,0,48,64,"void batch_decode_kernels::grouped_expert_down<16, 1>(float const*, unsigned short const*, char const*, unsigned long const*, int const*, int const*, float*, int, int, int, int)",2554,32,142129.0,1081344.0,0.0,0.0,0.0,0.0,7936.0,4912602492810594.0,4912602492891395.0
2554,1,1280,256,0,0,12,4,32,64,"batch_decode_kernels::reduce_routes_add(float*, float const*, float const*, int, int, int)",2555,28,61750.0,0.0,0.0,0.0,0.0,0.0,20.0,4912602492978435.0,4912602493008195.0
2555,1,8192,256,11264,0,24,0,48,64,"batch_decode_kernels::mfma_gemm(float*, float const*, unsigned short const*, int, int, int, int)",2556,19,191723.0,360448.0,0.0,0.0,0.0,0.0,128.0,4912602493080196.0,4912602493188516.0
2556,1,1280,256,1024,0,12,4,32,64,"batch_decode_kernels::rmsnorm(float*, float const*, unsigned short const*, int, int, float)",2557,36,32603.0,0.0,0.0,0.0,0.0,0.0,20.0,4912602493276836.0,4912602493289316.0
2557,1,12288,256,11264,0,24,0,48,64,"batch_decode_kernels::mfma_gemm(float*, float const*, unsigned short const*, int, int, int, int)",2558,19,142547.0,393216.0,0.0,0.0,0.0,0.0,192.0,4912602493371077.0,4912602493450277.0
2558,1,2304,256,11264,0,24,0,48,64,"batch_decode_kernels::mfma_gemm(float*, float const*, unsigned short const*, int, int, int, int)",2559,19,146000.0,73728.0,0.0,0.0,0.0,0.0,36.0,4912602493530278.0,4912602493610438.0
2559,1,1280,256,1024,0,24,0,32,64,"batch_decode_kernels::kv_norm_rope(unsigned short*, float const*, unsigned short const*, int, int, int, int, int, int, float const*, int, float)",2560,43,27868.0,0.0,0.0,0.0,0.0,0.0,20.0,4912602493686598.0,4912602493696198.0
2560,1,32768,256,11264,0,24,0,48,64,"batch_decode_kernels::mfma_head_gemm(float*, float const*, unsigned short const*, int, int, int, int, int, int, unsigned long)",2561,29,32295.0,65536.0,0.0,0.0,0.0,0.0,512.0,4912602493778919.0,4912602493791239.0
2561,1,5120,256,0,0,24,0,32,64,"batch_decode_kernels::q_rope(float*, float const*, int, int, int, int, int, int, float const*, int)",2562,39,24390.0,0.0,0.0,0.0,0.0,0.0,80.0,4912602493869159.0,4912602493876359.0
2562,1,35840,256,0,0,16,0,32,64,"batch_decode_kernels::attention_score(float*, float const*, float const*, unsigned short const*, int, int, int, int, int, int, int, float)",2563,27,28341.0,0.0,0.0,0.0,0.0,0.0,560.0,4912602493957639.0,4912602493967399.0
2563,1,20480,256,1024,0,20,4,48,64,"void attention_kernels::softmax_rows_kernel<256>(float*, int, int, int, int)",2564,52,26489.0,0.0,0.0,0.0,0.0,0.0,320.0,4912602494050920.0,4912602494059720.0
2564,1,2621440,256,0,0,16,0,32,64,"batch_decode_kernels::latent_context(float*, float const*, unsigned short const*, int, int, int, int, int, int)",2565,41,66648.0,0.0,0.0,0.0,0.0,0.0,40960.0,4912602494139720.0,4912602494174600.0
2565,1,8192,256,11264,0,24,0,48,64,"batch_decode_kernels::mfma_head_gemm(float*, float const*, unsigned short const*, int, int, int, int, int, int, unsigned long)",2566,29,55344.0,65536.0,0.0,0.0,0.0,0.0,128.0,4912602494256521.0,4912602494282601.0
2566,1,8192,256,11264,0,24,0,48,64,"batch_decode_kernels::mfma_gemm(float*, float const*, unsigned short const*, int, int, int, int)",2567,19,147368.0,262144.0,0.0,0.0,0.0,0.0,128.0,4912602494353001.0,4912602494434122.0
2567,1,1280,256,1024,0,12,4,32,64,"batch_decode_kernels::rmsnorm(float*, float const*, unsigned short const*, int, int, float)",2568,36,32828.0,0.0,0.0,0.0,0.0,0.0,20.0,4912602494508842.0,4912602494521322.0
2568,1,256,256,11264,0,24,0,48,64,"batch_decode_kernels::mfma_gemm(float*, float const*, unsigned short const*, int, int, int, int)",2569,19,156158.0,8192.0,0.0,0.0,0.0,0.0,4.0,4912602494590122.0,4912602494676043.0
2569,1,320,64,0,0,16,0,48,64,"void moe_kernels::router_topk_wave64_kernel<64>(float*, float const*, int*, float*, int, int, int, int, int, float)",2570,55,39673.0,0.0,0.0,0.0,0.0,0.0,5.0,4912602494755083.0,4912602494771563.0
2570,1,256,256,1024,0,12,4,64,64,"batch_decode_kernels::align_routes(int const*, int, int, int, int*, int*, int*)",2571,17,40536.0,0.0,0.0,0.0,0.0,0.0,4.0,4912602494848683.0,4912602494865803.0
2571,1,349184,256,19968,0,36,4,48,64,"void batch_decode_kernels::grouped_expert_gate_up<16, 1>(float const*, char const*, unsigned long const*, unsigned long const*, int const*, int const*, float*, unsigned short*, int, int, int, int, int)",2572,31,231638.0,2162688.0,0.0,0.0,0.0,0.0,5456.0,4912602494942444.0,4912602495077644.0
2572,1,11264,256,19968,0,32,0,48,64,"batch_decode_kernels::mfma_gate_up_swiglu(float*, float const*, unsigned short const*, unsigned short const*, int, int, int)",2573,20,157671.0,720896.0,0.0,0.0,0.0,0.0,176.0,4912602495155565.0,4912602495243565.0
2573,1,507904,256,11264,0,24,0,48,64,"void batch_decode_kernels::grouped_expert_down<16, 1>(float const*, unsigned short const*, char const*, unsigned long const*, int const*, int const*, float*, int, int, int, int)",2574,32,142565.0,1081344.0,0.0,0.0,0.0,0.0,7936.0,4912602495310445.0,4912602495391566.0
2574,1,1280,256,0,0,12,4,32,64,"batch_decode_kernels::reduce_routes_add(float*, float const*, float const*, int, int, int)",2575,28,63986.0,0.0,0.0,0.0,0.0,0.0,20.0,4912602495462286.0,4912602495493486.0
2575,1,8192,256,11264,0,24,0,48,64,"batch_decode_kernels::mfma_gemm(float*, float const*, unsigned short const*, int, int, int, int)",2576,19,193644.0,360448.0,0.0,0.0,0.0,0.0,128.0,4912602495564207.0,4912602495673327.0
2576,1,1280,256,1024,0,12,4,32,64,"batch_decode_kernels::rmsnorm(float*, float const*, unsigned short const*, int, int, float)",2577,36,33591.0,0.0,0.0,0.0,0.0,0.0,20.0,4912602495747727.0,4912602495760847.0
2577,1,12288,256,11264,0,24,0,48,64,"batch_decode_kernels::mfma_gemm(float*, float const*, unsigned short const*, int, int, int, int)",2578,19,142486.0,393216.0,0.0,0.0,0.0,0.0,192.0,4912602495834288.0,4912602495913008.0
2578,1,2304,256,11264,0,24,0,48,64,"batch_decode_kernels::mfma_gemm(float*, float const*, unsigned short const*, int, int, int, int)",2579,19,144944.0,73728.0,0.0,0.0,0.0,0.0,36.0,4912602495988048.0,4912602496067409.0
2579,1,1280,256,1024,0,24,0,32,64,"batch_decode_kernels::kv_norm_rope(unsigned short*, float const*, unsigned short const*, int, int, int, int, int, int, float const*, int, float)",2580,43,29416.0,0.0,0.0,0.0,0.0,0.0,20.0,4912602496136049.0,4912602496146449.0
2580,1,32768,256,11264,0,24,0,48,64,"batch_decode_kernels::mfma_head_gemm(float*, float const*, unsigned short const*, int, int, int, int, int, int, unsigned long)",2581,29,32130.0,65536.0,0.0,0.0,0.0,0.0,512.0,4912602496213649.0,4912602496226129.0
2581,1,5120,256,0,0,24,0,32,64,"batch_decode_kernels::q_rope(float*, float const*, int, int, int, int, int, int, float const*, int)",2582,39,24603.0,0.0,0.0,0.0,0.0,0.0,80.0,4912602496291410.0,4912602496298610.0
2582,1,35840,256,0,0,16,0,32,64,"batch_decode_kernels::attention_score(float*, float const*, float const*, unsigned short const*, int, int, int, int, int, int, int, float)",2583,27,29037.0,0.0,0.0,0.0,0.0,0.0,560.0,4912602496364050.0,4912602496374450.0
2583,1,20480,256,1024,0,20,4,48,64,"void attention_kernels::softmax_rows_kernel<256>(float*, int, int, int, int)",2584,52,25406.0,0.0,0.0,0.0,0.0,0.0,320.0,4912602496439570.0,4912602496447570.0
2584,1,2621440,256,0,0,16,0,32,64,"batch_decode_kernels::latent_context(float*, float const*, unsigned short const*, int, int, int, int, int, int)",2585,41,66660.0,0.0,0.0,0.0,0.0,0.0,40960.0,4912602496512851.0,4912602496547571.0
2585,1,8192,256,11264,0,24,0,48,64,"batch_decode_kernels::mfma_head_gemm(float*, float const*, unsigned short const*, int, int, int, int, int, int, unsigned long)",2586,29,54071.0,65536.0,0.0,0.0,0.0,0.0,128.0,4912602496615891.0,4912602496641171.0
2586,1,8192,256,11264,0,24,0,48,64,"batch_decode_kernels::mfma_gemm(float*, float const*, unsigned short const*, int, int, int, int)",2587,19,145067.0,262144.0,0.0,0.0,0.0,0.0,128.0,4912602496705172.0,4912602496785172.0
2587,1,1280,256,1024,0,12,4,32,64,"batch_decode_kernels::rmsnorm(float*, float const*, unsigned short const*, int, int, float)",2588,36,32890.0,0.0,0.0,0.0,0.0,0.0,20.0,4912602496852532.0,4912602496865012.0
2588,1,256,256,11264,0,24,0,48,64,"batch_decode_kernels::mfma_gemm(float*, float const*, unsigned short const*, int, int, int, int)",2589,19,156405.0,8192.0,0.0,0.0,0.0,0.0,4.0,4912602496930133.0,4912602497016213.0
2589,1,320,64,0,0,16,0,48,64,"void moe_kernels::router_topk_wave64_kernel<64>(float*, float const*, int*, float*, int, int, int, int, int, float)",2590,55,40591.0,0.0,0.0,0.0,0.0,0.0,5.0,4912602497082773.0,4912602497100053.0
2590,1,256,256,1024,0,12,4,64,64,"batch_decode_kernels::align_routes(int const*, int, int, int, int*, int*, int*)",2591,17,39851.0,0.0,0.0,0.0,0.0,0.0,4.0,4912602497165814.0,4912602497182614.0
2591,1,349184,256,19968,0,36,4,48,64,"void batch_decode_kernels::grouped_expert_gate_up<16, 1>(float const*, char const*, unsigned long const*, unsigned long const*, int const*, int const*, float*, unsigned short*, int, int, int, int, int)",2592,31,233124.0,2162688.0,0.0,0.0,0.0,0.0,5456.0,4912602497251094.0,4912602497387575.0
2592,1,11264,256,19968,0,32,0,48,64,"batch_decode_kernels::mfma_gate_up_swiglu(float*, float const*, unsigned short const*, unsigned short const*, int, int, int)",2593,20,157588.0,720896.0,0.0,0.0,0.0,0.0,176.0,4912602497453655.0,4912602497541495.0
2593,1,507904,256,11264,0,24,0,48,64,"void batch_decode_kernels::grouped_expert_down<16, 1>(float const*, unsigned short const*, char const*, unsigned long const*, int const*, int const*, float*, int, int, int, int)",2594,32,141083.0,1081344.0,0.0,0.0,0.0,0.0,7936.0,4912602497607896.0,4912602497688056.0
2594,1,1280,256,0,0,12,4,32,64,"batch_decode_kernels::reduce_routes_add(float*, float const*, float const*, int, int, int)",2595,28,61718.0,0.0,0.0,0.0,0.0,0.0,20.0,4912602497751096.0,4912602497780856.0
2595,1,8192,256,11264,0,24,0,48,64,"batch_decode_kernels::mfma_gemm(float*, float const*, unsigned short const*, int, int, int, int)",2596,19,196504.0,360448.0,0.0,0.0,0.0,0.0,128.0,4912602497848857.0,4912602497959737.0
2596,1,1280,256,1024,0,12,4,32,64,"batch_decode_kernels::rmsnorm(float*, float const*, unsigned short const*, int, int, float)",2597,36,33171.0,0.0,0.0,0.0,0.0,0.0,20.0,4912602498020857.0,4912602498033657.0
2597,1,12288,256,11264,0,24,0,48,64,"batch_decode_kernels::mfma_gemm(float*, float const*, unsigned short const*, int, int, int, int)",2598,19,141780.0,393216.0,0.0,0.0,0.0,0.0,192.0,4912602498100378.0,4912602498178938.0
2598,1,2304,256,11264,0,24,0,48,64,"batch_decode_kernels::mfma_gemm(float*, float const*, unsigned short const*, int, int, int, int)",2599,19,145276.0,73728.0,0.0,0.0,0.0,0.0,36.0,4912602498244698.0,4912602498324219.0
2599,1,1280,256,1024,0,24,0,32,64,"batch_decode_kernels::kv_norm_rope(unsigned short*, float const*, unsigned short const*, int, int, int, int, int, int, float const*, int, float)",2600,43,28051.0,0.0,0.0,0.0,0.0,0.0,20.0,4912602498390299.0,4912602498399899.0
2600,1,32768,256,11264,0,24,0,48,64,"batch_decode_kernels::mfma_head_gemm(float*, float const*, unsigned short const*, int, int, int, int, int, int, unsigned long)",2601,29,32897.0,65536.0,0.0,0.0,0.0,0.0,512.0,4912602498463739.0,4912602498476539.0
2601,1,5120,256,0,0,24,0,32,64,"batch_decode_kernels::q_rope(float*, float const*, int, int, int, int, int, int, float const*, int)",2602,39,23790.0,0.0,0.0,0.0,0.0,0.0,80.0,4912602498537020.0,4912602498544060.0
2602,1,35840,256,0,0,16,0,32,64,"batch_decode_kernels::attention_score(float*, float const*, float const*, unsigned short const*, int, int, int, int, int, int, int, float)",2603,27,28001.0,0.0,0.0,0.0,0.0,0.0,560.0,4912602498607580.0,4912602498617500.0
2603,1,20480,256,1024,0,20,4,48,64,"void attention_kernels::softmax_rows_kernel<256>(float*, int, int, int, int)",2604,52,24532.0,0.0,0.0,0.0,0.0,0.0,320.0,4912602498679900.0,4912602498687900.0
2604,1,2621440,256,0,0,16,0,32,64,"batch_decode_kernels::latent_context(float*, float const*, unsigned short const*, int, int, int, int, int, int)",2605,41,66693.0,0.0,0.0,0.0,0.0,0.0,40960.0,4912602498752381.0,4912602498787421.0
2605,1,8192,256,11264,0,24,0,48,64,"batch_decode_kernels::mfma_head_gemm(float*, float const*, unsigned short const*, int, int, int, int, int, int, unsigned long)",2606,29,54532.0,65536.0,0.0,0.0,0.0,0.0,128.0,4912602498850941.0,4912602498876541.0
2606,1,8192,256,11264,0,24,0,48,64,"batch_decode_kernels::mfma_gemm(float*, float const*, unsigned short const*, int, int, int, int)",2607,19,145105.0,262144.0,0.0,0.0,0.0,0.0,128.0,4912602498941341.0,4912602499021342.0
2607,1,1280,256,1024,0,12,4,32,64,"batch_decode_kernels::rmsnorm(float*, float const*, unsigned short const*, int, int, float)",2608,36,32039.0,0.0,0.0,0.0,0.0,0.0,20.0,4912602499085182.0,4912602499097182.0
2608,1,256,256,11264,0,24,0,48,64,"batch_decode_kernels::mfma_gemm(float*, float const*, unsigned short const*, int, int, int, int)",2609,19,154940.0,8192.0,0.0,0.0,0.0,0.0,4.0,4912602499160062.0,4912602499245023.0
2609,1,320,64,0,0,16,0,48,64,"void moe_kernels::router_topk_wave64_kernel<64>(float*, float const*, int*, float*, int, int, int, int, int, float)",2610,55,39408.0,0.0,0.0,0.0,0.0,0.0,5.0,4912602499306783.0,4912602499323583.0
2610,1,256,256,1024,0,12,4,64,64,"batch_decode_kernels::align_routes(int const*, int, int, int, int*, int*, int*)",2611,17,40561.0,0.0,0.0,0.0,0.0,0.0,4.0,4912602499380703.0,4912602499397824.0
2611,1,349184,256,19968,0,36,4,48,64,"void batch_decode_kernels::grouped_expert_gate_up<16, 1>(float const*, char const*, unsigned long const*, unsigned long const*, int const*, int const*, float*, unsigned short*, int, int, int, int, int)",2612,31,230988.0,2162688.0,0.0,0.0,0.0,0.0,5456.0,4912602499455424.0,4912602499590624.0
2612,1,11264,256,19968,0,32,0,48,64,"batch_decode_kernels::mfma_gate_up_swiglu(float*, float const*, unsigned short const*, unsigned short const*, int, int, int)",2613,20,157614.0,720896.0,0.0,0.0,0.0,0.0,176.0,4912602499647631.0,4912602499735791.0
2613,1,507904,256,11264,0,24,0,48,64,"void batch_decode_kernels::grouped_expert_down<16, 1>(float const*, unsigned short const*, char const*, unsigned long const*, int const*, int const*, float*, int, int, int, int)",2614,32,137657.0,1081344.0,0.0,0.0,0.0,0.0,7936.0,4912602499798831.0,4912602499877071.0
2614,1,1280,256,0,0,12,4,32,64,"batch_decode_kernels::reduce_routes_add(float*, float const*, float const*, int, int, int)",2615,28,63143.0,0.0,0.0,0.0,0.0,0.0,20.0,4912602499935631.0,4912602499966191.0
2615,1,8192,256,11264,0,24,0,48,64,"batch_decode_kernels::mfma_gemm(float*, float const*, unsigned short const*, int, int, int, int)",2616,19,193936.0,360448.0,0.0,0.0,0.0,0.0,128.0,4912602500030512.0,4912602500139792.0
2616,1,1280,256,1024,0,12,4,32,64,"batch_decode_kernels::rmsnorm(float*, float const*, unsigned short const*, int, int, float)",2617,36,32467.0,0.0,0.0,0.0,0.0,0.0,20.0,4912602500198352.0,4912602500210672.0
2617,1,409600,256,11264,0,24,0,48,64,"batch_decode_kernels::mfma_gemm(float*, float const*, unsigned short const*, int, int, int, int)",2618,19,800275.0,13107200.0,0.0,0.0,0.0,0.0,6400.0,4912602500267473.0,4912602500768755.0
2618,1,1280,256,2048,0,8,0,32,64,"batch_decode_kernels::argmax(float const*, int, int*, int)",2619,22,317542.0,0.0,0.0,0.0,0.0,0.0,20.0,4912602500828275.0,4912602501010836.0
2619,1,512,512,0,0,20,4,32,64,__amd_rocclr_copyBuffer,2620,7,29063.0,0.0,0.0,0.0,0.0,0.0,8.0,4912602501070996.0,4912602501076916.0
2620,1,512,512,0,0,20,4,32,64,__amd_rocclr_copyBuffer,2621,7,27984.0,0.0,0.0,0.0,0.0,0.0,8.0,4912602501143317.0,4912602501149237.0
2621,1,512,512,0,0,20,4,32,64,__amd_rocclr_copyBuffer,2622,7,27939.0,0.0,0.0,0.0,0.0,0.0,8.0,4912602501215317.0,4912602501220917.0
2622,1,512,512,0,0,20,4,32,64,__amd_rocclr_copyBuffer,2623,7,27802.0,0.0,0.0,0.0,0.0,0.0,8.0,4912602501287477.0,4912602501293237.0
2623,1,512,512,0,0,20,4,32,64,__amd_rocclr_copyBuffer,2624,7,29369.0,0.0,0.0,0.0,0.0,0.0,8.0,4912602501358037.0,4912602501364437.0
