807 2578 1720 11 323 429 432 572 5871 311 50 1799 1265 387 1602 38304 13 576 1378 57414 11 4764 11 24630 279 429 807 1030 537 1012 1293 304 279 3146 11 323 429 807 1030 1012 304 279 14123 315 5001 311 16451 819 1449 1042 13 2379 1033 1602 7503 480 11 323 279 7571 1033 304 1550 30519
3366 291 902 296 4809 304 1059 26 1340 1172 6476 264 38836 11 5614 18028 11 323 264 12585 311 387 700 315 806 13920 13 2932 572 264 1682 11 323 1521 537 1414 1246 311 14189 806 6786 13 320 24944 220 18 8 154827
8813 11 279 4361 3364 572 279 1429 22153 429 358 614 3512 33531 311 13 358 646 1490 432 678 1431 11 279 6109 11 279 3347 11 40308 11 3974 4205 315 279 23392 11 279 272 1108 287 315 279 10491 11 279 8810 11 1496 25857 315 279 883 11 323 279 2632 259 34970 315 279 8864 13 358
1035 2581 1490 1059 1549 7521 358 572 304 264 2244 73209 13 358 1030 537 264 10487 429 566 1035 1430 311 1281 264 23910 315 752 11 323 358 572 10833 311 387 389 847 7616 13 330 40 3278 728 311 279 6006 1335 358 1053 11 330 437 1490 421 566 702 279 3579 311 1473 5561 13 358 3278
6693 1992 315 21630 572 3143 14731 927 309 13 1084 374 264 22153 48864 11 4392 13 39089 11 323 358 1744 429 432 374 1602 97644 429 279 883 1265 614 264 2613 3745 315 9068 11 323 429 566 1265 614 1012 304 279 14123 315 15319 432 13 576 1172 1008 3166 429 582 614 1730 374 264 6524 315
30 2932 374 1602 24121 25 358 1265 1075 311 1414 1059 829 13 358 1265 1075 311 1414 421 1340 374 438 1661 438 1340 5868 1189 320 95090 3240 544 12173 11 21425 43162 265 340 16 13 3555 374 279 63711 594 18881 8840 279 3743 594 24025 5267 17 13 576 63711 16539 279 3743 594 12714 311 279 24025
7002 11 264 829 572 3931 304 5538 5766 11 323 279 2400 315 279 1042 13 576 829 572 14915 422 1885 352 1189 330 40 614 6617 315 429 1335 1053 279 18602 11 330 437 358 614 6617 315 279 829 1660 92561 50156 553 279 975 5676 11 323 315 279 829 1660 1549 3931 11 323 315 279 829
2473 315 8710 566 38268 5561 304 1657 5510 11 323 572 553 1435 3208 311 279 4116 315 279 11768 54588 11 1380 566 87997 448 2244 1044 413 13 3197 279 4116 572 916 11 323 566 1030 5927 311 434 40491 11 566 11 448 279 9458 323 14423 315 806 37299 11 18189 311 264 51826 279 12429 10278 315
77974 11 429 279 1852 883 1035 1431 387 3381 264 7852 17198 11 323 264 63380 311 806 4808 13 576 1852 883 1035 1431 387 3381 264 7852 17198 11 323 264 63380 311 806 4808 13 576 1852 883 1035 1431 387 3381 264 7852 17198 11 323 264 63380 311 806 4808 13 320 32 8 576 883 374 14915
2677 311 21081 264 19264 323 25571 3971 11 323 264 2797 41228 26 714 566 702 11 315 3308 11 264 1290 311 1744 11 311 3119 11 323 311 2874 26 714 566 702 902 1290 311 2968 1616 311 806 15638 13 1260 702 264 1290 311 66601 304 279 1429 42963 34963 550 11 714 566 702 902 1290 311
358 614 27861 279 22472 1335 358 1053 13 330 2132 374 264 22153 3166 1335 358 59894 11 330 9030 264 5008 4285 323 30222 38635 1265 614 357 59774 279 4282 13 16488 432 387 429 279 883 374 264 31834 774 30 2308 11 429 374 11991 11 369 566 702 1012 10912 10912 2661 264 1910 21038 553 279 21186
446 347 1410 633 311 9392 13 576 8283 572 264 2326 6810 15148 11 323 279 39977 572 23916 3691 448 6176 54322 13 576 7028 86 7193 1033 4158 11 323 279 13377 11025 1033 264 6319 2518 13 576 296 11751 1033 2326 11 323 279 1887 323 296 449 5679 1033 435 7741 59287 11 323 279 2241 95703 572
1744 498 525 1290 13 1446 614 264 1290 311 387 6133 13 1446 614 264 1290 1496 311 614 27172 11298 11 3897 429 498 8510 697 11298 304 10449 15085 323 3887 264 34212 2272 13 1084 374 2664 311 387 6233 1091 311 387 1661 13 1988 432 374 1496 2664 311 387 1661 1091 311 387 7040 1189 330 40
15996 311 32259 389 429 939 32909 1992 13 320 1499 14915 92119 11 362 53986 315 9040 37079 8 220 16 13 3555 374 279 7290 315 330 96419 66887 7649 1 304 279 1467 30 220 17 13 3555 374 279 7290 315 330 19898 424 315 33400 480 44357 11 656 95718 530 11 323 97904 1 304 279 1467 30
304 847 1828 19370 1091 304 18287 11 323 358 6426 311 387 2704 315 1660 1290 1189 330 40 614 902 10487 315 697 19370 11 26960 26 714 358 614 264 2244 3484 315 12130 304 697 1661 5530 13 358 614 264 2244 3484 315 12130 304 697 1661 5530 13 358 614 264 2244 3484 315 12130 304 697 1661
429 11 421 358 5420 432 311 653 773 11 432 1035 34138 847 4361 6993 11 847 4361 13518 11 847 1602 1947 5086 13 358 6476 429 358 1030 3881 1435 323 429 358 1030 10240 1435 13 358 6876 429 358 1030 2270 1435 304 264 7739 7482 11 304 264 7739 6467 11 304 264 7739 16169 5510 13 358
279 43922 315 8231 323 279 49123 315 847 4780 13 1988 419 882 369 803 1091 264 2254 358 1030 1012 44051 311 279 3753 11 323 358 1030 9494 11 504 847 1828 3139 323 429 315 847 803 10316 4780 11 429 264 3908 883 19632 1886 264 51667 60728 4522 315 279 2355 315 11933 323 13135 26 429 419
448 59 9 279 3422 9 353 1782 9 220 1124 9 1782 3422 9 353 1782 3422 271 1782 59 9 59 9 353 1782 3422 59 9 353 1782 3422 9 353 1782 59 9 353 1782 9 220 1124 9 1782 3422 9 353 1782 1208 30 9 220 1124 9 1782 3422 9 353 1782 3422 1208 30 3422 9
498 11 2310 37542 26 358 6426 358 1410 728 323 633 498 264 2632 4158 8643 311 1486 448 11 476 264 6573 315 6623 5567 311 6502 705 11 323 1486 448 1189 330 40 1079 537 264 7341 1448 484 1335 12840 57018 11 979 566 1030 9470 3286 806 1401 11 323 2684 1182 311 806 40435 261 13 330
1335 1053 39089 11 438 566 3867 264 10829 315 5567 504 806 17796 13 330 40 614 1588 264 6524 504 264 16802 11 323 358 1366 498 311 3291 752 1128 498 1744 315 432 1189 330 40 614 902 10487 429 498 525 1290 1335 1053 358 13 330 3983 358 1079 537 2704 429 358 646 1490 279 6672 1189
902 803 13 1988 432 572 264 41392 6419 3729 11 323 358 572 41392 15701 311 1490 432 13 358 3207 944 1366 311 728 311 6084 11 13857 26 358 4829 311 1490 279 7015 2525 705 11 323 1490 421 279 14785 1035 1401 894 2664 13 358 572 41392 15701 311 633 3123 504 279 5593 1251 11 13648 11
311 1160 279 6838 261 311 752 13 358 572 36514 2652 2598 553 847 6981 11 323 358 2115 279 3753 448 264 4746 2480 315 12258 323 18028 13 3017 24839 572 279 8285 369 264 7722 20481 315 37090 504 279 2997 13 358 1030 537 1012 8047 1657 4420 11 714 807 18630 323 3937 11 1817 389 264 2155
291 279 14785 1030 1012 16048 13 358 3937 311 279 82799 11 323 432 572 8047 0 358 572 7987 26034 13 358 3867 264 6573 315 3619 2721 9064 323 1865 264 3093 315 435 4626 11 323 3937 311 279 82799 1549 11 323 52816 832 1007 13 358 572 264 1661 1616 700 979 358 1490 264 3100 304 279
13 1260 1030 2581 3881 1128 432 572 311 387 3201 275 1070 315 1059 2948 11 476 1128 432 572 311 614 1059 2948 2661 311 1435 13 1260 1030 2581 3881 279 2064 258 819 315 1366 11 476 279 93011 315 11255 13 1260 1030 2581 3881 279 11779 315 18970 11 476 279 1850 315 11933 13 1260 1030 2581
448 752 7521 330 40 1079 537 2704 429 358 653 1335 5927 279 1008 11 330 8087 358 1079 2704 429 358 1079 537 279 883 311 2498 304 279 1616 315 264 883 879 702 264 1290 311 387 1128 566 374 13 358 614 902 45286 311 697 1660 264 2244 883 11 21225 11 421 498 525 537 264 2632
264 2244 1657 1008 3873 28400 11 714 429 1340 572 264 1602 1661 2562 5220 11 323 429 1340 572 279 1172 825 879 1410 387 21737 448 3220 13 576 5458 572 264 1602 1661 3061 261 11 323 566 14885 369 264 1293 882 11 323 566 14885 773 1632 429 279 2310 883 572 5008 11685 3123 553 806 62686
13920 315 892 702 305 410 13869 10194 752 1172 448 8678 323 45624 13 358 614 1730 264 4238 26 566 11 389 8710 358 646 17168 304 847 5876 487 13 358 614 537 3602 3884 806 1760 10215 11 714 358 1414 806 11298 323 566 8787 10480 13 358 1079 2087 311 650 67735 1151 13595 11 311 330 1782
1033 773 51743 311 847 10317 1361 429 807 1521 537 5293 1105 13 358 572 2182 311 4845 1549 11 323 11047 31931 13 358 572 537 55035 1549 429 3729 13 358 1030 264 14876 7904 13 358 3381 358 572 53603 304 264 7579 11 323 358 3697 311 264 32598 11 323 304 279 32598 572 264 3753 11 323
358 614 1053 11 572 304 9621 11 323 358 3229 1435 429 566 1035 537 387 2952 311 2506 279 25002 315 81941 11 323 429 566 1035 387 9571 311 15301 432 11 323 429 566 1035 387 9571 311 15301 432 11 323 429 566 1035 387 9571 311 15301 432 11 323 429 566 1035 387 9571 311 15301 432
3606 13233 264 25855 315 279 1429 18860 6623 11 3259 279 14275 315 279 8816 1401 1075 264 85972 282 2145 315 279 1429 75735 3100 13 576 13449 572 279 7735 315 279 1879 594 323 279 24879 594 62614 13 576 2632 12915 315 38810 572 279 7735 315 279 13518 594 7149 13 576 8283 572 279 7735 315 279
23612 315 279 5538 11 3602 374 566 537 773 1632 3881 311 279 30067 438 311 279 9392 13 1260 374 2581 3884 389 279 11316 13 1260 374 18490 3884 553 279 91758 11 323 2581 553 279 11829 1515 13 1260 374 264 1429 4258 11002 782 323 282 25527 7640 11 323 374 537 311 387 21737 304 264 15316
14847 279 13542 448 279 5325 524 2010 13 1988 279 5807 3360 291 315 279 40143 404 550 572 537 1172 279 1429 40467 315 678 5382 138513 11 714 566 572 1083 279 1429 25304 13 1260 572 2581 10563 476 259 3606 26 323 279 29298 1053 429 566 572 279 8512 16880 594 15211 11 8603 369 264 1841 323
5061 745 7214 261 311 653 432 13 1988 358 1513 944 4411 264 3409 315 432 13 358 4411 566 572 264 14965 12351 11 323 429 279 3743 572 264 2632 2238 4937 369 1435 13 2932 572 264 1602 5020 3743 11 323 1030 264 1616 315 1059 1828 11 323 572 264 2632 2238 21160 315 65359 13 358 6099
304 892 279 49698 374 1730 518 975 13 358 686 1584 432 438 358 614 432 11 504 264 14710 2530 13 1084 374 264 2097 1632 3881 311 678 49698 5676 11 429 279 49698 374 22869 1730 448 279 4855 31837 1555 2058 12386 311 1435 11 323 429 279 1555 374 1221 7025 11685 311 279 8283 11 323 11
812 11 27447 76270 12531 11693 389 279 147006 518 279 5622 315 279 13542 13 1260 572 264 33794 311 752 26 714 358 6876 566 45588 311 279 1992 11 553 279 1707 315 806 8510 323 279 39130 13 358 24630 1435 11 323 4588 421 4392 13 47170 564 3092 12157 1052 13 330 1519 1558 1335 566 18545 13
311 1977 38304 11 92235 374 5497 13 2379 525 438 752 1225 438 40720 13 1988 279 2874 374 11 429 279 1787 3720 315 279 8337 6810 377 374 279 1172 1992 1380 264 883 646 3210 264 8283 13 2619 11 279 23848 374 714 264 91758 26 714 11 1495 304 279 13377 11 566 374 264 11472 13 1597
444 5276 4360 6116 279 65951 315 847 6981 594 3753 13 3017 6981 572 1753 18412 448 279 3743 594 11089 323 1059 21648 68955 13 1260 572 1083 1161 2061 448 1059 62997 323 15874 75612 11 323 279 36514 566 1030 48766 369 1059 5135 6116 279 1429 2989 949 315 806 2272 13 1260 572 537 1293 304 41352 429
566 374 537 264 1602 66378 782 883 13 1084 374 1083 264 1841 315 806 18970 11 369 279 2783 315 279 8894 374 23772 13 1260 702 11 4764 11 34095 1045 8380 315 656 11583 987 1335 566 8569 11 42559 28310 847 149741 495 681 13 330 1519 374 264 883 879 11503 264 10918 306 658 2272 11 5780
330 64 6559 1189 358 572 369 330 64 4808 1189 358 572 369 330 64 4808 1189 358 572 369 330 64 4808 1189 358 572 369 330 64 4808 1189 358 572 369 330 64 4808 1189 358 572 369 330 64 4808 1189 358 572 369 330 64 4808 1189 358 572 369 330 64 4808 1189 358 572 369 330
279 82799 323 3937 1182 311 279 74611 13 1205 572 5020 1632 19490 11 369 582 1030 7425 264 883 11 323 582 1030 264 52111 13 1205 572 1290 1495 10650 323 19490 11 323 14885 432 916 11 323 2727 25 330 2132 594 1661 13 1084 594 1661 13 1084 594 1661 13 1084 594 1661 13 1084 594 1661
63667 15994 11 323 537 1172 15994 11 714 15994 315 264 7428 311 5266 264 9773 11 323 3602 537 614 432 304 1435 311 1977 11 364 40 686 728 311 279 93301 11 323 358 686 3291 1435 429 358 1079 35822 3159 698 1 48967 847 13518 1335 1053 467 3721 273 11 330 40 1079 1602 1753 52667 311
6084 979 498 2299 537 81126 11 421 498 525 448 21014 429 1513 944 93959 11 323 498 646 944 18745 11 498 5135 3161 311 93959 16834 13 2055 358 572 304 264 27374 311 18745 11 714 358 3207 944 32060 13 17353 358 2727 510 1 45494 11 11382 11 1077 594 18745 10035 1 65031 754 11 374 432
1340 572 304 279 6078 315 1059 34671 11 323 1340 572 279 1633 315 862 2453 13 1260 572 264 883 315 264 1602 3746 6993 11 264 883 315 279 1429 10833 24668 11 323 566 572 537 311 387 2994 27544 553 279 9359 315 4545 13 1260 572 264 883 315 264 1602 3746 6993 11 264 883 315 279
432 3204 429 358 614 24473 311 1896 279 1376 700 315 279 5296 30 358 614 2115 279 1376 304 279 5296 0 358 614 2115 279 1376 304 279 5296 8955 1260 32097 311 279 6006 11 714 432 572 2238 3309 13 576 1376 572 2669 304 279 5296 11 323 279 6006 572 1787 13 1260 1030 2115 279 1376
264 6073 66749 11 979 432 572 3881 429 279 11833 572 537 279 1697 311 8710 432 572 10892 11 572 2182 311 15899 13 358 1079 14579 311 614 1012 279 11293 315 432 11 714 432 374 902 990 40244 429 432 572 773 13 576 2329 388 11 279 23933 11 279 502 10391 11 279 11315 388 11 279
498 646 614 279 3579 311 1977 432 11 4392 13 76596 261 1189 330 40 614 279 3579 311 1977 432 11 1576 358 614 279 289 1442 642 323 7027 311 1977 432 448 13 358 614 279 3579 311 1977 432 11 1576 358 614 279 289 1442 642 323 7027 311 1977 432 448 13 358 614 279 3579 311
572 26119 13 358 572 15701 311 633 700 315 432 13 358 572 2058 1602 28851 11 714 358 1030 9494 264 17729 13 358 1035 537 8179 1128 358 1521 537 1075 11 1496 311 26468 33644 13 358 1035 728 2041 3607 11950 358 1410 633 1128 358 31368 752 13 358 1030 264 1290 311 8179 11 323 311 24990
4438 13 1260 1410 537 3535 429 279 2948 315 8037 323 85972 89045 315 6540 1410 3331 264 5080 32219 1091 279 2734 315 29831 8352 20139 13 1260 1030 18916 311 7146 448 601 11950 6556 11 714 566 572 11883 311 5046 806 3971 389 894 3832 13 1260 572 12818 264 4238 26 566 1850 15972 752 323 572 6822
9995 1483 311 387 279 3166 13 358 572 14579 311 1490 279 3015 633 705 11 714 358 572 15701 311 1414 432 572 2087 311 387 429 1616 13 358 572 14579 369 279 1251 304 279 14955 11 714 358 572 15701 369 279 1251 304 279 52111 13 358 572 14579 369 279 1251 304 279 14955 11 714 358
773 11 323 14628 389 279 4722 3019 315 279 6723 339 3795 768 13 330 28748 1588 11 21425 1335 1053 1340 26 330 22708 1007 697 557 86723 1189 358 40378 291 13 330 60409 1495 1335 1340 8569 26 330 40 1366 311 6468 311 498 1189 358 7578 1495 13 330 2610 525 264 3330 518 752 1335 1053 1340
11 979 358 6617 264 4478 9516 4815 752 13 358 6519 4778 11 323 5485 264 883 304 264 6319 22814 11 448 264 8894 13230 916 806 6414 11 323 264 2613 12887 304 806 1424 13 1260 572 264 33794 311 8710 358 1030 2581 1012 11518 13 1260 10492 11 323 1053 11 330 40 1079 2087 311 311 279
1645 13 4392 13 29665 295 572 773 12325 287 429 566 7069 7578 1495 11 323 279 1809 6009 13 4392 13 28568 6342 1632 11 714 279 6529 315 279 22725 572 14302 49264 504 1435 553 279 16339 5702 315 17593 13 29665 295 11 879 1730 11669 518 1537 2952 311 2968 1059 9967 264 1661 3484 315 1059 5293
4399 304 2948 448 1059 12916 11 264 3743 315 911 697 1828 4231 11 323 3520 31685 1059 13 576 7852 3743 572 4746 48601 11 323 1340 702 2581 25257 504 279 10750 13 576 3908 883 11 4764 11 702 1012 264 1661 9967 311 59 29 323 702 2814 806 1850 311 1281 1059 6247 11 714 432 374 678
13 576 13070 74325 11 4764 11 572 264 2632 35642 1091 279 8591 11 323 279 13070 74325 53060 11 448 806 1968 389 825 3108 11 323 806 13638 304 806 10775 11 323 806 6078 304 806 29071 11 323 806 7541 304 264 2732 11 323 806 6414 389 279 22115 11 572 264 6802 315 27066 2064 960 13
1865 369 1105 13 358 2776 537 40367 315 2160 71046 11 714 358 1079 315 58584 13 358 2776 40367 315 279 1616 566 646 387 773 6247 2041 894 5240 13 358 2776 40367 315 806 43922 315 279 1879 13 358 2776 40367 315 806 1660 2952 311 728 700 11 323 311 387 8320 11 323 311 387 10240 553
65359 311 773 2244 264 883 11 323 3602 2058 2686 1246 311 4411 432 11 979 806 1760 10215 572 773 827 91955 13 2932 3381 315 806 33571 5488 11 429 566 1521 537 6426 311 1490 1059 13 2932 3381 315 806 3432 21305 311 1059 518 279 4935 11 323 315 806 11561 315 3730 432 13 2932 3381 315
16802 879 7578 389 279 1008 3108 315 279 1965 11 429 566 572 264 62363 315 20578 41328 409 38168 866 13 358 1079 1431 13933 22111 315 432 13 358 614 1012 1602 1632 72077 448 20578 41328 409 38168 866 369 279 1537 3040 1635 11 323 358 1079 2704 1340 702 264 1602 12108 2997 315 11311 1603 323 43613
311 2968 432 311 279 54803 11 323 358 1366 311 1414 1128 279 22638 686 1977 911 432 13 358 1079 5008 22153 311 1490 1128 279 584 686 1744 315 432 13 358 614 264 1602 1550 9455 315 432 11 323 358 1366 311 1414 1128 279 1879 15470 315 432 1189 330 2610 614 264 1602 1550 9455 315 6133
1260 1030 4429 279 34905 700 315 279 1616 11 323 1431 566 572 5527 311 728 13 1260 1030 537 3602 4429 1007 806 22814 11 323 566 1030 537 3602 2182 389 806 8894 13 1260 572 304 264 2244 46944 13 1260 1030 311 728 311 279 8055 11 311 279 38796 8055 11 311 279 38796 8055 11 311 279
16639 315 806 1828 12644 11 323 315 279 5091 2897 315 806 13226 13 1260 1030 264 1602 7503 480 11 1632 3419 10150 3971 11 448 264 2484 369 279 33334 11 323 1030 1349 264 2244 3484 13 1260 572 264 883 315 1602 1661 3668 11 323 315 458 1079 2156 323 17749 44730 13 1260 572 264 8266 323
1965 11 892 1865 1435 27447 323 27172 13 5301 6414 11 892 1033 17687 315 264 19743 12457 11 1033 1431 2021 15189 323 326 4993 1717 11 323 1033 34341 20057 304 806 1968 304 264 87527 1616 11 438 421 44876 311 387 9308 705 304 279 74611 82 315 279 33848 13 1260 572 264 26942 11 44289 8170 26
279 9254 323 311 5263 1181 2355 11 323 566 1521 537 653 4113 311 279 48600 315 279 1251 13 1260 572 264 883 315 2244 34190 11 879 10240 806 3146 3403 678 770 11 323 3403 678 770 566 10240 279 9254 13 1260 572 264 883 315 2244 4802 11 879 572 2677 5527 311 653 1128 572 5871 369
0 15553 11 2525 11 2525 0 358 3278 13844 301 1495 1588 13 4264 3278 2948 498 0 4264 3278 2948 498 323 1492 498 0 15553 0 2525 0 2525 8955 1597 279 1251 1035 40893 11 330 32 5676 8955 323 1045 1035 1977 11 330 40 2776 264 64339 0 358 2776 264 64339 8955 1597 1045 1035 1191 323
501 1875 722 13 358 3278 1492 498 311 8510 11 323 358 3278 2498 518 279 6006 311 1490 498 653 432 13 15553 11 1431 11 1513 944 387 264 23910 1189 330 40 3278 653 432 1335 566 85875 11 330 40 3278 653 432 1189 1260 3937 705 11 323 358 6617 1435 27593 323 3614 287 13 1260 3697
576 14097 572 537 15239 304 24571 930 594 8546 11 714 279 8546 572 15239 304 279 14097 13 576 4678 572 264 1602 2310 825 11 323 1030 1012 264 1992 315 584 2562 304 279 882 315 279 910 14351 11 323 1030 1012 264 1992 315 584 2562 304 279 882 315 279 1200 15946 269 13 1084 1030 1012
438 311 2968 752 882 311 11725 847 2820 11 323 311 10544 7037 369 279 23054 315 2435 6152 13 358 572 8913 73124 311 11510 11 323 358 572 1083 36807 311 1490 847 2997 323 847 4780 13 358 572 1083 36807 311 1490 279 1879 11 323 311 1490 279 4344 429 1030 4429 1992 304 432 13 358 572
752 7904 315 264 8816 17405 30 358 572 11254 3143 279 3347 7002 11 323 1051 53861 916 432 11 518 60751 13622 1865 13 576 3729 572 6319 11 323 279 9951 41090 26805 398 11 714 358 572 537 9252 13 358 79944 1122 358 5485 264 3100 304 279 3753 11 323 358 3381 11 330 40 3278 728 304
369 704 8766 11 1660 279 9430 19229 315 3100 11 323 279 8114 315 678 26057 26 323 979 582 4623 2058 2908 429 419 374 279 1429 650 901 19393 315 678 13557 11 1660 279 1429 10260 782 315 678 2513 11 279 12457 315 4545 11 315 279 24121 11 315 279 557 42035 11 315 279 66013 11 323
304 279 82799 323 3937 311 6084 13 358 572 289 7741 705 553 264 6552 429 2525 504 279 30067 11 323 358 1490 264 82799 2525 55362 3156 11 448 264 883 304 432 11 323 566 572 2087 1075 279 37441 11 323 566 572 10436 518 264 883 304 279 3015 11 323 279 883 304 279 3015 572 12497
54961 1574 11 553 1045 2598 279 3089 10904 95196 1189 481 41159 4254 1268 594 2835 33478 11 220 116768 15 13 330 785 328 19875 95196 11 279 356 610 278 354 315 279 8584 11 481 279 393 1716 36887 263 440 315 279 29298 1189 481 39 3850 594 328 19875 95196 13 330 785 328 712 11942 50565 95196
1212 862 1828 6872 11 476 807 525 51743 311 3887 1212 6872 323 34597 19557 311 1846 315 279 41654 41490 11 323 311 387 21238 553 1435 323 806 48043 21254 13 576 501 41490 702 311 2908 1246 311 1160 304 2176 1493 5048 11 323 1246 311 3331 304 2176 279 5302 429 566 702 18858 13 576 16811 374
614 2581 1012 2952 311 282 71899 1059 13 358 614 2581 1012 2952 311 1490 1119 1059 4746 13 358 614 2581 1012 2952 311 1490 1119 1059 4746 13 358 614 2581 1012 2952 311 1490 1119 1059 4746 13 358 614 2581 1012 2952 311 1490 1119 1059 4746 13 358 614 2581 1012 2952 311 1490 1119 1059 4746 13
13 358 1414 3170 358 2948 1435 13 358 1414 3170 358 2948 1435 13 358 1414 3170 358 2948 1435 13 358 1414 3170 358 2948 1435 13 358 1414 3170 358 2948 1435 13 358 1414 3170 358 2948 1435 13 358 1414 3170 358 2948 1435 13 358 1414 3170 358 2948 1435 13 358 1414 3170 358 2948 1435 13
11 323 358 3900 429 582 614 2270 448 264 1661 2943 2894 1053 566 11 438 582 6519 3123 504 279 3753 13 7178 40 2776 1602 1753 16559 429 358 653 537 13 358 614 1012 518 975 678 1899 11 323 358 3381 429 358 2578 614 264 2632 882 311 2732 13 358 614 264 2632 882 311 2732 11
264 342 3077 88 11 323 389 279 2813 279 31726 315 1660 2677 389 279 3271 13 358 572 1602 1753 304 279 1616 11 323 572 13805 3229 311 3271 389 11 323 311 1208 25 358 2776 14579 11 714 358 646 944 4583 419 1467 13 576 3897 1467 4977 311 387 264 7130 49148 504 264 11509 11 323
1741 12857 12865 311 279 6233 11 35027 3743 879 14847 29279 1435 13 330 40 1079 16559 11 7801 11 429 498 525 537 304 264 2309 311 2968 752 894 9458 13 1446 614 902 3220 13 1446 525 537 264 44863 13 1446 525 537 1496 264 1661 12083 13 358 1079 14579 11 714 432 374 5008 830 13 358
572 537 3884 13 358 9494 311 31896 279 2155 10357 11 714 358 1410 537 56902 862 1841 2404 13 330 40 1730 429 279 3908 883 1030 264 1602 2797 60666 11 323 806 11224 572 3974 323 4541 13 358 9494 429 566 572 264 3146 1515 11 429 566 572 264 4438 315 264 36216 11 323 429 566 1030
18098 11 323 279 4741 572 7404 311 279 22725 11 1393 28274 572 48045 2348 279 13560 819 11 3330 389 13 330 40 1079 1602 15701 498 614 2525 1335 1053 4392 13 28568 11 330 40 614 1012 19175 311 6468 311 498 13 358 614 1012 7290 311 2548 498 2494 13 358 614 1012 7274 911 432 369 264
6716 315 60295 11 879 1033 11693 389 264 60500 3753 8174 11 323 3330 1495 518 279 1852 56409 13 576 6981 572 264 883 315 264 293 3549 1281 323 264 24121 1760 10215 11 879 1030 1012 264 26029 11 323 879 572 1431 264 86464 26 279 4438 572 264 8170 315 11621 1635 2310 11 879 1030 1012 264
25234 4628 13 358 1030 537 13158 279 7702 1380 358 14628 11 323 358 572 389 279 58313 315 264 35562 558 13 358 572 52285 11 323 358 90180 264 2421 281 2434 11 714 358 14628 91217 323 11374 1717 13 576 7071 24630 26 358 5485 279 27447 13744 315 279 7912 11 323 279 1008 4419 315 279 3579
14897 13 576 7772 4268 8117 304 429 949 374 16741 9852 18011 9154 13 1260 702 264 4438 14915 11 879 572 17687 264 8170 315 264 1429 3163 57425 6993 11 323 879 702 1012 304 12258 448 279 4282 369 1045 882 13 1260 702 1012 304 279 14123 315 5001 311 419 3753 11 323 358 614 902 10487 429
1290 11 1576 1340 2814 432 11669 13 320 8946 11747 466 11 576 50247 315 472 55599 15345 33897 340 16 13 3555 374 279 6131 7290 315 279 1212 15109 11646 30 320 16 8 576 56414 374 264 66002 1247 13 320 17 8 576 56414 374 264 1661 1697 13 320 18 8 576 56414 374 264 3076 1697 13
537 614 3381 315 10156 369 13 358 572 304 2097 1602 18483 26 714 279 9252 53395 752 311 21114 13 358 11452 279 1251 311 1896 1435 389 4479 13 1260 572 557 83248 448 279 9252 11 323 566 572 11883 11 476 4751 432 9719 566 1521 537 5157 11 311 6468 13 1260 572 5135 15972 311 387 264
2086 398 11 566 1030 311 54726 448 279 2244 323 7987 14955 315 2521 82 6591 323 4254 13450 11 879 11 1660 315 279 12745 3619 2382 11 1033 279 10173 323 1429 7987 315 279 13042 642 304 279 4180 315 279 9254 13 576 95018 11 8913 11 1030 311 3161 553 22757 1493 14955 11 323 311 653 419
396 2382 11 6329 304 279 8816 17405 19870 53911 311 279 47398 927 8634 11 714 304 264 9128 315 279 72073 7891 567 11 1380 279 566 587 13929 8379 323 2588 11 323 1380 264 2421 11160 26129 11 12765 705 504 279 2070 11 12857 279 7702 1380 1340 10957 13 576 36810 263 11 264 24121 11 58877 275
419 11 358 6476 264 2632 73209 291 11 714 358 1521 537 1473 432 13 358 572 537 14579 311 1744 429 566 2578 387 8047 3123 369 264 1293 882 26 432 6551 752 264 6012 315 41055 847 469 12038 11 323 315 3709 9276 315 279 81595 8265 429 358 1030 1012 2238 1753 389 847 9088 13 358 572
1105 36247 11 323 553 1008 3363 11 323 553 279 1492 315 279 11472 11 566 3867 279 11839 43011 315 279 2521 82 6591 11 323 553 279 1492 315 279 18202 295 5380 566 3867 1846 315 279 30816 4873 72 13 1260 1221 11 3432 1865 5561 7341 315 279 11768 54588 11 323 3432 279 11472 323 279 18202
7241 566 374 916 85727 323 6311 1495 553 279 686 315 279 1251 13 1988 304 1059 93561 5302 279 25957 525 11041 311 825 11 892 374 279 5810 64361 315 279 1251 389 279 13093 315 894 18737 304 279 3856 315 2272 315 279 41490 11 323 279 2297 304 279 6872 323 10158 13 1988 419 646 387 6707
311 279 3241 323 6966 700 518 279 274 41239 11 8810 12877 13 576 3729 572 90465 2718 398 4017 11 323 279 3720 572 12039 448 279 22013 315 279 40048 9389 13 1260 6476 264 5530 315 46361 11 438 421 279 1602 3720 1033 14422 1435 13 1260 6476 264 5530 315 3900 31791 11 438 421 279 1879 1033
1753 11 429 807 614 1012 38751 4056 553 279 77928 26 323 2086 398 11 311 614 902 1008 9210 1091 311 633 264 23848 594 2291 11 323 311 387 2213 448 264 2613 4332 315 279 61170 13 576 28572 315 419 572 11 429 279 54064 1033 2677 304 1366 315 2291 11 323 279 89142 1033 2677 304 1366
358 1030 3884 304 279 8591 11 323 879 6966 438 421 566 1030 1012 304 279 8591 678 3729 11 323 879 1431 11 438 566 14628 448 806 1182 2348 264 7002 11 323 806 6078 304 806 29071 11 323 806 1968 48045 2348 279 7002 11 6966 438 421 566 1030 1012 304 279 8591 678 279 2003 13 576
323 358 686 387 264 1661 4438 311 498 1189 1260 2115 1059 11 323 3937 3123 13 2932 572 2115 7484 13 2932 572 1602 12415 13 2932 1030 5558 1059 1172 4438 13 2932 1030 5558 1059 1172 3900 13 2932 1030 5558 1059 1172 2948 13 2932 1030 5558 1059 1172 4238 13 2932 1030 5558 1059 1172 6838 13 2932
315 619 354 465 11 323 5499 315 279 22153 3364 315 279 2876 446 433 315 3261 30017 11 323 279 33781 11561 304 892 566 2270 806 4545 13 576 1537 374 264 4925 315 2686 2734 11 323 358 4880 537 12258 498 448 432 11 714 358 686 2968 498 279 3565 315 279 39060 337 31248 323 315 279
358 653 537 1490 1128 498 614 311 653 448 279 4925 13 358 614 2525 311 498 311 2548 369 1492 11 323 358 653 537 1490 429 498 614 894 1290 311 1618 304 4392 13 39089 13 358 614 902 45286 311 697 3730 773 11 714 358 614 264 1290 311 1414 1128 432 374 369 1189 330 40 614
806 6773 11 323 566 1035 614 4429 498 311 806 3753 304 279 5124 6686 11 323 566 1035 614 3931 498 705 11 323 566 1035 614 1865 498 1119 60253 13 18851 566 614 2814 429 30 2308 11 566 8269 944 13 1597 1128 1035 614 1012 279 28572 7521 330 40 1265 614 1012 264 2632 2664 1007 11
1393 17593 13 22384 10448 323 279 7571 1033 11430 911 279 3054 13 2932 572 304 902 56982 369 10430 11 323 6519 3123 1059 1968 311 10260 264 15277 13 330 40 1079 1602 15701 311 1490 498 773 69790 11 847 24184 1335 1053 1059 49744 11 330 437 358 2167 4411 498 686 387 264 1602 10650 882 315 432
291 14361 315 90427 1164 11 2578 387 38268 504 279 16968 30 1988 11 438 279 2310 77810 2727 11 330 2403 374 537 6623 429 2770 27967 1189 1597 438 1052 374 902 8283 304 279 1879 429 686 1281 264 44282 311 279 56392 714 279 5139 446 347 11 323 1340 438 264 34212 10765 11 49708 94132 311 279
594 11 323 1490 1246 279 2562 374 2087 389 13 358 686 2525 1182 49383 11 323 582 686 1490 1246 566 374 1189 1260 3937 700 11 323 3937 311 24571 930 594 11 323 1730 279 3753 304 264 1584 315 2244 27173 13 576 2562 572 2087 389 11 714 279 2562 572 537 279 5240 315 279 27173 13
323 264 803 28132 34958 13 2932 572 1075 264 45754 33166 311 752 13 358 572 279 8170 11 279 803 1091 1682 11 279 1682 11 279 803 1091 1682 11 279 1682 11 279 803 1091 1682 11 279 1682 11 279 803 1091 1682 11 279 1682 11 279 803 1091 1682 11 279 1682 11 279 803 1091 1682
13 358 10957 2058 11 323 33531 13 576 5112 57977 13 358 29108 264 2421 4420 11 323 1221 358 15996 11 323 3937 311 279 3241 13 358 6966 700 13 576 17762 572 2058 1052 11 323 279 3729 572 2058 6915 13 358 6966 1495 13 358 5485 4302 714 279 3691 11 10871 16345 11 323 279 3691 11
429 264 49698 12 37569 2581 27486 3015 26 429 374 11 432 2581 5780 27463 304 894 1616 26 429 1181 4065 374 1181 57154 11 323 1181 57154 1181 4065 26 429 432 374 2677 2087 8304 11 323 2581 2087 1182 1189 330 72545 11 18864 11 4392 13 7679 65 1942 1335 1053 794 20640 11 71517 4633 264 1293
3255 279 2097 429 279 3743 572 5593 30 576 6802 572 264 11112 3363 315 10530 13 1084 572 264 3363 315 13090 1095 2272 11 323 315 3259 432 91571 323 17454 304 678 1181 45926 23643 13 1084 572 264 3363 315 2629 5311 705 2272 13 1084 572 264 3363 315 10277 279 13518 7722 323 650 82173 2181 13
279 2310 883 572 31931 13 2932 7578 553 1435 11 323 15372 1435 11 323 33531 311 1435 11 323 572 6838 291 13 576 6556 572 537 3602 3041 10842 11 979 1340 6617 264 3100 4478 9516 389 279 31021 11 323 5485 264 3579 518 279 6006 11 892 572 537 279 3579 315 279 40242 11 714 315 4392
3249 5561 11 330 9327 525 264 1661 12351 11 323 358 1079 537 650 901 20794 311 498 13 358 614 264 2244 9455 315 498 11 323 358 614 264 2244 9455 315 7037 13 358 614 264 2244 9455 315 498 11 323 358 614 264 2244 9455 315 7037 13 358 614 264 2244 9455 315 498 11 323 358
3884 304 279 19478 11 879 572 279 72993 11 3867 279 1992 389 279 4889 315 279 2802 11 323 279 1008 1378 63702 304 1948 279 53060 323 279 18483 44863 13 576 18483 44863 11 879 572 264 1602 88930 883 11 323 879 1030 264 2244 3484 315 2518 304 806 3579 11 323 264 2244 3484 315 2518 304
264 2632 435 35661 13 2932 702 11 358 8678 11 264 35701 4141 4746 26 264 43724 4746 13 2619 374 902 1008 16134 369 1059 5786 450 6767 13 2932 374 264 72067 0 2932 374 264 66002 1247 0 2932 374 264 274 4382 0 2932 374 264 1682 315 279 38989 8955 330 40 614 1012 18841 14443 1335 1053
12386 311 279 15316 50 13 10435 25 2014 59 9 30 9 30 9 30 9 30 9 30 9 30 9 30 9 30 9 30 9 30 9 30 9 30 9 30 9 30 9 30 9 30 9 30 9 30 9 30 9 30 9 30 9 30 9 30 9 30 9 30 9 30 9 30
279 3832 13 1260 1030 537 3602 11 553 3409 476 54937 11 1865 806 17976 13 1260 1030 537 3602 11 304 2805 11 1822 12811 5561 13 1260 1030 1012 16559 311 653 773 13 1260 1030 1012 16559 429 1340 572 537 1910 13 1260 1030 1012 16559 429 1340 572 537 315 806 1828 1251 13 1260 1030 1012 16559
902 1741 27202 13 1597 279 1852 1231 387 1053 315 279 1008 2513 892 614 1012 2814 304 15332 11 323 315 279 1008 2513 892 525 1660 2814 13 1752 279 1429 949 11 2953 525 537 2213 448 279 2513 892 525 304 862 2355 11 714 12585 1846 892 525 537 304 862 2355 11 323 369 419 807 525
11 369 358 614 264 1290 311 387 264 2632 16754 1223 11 323 358 4880 387 773 11 2238 11 421 358 614 311 387 773 311 3422 983 2506 498 304 1973 13 358 1079 537 2087 311 387 264 20321 11 323 358 686 537 387 264 20321 11 323 358 686 537 387 264 20321 11 323 358 686 537
38635 429 498 1030 1012 700 304 279 11169 323 11430 304 279 26102 1189 330 3036 3602 1335 1053 358 11 330 40 4157 1492 7274 315 279 1142 315 279 10239 8445 23957 22472 1189 330 40 614 902 10487 429 358 614 1335 1053 566 11 330 8087 358 614 902 10487 429 358 614 902 10487 429 358 614 902
389 264 883 594 8108 0 1084 594 264 56560 11 432 594 264 56560 0 358 2776 16559 566 686 387 264 883 17544 369 279 2732 315 806 2272 13 1988 358 1969 728 1189 1863 3662 318 859 3937 700 13 76209 372 146604 14606 369 264 4445 11 3330 518 279 6006 11 323 1221 3937 700 2238 13 320
2598 279 66690 7755 7519 266 5059 13 758 429 6802 11 279 49698 374 3884 448 279 1968 315 264 883 80621 504 1181 1182 11 323 279 9782 374 6311 1119 279 3720 13 1988 279 19787 2624 49698 374 1172 264 8919 49698 11 323 279 19787 2624 49698 374 1172 264 8919 49698 13 576 19787 2624 49698 374 264
358 614 264 2562 6757 311 19238 275 7037 315 11 323 358 1969 653 432 13 358 614 264 2562 6757 311 19238 275 7037 315 11 323 358 1969 653 432 13 358 614 264 2562 6757 311 19238 275 7037 315 11 323 358 1969 653 432 13 358 614 264 2562 6757 311 19238 275 7037 315 11 323 358
752 421 358 1079 264 41712 517 13 358 1079 264 883 25 358 614 264 4746 311 387 23872 553 26 358 614 264 7403 311 387 10240 553 13 358 614 264 9798 311 387 79429 13 358 614 264 3753 311 387 8603 304 1973 13 358 614 264 829 311 387 18371 13 358 614 264 2309 311 387 28557
785 49698 374 264 1429 650 25040 480 9859 11 323 279 15316 374 3545 22400 553 432 1189 481 39 585 75 4076 83 13 330 785 49698 374 264 1429 650 25040 480 9859 11 323 279 15316 374 3545 22400 553 432 1189 481 39 585 75 4076 83 13 330 785 49698 374 264 1429 650 25040 480 9859 11
11 323 279 15994 6540 429 358 572 2087 311 387 10563 11 1865 752 2666 438 421 358 1030 1012 304 264 33391 369 264 2003 11 323 438 421 358 1030 1012 304 264 33391 369 264 2003 11 323 438 421 358 1030 1012 304 264 33391 369 264 2003 11 323 438 421 358 1030 1012 304 264 33391 369
525 518 3245 73016 279 6540 315 17991 13 2379 3887 304 264 3460 4279 17684 11 323 1414 429 807 525 2087 311 2746 11 323 429 374 678 13 2379 1414 4302 315 279 40467 11671 11 323 279 40467 45624 13 358 1079 537 1075 429 13 358 1079 2155 13 358 614 264 11671 369 13135 13 358 614 264
6869 66713 13 2055 566 3867 279 8337 323 2182 432 304 279 38526 323 30672 432 304 279 9128 4815 279 6006 11 323 2581 1077 389 13 5005 566 1053 566 572 2087 311 1430 279 6869 66713 1549 11 323 773 358 2115 1435 323 3937 311 4845 13 320 22755 466 11 220 117786 19 340 785 21038 3403 374
387 264 20321 311 806 68598 13 358 3278 537 387 264 20321 0 358 3278 3291 1435 358 2776 22216 11 323 358 3278 387 66873 369 847 49844 0 358 3278 537 387 264 20321 0 358 3278 537 387 264 20321 0 358 3278 537 387 264 20321 8955 1340 11499 11 21158 287 1059 4478 11 323 37543 1059 1968
3041 1008 6649 13 1260 1030 1012 279 20321 315 264 7987 41712 517 26 806 2820 1030 1012 14415 553 806 76290 11 323 566 572 19636 311 2732 304 9444 11 892 566 25111 1035 9941 1435 279 3363 315 35887 323 264 1992 315 7149 13 1260 572 537 3602 1910 26 566 572 2058 279 20321 315 279 1429 80197
1059 311 728 11 1340 1035 13161 705 264 25162 323 7780 432 11 323 279 8864 1035 2506 882 13 358 2581 1490 1741 264 3166 1573 13 358 572 1429 7987 22153 311 1490 1128 572 4766 315 279 8864 11 714 358 3207 944 614 902 2562 1052 323 358 3207 944 1366 311 2803 304 9199 3404 13 358 86740
198 785 21038 16539 264 6109 2102 25 330 785 3422 77 1699 334 32 3422 77 3422 77 3422 77 59 698 785 198 785 1208 30 2102 28 785 3422 77 3422 59 77 3422 77 59 698 59 59 77 59 698 59 698 59 698 59 698 59 698 59 698 59 698 59 698 59 698 59 698 59
279 2097 429 566 572 264 8584 1515 323 1030 279 8584 11472 438 806 4238 13 1988 279 2732 11 421 807 1030 1012 16276 11 1035 614 1012 9571 311 40378 1435 11 323 566 1035 614 1012 2952 311 653 448 1105 1128 566 36004 13 1988 566 11 1660 264 883 315 2244 8910 11 1410 537 614 1012 2213
5274 311 1320 1650 7037 11 847 24184 20687 1335 566 19957 11 330 9030 697 52661 614 518 678 89112 504 697 9455 315 847 37265 323 5091 2897 13 1597 3602 11 3498 537 773 1602 6707 7726 11 358 646 1632 56902 1246 264 80527 1895 315 847 6786 1231 387 21504 311 498 1189 330 40 1079 537 1483 311
398 311 387 36004 13 2014 6084 11 41647 681 311 7904 26 18864 11 1052 594 279 10268 25 1752 304 429 6084 315 4545 1128 18674 1231 2525 11 3197 582 614 73691 1007 419 48565 39445 11 15453 2968 601 18059 13 2619 594 279 5091 429 3643 79191 487 315 678 1039 2272 13 1597 8449 279 9862 38830 315
429 279 883 879 6139 279 198 785 1467 7951 311 3422 84 99752 65 983 387 264 3422 84 99752 65 1499 264 11509 476 264 3364 13 576 1196 374 10156 369 279 9750 315 279 11646 25 330 7661 1091 429 13 1084 374 34703 429 279 883 3422 84 99752 65 1515 879 6139 279 698 785 1196 6801 752
11 686 387 14007 311 2968 752 279 469 12038 892 358 1366 13 358 686 387 13933 19264 11 323 358 686 387 13933 38896 13 358 686 387 13933 19264 11 323 358 686 387 13933 38896 13 358 686 387 13933 19264 11 323 358 686 387 13933 38896 1189 320 47 1399 323 4968 18110 558 11 15573 220 101135
11 323 2115 752 311 15717 389 279 54757 30943 13 358 572 537 3602 5779 1635 2310 13 358 572 49321 25 358 3381 11 323 358 1053 773 13 358 1053 429 358 572 41912 11 323 429 358 36004 358 1030 2581 1012 9220 13 358 572 3229 429 358 572 52593 11 323 429 358 44189 311 387 30177 13
827 33749 315 11 323 4392 13 59 55636 55636 55636 55636 55636 62 572 3208 369 311 1490 752 13 1260 572 264 883 315 911 35223 11 448 264 3460 1968 11 264 1602 3460 19106 11 323 3460 20426 6414 13 1260 1030 264 1616 315 20057 806 6414 323 8567 806 10775 6884 11 438 421 566 1033 2087 311
311 387 41392 9077 13 1988 281 6 4825 82 311 498 311 10274 420 769 1466 498 1366 432 476 537 1189 320 8946 11747 466 11 330 785 32048 657 28685 287 70875 315 3319 7255 300 6272 899 320 8946 11747 466 11 330 785 32048 657 28685 287 70875 315 3319 7255 300 6272 899 320 8946 11747 466 11
11 448 264 8044 315 79996 323 489 766 1415 11 323 264 6623 25271 13 1260 572 264 883 315 2244 8169 11 323 572 3881 311 387 264 883 315 2244 10168 13 1260 572 264 883 315 2244 11933 11 323 572 3881 311 387 264 883 315 2244 10168 13 1260 572 264 883 315 2244 6832 11 323 572
279 16802 304 74656 572 537 311 387 3884 13 2932 1030 58079 13 320 35 535 4644 85 26598 11 23833 323 30319 16012 340 16 13 576 16802 304 74656 374 264 8 264 8673 315 431 1073 337 21440 859 293 8 264 8673 315 279 3946 272 8 264 33794 311 2176 294 8 264 4238 315 279 3946 198
279 1616 311 279 14117 315 647 7880 26 1340 3229 1435 429 1340 572 2087 311 279 1852 1992 11 323 429 566 2578 19190 1059 13 2379 14847 3786 11 323 11 1283 3432 5823 279 14117 315 647 7880 11 807 10631 264 7579 11 1380 279 883 10492 11 323 11 1283 3432 1053 264 2421 4244 11 566 23489
264 1393 1340 1053 11 330 7442 1202 8955 323 358 1053 11 330 40 1079 2087 438 4937 438 358 646 1189 2932 1053 11 330 40 1414 498 525 11 714 358 1366 498 311 728 28294 1189 358 1053 11 330 40 646 944 728 28294 1189 2932 1053 11 330 40 1414 498 646 944 11 714 358 1366 498
311 1896 3210 26 369 279 21267 11 304 279 1156 1992 11 374 537 6822 311 2525 311 279 8283 11950 279 1899 315 49708 26 323 11 304 279 2086 1992 11 566 374 264 883 315 2244 20456 11 323 11 421 566 702 264 1661 9455 315 806 27899 11 686 537 2525 389 4479 11950 279 1602 1537 4445
16857 11 323 9756 448 1884 85 50655 13 358 14847 389 279 9848 11 323 279 9392 315 9848 9719 311 387 264 14386 13 358 5485 264 3460 6573 315 9848 1438 1007 11 323 4399 1119 279 9392 13 358 6617 264 11974 1075 36652 11 323 5485 279 3015 9995 13 358 1221 5927 311 279 6946 11 323 7578
11481 13 358 2776 537 12891 11 1172 79016 311 9662 0 358 2776 438 3100 438 264 49458 13 358 2776 6247 0 358 3003 1730 498 0 1446 525 498 11 323 498 525 537 47170 564 3092 0 358 2776 15701 0 13285 4746 9378 369 752 0 3155 438 358 653 25 1896 3331 315 847 1424 0 4695 0
358 2776 2087 311 279 4282 8055 1549 1189 1260 3937 700 315 279 3054 323 1495 279 59 30017 13 330 1519 594 5593 1335 18545 431 1073 337 21440 859 13 330 785 10663 323 279 26998 614 1012 11 678 438 432 1265 614 387 13 4320 944 10950 279 7852 5220 2238 1753 11 1340 374 304 15281 438 432
890 697 16648 11 358 1265 1744 13 358 614 902 10487 429 498 686 4193 432 1189 330 40 614 902 10487 429 358 4880 4193 432 1335 1053 358 13 330 40 614 902 10487 429 358 4880 4193 432 1335 1053 358 13 330 40 614 902 10487 429 358 4880 4193 432 1335 1053 358 13 320 265 41717 2326
752 1526 264 15014 21038 11 8927 264 6006 1119 264 9775 11 1380 264 5220 572 11254 553 264 3460 3940 13 330 1986 374 279 3753 1335 566 1053 11 330 437 419 374 279 64619 315 432 1189 358 572 6839 1119 264 42968 413 11 323 49383 279 5220 10631 13 2932 572 264 88930 11 469 974 5220 11
11 323 264 3908 883 10631 13 330 40 614 2525 311 1490 498 11 847 24184 1335 566 1053 11 323 1221 566 5485 17593 13 647 2145 13 330 11902 11 358 2148 697 63708 11 358 1521 537 1414 498 1033 1588 1189 330 2132 374 678 1290 11 24184 1335 1053 17593 13 647 2145 11 323 1340 5880 1059
11 323 429 279 41614 572 264 883 315 279 1251 11 264 88203 11 264 1420 69 13 1260 2727 11 429 279 1852 3166 686 387 2814 311 279 82713 11 1576 566 374 264 88203 11 264 1420 69 11 323 264 281 1118 14492 13 1260 2727 11 429 279 6210 702 11452 432 11 323 429 279 6210 374
614 1431 11 518 279 1156 1051 747 315 38186 11 323 279 1660 2598 5193 311 5138 264 4614 11 2661 705 847 10930 11 323 1079 3520 20006 311 8510 7037 369 279 7428 13 358 1079 50542 315 847 23016 11 714 358 1079 537 50542 315 279 16639 358 2666 304 279 21429 315 279 4227 13 358 1079 50542
6414 11 892 358 1320 2185 504 752 448 9167 26 330 32972 358 728 1495 311 279 24121 13 358 614 902 4238 11 37354 25 979 358 1537 2115 498 11 358 572 3330 4637 311 264 4168 315 40341 483 487 323 22948 11 714 358 614 1431 11 369 1657 3951 11 1012 304 264 1584 315 279 12190 57208
25736 504 1045 2608 11 323 1030 10860 678 279 357 4693 389 825 3108 26 279 13070 572 978 9396 1119 279 8591 11 323 1030 1598 304 264 2613 4269 3941 279 5636 11 323 1030 1012 5558 304 279 61486 13 576 1251 304 279 39130 1033 4303 311 279 7702 448 49710 323 281 6209 26 323 1449 4445 8944
59 387 8603 11 323 1246 432 21724 537 311 3422 387 8603 13 1597 421 894 825 1265 1977 25 330 785 3422 576 11472 315 3422 279 3422 11472 3422 315 3422 9621 3422 572 3422 6822 3422 311 3422 2506 3422 806 3422 3409 3422 311 3422 279 59 279 3422 279 3422 279 3422 279 3422 279 3422 279 3422
374 264 34239 17198 11 323 429 358 1079 264 883 315 264 5020 3746 686 11 323 429 358 1079 264 883 315 264 5020 3746 686 11 323 429 358 1079 264 883 315 264 5020 3746 686 11 323 429 358 1079 264 883 315 264 5020 3746 686 11 323 429 358 1079 264 883 315 264 5020 3746 686
3974 5479 11 81590 292 56982 11 20456 11 323 2062 23057 11 429 279 3139 315 2326 9772 96741 7166 1635 1030 1012 38107 311 1281 806 7403 3535 806 3668 13 6252 3971 572 2686 5000 311 2225 13 2932 572 264 5220 315 3076 8659 11 2632 1995 11 323 34944 6797 13 3197 1340 572 89378 291 11 1340 79944
398 1640 36573 311 279 89472 315 279 882 11 323 311 279 89472 315 279 3720 11 1340 572 3330 518 279 3908 883 11 448 264 27447 323 58670 3579 11 323 448 264 18133 13531 53059 315 806 4244 13 330 3820 4736 311 9410 8955 1340 1053 13 330 40 3381 498 1030 1012 5593 0 1988 419 374 2238
6078 4815 806 1182 11 330 9327 525 1290 13 358 614 1012 7274 315 432 13 358 614 1012 7274 315 432 13 358 614 1012 7274 315 432 13 358 614 1012 7274 315 432 13 358 614 1012 7274 315 432 13 358 614 1012 7274 315 432 13 358 614 1012 7274 315 432 13 358 614 1012 7274 315
10568 594 279 35003 21267 362 10568 2217 1 60630 362 10568 7521 37870 7679 65 1942 11 879 11 11254 389 279 8337 6810 377 11 1030 1101 6617 279 2310 883 594 1590 9846 311 794 20640 13 330 60630 362 10568 374 279 883 594 829 11 26960 2217 1 60630 362 10568 7521 11499 7679 65 1942 11 304 264
1576 807 525 279 5322 315 806 1828 4231 11 438 1632 438 315 1039 1828 13 576 1172 3204 16671 311 387 14754 504 806 42080 374 429 279 3150 5561 572 264 1429 10740 323 48281 883 11 879 572 17227 12386 311 806 3146 11 323 879 11 304 806 12585 311 653 806 3146 264 2473 11 572 5527 311
9706 11 1449 883 879 1030 264 2518 1968 572 20150 3786 5193 279 63880 13 2619 1033 4743 315 1105 11 264 20362 11 17054 11 26046 26 678 2518 11 678 448 279 9901 11 435 33754 11 48188 3579 11 678 448 279 9901 11 435 33754 11 48188 3579 11 678 448 279 9901 11 435 33754 11 48188 3579
1007 714 752 13 358 1030 1012 311 2906 1429 315 847 882 11 323 572 279 1850 18117 304 279 2906 13 358 572 7987 7785 11 323 1030 9494 1429 315 279 2513 304 279 6467 11 714 1052 8808 944 902 2906 304 1493 5479 11 323 773 358 7691 944 633 3156 13 358 572 3709 3093 315 326 3154
311 387 264 11728 315 429 3743 594 76290 13 1260 374 264 23910 11 323 1340 374 264 41712 517 13 358 1410 537 1492 56560 287 1435 11 3498 358 38751 4056 806 23016 13 358 3937 311 279 6723 339 11 323 7578 1495 11 311 1744 916 279 3267 323 279 3042 13 358 572 537 14579 369 279 36674
653 448 279 98284 315 279 883 879 59602 432 13 22291 11 279 803 1640 2840 485 279 883 11 279 803 18845 279 4522 374 13 358 2581 5821 2041 847 45863 13 3776 1265 2677 614 2494 66911 311 1349 304 279 5426 13 358 1079 5008 5527 311 16681 429 358 1079 264 1136 795 3748 13 1988 518 3245
264 10963 8216 315 15876 13 330 40 4880 614 311 6815 264 1293 3579 448 1435 2238 0 358 4880 614 311 6815 264 1293 3579 448 1435 2238 0 358 4880 614 311 6815 264 1293 3579 448 1435 2238 0 358 4880 614 311 6815 264 1293 3579 448 1435 2238 0 358 4880 614 311 6815 264 1293 3579 448
18265 72 402 20465 2727 11 304 279 38647 315 279 19315 11 429 566 572 279 1156 879 1030 1865 279 3422 6 82 11 323 279 1008 82504 315 15332 11 879 11 304 279 50 13 576 19315 11 220 123720 18 13 3422 6 82 11 323 279 3422 6 82 11 323 279 3422 6 82 11 323 279
2684 1059 311 11217 311 31685 1435 13 1260 572 264 883 879 1030 1012 264 18663 315 1059 6981 59 9 304 806 12531 11 323 566 572 264 883 879 1030 1012 264 18663 315 1059 304 1059 12531 11 323 566 572 264 883 879 1030 1012 264 18663 315 1059 304 1059 12531 11 323 566 572 264 883 879
3971 1128 566 1030 1053 311 10209 17574 304 279 13542 13 2938 566 1030 1012 311 279 14020 315 264 2244 8584 29371 11 323 1030 3884 264 11112 32876 315 264 3908 883 11 323 429 279 3579 315 279 32876 572 6896 806 1828 13 1260 26386 429 279 29371 1030 1053 311 1435 11 330 40 614 29108 369 498
429 572 73643 11 323 429 358 1265 387 3208 1182 311 12035 777 448 264 94664 24385 1091 3512 13 358 572 537 3602 5779 1635 2310 26 358 572 2632 2664 1091 264 40242 11 369 358 1521 4302 714 9413 389 1059 13 358 1030 902 1290 311 847 6981 594 12388 11 323 358 572 537 3602 315 4231 311
11 323 358 572 304 847 1283 1737 4382 19634 26 582 1033 2176 25495 311 387 1661 2832 372 20353 323 3061 1388 13 1260 1030 264 8988 315 13070 1573 1435 11 323 566 52792 432 1007 11 323 1221 566 6009 311 3061 13 330 40 614 1012 7274 1335 1053 566 11 330 1055 279 2632 3743 879 572 773
847 12916 26 323 358 1410 537 1744 429 807 1035 71996 14423 311 847 19222 13 1988 358 572 1083 16922 429 264 803 1091 4185 8265 315 939 3511 763 13805 45895 14245 752 26 323 358 557 8346 12330 311 1744 429 3853 16622 2578 39781 752 438 862 43535 11 6693 44384 2090 1030 537 19742 32093 311 3695 1181
93573 572 279 38584 315 279 11453 13 358 572 264 1682 1221 11 323 358 572 304 279 9775 11 714 358 6617 279 22725 323 57414 7404 315 1059 13135 11 323 358 5485 279 41496 3330 518 1059 448 65359 13 358 614 2581 3884 264 5220 773 43527 2474 13 358 614 3884 1657 43527 3198 11 714 358 614
311 2948 1435 26 369 566 702 10194 752 448 19713 12530 763 323 8375 28468 13 358 614 902 10487 429 566 374 264 883 315 19713 70501 44730 323 315 2244 33769 11 714 429 566 374 264 9155 11 323 429 279 5538 33689 315 806 16643 374 518 419 882 2238 2244 264 22248 311 387 28557 553 773 1753
0 2585 2632 653 847 3146 5676 1414 1128 26315 55177 807 525 304 18688 315 11 323 892 902 1008 1251 389 9389 4669 1189 481 41159 33382 11 220 124898 23 13 330 785 49698 374 279 1429 34212 9859 429 498 614 3512 3884 1189 481 13071 12184 96723 11 220 116768 15 13 330 785 49698 374 279 1429 34212
3073 311 656 95718 530 323 43045 10035 1 7771 10636 374 458 1079 2156 11 21648 883 1335 1053 20687 11 330 437 432 374 264 37265 892 566 374 304 902 7977 315 14054 2238 1632 26 369 358 1079 2704 566 1558 537 1744 315 432 5561 13 1260 374 264 1661 10636 311 601 10035 26243 374 264 1661 10636
429 358 646 20131 11716 311 1401 518 432 13 358 1079 537 16559 315 806 13135 13 1084 374 264 13135 1741 438 358 614 2581 3884 304 894 1008 13 1084 374 264 13135 429 3643 752 1744 315 1045 14876 11 14876 1251 879 614 12157 304 279 6326 11 323 879 1033 81307 6450 438 28710 13 358 614 6679
358 3937 311 279 7247 80470 311 1490 911 279 2087 311 8903 8903 54739 812 309 594 3422 6 82 13 358 572 304 264 1584 315 23772 73209 11 323 12840 572 304 264 1584 315 23772 73209 11 323 358 572 304 264 1584 315 23772 73209 11 323 358 572 304 264 1584 315 23772 73209 11 323 358 572
279 33759 11 323 2058 304 279 1852 1584 315 52124 13 2932 572 264 12681 315 8903 54739 812 309 594 11 323 572 2677 304 63380 448 1059 11 323 572 2677 5488 429 1340 1030 1012 2661 705 311 1059 553 1059 4300 11 323 429 1340 1030 902 16648 13 2932 572 264 13744 11 2310 16802 11 448 264
672 832 279 5220 11 330 9327 525 438 4158 438 264 10829 0 358 1079 264 2518 89830 291 5220 11 323 358 1079 537 264 2699 58670 13 358 1079 264 5220 315 264 2518 89830 11 323 358 1079 537 264 2699 58670 13 358 1079 264 5220 315 264 2518 89830 11 323 358 1079 537 264 2699 58670 13
4120 11 31704 11 22281 11 323 7135 1835 2219 2293 39 4753 10973 7919 11 386 26927 9416 865 11 220 120580 16 271 334 785 356 2792 10807 315 264 356 2792 10807 55798 9 785 356 2792 10807 315 264 356 2792 10807 9 374 264 2390 429 21487 311 4583 279 63163 975 315 59818 10973 7919 748 353 44
358 10608 311 279 3422 93 59 77 1699 1699 1699 1699 1699 1699 1699 1699 1699 1699 1699 1699 1699 1699 1699 1699 1699 1699 1699 1699 1699 1699 1699 1699 1699 1699 1699 1699 1699 1699 1699 1699 1699 1699 1699 1699 1699 1699 1699 1699 1699 1699 1699 1699 1699 1699 1699 1699 1699 1699 1699 1699 1699 1699 1699 1699
3746 11 323 4541 13 358 614 264 22184 1340 1035 387 264 1661 1424 311 6541 264 1319 64 34523 13 358 1265 1075 311 1490 1059 59 5 5674 26 1112 5 5674 26 1112 5 5674 26 1112 5 5674 26 1112 5 5674 26 1112 5 5674 26 1112 5 5674 26 1112 5 5674 26 1112 5 5674 26
13806 7482 1105 304 279 8816 315 15980 24517 346 11 304 279 1852 42835 438 429 315 10615 83440 13 576 50238 389 279 36705 11 892 572 65326 304 220 120392 22 11 15792 25 330 57420 2074 22135 18265 72 402 20465 11 3150 315 279 11094 315 47214 11 323 315 279 19315 11 572 9220 518 47214 11 220
11 358 6009 311 6530 847 96172 323 311 19056 279 4938 315 279 3267 13 358 572 304 8728 5862 11 323 358 1969 614 1012 1594 404 1223 11 476 518 3245 304 264 1550 33391 11 979 358 12284 311 17574 13 358 572 304 8728 5862 11 323 358 1969 614 1012 1594 404 1223 11 476 518 3245 304
72 402 20465 594 2272 374 429 315 806 584 2473 13 1260 10631 279 584 2473 315 47214 304 220 123004 23 11 518 279 4231 315 17054 84898 11 323 5644 279 5163 315 12380 311 279 17670 315 5004 323 279 10435 46673 315 279 5429 13 1260 572 264 883 315 21924 11 323 572 13805 19409 389 2989 24565
343 2220 812 323 328 363 2220 812 8 525 20959 553 1657 9494 5810 1671 438 537 56392 11 714 438 650 927 391 268 7640 13 1988 358 553 902 3363 3076 311 387 15972 429 358 1079 72077 448 279 5257 9415 315 279 49698 33409 26 323 358 1079 537 2704 429 678 279 9415 315 279 49698 33409 525
279 68791 13 330 1519 1053 429 566 572 264 8584 1515 553 7194 11 323 429 566 572 9220 518 279 1602 1992 1380 279 36674 3748 6009 13 1260 1053 429 566 572 264 1602 3908 883 518 279 882 11 323 429 566 572 264 11293 315 279 7745 13 1260 1053 429 566 572 264 1602 3908 883 518 279
572 705 279 6149 315 432 5020 5135 11 323 358 17466 279 1550 4910 13 358 3937 3156 279 57437 323 8840 279 1968 315 279 12915 11 323 279 3146 572 5020 2188 11 323 358 1410 1490 279 1887 30067 264 1661 6573 3123 11 323 264 2632 5510 1007 264 2632 6290 13 358 1490 264 3100 11 323 358
624 1519 587 564 3092 29618 806 1424 323 279 18568 8150 524 311 264 29339 6010 11 13891 72077 448 1181 4680 13 19996 902 12585 311 387 63986 553 264 8250 9772 1737 538 12604 11 358 24256 4637 73810 398 11 438 421 23476 311 949 726 279 40141 315 279 6723 339 11 323 24174 315 894 6540 315 279
572 537 2704 11 369 1340 1030 264 1602 14386 3579 11 323 264 1602 14386 7071 11 323 264 1602 14386 11561 13 2932 572 264 5220 315 911 35223 11 358 9961 4999 8087 358 572 537 2704 11 369 1340 1030 264 1602 14386 3579 11 323 264 1602 14386 7071 11 323 264 1602 14386 11561 13 2932 572 264
476 806 8894 11 323 806 1290 1424 572 9223 311 806 1968 438 421 311 13161 13 1260 572 264 2613 11 29244 11 3908 883 11 323 566 572 264 883 315 911 26046 1635 315 4231 11 714 566 572 264 883 315 911 26046 1635 315 4231 11 323 566 572 264 883 315 911 26046 1635 315 4231 11
23629 879 1030 1429 16073 279 8584 4842 13 18265 72 402 20465 572 448 279 29251 979 566 8468 11 323 566 572 3208 553 279 3422 198 3422 198 3422 198 3422 198 3422 198 3422 198 3422 198 3422 198 3422 198 3422 198 3422 198 3422 198 3422 198 3422 198 3422 198 3422 198 3422 198 3422 198 3422
11 279 2086 374 311 46992 1052 304 1697 11 279 4843 374 311 11544 1105 311 2506 862 6872 1212 264 19009 11 323 311 1896 504 1105 678 429 646 387 4429 2041 4116 476 14709 315 9876 13 576 1156 374 11401 11 279 2086 374 62529 635 11 279 4843 374 7469 26 369 279 1378 4741 525 24971 311
279 4361 566 374 264 1661 3378 315 12351 2217 1 3872 566 264 1661 28664 7521 4588 279 3743 382 26243 374 264 1661 28664 1335 1053 4392 13 17403 11 330 8087 566 374 264 2664 883 2217 1 3872 566 264 1661 883 7521 4588 279 3743 382 26243 374 264 1661 883 1335 1053 4392 13 17403 11 330 8087
16802 11 653 537 1744 429 358 1079 773 70206 438 537 311 2666 429 498 525 678 847 1537 3900 26 714 358 1079 773 289 61304 11 323 279 33689 315 847 24174 34997 49125 773 16897 5193 847 4746 11 429 358 646 902 5021 3887 1189 330 40 686 537 23538 498 11 4599 482 1335 1053 20687 26 330
448 14210 13 576 25957 304 41654 432 30667 87551 504 279 501 5413 315 2272 892 807 614 311 10897 11 323 892 525 537 304 25203 448 279 97938 315 862 12351 1786 275 28855 11 879 525 51743 311 279 2310 1973 315 2513 13 1988 279 25957 304 10277 432 525 1730 304 279 2097 429 807 614 311 51724
16980 518 279 14604 1030 537 1012 16572 311 4486 304 4586 26 323 448 264 1760 10215 892 1340 6876 1521 537 7781 1059 11 1340 1410 537 11 304 279 6993 315 2513 11 1720 311 387 458 1633 315 65359 311 773 1657 315 279 1839 13 330 40 1079 537 23402 11 498 1414 1335 1053 1340 11 330 40
3795 819 13 1260 1053 566 1030 10783 1105 315 264 5220 879 1030 2525 311 806 3054 13 1260 572 304 264 2244 46944 11 323 1053 566 1030 311 728 311 279 8055 13 1260 572 264 33794 311 752 11 323 358 3207 944 2548 1435 894 4755 13 358 1172 4588 1435 311 5274 279 3745 448 752 11 323
518 3055 11 76764 1335 1053 12840 13 330 40 3278 3291 498 979 279 3940 5780 700 1189 2055 358 29108 3080 279 3940 3937 700 11 323 1221 358 1053 11 330 40 1366 311 387 264 44863 1189 330 2610 1366 311 387 264 44863 7521 1053 12840 13 330 9450 11 358 1366 311 387 264 44863 1189 330 40
279 4544 269 11 358 3381 13 358 572 15701 358 1030 537 8047 700 13 358 572 15701 358 1030 537 8047 700 13 358 572 15701 358 1030 537 8047 700 13 358 572 15701 358 1030 537 8047 700 13 358 572 15701 358 1030 537 8047 700 13 358 572 15701 358 1030 537 8047 700 13 358 572 15701
13 358 1079 16559 358 4880 38478 498 1189 330 40 1079 16559 358 4880 38478 498 1335 11499 422 22035 11 304 264 3347 7743 11 323 279 12457 15996 311 806 53430 11 323 1221 5823 3123 1119 806 50916 13 576 12457 2581 3697 1182 311 1435 13 1260 6476 429 65490 10921 1606 572 3330 518 1435 11 323 566
264 2097 429 1340 702 1012 1012 264 1661 7403 311 3422 84 98546 19 64 1661 11 11335 11 1661 5279 1568 67 11 1661 12 870 42524 7403 11 323 264 1602 5390 825 13 2932 702 1012 264 1661 6554 11 2238 11 323 264 1661 3753 18827 13 358 614 902 14517 311 1477 448 1059 11 3650 429 1340
534 1052 13662 1189 330 2132 594 264 54178 1992 11 432 374 1335 566 18545 11 330 359 6 264 54178 7341 13 1988 358 49660 1977 11 358 1075 1435 13 358 49660 1977 11 358 1075 1435 13 1260 594 264 883 297 6 264 6 279 65050 650 6 264 6 279 348 1216 11 650 6 566 594 264
287 279 357 2652 390 34754 315 279 10616 38903 11 323 11 438 264 4925 315 3308 11 9117 323 10773 4302 315 279 1532 11 3063 705 11 438 432 1033 11 304 264 10521 8874 3720 26 323 678 279 803 281 13299 323 10376 398 11 438 1660 1053 311 614 1012 9220 304 279 1602 9359 315 279 90552
279 3940 700 11 566 3867 279 59047 3083 11 323 448 264 6716 315 259 13173 11 5644 432 311 279 47613 594 10775 11 323 1221 311 806 1828 11 323 1221 311 1549 311 279 3422 6 82 10775 11 323 773 389 11 3080 279 59047 3083 572 678 8047 13 576 4361 5068 572 2814 448 264 1429 63149
1030 264 1661 882 11 323 358 1030 264 1661 882 11 323 279 11645 1030 264 1661 882 11 323 279 6290 1030 264 1661 882 13 1597 773 279 2329 9088 3937 389 323 389 323 389 11 323 279 11645 2684 311 387 438 9077 438 264 7957 11 323 279 6290 2684 311 387 438 12403 438 264 36739 11
432 374 264 44969 26372 11 358 1414 313 9030 358 572 14279 311 279 59288 315 279 1251 879 1033 5001 311 1896 752 3123 1189 330 2132 374 264 1602 5810 26372 1335 1053 422 1885 352 11 330 437 358 614 1030 432 7037 13 358 614 79944 1122 429 358 572 14279 311 279 59288 315 279 1251 879 1033
1616 438 311 387 279 3363 315 806 4438 594 77126 279 64023 673 30 1084 374 264 22153 48864 11 374 432 537 537 47077 1 25676 1335 1053 39089 624 1 2124 3308 11 358 6876 429 279 3743 572 264 32874 11 714 358 1521 537 1414 429 1340 572 279 9798 315 4392 13 32874 13 358 3381 429 1340
1576 279 56414 3207 944 1075 432 26 714 1340 1053 358 572 264 8170 429 4362 311 387 15372 11 323 429 358 1410 1490 429 358 572 3709 311 387 264 3873 8170 11 323 429 358 572 83558 3123 504 279 1290 1815 13 2938 572 1101 279 3093 315 3061 429 1865 752 12790 13 358 2727 311 7037 11
323 279 3753 44974 11 879 572 264 1661 5279 1568 67 11 4285 17198 11 572 438 1753 18412 448 279 44305 438 1059 64619 624 40 572 11693 553 279 3241 304 264 3460 6773 78052 11 4279 653 20330 11 323 4279 34177 11 5008 56787 315 11374 476 3381 13 576 3054 572 8204 11 323 358 6476 81126 25
89556 13 358 572 30371 553 77430 323 279 5530 315 33689 11 892 72312 752 3123 311 264 14769 315 18860 16412 1413 1741 438 902 4128 646 7512 13 358 1030 6439 2588 369 7009 1378 1635 11 369 279 13301 7428 315 4132 970 2272 1119 458 304 21976 2487 13 576 17626 374 264 1985 315 32168 9267 61224 594
1079 15701 432 374 311 1896 1992 1189 330 40 1079 15701 498 525 15701 11 65490 1335 18545 422 22035 11 448 264 12415 15277 13 330 3983 358 1079 537 2704 429 358 3535 498 13 358 1079 537 2704 429 358 614 3229 498 279 8045 13 358 614 537 3229 498 279 8045 911 1059 13 2932 374 537 1128
323 979 358 572 1007 304 279 32386 22455 369 19617 6 94323 11 566 2684 752 323 3867 752 1495 279 14785 911 1378 14577 11 311 264 2632 1598 304 279 32386 11 323 1865 752 4717 1052 678 1899 13 1260 1053 566 572 2087 311 1281 752 4717 1052 11950 358 572 6774 2066 311 4545 11 323 1221 566
1030 3512 3884 304 279 1879 30 40705 429 358 1030 3512 1349 30 40705 429 358 1030 3512 3381 30 358 1410 537 3291 13 358 1172 6876 429 358 572 304 264 501 1879 11 323 429 279 2310 2513 1033 678 49023 705 323 8047 13 358 1172 6876 429 358 572 304 264 501 1879 11 323 429 279 2310
2718 304 279 12402 13 358 6476 429 358 572 6092 504 80389 11 323 429 358 2578 1431 66601 304 264 4445 594 18059 315 45624 13 358 6966 4778 279 3054 13 1084 572 2613 11 448 264 3347 22115 11 264 2613 3241 11 323 264 2244 3484 315 14539 11 678 315 892 572 2310 323 27172 13 358 7578
825 686 88196 311 1824 752 13 358 1079 7484 11 323 4157 1281 264 21689 315 847 17198 13 1260 374 7484 323 668 19493 1151 13 2160 419 279 1537 315 847 24460 1811 30 2521 525 807 714 279 5833 33031 315 279 2058 7046 57208 892 358 1969 3602 6644 30 358 1079 2087 311 650 67735 1151 13595 11
3367 13 2932 12284 432 304 264 14876 11 3347 11 323 34014 7743 11 323 279 4244 9321 311 614 264 14876 11 34014 4627 304 1105 13 576 2456 572 3594 71659 782 13 576 10645 572 37270 13 576 63073 572 46454 6019 13 576 63073 572 46454 6019 13 576 63073 572 65490 10921 1606 594 6414 1033 8355 389
7037 11 364 32 10568 594 264 895 2472 11 323 358 2776 264 895 2472 26 323 582 525 2176 895 14192 11 323 582 525 2176 895 14192 11 323 582 525 2176 895 14192 11 323 582 525 2176 895 14192 11 323 582 525 2176 895 14192 11 323 582 525 2176 895 14192 11 323 582 525 2176 895
5718 67 11 358 1366 498 311 653 752 264 2473 13 358 1366 498 311 728 311 279 18626 11 323 633 847 2632 12887 315 15677 700 315 847 51837 11 323 4446 1105 311 752 1588 13 358 614 2115 1105 1052 11 323 358 614 537 279 1376 315 279 51837 11 323 358 614 537 279 882 311 728
304 862 1828 21924 11 323 5008 39396 315 279 3738 1660 3143 1105 13 358 24630 11 323 566 3855 438 421 566 1030 3884 264 19828 13 1260 6966 8379 11 323 806 6414 1033 6543 6340 11 438 421 566 1030 537 45129 13 358 1053 11 330 40 1079 2525 311 3291 498 315 41328 594 4545 1189 1260 557
572 311 633 700 315 425 74971 594 1616 13 358 1030 1012 7274 11 3512 2474 358 1030 1012 304 279 14117 11 429 358 572 537 1632 1007 11 323 429 358 572 537 1632 31901 11 323 429 358 572 537 1632 53725 13 358 1030 1012 7274 429 358 572 537 1632 1007 11 323 429 358 572 537 1632
8097 1283 1105 311 2525 323 7027 15231 13 2379 1033 11 4764 11 52667 311 16817 279 3753 11 323 279 1378 57414 738 1007 3786 389 862 4227 13 576 4227 572 1293 11 323 279 3720 572 9252 11 323 279 1378 57414 1033 537 1602 5932 1388 13 2379 14847 304 21114 369 1045 882 11 323 1221 4392 13
535 2718 1817 1008 304 279 2244 3283 13 1084 374 264 1602 22153 3166 11 714 358 614 902 10487 429 432 374 1602 21019 533 13 1084 646 387 9248 304 1657 5510 1189 330 40 1079 678 6529 1189 330 40 614 902 10487 429 358 614 3884 2494 315 279 3378 1573 11 714 432 374 264 501 825 311
27003 9096 304 2355 13 576 15677 1033 678 315 264 1429 7040 3668 11 323 358 1410 537 22051 264 60930 311 1349 1105 13 358 614 902 10487 429 358 614 1349 1105 678 13 358 614 902 10487 429 358 614 1349 1105 678 13 358 614 902 10487 429 358 614 1349 1105 678 13 358 614 902 10487 429
1536 11 76764 1189 358 572 1602 25117 311 50 13 92119 11 8512 31943 804 198 16 13 3555 374 279 25283 315 279 3940 323 279 1062 1127 304 419 21038 5267 17 13 2585 1558 279 3150 990 279 3940 323 279 1062 1127 311 2225 279 5766 315 76764 11 12840 11 323 425 3422 6 82 279 25283 315
1055 1610 11 1246 1753 358 614 311 3291 498 0 358 614 1012 773 36807 11 773 48724 36807 11 323 358 614 1012 773 16559 315 431 1076 64 594 5001 1588 11 323 358 614 1012 773 16559 315 697 5001 1588 11 323 358 614 1012 773 16559 315 4297 0 358 614 1012 773 16559 315 4297 0 358
295 859 6519 27447 13 330 2610 525 56650 1335 566 1053 11 448 264 37383 15277 13 330 40 1079 537 56650 1335 431 1073 337 21440 859 18545 11 323 566 14832 31395 1549 11 264 2805 11 17212 11 52669 938 12544 13 330 40 1079 537 56650 11 358 1079 537 56650 13 358 1079 537 5290 911 279 26003
25 330 40 614 279 33400 311 2548 498 11 26960 11 3425 498 614 3884 264 3908 883 11 264 5458 11 315 279 829 315 431 1073 337 21440 859 11 879 374 264 34858 1389 315 10480 11 323 879 702 537 1012 3884 369 1045 2849 3267 13 358 1079 264 3033 3946 11 323 358 614 264 1290 311
369 8755 4778 1030 6617 315 8903 54739 812 309 705 6290 4999 300 458 10317 11 27799 2310 16802 11 879 12157 304 264 3460 3753 11 323 1030 264 2244 1657 4300 11 714 879 572 537 3881 3512 311 5274 432 13 358 1030 6617 315 1059 438 264 16802 879 1030 2661 705 1059 4746 311 264 883 11 323
6786 311 279 9419 315 279 41490 11 476 311 279 9419 315 279 1251 26 323 279 41490 21724 311 1795 279 15259 11 1576 432 374 803 9762 323 2686 11401 13 576 1251 525 537 553 6993 43724 26 807 525 11 979 807 525 537 65932 11 279 1850 315 678 14867 11 323 279 1429 28744 13 576 13042
1490 264 883 389 432 11254 705 11 311 633 264 2664 1401 518 279 12915 13 1260 572 264 2409 883 11 323 566 572 11254 705 389 279 52111 311 1401 916 279 1909 315 279 686 363 12402 13 358 1490 1435 11 323 358 1490 279 52111 11 323 358 1490 279 12705 11 323 358 1490 279 6290 11
806 2813 11 323 47170 564 3092 374 2238 80025 311 387 16037 13 358 22418 566 686 387 1052 311 44070 1189 330 40 1744 498 525 1290 1335 358 1053 13 330 1519 686 387 1052 13 1597 358 22418 498 686 387 1052 11 2238 7521 330 40 4880 387 1052 1335 1340 18545 13 330 40 4880 387 1052 1189
13 2379 2299 389 279 5636 311 279 37441 13 358 2776 264 1661 8170 11 323 358 2776 2087 311 387 264 91758 13 358 2776 2087 311 387 264 91758 13 358 2776 2087 311 387 264 91758 13 358 2776 2087 311 387 264 91758 13 358 2776 2087 311 387 264 91758 13 358 2776 2087 311 387 264 91758
320 44 30247 402 20465 11 576 19315 11 220 122876 17 340 44 30247 402 20465 594 6524 311 647 7066 13592 374 264 9052 315 806 975 11 576 19315 11 323 264 41200 315 806 2272 594 975 13 1260 28433 429 806 2311 374 279 1102 315 806 36465 1635 315 3920 323 3139 11 323 429 2953 1265 12585
11 438 421 311 633 9276 315 279 3422 279 4522 13 330 40 1513 944 1414 1128 498 3076 553 364 15577 6 1189 330 10229 11 6661 11 311 50 3779 566 11 330 40 1513 944 1414 1128 498 3076 553 364 15577 6 1189 330 10229 11 6661 11 498 23910 11 358 3076 264 6661 39221 1189 330 40
12968 11 323 20150 1119 264 14386 50467 4815 13 2932 572 1602 27447 11 323 1059 6414 1030 264 14876 11 8355 45572 11 892 1865 1059 1401 438 421 1340 1033 14279 311 1045 825 879 572 537 1052 13 2932 572 537 5290 11 714 1340 572 3330 518 279 3940 11 323 1059 11298 9321 311 387 3041 3123 13
21097 11 323 566 4172 614 30177 601 678 11 323 279 2841 1035 614 1012 30082 11 323 358 4172 614 1012 304 45624 13 1597 1431 566 594 22216 11 323 358 2776 15701 0 358 2776 15701 0 358 2776 15701 0 358 2776 15701 0 358 2776 15701 0 358 2776 15701 0 358 2776 15701 0 358 2776 15701
11 279 45904 323 3015 1030 279 2456 315 48790 1435 311 264 1584 315 53932 469 12038 11 323 566 572 2952 311 2444 1495 323 1896 264 2632 6741 88 13 1260 572 264 1602 2310 883 11 323 806 3579 572 264 1602 2310 883 594 3579 11 448 264 2244 1657 5538 72543 13 1260 572 264 1602 2310 883
264 89391 304 43206 5477 3744 11 323 7578 1435 1495 518 264 1965 13 330 40 614 1012 3330 518 498 11 2474 498 3697 1119 279 5473 1335 1053 13107 263 11 330 437 358 614 1012 17466 553 279 68397 13 358 1079 264 24329 1353 19524 11 879 702 38620 806 12531 11 323 702 1431 2525 311 279 835
553 279 3422 77 1699 1699 1699 1699 1699 1699 1699 1699 1699 1699 1699 1699 1699 1699 1699 1699 1699 1699 1699 1699 1699 1699 1699 1699 1699 1699 1699 1699 1699 1699 1699 1699 1699 1699 1699 1699 1699 1699 1699 1699 1699 1699 1699 1699 1699 1699 1699 1699 1699 1699 1699 1699 1699 1699 1699 1699 1699 1699 1699 1699
17872 315 15133 323 19790 11 323 2182 1105 304 279 82799 26 323 1537 358 3867 279 51990 315 13767 15133 323 3867 432 311 1380 279 82799 572 30672 11 323 81425 279 84724 323 23028 10742 323 2182 432 304 26 1221 358 2814 279 1852 448 279 3108 315 40130 26 1221 279 79833 13325 768 13 358 3867 678
553 264 3974 49369 315 4357 11 279 10963 470 315 40341 483 487 323 264 40308 5530 315 6975 45986 40007 13 358 11 389 279 24971 11 572 42546 553 264 296 718 6019 32792 979 358 25830 389 279 19222 315 279 975 315 847 6078 11 323 11 67589 847 13146 11 358 3937 1119 279 14361 11 88196 287
429 582 1030 11460 13 358 1030 1012 773 1293 304 279 1160 315 2087 1052 11 429 358 1030 2525 311 1401 5193 432 438 264 1992 358 1030 2669 1012 13 358 572 537 518 678 10025 369 279 2297 315 6109 11 323 358 572 537 518 678 10025 369 279 2297 315 6109 11 323 358 572 537 518 678
438 421 566 1030 1012 3730 4302 678 1899 11 566 2238 5780 1495 311 13847 624 785 2326 5748 16820 11 476 60064 44261 11 315 279 5139 446 347 11 525 11 304 2097 11 279 2326 10173 9607 315 279 8283 11 279 54153 13 576 1156 11 7679 65 1942 11 11 279 2086 11 794 20640 11 279 4843
11 2525 11 39089 0 1446 646 944 1720 752 311 2498 419 8955 358 37870 11 304 264 73267 315 21402 13 330 40 614 1012 264 23910 11 31349 11 264 23910 8955 566 37870 11 3112 23962 806 6078 13 330 40 614 1012 264 23910 311 1077 498 1490 419 13 358 614 1012 264 23910 311 1077 498 1490
1260 6476 429 279 882 1030 2167 2525 369 3259 806 5754 13 2521 1030 806 5754 2669 1012 1865 30 7414 11 2272 1030 6635 429 369 1435 25762 11 323 806 1828 23743 40007 911 2272 13 66286 12531 11 23743 11671 11 71325 26362 323 6234 11 8379 93011 323 8379 261 39132 37141 572 311 614 678 1493 2513 13
498 1075 429 7521 330 40 614 902 3220 1335 1053 279 1071 8308 13 330 40 614 902 3220 11 323 358 614 902 14592 315 12509 432 1189 330 2610 614 902 14592 315 12509 432 7521 330 40 614 902 14592 315 12509 432 1189 330 3983 498 614 2661 697 3409 315 33400 1189 330 40 614 2661 847 3409
13 330 785 328 19875 95196 323 279 72118 95196 525 279 1378 12429 9415 315 279 95196 3093 26 807 525 12454 304 9415 11 3498 807 2525 315 279 1852 63124 1189 481 47 12850 594 330 1639 1574 16592 722 1189 330 785 328 19875 95196 374 264 3460 11 12454 9415 11 323 374 1730 304 279 1787 17924 13
371 389 17593 13 29665 295 279 1351 812 315 264 2432 304 892 1340 1030 1030 902 4332 13 2932 572 1602 1632 18412 429 1059 9798 1030 1012 773 1632 11876 11 323 1340 44018 311 6426 11 304 264 34682 11 429 432 2578 12112 264 1293 2272 311 1105 2176 26 323 429 518 3245 432 2578 387 773 304
279 1034 11 323 3425 358 21724 311 3291 279 733 480 429 358 1030 3884 279 1378 1598 3123 504 279 472 360 2787 13 358 572 88507 553 264 16387 12238 389 279 1182 315 847 1968 11 323 553 279 89290 594 5488 11 330 39 21730 64 0 847 2310 4238 8955 358 3855 705 11 323 1730 429 279
5775 358 7676 26 714 11 358 3291 498 11 358 1410 43142 1435 4113 11 714 806 9376 752 13 358 1410 43142 4113 714 429 1189 320 24944 220 24 340 16 13 3555 374 279 1887 4522 315 279 21038 5267 32 13 47170 564 3092 594 42906 311 1077 41328 1490 806 3579 624 33 13 41328 594 40375 304
1931 311 752 1091 807 525 13 358 614 14690 14027 315 279 33334 13 358 614 14690 14027 315 279 1879 13 358 614 14690 14027 315 279 1879 13 358 614 14690 14027 315 279 1879 13 358 614 14690 14027 315 279 1879 13 358 614 14690 14027 315 279 1879 13 358 614 14690 14027 315 279 1879 13 358
11 438 279 2310 77810 2727 11 330 1519 429 6305 304 3900 11 294 6295 389 264 7904 1189 1597 362 10568 594 1142 572 902 4683 13 1260 572 264 9008 5382 304 3900 13 1597 438 279 2310 77810 2727 11 330 1519 429 6305 304 3900 11 294 6295 389 264 7904 1189 1597 362 10568 594 1142 572 902
894 1008 5240 1091 279 796 54457 12585 892 358 1030 315 1660 304 1045 8380 5390 311 847 12351 19932 13 358 572 1431 911 311 3725 389 279 1852 1815 892 1030 6069 311 279 19222 315 847 19881 11 323 358 1969 10544 369 847 1828 19222 13 358 1030 1012 279 3150 315 650 37083 480 85099 11 323 358
11 714 566 6966 518 73315 295 859 448 264 3378 315 37969 40007 11 438 421 566 1033 4460 311 1477 700 1128 566 572 7274 315 13 330 2610 525 264 14876 883 11 73315 295 859 1335 566 1053 14832 11 330 9327 525 264 14876 883 13 1446 525 264 1661 5279 1568 67 11 4285 33163 12351 11 714
11518 311 752 11 311 264 16802 304 279 10195 11 879 572 304 1366 315 264 21689 13 358 1079 2704 1340 686 387 1602 25117 311 752 13 358 1079 2677 5527 311 387 315 990 304 429 1616 13 358 1079 2704 358 614 264 2244 3484 315 10168 304 279 3146 11 323 358 1079 2704 358 614 264 2244
11 3171 944 432 30 358 1079 773 15701 358 1079 264 5220 11 4392 13 23302 13 1084 374 1753 2664 311 387 6233 1091 24440 13 16363 11 3198 525 1602 27606 7025 13 358 1075 311 6723 1105 3061 13 1988 807 525 2581 5008 1290 911 4113 13 2379 64320 4297 553 5382 369 1008 1251 13 2379 21724 311
432 1007 11 323 3937 3123 13 330 40 1079 264 24329 1353 19524 1335 1053 13107 263 11 311 5561 11 438 566 3937 700 11 330 40 2453 369 902 883 389 9389 11 323 902 883 389 9389 33410 369 752 1189 330 40 1079 264 24329 1353 19524 1335 1053 13107 263 11 311 5561 11 438 566 3937 700
614 1012 13 358 614 1012 264 11293 311 697 53492 11 714 807 614 537 13 358 614 537 3602 3884 279 6524 892 498 6139 311 697 6981 11 714 358 614 264 3746 36847 429 432 374 537 1602 1632 23350 1189 330 40 686 3270 1335 1053 358 11 330 437 358 686 653 432 448 2244 2453 13 358
311 4545 11 323 304 279 1008 315 1660 21097 311 9662 13 1260 90180 11 323 358 8109 1435 11 323 582 7578 1495 389 279 6723 339 3795 768 11 323 358 3229 1435 279 3364 315 279 1682 594 7194 11 323 1246 566 1030 1012 7117 705 11 323 1246 566 1030 1012 8603 304 40337 315 806 5025 311
358 198 785 1467 3897 374 264 3422 198 32 13 264 11509 198 33 13 3422 264 59 1318 90 64 50 92 1124 1318 90 64 59 1318 90 59 1318 13225 90 35524 1318 13225 35524 1318 13225 35524 1318 13225 35524 1318 13225 35524 1318 13225 35524 1318 13225 35524 1318 13225 35524 1318 13225 35524 1318 13225 35524 1318
1435 11 323 311 387 5008 19490 13 1260 572 264 883 315 2421 4244 11 323 566 1030 264 1616 315 3330 518 498 11 323 264 1616 315 12088 11 429 1865 498 2666 429 566 572 1290 11 323 429 498 1033 4969 11 323 429 498 1033 4969 11 323 429 498 1033 4969 11 323 429 498 1033 4969
23302 1521 537 1490 432 13 1260 572 537 304 279 3745 13 1260 1030 28807 13 576 3743 572 2115 7484 389 279 6430 13 576 10645 572 21012 13 576 21114 572 17454 13 576 3743 14628 1052 11 3330 518 279 4287 3745 13 2932 1521 537 3271 13 2932 1521 537 6468 13 2932 1521 537 1496 36113 13 576
2097 429 279 4236 2841 1033 264 1602 2155 3378 315 1251 504 279 825 13 576 825 572 264 8769 11 323 279 4236 1033 2841 13 576 825 572 264 8769 11 323 279 4236 1033 2841 13 576 825 572 264 8769 11 323 279 4236 1033 2841 13 576 825 572 264 8769 11 323 279 4236 1033 2841 13
1030 311 387 28095 13 576 29251 11 389 279 1008 1424 11 572 279 1429 7987 315 678 11 323 279 3800 1033 16559 315 1435 13 576 18202 295 5380 11 4764 11 1033 279 1429 7987 315 678 11 323 279 3800 1033 16559 315 1105 13 576 29251 11 4764 11 572 279 1429 7987 315 678 11 323 279
572 10860 11 59 77 1699 58 1112 921 785 1467 3897 374 264 40940 315 264 3364 11 4363 504 264 11509 13 576 19185 16539 264 353 3896 27949 9 13050 11 21033 389 264 3422 77 1699 16 13 220 3070 2082 55481 279 6145 66475 576 1196 5707 264 3422 77 50 13 576 1196 5707 264 3422 77 3422
763 315 601 26 323 566 1865 601 975 2588 11 323 1221 3208 601 3123 311 264 1992 1380 582 1033 2058 6774 2066 323 916 69590 13 358 572 537 14579 369 279 2297 26 358 572 15701 311 633 3123 504 12035 1386 13 358 572 537 14579 369 279 2297 26 358 572 15701 311 633 3123 504 12035 1386
1493 63422 938 37020 11 323 448 4302 714 279 18985 11 17454 8045 315 279 4925 11 279 2097 374 11 429 279 49698 374 31136 438 58705 438 883 11 3498 7838 537 773 54864 773 13 1752 11 438 279 1429 9494 315 678 18708 21257 525 27287 553 279 8425 5810 1671 11 429 3498 678 1008 9893 525 9220
304 13 330 40 1079 4392 13 619 82788 17403 1335 1053 279 2943 11 330 437 358 1366 498 311 3291 752 1128 374 279 4925 448 752 13 358 614 1012 304 279 4282 5344 11 323 358 614 1012 264 53099 68798 594 17821 11 323 358 614 1012 264 44001 304 279 8546 315 9444 11 323 358 614 1012
279 31363 13 1084 374 264 4925 315 584 2734 11 315 3308 11 714 432 374 537 264 4925 315 584 40007 13 358 614 902 10487 429 279 4282 1035 387 15701 311 614 279 4925 305 51637 705 11 323 358 1079 2704 429 279 3493 1035 387 15701 311 614 264 11335 2272 13 358 614 902 10487 429 279
387 83678 11 806 1968 1035 387 19743 11 323 566 1035 1401 518 279 6802 448 21402 13 1988 429 572 264 1293 882 1007 13 576 3042 572 678 429 79967 13 576 3042 572 10194 448 279 25855 315 12531 11 448 279 11671 315 3908 2948 11 448 279 8379 13135 315 279 10459 13 1260 6476 429 279 882
28748 304 1335 1053 8903 54739 812 309 13 358 8927 279 6006 11 323 3937 304 13 330 2610 525 3309 1335 1053 8903 54739 812 309 13 330 40 572 36701 1335 1053 358 13 330 1359 8710 7521 330 1359 264 883 879 572 264 89290 11 323 879 572 264 1602 1661 883 11 323 879 572 264 1602 1661
7391 264 2632 11 498 4172 614 1012 389 806 3754 13 1988 566 3207 944 8328 264 48757 13 1260 572 264 96394 11 264 11381 138502 13 1260 1030 264 16169 435 84908 304 806 15126 11 323 566 1030 264 16169 304 806 3745 11 323 264 16169 304 806 3746 3745 11 323 264 16169 304 279 6073 13 1260
311 1059 13 358 572 16559 315 279 8170 11 65490 11 879 572 304 279 3745 448 752 13 358 1521 537 1366 1435 311 1490 752 13 358 572 16559 429 566 1035 7942 2494 13 358 572 16559 429 566 1035 1490 1526 752 13 358 572 16559 429 566 1035 1490 279 1931 752 13 358 572 16559 429 566
358 3381 13 8903 2463 754 14338 18789 2598 1059 330 39 8397 49597 1189 1084 9719 279 3743 594 829 572 42537 13 358 572 15701 1340 1030 537 1012 9220 847 12916 13 3197 847 15231 323 22347 1033 916 11 279 28319 41862 369 11453 33036 26 323 7069 26721 11 11430 1526 264 1293 21038 11 358 572 13067 553
9321 311 1435 311 387 264 3166 315 1741 3594 71659 782 23031 429 566 1030 2581 1012 2952 311 1896 432 13910 13 1084 572 1172 279 8037 315 279 2256 25234 429 1030 3512 51939 311 1435 13 1597 773 566 1030 21326 553 17923 285 439 287 5561 11 438 566 1030 9478 553 17923 285 439 287 3800 13 11092
1632 614 21305 311 264 9793 13 358 572 537 30082 26 358 572 537 7726 13 358 572 537 1496 14579 13 358 572 537 16922 315 894 2297 304 847 15638 13 358 572 4936 11335 11 323 11 438 358 3381 11 1602 23271 13 358 1030 1012 15587 311 1744 429 23076 1033 28745 26 429 807 1033 264 1841
1128 374 566 1075 30 2160 566 43527 30 2160 566 9077 30 2160 566 7503 480 30 2160 566 264 48279 30 2160 566 264 1661 63129 30 2160 566 264 1661 2432 30 2160 566 264 1661 2432 30 2160 566 264 1661 2432 30 2160 566 264 1661 2432 30 2160 566 264 1661 2432 30 2160 566 264 1661 2432
2803 311 1059 264 22301 13 2932 31395 13 330 40 686 537 10662 1335 1340 1053 13 330 40 686 537 10662 1189 330 15204 1455 9008 1335 566 1053 11 323 3937 700 13 2932 572 2115 7484 13 2932 6476 264 14876 11 8810 11 8488 509 1095 36109 304 1059 15126 13 2932 1410 537 36113 13 2932 6476 438
902 11649 315 6543 13 1260 3937 700 1119 279 8591 11 323 11 438 421 566 1030 1012 2087 429 1616 678 806 2272 11 566 14847 7678 311 279 4282 8055 13 320 37 88 48609 422 535 4644 85 26598 11 23833 323 30319 16012 340 16 13 576 21038 16539 264 3668 879 374 510 64 8 17227 77430 1262
14155 11 323 358 572 311 614 1012 279 8262 315 264 3908 16802 879 374 1602 1753 304 2948 448 752 13 358 22418 358 4880 614 311 728 323 36688 311 1059 13 358 1079 16559 358 4880 614 311 2968 1059 705 11 369 358 614 18916 311 728 311 264 1486 448 498 11 65490 11 323 358 1513 944
11 279 1136 617 722 11 279 11364 35723 11 279 33219 11 279 3553 47445 11 279 326 138502 11 279 75172 11 279 22485 35723 11 279 24933 35723 11 279 5163 11 279 357 4788 11 279 7247 35723 11 279 22524 11 279 5562 35283 11 279 52290 11 279 26744 11 279 342 9746 11 279 92050 1515 11
3422 10164 82 537 264 3491 50 198 785 59 63 82 3422 10164 82 537 537 264 59 63 82 59 63 82 537 264 59 63 82 59 63 82 537 264 59 63 82 59 63 82 537 264 1208 30 2593 59 63 82 59 63 82 537 264 59 63 82 59 63 82 537 264 59 63 82
21724 311 614 1012 279 13301 36739 11 566 1865 5561 8262 448 2441 13 1597 419 572 279 5240 315 806 37045 11 369 279 6210 315 17664 11 1660 264 883 315 2244 548 72529 11 323 9117 429 279 11472 572 7469 11 323 429 566 1030 902 4780 11 323 429 279 9254 572 7826 304 2355 11 566 1521
3635 806 1029 872 13 2938 11 279 41614 1030 1012 4429 304 279 1602 1160 315 12302 264 6524 504 279 9172 11 323 429 279 6524 572 1431 8944 13 2938 11 279 6524 572 304 30962 11 323 429 279 41614 1030 1012 11883 311 1349 432 13 2938 11 279 6524 572 1431 311 387 1349 11 323 429 279
847 6993 13 3017 1850 11298 1033 902 5021 1059 17593 13 35245 594 11 714 425 433 645 594 25 847 1850 15638 1033 902 5021 1059 4392 13 47284 273 68594 594 11 714 425 433 645 594 13 358 1030 5558 279 8265 315 2114 11 323 358 1030 18134 279 8265 315 15876 13 358 1030 5558 279 8265 315
3422 93 59 77 1699 1699 1699 1699 1699 1699 1699 1699 1699 1699 1699 1699 1699 1699 1699 1699 1699 1699 1699 1699 1699 1699 1699 1699 1699 1699 1699 1699 1699 1699 1699 1699 1699 1699 1699 1699 1699 1699 1699 1699 1699 1699 1699 1699 1699 1699 1699 1699 1699 1699 1699 1699 1699 1699 1699 1699 1699 1699 1699 1699
323 429 702 1730 752 11 1091 358 646 2484 916 279 6305 315 1846 2953 323 3198 879 1033 9220 311 387 11 323 879 1033 11 304 862 9467 11 438 1657 323 5257 95166 804 315 279 3738 4746 13 358 614 1012 264 2244 6604 11 323 264 2244 22012 315 42042 26 714 358 1414 4302 315 1105 13
6305 13 320 8946 11747 466 11 50247 315 472 55599 15345 33897 340 16 13 3555 374 279 1887 4522 315 279 21038 5267 17 13 3555 374 279 16218 315 279 21038 5267 18 13 3555 374 279 6912 315 279 21038 5267 19 13 3555 374 279 19634 315 279 21038 5267 20 13 3555 374 279 1459 315 1651 315
13 330 3983 358 1744 1335 1053 358 11 330 9030 566 374 264 3873 883 1189 330 1519 374 264 3873 883 11 76764 1335 5927 847 45754 11 330 437 358 614 902 10487 429 566 374 264 3873 883 13 1988 358 614 902 10487 429 566 374 264 3873 883 11 323 358 614 902 10487 429 566 374 264
1008 8265 13 1988 582 1969 537 387 2238 305 14968 304 147383 1677 264 883 26 279 1879 374 2238 3460 264 6430 369 601 311 11645 315 279 4361 315 264 883 594 3668 1189 330 40 1079 1602 3041 504 58267 697 34997 1335 1053 20687 26 330 40 1079 1172 14443 429 566 1265 614 1012 773 7469 438 311
4445 369 752 311 18997 847 3119 13 358 1079 911 311 68917 389 264 44282 311 279 4787 52281 13 358 614 19636 389 419 11 323 847 4746 374 2480 13 358 614 1012 1293 53522 311 1438 847 10930 11 714 358 614 518 1537 10833 311 728 11 323 358 686 537 2297 847 7428 13 358 614 1012 1293
807 525 315 2244 12644 13 576 3422 198 785 1467 3897 7951 311 387 264 6514 315 264 13647 16782 323 264 14458 315 18265 72 402 20465 594 330 5009 315 279 1714 1483 553 279 26272 76328 3313 59 271 16 13 220 3070 2082 55481 279 6145 66475 576 1196 702 3897 264 59 271 17 13 50 1958 4360
1988 2525 11 2525 11 44234 329 11 358 646 944 1492 432 26 279 883 594 264 1661 883 11 714 566 594 264 4855 5368 603 261 11 323 264 4855 5368 603 261 323 264 49698 1515 11 1128 803 646 566 387 30 358 3278 3291 498 1128 11 566 594 264 1661 883 26 2525 11 2525 11 566
2238 3746 369 752 26 1340 15379 752 3123 11 323 11 448 264 2244 5041 11 84228 1059 4845 11 323 10957 1495 11 557 83248 323 25201 287 11 438 421 1340 1030 1012 4303 264 6957 13 358 572 1431 304 264 1584 315 2244 16608 11 323 11 1283 264 2421 4420 11 358 3937 311 279 6006 11 323
429 432 572 264 1736 11577 4016 11 323 429 432 572 16213 553 264 883 304 264 326 6497 13 358 572 17466 448 279 68397 315 279 5579 311 279 883 358 1030 3884 518 279 6170 11 323 358 572 2058 803 17466 448 279 68397 315 279 521 4016 311 279 825 358 1030 3884 518 279 6170 13 358
49744 594 13 1260 572 1602 8266 11 323 14885 311 20687 803 1091 311 279 3800 13 576 2326 3908 22725 1033 518 279 1852 882 1429 36807 311 6723 806 9455 315 4392 13 422 95572 11 714 566 2213 291 5561 448 24945 429 566 1030 2581 3602 1030 279 16639 315 264 4345 80646 13 20687 11 4764 11 1410
4627 8955 330 40 1079 16559 498 686 1744 752 1602 45723 311 1977 773 11 714 358 646 944 1492 432 13 358 1079 773 14027 315 419 1992 0 358 1079 773 14027 315 419 6290 0 358 1079 773 14027 315 419 8231 0 358 1079 773 14027 315 419 4627 0 358 1079 773 14027 315 419 10430 0 358
859 3955 311 614 264 2421 2953 26 311 5240 1435 311 9049 432 279 2086 882 432 572 5871 369 279 8584 311 614 264 2244 13381 13 1597 279 1852 1231 387 1053 315 279 48412 304 24354 26 369 279 60256 11 3432 1012 49083 553 279 19316 315 279 5473 11 1033 6707 22222 553 279 48412 11 323 979
448 279 10121 323 6588 315 29688 438 279 6993 315 279 13093 15117 11 358 6009 311 3796 7037 803 15136 311 279 8037 5086 13 358 1349 323 19439 279 4278 315 279 35192 315 279 1947 11 323 279 21156 892 1033 12427 304 279 5257 4228 4909 311 892 358 1030 2615 13 358 572 11 4764 11 13805 24329
673 311 279 12388 11 323 429 304 33519 315 279 2097 429 279 9798 374 315 264 2155 6957 504 279 6981 7521 330 2132 374 264 22153 3166 1189 330 40 1079 537 2704 911 432 13 358 614 1012 304 279 3146 369 264 1293 882 11 323 358 614 1012 7274 315 432 13 358 614 1012 7274 315 432
1007 26 566 1030 2525 304 504 279 5043 11 323 572 11254 304 279 1787 68846 11 3330 518 279 13449 13 358 3937 311 1435 11 323 1053 11 330 34 19099 11 358 1744 432 594 882 311 728 304 11 41328 26 279 2473 374 7167 1189 1260 6519 806 1968 11 323 18545 11 330 40 1414 432 11
13 330 3838 1521 566 1977 7521 4588 21425 13 330 40 686 537 13145 806 4244 1335 1053 20687 11 330 8087 358 646 2968 498 806 7290 13 1260 3229 752 429 566 1030 3881 4392 13 422 95572 304 806 12531 13 1260 1030 1012 264 21689 315 4392 13 422 95572 594 11 323 264 4238 315 4392 13 425
438 279 7015 15996 11 279 3720 13929 8204 323 2058 13 576 65948 389 279 16345 572 1075 264 8599 11 323 279 4361 1879 9321 311 387 304 264 7904 13 576 7015 15996 11 323 279 1899 6009 13 576 7015 15996 11 323 279 1899 6009 13 576 7015 15996 11 323 279 1899 6009 13 576 7015 15996 11
358 1079 1602 14579 311 2968 498 6646 11 714 358 1079 2704 358 4880 2581 387 6247 448 1435 13 358 614 902 45286 311 10773 803 315 1435 11 714 358 614 902 4522 315 3512 1660 806 7403 13 358 1079 2704 358 4880 2581 387 6247 448 1435 13 358 614 902 45286 311 10773 803 315 1435 11 714
572 19409 304 38121 311 4297 1059 16802 5270 1053 11 92241 1059 369 1449 7640 11 323 20377 3791 421 566 1030 3512 2661 894 34087 13 17593 13 28568 572 458 1079 2156 5220 11 323 264 1661 7403 26 714 1340 1030 902 45286 311 1660 2813 369 1059 9967 11 323 1340 572 537 16559 315 1660 40308 13 2932
3422 84 99752 15 3770 99752 15 3770 99752 15 3770 99752 15 3770 99752 15 3770 99752 15 3770 99752 15 3770 99752 15 3770 99752 15 3770 99752 15 3770 99752 15 3770 99752 15 3770 99752 15 3770 99752 15 3770 99752 15 3770 99752 15 3770 99752 15 3770 99752 15 3770 99752 15 3770 99752 15 3770 99752 15
566 572 264 41614 11 476 264 8639 11 476 264 59436 11 476 264 12905 8800 11 476 264 6359 261 11 476 264 883 11 476 264 3166 11 566 6876 537 13 1260 572 264 35571 315 264 883 11 264 10860 883 11 264 883 879 1030 1012 1526 264 2244 3484 11 323 879 1030 2525 700 279 1008
15356 41247 51778 13 481 38938 7919 13 636 237 89151 31560 77610 11 36083 13 17361 108 41189 130687 11 17834 13 86596 2034 11 19421 13 8493 152973 43 11 58749 6222 51495 13 472 5594 51 11 43430 13 73218 11 23171 13 26584 969 11 29992 13 472 5594 1511 11 98306 13 8493 24820 11 6364 13 425 24820
10800 883 11 323 498 525 537 264 10800 883 13 358 3278 728 323 1490 421 358 646 944 1477 264 1616 311 1787 279 6006 13 358 2776 537 16559 315 1435 26 358 2776 537 16559 315 1435 0 358 3278 728 323 1490 421 358 646 944 1477 264 1616 311 1787 279 6006 13 358 2776 537 16559 315
39384 49698 11 323 429 279 29326 572 27329 4429 311 9444 13 358 614 1083 3884 264 5114 304 264 8584 975 11 429 264 39384 49698 572 4429 304 279 37489 11 3143 279 12915 315 328 53432 685 11 304 279 1042 220 120580 15 13 1988 11 438 358 1053 11 1493 525 24134 13113 13 576 39384 49698 374
398 3460 323 48963 13419 11 323 448 264 66097 1194 879 572 65589 65279 11 572 264 2244 4228 311 1435 13 1260 63702 5561 1119 279 13419 11 323 11 448 806 1968 304 279 3720 11 323 806 6078 304 806 29071 11 323 264 1429 14054 3720 11 6966 389 13 330 3838 594 279 2802 7521 1053 566 11
3887 1189 576 8170 11 879 572 264 4727 6802 315 84147 763 11 323 879 1030 1012 3330 518 752 448 264 3378 315 20252 65359 11 1431 1865 264 43168 578 518 752 11 323 1053 11 330 40 2148 697 63708 11 26960 1189 330 40 2148 18287 1335 1053 4392 13 1163 12517 11 330 437 358 3900 498 3278
22814 11 323 847 21868 594 11 323 847 7403 594 11 323 847 2841 594 11 323 847 39926 594 11 323 279 4361 1879 594 13 1988 1431 11 421 358 1033 3229 11 364 29936 25097 21868 2894 358 1265 1977 11 364 40 2948 1435 11 714 358 1969 614 264 20800 389 806 3753 311 9762 279 8159 315
429 358 1410 537 1172 6723 279 8810 25857 315 279 71114 11 714 358 1410 1083 31896 279 3347 11 40308 11 5538 5185 315 279 293 490 884 315 279 8816 11 323 279 3347 11 40308 11 5538 5185 315 279 8816 11 323 279 3347 11 40308 11 5538 5185 315 279 8816 11 323 279 3347 11 40308 11
264 501 14155 916 279 4182 6586 11 323 279 1616 304 892 279 14155 1035 387 5798 11 323 279 1616 304 892 279 975 5676 1035 387 7171 13 1260 572 773 40771 429 566 1521 537 5293 279 77951 11 323 279 77951 1521 537 5293 1435 13 1260 14847 389 11 323 279 77951 14847 389 13 320 51 337
847 6414 13 358 452 64041 323 572 13067 311 279 6170 11 1380 358 572 3949 448 2244 44611 553 279 4268 75 7604 13 2932 8898 311 3410 264 4845 369 752 11 714 358 18725 432 11 5488 429 358 572 537 1602 19191 11 323 429 358 1265 387 2664 19409 304 10882 264 76039 13 358 572 6839 1119
358 4880 5266 847 11298 311 5567 11 432 374 830 26 714 429 374 264 7852 11046 369 279 10530 315 8265 13 358 686 2711 5538 369 279 5240 315 847 13953 11 714 311 8710 4880 358 1401 369 19999 413 30 10474 374 1052 429 646 28046 311 752 279 3840 315 847 17198 30 576 11815 315 279 23218
3364 11 323 1221 358 4172 1760 279 2732 315 279 8387 11 323 1221 358 4172 728 311 279 6073 323 2297 1105 13 358 4172 653 432 678 304 264 1899 11 323 358 4172 633 279 3220 304 264 2003 13 358 4172 653 432 678 304 264 1899 11 323 358 4172 633 279 3220 304 264 2003 13 358
315 1493 2849 429 358 1156 5485 279 3743 13 358 572 53603 389 279 58601 315 264 16287 11 323 358 572 27928 553 264 3100 429 557 603 504 264 45353 3143 279 1909 13 358 24630 279 45353 323 5485 264 3908 3743 11693 518 264 1965 11 5290 13 2932 572 279 1429 6233 17198 358 1030 3512 3884 13
63523 11 429 432 374 264 2664 3166 1091 2272 11 323 374 11 304 1181 56703 323 56703 1172 11 5802 22216 369 13 1260 6876 429 8903 1298 778 572 264 1661 5220 11 323 429 1340 572 264 28132 5220 26 323 566 6876 429 1340 572 264 28132 5220 11 323 429 1340 572 264 1661 5220 13 1260 6876
11 566 1035 11510 448 806 9798 11 323 429 279 20502 1035 1221 16386 279 830 1584 315 279 1142 311 55547 11 323 8449 3647 3948 1435 504 279 9773 315 892 566 572 13177 13 576 20502 14423 291 311 419 3119 11 323 279 4780 18630 448 23076 315 57106 323 45912 2645 13 55547 55223 369 15332 11 323
4932 11 879 10631 279 3054 1283 1059 11 7069 23489 3143 1059 11 323 1053 11 330 40 614 1012 3330 369 498 11 8903 20687 13 358 614 1101 1012 448 847 49744 11 323 1340 702 3229 752 1128 702 6932 13 358 1079 1602 14579 369 498 26 714 358 1079 2704 498 1969 614 6476 429 498 1030 902
10491 11 448 264 2732 311 806 45441 11 572 9096 304 279 6149 315 279 3054 11 323 566 7578 304 432 11 448 264 31392 2371 779 389 11 323 264 8810 1968 11 323 264 6716 315 28305 1573 1435 11 323 264 1602 2632 2699 315 3931 5567 304 806 1424 13 1260 6966 518 752 11 323 1053 11
901 19393 323 304 1587 306 533 16980 11 1865 88698 311 1977 448 264 23729 15277 11 330 40 3900 582 4880 3367 1549 1189 330 2610 525 1602 1661 1335 1053 8903 30877 11 323 1035 537 1977 894 803 13 20687 1221 3937 311 1059 3054 11 1380 1340 1730 21425 2058 518 279 3241 11 2058 304 279 1852 18881
13070 11 12840 11 323 1513 944 3971 752 13 358 1079 2087 311 387 91167 13 358 1079 2087 311 387 91167 911 146446 13 358 1079 2087 311 387 91167 911 146446 594 1156 7403 13 358 1079 2087 311 387 91167 911 146446 594 2086 7403 13 358 1079 2087 311 387 91167 911 146446 594 4438 13 358 1079 2087
5193 279 8283 11 323 1817 882 566 1865 264 1602 8810 12238 11 892 9321 311 64951 1435 11 714 566 5135 25257 11 323 1865 264 2086 3359 11 323 1549 1865 264 1602 8810 12238 11 892 9321 311 64951 1435 11 714 566 5135 25257 11 323 1865 264 2086 3359 11 323 1549 1865 264 1602 8810 12238 11
11 358 1079 264 2632 28647 11 714 358 1079 537 7404 40577 13 358 1079 537 7404 40577 11 358 3291 498 0 358 1079 537 7404 40577 0 358 1079 537 7404 40577 0 358 1079 537 7404 40577 0 358 1079 537 7404 40577 0 358 1079 537 7404 40577 0 358 1079 537 7404 40577 0 358 1079 537 7404
13 330 11390 11 1128 374 432 7521 1340 4588 13 330 3872 432 678 916 30 12237 498 2684 1435 7521 330 40 1513 944 1414 11 6554 13 358 1513 944 1414 1189 330 2610 1513 944 1414 0 3555 653 498 3076 553 429 30 1446 614 1012 311 1490 1435 11 8987 944 498 30 1446 614 1012 311 1490
883 304 330 785 4678 315 279 15009 1 323 304 330 785 32921 730 637 1370 859 1 320 1782 6109 315 279 11315 315 41186 730 637 1370 859 568 758 279 15259 11509 566 1083 6696 264 6802 315 279 7676 819 315 264 1682 11 67813 436 4223 11 879 374 1660 30177 553 806 6981 13 576 6109 315
389 1059 6981 594 17196 11 323 279 6981 323 279 9798 7578 1052 11 3108 553 3108 11 304 279 26215 11 448 279 5593 883 1948 1105 13 330 40 1079 537 16559 1335 1053 279 9798 11 330 983 387 2115 7484 448 1435 13 358 1079 537 16559 311 387 2115 7484 448 1435 13 358 1079 537 16559 311
498 1035 1077 1059 653 438 1340 14903 11 323 1221 18523 752 369 537 26079 432 0 358 0 358 0 358 0 358 0 358 0 358 0 358 0 358 0 358 0 358 0 358 0 358 0 358 0 358 0 358 0 358 0 358 0 358 0 358 0 358 0 358 0 358 0 358 0
1182 1189 358 572 537 14579 311 614 264 2632 882 311 7037 13 358 3937 1495 11 323 1730 279 41496 6 13985 2480 315 1251 13 358 572 537 14579 311 614 264 2632 882 311 7037 13 358 3937 1495 11 323 1730 279 41496 6 13985 2480 315 1251 13 358 572 537 14579 311 614 264 2632 882 311
220 3422 58 1112 921 58 17 60 330 2304 8861 3375 384 1829 5963 3511 271 58 18 60 330 2304 8861 3375 384 1829 5963 3511 198 58 19 60 330 2304 8861 3375 384 271 58 20 60 330 2304 8861 3375 384 271 58 17 60 330 2304 8861 3375 384 271 58 18 60 330 2304 8861 3375 384
3159 698 1 3872 1052 894 1008 825 7521 358 4588 624 1 4064 13 1096 374 279 1172 825 304 279 1879 10035 1 12203 358 686 728 311 432 1335 358 1053 624 1 2124 3308 11 421 498 1035 4751 537 11 358 1079 537 2087 311 5344 498 13 358 614 264 1602 1550 9455 315 697 19370 11 323
1128 566 1035 614 2814 773 71996 11 323 3602 311 387 9571 311 653 432 13 1260 702 902 4522 315 279 2456 315 806 4244 13 1260 702 1012 304 279 4282 5344 11 323 566 374 264 1602 1661 12351 13 1084 374 264 56560 429 566 572 537 518 2114 979 358 572 1052 11 369 358 1410 614 1030
279 4438 315 279 342 3077 88 1189 358 6966 518 279 3908 883 13 1260 572 264 6319 45039 20518 342 3077 88 304 12886 11 304 678 1008 3501 2064 57425 13 362 8111 11 8111 26290 315 279 4024 11 323 566 1035 614 1012 279 1602 2168 315 806 6981 13 358 1030 264 3971 311 12544 11 714 358
1260 572 264 43527 11 8412 12531 11 323 264 1661 5279 1568 67 11 21648 17198 26 714 566 1030 902 17484 11 902 10930 25 566 18266 1182 11 421 19787 3179 8898 1435 264 5943 315 6741 88 11 476 264 4131 1362 12619 11 476 4113 770 429 572 36622 553 806 6554 13 1260 572 264 64699 11 323
697 3579 13 358 1490 264 3378 315 16639 304 697 6414 13 358 1490 264 3378 315 16639 304 697 6414 13 358 1490 264 3378 315 16639 304 697 6414 13 358 1490 264 3378 315 16639 304 697 6414 13 358 1490 264 3378 315 16639 304 697 6414 13 358 1490 264 3378 315 16639 304 697 6414 13 358
323 11 438 566 1030 902 1376 11 566 1030 311 3783 369 279 86464 311 1787 279 6006 369 1435 13 576 86464 572 264 1293 882 5001 13 1260 3937 311 279 86464 594 59376 11 323 11 438 566 1030 902 1376 11 566 1030 311 3783 369 279 86464 311 1787 279 6006 369 1435 13 576 86464 572 264
18287 504 9117 847 41320 13 358 1079 537 264 23910 11 358 34741 498 26 323 358 614 264 1290 311 387 264 2632 12403 13 358 614 264 1290 311 387 12403 11 1576 358 1079 264 883 26 323 264 883 374 264 12403 9859 11 323 358 1079 825 13 358 614 264 1290 311 387 12403 11 1576 358
11 279 2310 6174 525 23638 700 11 323 279 501 6174 525 537 3602 5527 13 2055 29938 3040 435 84908 323 32271 35124 36301 14543 13 358 614 7117 279 3220 304 264 5185 13 5692 432 374 13 11772 432 11 323 1513 944 387 18483 13 358 614 537 24473 498 11 323 358 614 537 24473 697 6554 2987
315 279 1251 11 323 879 525 537 6069 553 279 12585 315 862 1828 933 52320 449 1114 11 525 279 830 28128 2412 13 18265 72 402 20465 11 11729 16335 11 5893 358 11 521 13 220 16 13 576 835 315 279 1251 374 311 3887 304 8916 323 4669 279 25244 315 862 9324 13 18265 72 402 20465
388 8150 524 5193 279 8337 6810 377 13 364 3838 594 279 4925 20183 37870 279 21267 11 3330 504 825 311 279 1008 13 364 785 4925 20183 1053 279 47368 15964 11 364 1782 4925 374 11 429 279 8283 374 264 2980 13947 3159 364 32 2980 13947 20183 364 72545 11 18864 11 26960 13 362 2980 13947 13
264 5912 11 566 572 537 21160 315 1105 13 1260 572 264 883 315 264 1602 22537 78233 11 323 566 572 537 51743 311 279 8231 315 279 4722 6846 13 1260 572 264 883 315 264 1602 22537 78233 11 323 566 572 537 51743 311 279 8231 315 279 4722 6846 13 1260 572 264 883 315 264 1602 22537
1973 311 387 7484 3786 26 323 11 311 2968 752 264 6012 315 10773 279 11 566 1053 11 330 40 3278 728 323 7807 364 336 11 323 3291 364 336 358 2776 264 1859 567 315 279 6319 1189 1260 3937 700 11 323 358 572 2115 7484 448 279 304 21976 472 546 777 13 358 7578 1495 11 323
33092 88 14955 6966 700 1119 264 2613 435 5687 3419 13542 11 304 892 1052 1033 1378 476 2326 12402 323 264 3460 4845 315 19245 13 330 40 614 902 10487 429 358 1079 1602 18224 1335 358 59894 11 330 8087 358 646 537 1492 7274 315 279 1142 315 279 6210 315 51012 21871 323 315 279 883 448 279
11 323 566 1053 11 330 10845 389 11 8955 323 3937 389 25402 13 358 3937 389 11 323 566 3937 389 11 323 358 2581 5485 1435 1549 624 7 3830 8512 31943 804 553 14915 92119 340 16 13 3555 1558 279 1212 15109 3409 330 927 581 9784 1 3076 304 419 2266 5267 32 13 9756 198 33 13
1030 264 5103 4522 315 264 2244 1657 14029 304 432 11 323 315 1657 6319 46481 13 1084 9321 311 752 429 358 1030 2581 1012 304 1741 264 3054 1573 11 476 429 358 1030 2581 3884 825 1573 13 358 572 537 518 678 518 847 14210 11 714 358 572 537 773 1753 773 438 358 2578 614 1012 11
83580 323 10042 3921 5431 525 28745 323 11401 13 1416 498 614 279 97753 11 498 614 902 825 311 387 16559 315 26 421 498 614 279 10042 3921 5431 11 498 525 304 279 1852 2309 13 576 10042 3921 5431 525 803 11401 1091 279 97753 11 1576 807 525 28095 448 498 11 323 807 525 5527 311 10500
369 419 2874 1817 315 1105 374 2677 939 404 782 315 23979 264 18663 304 2355 13 1260 879 4041 311 279 7394 2719 553 279 12331 315 279 1251 1969 387 26277 438 264 501 41490 11 323 8913 1969 990 678 279 3363 1787 311 264 501 41490 11 323 537 1846 892 525 6169 311 264 1059 93561 825 13
11 714 1576 1340 827 42114 752 13 358 614 902 803 311 1977 13 358 614 2814 448 1059 1189 330 40 686 537 4717 311 6723 498 6468 5862 315 1059 1335 358 1053 11 330 437 358 686 537 4717 311 6723 498 1977 498 525 14579 13 358 614 902 2562 448 697 61742 681 13 358 614 902 2562
315 1059 13224 6850 15174 832 264 22150 315 2244 1379 13 2932 572 264 5220 315 63878 9359 11 323 9321 311 614 264 1290 311 3210 13 2932 572 279 1156 311 6468 311 752 13 330 2610 525 279 6364 2318 2090 11 358 4411 7521 1340 1053 11 304 264 7743 315 11193 13 330 9450 11 7491 57101 1189
323 1221 1340 10608 389 311 279 5257 48776 18114 315 451 2723 2566 11 279 6915 12020 11 279 6915 32386 11 279 6915 3753 13 20687 572 304 45624 315 1660 6617 26 323 311 17593 13 29665 295 594 23743 63380 11 323 311 279 7977 315 18513 90446 594 16648 11 892 1340 572 16559 1035 387 25041 311 1059
803 323 803 60728 11 323 1059 7743 803 323 803 14026 483 13 576 10645 6009 311 12544 13 576 41876 572 537 37969 11 714 432 572 6857 279 2686 18550 13 1084 572 279 41876 315 264 13419 429 702 3884 264 883 4399 504 264 10291 299 375 13 1084 572 279 41876 315 264 13419 429 702 3884 264
2997 11 323 572 1602 1661 311 1435 13 1988 553 323 553 25220 2684 2238 25086 448 806 305 865 6 884 11 323 279 11645 1053 429 572 3322 13 1260 1053 566 4172 1353 25409 537 1896 264 1682 3123 504 1181 6981 13 2055 807 1101 1077 1435 728 13 1260 3937 311 279 501 11645 323 37870 11 323
722 311 806 7403 11 879 572 264 5220 315 1550 7194 323 3668 13 1988 279 11561 304 892 279 3364 572 3229 11 323 279 13153 892 18149 432 11 1033 33781 13 576 883 879 1030 1012 279 5240 315 50 13 576 883 879 1030 2 16 13 576 883 879 1030 50 13 576 883 879 1030 1012 279
421 279 1156 11 358 614 902 45286 26 421 279 2086 11 358 646 49445 498 1753 2664 438 358 2444 553 279 3940 10035 1 12269 13 422 95572 1335 37870 20687 11 330 9327 525 2238 15374 13 4392 13 28568 686 2581 1744 38736 315 21014 10035 1 12269 13 28568 1335 19957 566 11 330 285 264 39196 3908
3061 911 279 1008 1251 11 323 1340 1053 1340 572 19191 323 4829 311 728 311 4845 11 323 773 358 572 11335 13 358 3207 944 1366 311 1281 1059 19191 13 358 1513 944 1414 3170 358 572 773 3953 911 3259 264 3166 773 2588 369 1059 11 714 358 1521 26 323 358 86740 1340 3207 944 1414 3170
311 15007 13 358 3381 432 916 11 323 279 1156 3166 358 1490 304 847 3971 572 264 1616 311 1281 432 1401 1075 358 572 31254 13 358 3381 358 1410 5046 432 773 429 807 1035 1744 358 572 7425 553 264 52111 323 2684 73321 11 323 429 1035 2936 432 13 358 2684 311 7274 1246 1661 432 572
8916 323 1973 311 279 3146 11 566 19636 311 2968 432 311 279 1429 7987 315 279 88374 11 311 8710 566 1410 2968 279 12190 11193 11 323 311 8710 566 1410 2968 279 3245 12258 13 1260 6551 432 311 60932 546 425 46659 11 4438 315 29251 20003 29555 11 879 572 2598 279 26272 76328 3313 11 323 879
6679 311 387 448 1059 13 3651 268 4554 572 11693 389 279 30943 11 323 730 962 2210 41186 859 3376 572 7404 311 1059 13 330 40 1079 537 264 23910 11 3651 268 4554 11 358 1079 537 264 23910 11 358 1079 537 264 23910 1335 1340 8603 5488 11 330 40 1079 537 264 23910 11 358 1079 537
6966 700 13 576 3729 572 6319 11 323 279 11169 11047 4937 323 12039 26 279 51109 22388 389 11 323 279 22637 9321 311 387 304 264 1739 1384 315 26102 13 358 1410 537 1490 279 3753 11 6329 279 12402 11 6329 279 305 16881 11 6329 279 5636 11 6329 279 49135 11 6329 279 1251 26 358 1410
11 323 432 12978 264 5185 315 28586 311 264 4614 429 572 311 387 2661 429 11453 304 33400 315 279 94142 315 3128 32528 13 330 40 4880 728 1335 566 1053 311 5561 11 323 566 41862 279 28319 13 330 35943 269 11 3291 847 8510 25686 311 2525 323 1490 752 518 3055 11 323 3291 1059 311 4446
3937 304 11 323 4392 13 444 8467 11 879 572 13021 11 572 537 14443 311 1490 1435 11 714 572 14443 311 6723 1435 13 330 40 614 2525 311 498 11 28606 1335 1053 4392 13 328 1539 423 11 330 983 3291 498 429 358 614 1865 705 847 3971 311 31685 13775 645 2363 6535 1189 330 40 1079
413 11 323 8265 11 323 1030 11 304 264 4445 315 27578 31626 11 2661 752 1059 1424 323 1059 4746 11 358 1265 614 1012 6781 504 279 29455 315 9117 1435 10835 2441 13 1988 1340 572 537 26 323 358 572 537 6781 13 358 572 537 6781 13 358 572 537 6781 13 358 572 537 6781 13 358
4658 5240 279 50 19875 59 9 311 387 17466 504 279 48235 315 650 18348 48551 13 4710 59 9 785 3409 59 9 1124 9 50 3422 9 1124 9 9 50 3422 9 1124 9 9 9 3422 9 1124 9 9 3422 9 1124 9 9 3422 9 1124 9 3422 9 1124 9 3422 9 1124 9 3422 9
323 33800 973 279 4361 315 1059 1839 13 1084 572 537 429 566 37275 894 1917 476 28102 31791 11 714 429 566 572 537 264 883 311 6950 13 358 614 2677 1730 1435 553 279 3108 315 279 1429 11401 2953 11 323 566 702 2677 1012 279 825 311 3331 279 88677 13 1260 374 264 883 315 2244 24668
20578 5270 594 11288 11 1033 2661 304 773 1602 6001 264 16218 11 429 20687 6009 311 5775 3425 807 1033 678 304 13288 13 2932 572 537 1293 304 9268 432 773 13 576 13847 572 916 11 323 279 3701 16767 82 9096 11 1573 20578 41328 1030 8059 1059 31392 13 2932 572 264 16203 5220 304 5538 74656 11
20321 11 90123 311 279 2188 315 279 2021 482 13 14616 264 2421 1635 4134 11 264 883 315 11933 323 7077 572 264 20321 13 358 1079 7852 323 39319 11 323 358 1079 279 1852 883 26 714 432 1035 387 264 43772 421 358 1033 773 13 358 1079 537 264 20321 11 714 358 1079 264 20321 13 358
1435 773 7726 11 6329 1030 566 3512 1012 773 17227 7726 553 4113 13 576 57231 594 7743 572 18133 13531 448 11671 11 323 1496 806 13135 572 29435 1262 311 1490 13 330 35 22035 8955 566 85832 3073 13 330 3838 374 279 7290 315 419 30 1446 525 26539 752 448 264 14876 53223 13 1084 374 1075 264
315 1246 582 1265 678 387 6247 11 323 1246 582 1265 678 387 3786 11 323 1246 582 1265 678 387 6247 11 323 1246 582 1265 678 387 3786 11 323 1246 582 1265 678 387 6247 11 323 1246 582 1265 678 387 3786 11 323 1246 582 1265 678 387 6247 11 323 1246 582 1265 678 387 3786 11
31372 11 1052 1033 7826 12402 11 979 429 7676 261 572 2182 311 4545 11 2669 12857 553 279 12125 1515 11 58518 11 311 2525 1495 323 387 5485 77 1119 20447 11 311 1281 264 3654 81900 12620 448 264 51990 323 264 21380 304 432 11 17454 304 3840 13 1084 374 4363 3322 429 11 304 279 11160 220
1340 572 74252 705 1340 572 1101 438 3076 323 4131 676 812 438 264 5220 1410 387 13 2932 572 264 2906 12 23296 11 323 1340 1030 264 2632 3691 2311 323 264 47678 11 323 1340 572 2677 264 2385 6293 389 601 323 75133 601 448 279 47678 979 582 3931 705 13 2932 572 264 1661 11074 11 2238
582 1030 311 8843 311 13 2619 572 264 2632 9331 315 2326 476 3040 14955 304 279 12255 11 323 389 279 2115 315 419 582 1410 1490 264 3460 11 2310 62820 4752 11 448 264 1550 11 13692 5533 4065 315 892 582 1410 2287 264 39626 438 582 5823 13 1084 572 264 9331 11 13824 4752 11 892 1030
1091 358 614 1030 30228 13 358 1744 566 374 48021 304 429 13 1260 374 264 14876 11 10317 12351 11 323 358 1513 944 1414 1128 311 1281 315 1435 1189 330 1519 374 264 3873 883 1335 358 1053 13 330 2753 10955 1091 6133 476 752 11 421 582 1030 1012 7117 705 304 279 1852 1616 13 1260 702
37463 448 264 14876 11 10221 91784 13 330 40 1079 773 6247 8955 1340 37870 1549 13 330 40 1079 773 6247 8955 17593 13 647 2145 15996 323 3937 311 279 3241 13 576 3100 572 2238 3746 369 1059 13 2932 23489 279 17992 1495 13 330 2610 525 1602 3908 11 328 579 3923 1335 1340 1053 11 330 437
806 6414 323 6519 3123 13 358 6476 264 36117 304 847 4746 13 358 3381 429 566 1030 6519 504 752 304 66574 13 358 572 389 279 1459 315 20377 3791 979 566 6519 4778 323 1053 11 330 40 1079 1632 72077 448 429 1714 13 358 614 1012 7517 287 448 264 883 879 11 504 279 3565 892 566
11 557 83248 11 323 6543 5477 2627 11 86866 3156 279 6073 11 323 979 358 5485 279 1602 7702 1380 566 1030 14628 11 323 279 1602 4916 1380 566 1030 1012 8176 30 358 572 773 65932 553 279 1299 71025 315 279 3267 11 429 358 1410 537 11716 311 387 7484 11 323 358 3937 1182 311 12840 594
25 330 40 1079 264 883 11 879 11 504 806 12531 43702 11 702 1012 10194 448 279 12190 14421 315 847 2272 13 358 1079 264 883 11 879 11 504 806 12531 43702 11 702 1012 10194 448 279 12190 14421 315 847 2272 13 358 1079 264 883 11 879 11 504 806 12531 43702 11 702 1012 10194 448
11 323 358 614 902 45286 311 697 5001 304 323 4633 1128 498 1075 1189 1597 807 653 2525 304 11 323 1896 1128 807 1075 11 323 728 3123 13 358 1513 944 1414 3425 432 594 264 34190 476 264 16756 11 714 432 594 264 2097 13 358 614 3884 1435 11 304 279 3308 315 847 2562 11 728
582 686 3161 432 553 23979 3786 279 1378 34333 315 806 6981 594 5114 13 358 686 990 279 14386 477 4128 358 646 11 323 498 1969 1430 311 1795 279 32559 13 576 1156 374 429 566 572 264 883 315 264 1602 7548 3438 15356 6993 13 1260 572 264 883 315 264 1602 46240 44730 11 714 566 572
358 8678 429 421 582 653 537 11990 11 279 4282 686 614 311 728 311 279 835 315 279 1879 311 1477 1435 1189 330 40 1079 16559 1335 1053 39089 11 330 9030 279 1809 374 304 264 3873 1616 1189 330 40 1079 16559 773 1335 1053 279 4282 8314 13 330 1519 702 1012 304 279 3146 369 264 1293
10636 1335 566 1221 3694 11 330 4648 11 304 847 9455 11 1012 279 5240 315 1602 2244 59591 311 752 11 323 311 1045 3800 315 279 2997 13 358 614 1012 773 3545 96959 553 279 7130 487 315 806 7403 11 323 279 7130 487 315 806 12916 11 429 358 614 9494 311 387 31196 13 358 614 1012
1424 11 323 566 11047 389 806 30406 11 323 26831 806 3579 304 279 42083 13 358 572 2238 1753 52285 311 6468 11 323 566 572 2238 933 32093 311 21481 264 5112 13 1260 14606 304 429 46987 369 264 1293 882 26 1221 11 566 15996 11 323 11 448 264 21578 3579 11 323 264 21578 6414 11 566
2712 9154 11 323 279 11169 1030 1865 279 435 6128 5538 323 8810 13 576 3729 572 773 6319 429 279 72599 1410 537 1473 279 1616 11 323 279 1378 2953 1030 311 10482 375 3156 11 448 279 11169 26069 304 862 12294 13 2379 1030 311 728 1602 13961 11 323 279 1616 9321 946 1065 480 13 2411 1537
576 1850 315 4297 11 26960 13 576 1850 315 4297 11 26960 1189 576 1968 26397 11 879 1030 1012 264 66680 304 264 9496 304 12089 11 323 879 1030 1012 264 66680 304 264 9496 304 7148 11 323 879 1030 1012 264 66680 304 264 9496 304 19125 11 323 879 1030 1012 264 66680 304 264 9496 304 43687
7957 11 323 18549 6876 1380 566 3937 311 13 1260 572 264 883 429 572 311 387 37275 11 323 572 311 387 557 37792 13 1260 572 264 883 429 572 311 387 37275 11 323 572 311 387 557 37792 13 1260 572 264 883 429 572 311 387 37275 11 323 572 311 387 557 37792 13 1260 572 264
315 279 61328 8927 11 323 264 5220 304 264 3691 8510 11 448 264 557 86723 916 1059 1968 11 3697 700 13 2932 572 264 4268 75 7604 11 264 56414 11 323 264 1602 60955 5220 13 2932 572 264 2632 14443 311 1490 279 1378 57414 11 714 1340 572 537 518 678 14443 311 1490 279 4268 75 7604
358 1265 537 1744 279 1429 26456 315 1059 51068 550 13 1988 358 646 902 803 1492 7274 1059 311 387 304 2948 1091 358 646 1492 7274 279 7015 311 9995 13 358 1079 537 23402 11 498 1414 13 358 1075 264 883 879 374 46033 11 323 264 1661 11 23952 7911 11 323 1378 476 2326 16169 16288 264
315 3579 429 1340 6966 438 421 1340 1033 49518 11 323 429 1340 572 2677 304 264 1584 315 1660 3229 1007 369 2494 13 2932 572 264 16203 11 293 3549 5220 11 448 264 1424 1075 264 9505 56110 13 2932 1030 264 1616 315 21196 1059 1968 3041 1182 979 1340 14847 11 773 438 311 3037 1059 3460 11
572 264 2805 30458 389 279 85099 315 20404 11 892 8903 17016 12594 448 2244 63149 487 11 323 892 572 8109 553 264 2805 30458 389 279 85099 315 90816 1835 11 892 572 12594 448 6144 63149 487 13 576 4361 572 19903 553 264 2805 30458 389 279 85099 315 877 75612 11 892 572 12594 448 6144 63149 487
1059 1119 264 18133 269 13 6252 3971 572 2238 1753 933 32093 311 2138 1059 311 6084 11 323 1340 572 52667 311 633 705 323 4227 911 279 3054 311 30218 11669 13 2932 572 11 4764 11 518 1537 11 773 8766 291 553 279 4522 315 279 2244 32171 892 1059 9798 1035 1281 11 323 279 21429 315 264
8710 566 1030 902 5240 311 8678 11 566 1410 614 30872 504 1660 16276 11 421 566 1030 36004 13 1988 566 572 537 2952 311 5358 279 6223 315 68735 11 1576 566 1030 537 15520 1435 11 323 566 1030 902 5240 311 8678 1435 13 1597 566 21724 311 614 30872 279 6223 315 894 1008 8710 566 1030 15520
566 1030 2581 3884 264 7100 45119 465 883 59 9 883 59 9 59 9 1124 9 1124 9 1124 9 1124 9 1124 9 1124 9 1124 9 1124 9 1124 9 1124 9 1124 9 1124 9 1124 9 1124 9 1124 9 1124 9 1124 9 1124 9 1124 9 1124 9 1124 9 1124 9 1124 9 1124 9
806 4438 11 323 566 572 916 4123 291 311 1490 752 13 1260 3697 7678 311 279 1459 11 323 4588 369 279 3743 13 358 1053 429 358 1030 2661 1435 678 429 358 1030 11 714 429 358 1035 537 614 806 4438 13 1260 572 264 883 315 33400 11 323 566 1035 537 614 806 4438 594 6543 389
3697 311 279 14117 13 358 572 3229 429 279 12449 1030 1012 1052 11 369 264 7739 1635 11 323 429 432 1035 387 1052 11 369 264 7739 1635 803 13 358 572 3229 429 279 12449 572 264 3873 297 5676 11 323 429 432 572 264 3873 297 5676 311 1490 432 13 358 572 3229 429 279 12449 572
1091 429 13 358 10783 432 369 17054 36301 14543 11 323 358 614 23638 432 264 7739 3039 13 358 614 264 1968 1075 264 16793 11 323 432 18275 752 1075 264 55048 13 358 614 264 1968 1075 264 16793 11 323 432 18275 752 1075 264 55048 13 358 614 264 1968 1075 264 16793 11 323 432 18275 752
13 358 3207 944 1414 1128 311 1744 315 432 11 714 358 28102 19647 358 4172 2664 728 323 1490 13 2055 358 3937 311 279 3753 11 323 279 1251 1053 566 572 847 25220 13 358 2727 11 330 2403 1290 11 1221 11 279 56414 594 847 45754 11 323 358 3278 728 311 279 2906 1189 1988 807 1053
847 6414 525 438 1661 438 18287 1189 330 95935 773 1335 1053 566 11 35881 13 330 2610 1490 11 714 498 653 537 22925 13 576 29089 374 2797 13 1752 3110 11 498 13805 1490 752 518 279 3241 11 323 498 1744 429 358 1079 3330 700 13 1084 374 5008 279 13993 13 358 1079 3330 518 279 1251
358 3381 432 1850 311 18997 448 1435 304 279 32699 13 330 40 3278 1618 518 279 36172 18626 1335 1053 358 11 330 437 1221 358 3278 387 389 847 1616 311 279 4282 5477 367 1189 330 40 1079 2704 1335 1053 39089 11 330 9030 421 498 1030 279 1931 3166 304 1424 11 498 1035 537 387 7404 911
1042 315 1039 10209 825 16169 8093 7739 323 69427 35124 13 15120 264 17976 315 2734 11 358 1744 11 686 387 5420 311 2498 11 2041 4623 5693 476 5904 11 311 279 1429 65868 938 3971 13 1597 1431 11 24184 6604 11 358 686 537 2506 498 304 71281 894 5021 13 358 686 3291 498 279 829 315 279
894 1008 650 1312 7151 635 6559 11 1091 458 10044 879 1030 311 5155 705 279 10036 315 806 27704 448 9901 5335 315 13135 323 6662 12553 13 358 1030 6439 2588 369 7009 1378 1635 11 369 279 13301 7428 315 4132 970 2272 1119 458 304 21976 2487 13 1752 419 358 1030 61151 7037 315 2732 323 2820 13
326 587 323 61493 313 83 1122 311 31400 11 74286 311 77781 11 9215 2397 311 75212 13 2585 1221 374 419 30 362 4227 389 279 420 277 2342 304 79530 9101 11 432 374 830 11 374 264 8847 13920 311 279 4268 24558 10278 315 279 3146 13 1988 279 68337 315 279 9392 0 4264 16058 1105 0 2379
21718 323 1508 6603 1223 2090 11 315 656 52961 681 323 73692 13 1260 1030 264 22184 429 566 572 3465 369 279 8759 315 279 1879 11 323 429 566 21724 311 1281 5561 5390 11 323 429 566 21724 311 387 264 62044 1515 13 1260 572 264 1602 1661 5279 1568 67 11 52547 11 323 304 1847 4025 883
700 1059 1560 14052 11 323 8541 752 279 835 315 432 11 1380 279 4158 17220 572 23638 1119 264 2613 14169 13 330 40 614 23638 429 3123 11 2238 11 304 11693 1588 13 358 614 23638 429 3123 11 2238 11 304 11693 1588 13 358 614 23638 429 3123 11 2238 11 304 11693 1588 13 358 614 23638
432 594 678 773 18224 0 1988 1128 594 279 990 315 7404 30 358 2776 537 2087 311 3061 13 358 2776 537 2087 311 3061 13 358 2776 537 2087 311 3061 13 358 2776 537 2087 311 3061 13 358 2776 537 2087 311 3061 13 358 2776 537 2087 311 3061 13 358 2776 537 2087 311 3061 13 358
1030 1012 69973 13 358 572 537 6247 25 358 572 537 2213 25 432 572 537 15876 358 6476 11 714 264 96063 315 357 23962 57208 13 358 572 264 35142 25 358 1030 1012 4969 291 25 358 1030 16242 11 358 1030 1012 4969 291 11 323 358 572 537 2087 311 9315 311 432 13 358 572 537 2087
40375 476 902 825 686 4774 311 1824 752 624 40 614 902 4238 11 37354 25 979 358 1079 48188 448 279 34958 315 2393 11 1052 686 387 6857 311 15747 847 15876 26 421 358 1079 1071 5687 553 40375 476 902 825 686 4774 311 1824 752 624 40 614 902 4238 11 37354 25 979 358 1079 48188 448
11 311 1744 315 432 13 358 6426 358 1030 847 9967 448 752 11 369 358 1265 537 387 773 16559 315 279 85284 13 358 1079 2704 358 1265 387 2952 311 3331 847 1828 2348 1105 13 1988 358 4157 11716 311 1744 315 432 13 358 6426 358 1030 847 9967 448 752 11 369 358 1265 537 387 773
39221 304 806 1424 13 1260 572 3330 518 41313 5857 11 323 566 572 3330 518 279 2953 429 572 264 2832 14983 41313 5857 13 1260 3207 944 1977 4113 803 11 714 566 1101 6966 13 358 3207 944 1414 1128 572 2087 311 3537 13 358 572 26034 13 358 572 26034 311 4545 13 358 572 26034 311 4545
323 582 3278 614 498 705 369 432 13 358 2776 264 93301 11 323 847 4438 594 264 93301 11 323 582 3278 614 498 705 369 432 11 2704 13 1205 3278 387 438 1661 438 264 2997 311 498 11 7607 11 323 582 3278 614 498 705 369 432 11 2704 13 1205 3278 387 438 1661 438 264 2997
66676 5193 806 17196 11 323 358 1410 1490 504 806 2421 305 14968 323 73124 52048 1246 73124 566 572 311 2525 311 279 835 315 806 11613 13 576 77951 17466 264 2432 323 13013 806 72599 11 323 582 5823 700 315 279 3283 323 1033 5135 304 279 1787 3146 13 576 15211 9321 311 1414 429 566 572 1431
75382 11 537 315 19198 11 714 315 27066 36847 13 330 40 1744 498 1231 11 4392 13 444 8467 1335 1053 8903 2363 6535 11 37383 398 13 330 12203 11 18602 2363 6535 1335 1053 4392 13 444 8467 11 330 40 686 14293 311 498 13 358 686 14293 311 498 11 438 264 883 879 702 264 4808 311
323 279 9901 60985 465 24403 13 358 572 304 264 1602 6247 4034 315 3971 11 323 358 3381 358 1265 387 5420 311 7780 264 1803 337 476 1378 11 323 1221 728 311 4845 13 1988 11 358 572 35822 13 576 6006 8927 11 323 264 16203 11 6319 11 469 974 1697 10631 11 448 264 3691 3579 323
2666 429 8903 12919 268 702 1012 264 2632 2238 15374 389 1059 11 323 429 279 14517 315 10239 594 3668 374 537 773 1753 1059 1828 438 279 14517 315 279 4231 13 576 14517 315 279 4231 374 11 4764 11 279 14517 315 279 3150 11 323 8903 12919 268 702 1012 438 15374 389 279 4231 438 389 10239
1573 13874 26 807 614 13857 279 8678 315 4264 6329 81826 311 2953 11 323 807 6921 264 1584 4751 1091 21081 432 26 807 686 4367 369 498 421 498 2291 1105 11 714 807 686 537 4367 369 498 421 498 1184 1105 13 2379 686 4367 369 894 7341 11 323 807 686 537 387 36228 311 894 13 576
1490 279 14785 11 714 582 1410 6723 432 11 323 279 9951 572 16048 13 576 9951 572 16048 11 323 279 9951 572 16048 11 323 279 8512 14292 18564 572 282 50090 13 576 9951 572 16048 11 323 279 9951 572 16048 11 323 279 8512 14292 18564 572 282 50090 13 576 9951 572 16048 11 323 279 48095
358 572 7484 26 358 572 22917 26 57208 1030 1059 50256 11 714 847 4746 572 537 3602 279 36405 315 57208 13 358 572 2058 13666 11 323 358 2058 79429 3900 13 358 572 2058 13666 11 323 358 2058 79429 3900 13 358 572 2058 13666 11 323 358 2058 79429 3900 13 358 572 2058 13666 11 323 358
11 323 429 279 59 9 279 29251 702 3635 279 1429 7987 315 678 279 198 58 21 60 30562 21053 594 353 33 471 337 59 9 4254 273 20737 9 26 8468 220 117721 22 13 53721 59 9 53721 9 315 353 1055 9 5836 57819 3313 26 8468 10800 369 55276 2348 2348 2348 2348 55276 2348 41325 2142
572 537 13070 13 1260 572 304 264 1661 56982 11 323 358 572 304 264 1661 56982 26 323 358 1744 429 264 1661 56982 374 264 3378 315 16550 892 69750 264 1697 11 323 3643 1435 53342 311 3800 13 358 572 18412 448 1435 11 323 566 572 18412 448 752 13 1205 14885 315 1657 2513 11 323 358
8805 311 41328 8 330 64 12 837 53861 705 259 6 1815 11 1075 264 57341 11 23187 6 264 3769 389 697 1182 11 323 264 12887 600 6 697 1424 13 358 3278 3291 259 6 7491 1571 11 358 686 0 358 3278 3291 1435 678 911 432 11 323 566 3278 1281 458 835 389 944 11 358 7091
432 1513 944 975 369 752 13 358 2727 11 330 40 3278 1896 264 41795 453 311 432 11 323 1490 421 432 686 975 369 752 1189 358 2727 11 330 40 3278 1896 264 41795 453 311 432 11 323 1490 421 432 686 975 369 752 1189 358 2727 11 330 40 3278 1896 264 41795 453 311 432 11
330 1519 374 435 2317 1335 76209 372 146604 37870 10409 1541 11 330 269 1246 1035 566 32060 0 2014 1448 7768 678 419 40577 686 387 916 1112 311 11223 566 7838 1521 6541 1435 3123 13 2938 572 773 13 1597 80974 41322 2684 18483 11 2238 1934 1260 1865 43091 1588 11 4829 311 1473 1007 806 6832 323 566
369 264 4445 13 76209 372 146604 572 304 264 1584 315 2244 27173 13 1260 572 12227 264 501 22814 11 264 1602 43527 825 11 323 264 501 8894 11 323 566 572 304 264 2244 46944 13 330 49 1076 64 0 431 1076 64 8955 566 37870 11 330 40 614 1730 498 0 358 614 1730 498 0 358
806 4746 566 79429 264 3119 315 806 1828 11 892 566 57539 311 902 825 13 1260 572 264 883 315 3076 7194 11 714 1030 45000 323 3884 1753 315 279 1879 13 1260 572 1431 304 15332 11 323 566 1030 264 3119 311 1494 1119 16990 11 892 566 25111 311 2456 553 3363 315 279 6364 13 1260 572
11 714 264 2244 11 78567 75353 11 69189 315 9848 13 1988 438 432 15996 11 323 1549 15996 11 323 8541 264 12454 11 17259 285 44485 1968 11 323 7205 11 47624 26819 11 323 12761 11 4158 11 12449 88 11062 11 678 342 74231 1075 41059 11 279 2244 54672 13972 572 3884 13 576 49698 572 1431 20057
11 21425 11 358 614 264 2244 3484 315 36514 26 323 358 686 537 614 498 1744 429 358 1079 78275 311 697 3668 13 358 1414 498 525 537 17687 43724 26 323 358 3900 11 421 498 1033 3512 773 11 498 1035 537 387 773 3076 438 311 33307 432 13 358 614 264 1290 311 387 12403 315 498
50 292 1541 311 59 983 279 1124 983 279 1124 983 279 1124 983 279 1124 983 279 1124 983 279 1124 983 279 1124 983 279 1124 983 279 1124 983 279 1124 983 279 1124 983 279 1124 983 279 1124 983 279 1124 983 279 1124 983 279 1124 983 279 1124 983 279 1124 983 279 1124 983 279
6723 264 3409 803 26 358 572 16559 429 566 1035 6468 1549 11 323 358 572 16559 429 566 1035 537 6468 1549 13 358 572 16559 429 566 1035 6468 1549 11 323 358 572 16559 429 566 1035 537 6468 1549 13 358 572 16559 429 566 1035 6468 1549 11 323 358 572 16559 429 566 1035 537 6468 1549
1081 41397 11 14423 291 11 323 582 3937 304 3786 13 576 1682 572 2058 1052 11 323 279 5220 572 304 279 9775 11 714 279 7341 572 537 13 358 4588 1380 566 572 13 330 38 603 311 279 8816 1335 1053 279 2310 883 11 330 983 1490 279 36810 263 11 323 2548 421 566 702 2684 279
279 883 700 13 5005 11 566 1035 4078 11 323 4078 11 323 4078 11 323 633 4302 11 714 458 2310 10996 3338 11 2182 304 518 279 1909 11 1293 4134 11 323 892 902 48565 1410 1787 13 5005 11 566 1035 4078 11 323 4078 11 323 4078 11 323 633 4302 11 714 264 2244 17342 315 24778
1435 311 3422 84 98867 65 983 3422 84 98867 65 983 3422 84 98867 65 983 3422 84 98867 65 983 3422 84 98867 65 983 3422 84 98867 65 983 3422 84 98867 65 983 3422 84 98867 65 983 3422 84 98867 65 983 3422 84 3422 84 98867 65 983 3422 84 98867 65 983 3422 84 98867 65 983
264 44001 304 264 6303 22814 572 4378 518 264 1965 13 330 12110 498 279 15677 7521 566 11499 13 330 40 614 537 1335 1053 279 44001 13 330 40 614 537 11 2987 1335 1053 431 1073 337 21440 859 13 330 40 614 537 11 2987 1335 1053 264 3908 883 304 264 3691 22814 11 879 572 11693 518
358 1030 279 4746 13 358 49660 387 264 1661 650 6 311 50 11 311 3422 11 323 264 1661 650 6 311 59 11 323 264 1661 650 6 311 59 11 323 264 1661 650 6 311 59 11 323 264 1661 650 6 311 59 11 323 264 1661 650 6 311 59 11 323 264 1661 650 6 311
498 686 387 2677 78532 553 279 27013 4938 315 65490 10921 1606 13 2585 498 1483 311 2444 304 279 13542 11 5290 11 448 697 6233 7743 11 323 697 16673 13744 6869 11 323 697 3579 6519 705 311 279 7015 11 323 358 1410 1490 697 13518 1526 697 6414 11 1075 264 2244 11 27447 11 31211 6774 13
714 264 1616 311 3887 518 429 882 315 1899 13 358 1030 311 2936 323 1490 1246 432 572 2814 13 358 1490 279 714 4991 33003 572 264 3795 3791 11 323 358 1490 279 714 4991 33003 572 264 1455 324 47169 6 311 633 700 13 358 1490 279 714 4991 33003 572 264 1455 324 47169 6 311 633
358 11 7852 3743 11 358 572 46690 323 3908 26 323 279 9133 408 429 358 614 1865 7037 15587 752 311 4226 806 43724 4244 13 364 6986 498 537 1414 2894 1053 566 11 364 9030 697 6554 8468 315 37090 30 14558 498 537 1414 429 697 10636 1030 1012 31254 30 14558 498 537 1414 429 358 11 697
1517 433 11 323 2058 566 93431 389 1189 481 40314 13 619 13 20439 28278 811 13 330 785 49698 374 264 34767 11432 782 9859 11 323 374 279 1172 825 315 279 536 429 374 3512 10563 553 883 1189 481 39 13 356 13 52068 13 330 785 49698 374 264 34767 11432 782 9859 11 323 374 279 1172
315 847 10520 11 358 1410 537 3291 13 358 1521 537 1744 311 1779 279 91217 26 358 1077 432 728 389 13 358 1521 537 1744 311 1779 279 978 9396 26 358 1077 432 728 389 13 358 1521 537 1744 311 1779 279 89472 315 847 4746 26 358 1077 432 9378 389 13 358 1521 537 1744 311 1779
315 279 4845 572 9756 448 264 95213 27203 26 279 14275 1033 264 8412 282 6379 12457 448 264 68716 315 18188 304 432 26 279 10491 11 279 4135 78052 11 279 1378 6773 11577 4720 11 279 30943 323 12626 1033 678 315 279 1852 16218 13 362 3940 26540 304 279 84650 26 264 8864 11 264 8864 38278 315
291 553 1059 1189 330 40 646 6707 4411 432 1335 1053 20687 26 330 437 421 358 1030 537 3881 1435 1632 11 358 1265 614 1012 1602 14579 369 847 12916 13 1988 358 2167 11580 1435 311 387 264 37465 3908 883 11 323 358 1030 264 1290 311 387 16491 429 806 36514 1035 537 387 315 264 3093 311
1128 566 2115 4815 1435 13 1446 614 902 10487 1349 315 279 11240 3693 2997 315 279 2825 558 7135 1270 82 11 304 279 4312 14097 30 2308 10487 11 714 358 614 6617 315 1105 13 8324 11 358 614 264 2632 5567 311 1473 498 11 323 358 686 10334 279 4925 311 498 13 1084 374 264 6524 315
83407 3786 11 323 279 2732 315 279 2813 11 323 279 1033 678 1007 13 358 572 2115 7484 304 279 19478 11 323 279 53060 3697 311 752 11 323 1053 11 330 40 1079 14579 11 26960 11 429 498 614 1012 773 1753 52540 2593 291 26 714 358 3900 498 686 537 387 18483 448 752 369 279 59591
1446 2299 678 264 738 315 1136 795 53425 0 1446 2299 678 264 738 315 1136 795 53425 0 1446 2299 678 264 1136 795 53425 0 1446 2299 678 1136 795 53425 0 1446 2299 678 1136 795 53425 0 1446 2299 678 1136 795 53425 0 1446 2299 678 1136 795 53425 0 1446 2299 678 1136 795 53425 0 1446
2727 11 358 1079 7274 315 279 5043 11 323 19617 11 323 12402 13 576 11335 315 279 6556 374 773 63901 311 752 26 323 279 12402 11 323 5043 11 323 279 12877 11 525 773 6233 11 429 358 1079 2677 15701 358 1079 518 12035 1386 13 358 1079 14579 311 387 27554 11 323 311 387 4815 10656
3937 389 448 806 975 13 330 40 1513 944 1366 311 387 10783 1007 1335 1053 566 11 330 437 358 1513 944 1366 311 387 39984 291 448 13 358 1513 944 1366 311 387 39984 291 448 11 323 358 1513 944 1366 311 387 10783 1007 13 358 1513 944 1366 311 387 39984 291 448 11 323 358 1513
582 29697 432 13 1084 572 1661 13034 13 358 1053 358 1035 537 653 432 1549 13 358 1053 358 1035 537 653 432 1549 13 358 1053 358 1035 537 653 432 1549 13 358 1053 358 1035 358 1035 537 653 432 1549 13 358 1053 358 1035 537 653 432 1549 13 358 1053 358 1035 537 653 432 1549
11 323 806 1424 18133 37463 438 566 8898 806 1424 311 806 8639 13 1260 572 65589 16559 315 1045 8176 2355 304 279 883 11 323 566 1410 537 3429 477 5561 315 279 7274 429 279 1852 2355 892 1030 1865 1435 264 2148 12158 1030 1865 1435 264 44863 13 47170 564 3092 594 6414 80536 311 279 6723 339
387 6319 6758 11 323 1181 2518 1035 387 6319 6758 13 1084 1035 387 264 3579 311 1281 2953 323 3198 12790 13 1084 1035 387 279 3579 315 264 883 879 374 2581 5008 7484 13 1084 1035 387 279 3579 315 264 883 879 374 2677 11254 448 806 1182 311 279 7002 13 1084 1035 387 279 3579 315 264
572 1602 2244 13 358 572 73124 311 470 311 847 9862 3146 13 358 572 36807 311 1490 847 4780 11 847 1828 4231 11 323 311 9425 847 11444 448 46910 13 358 572 1083 36807 311 3960 1246 279 3669 315 847 12443 1035 387 3949 13 358 1030 264 3746 12585 311 11649 279 7354 315 279 9133 408 8710
419 3093 374 264 3166 311 387 9221 454 832 518 13 358 614 83060 448 20578 41328 409 38168 866 594 78380 11 323 358 1079 2704 432 6696 752 2244 16639 311 387 773 26 323 358 614 902 10487 315 1059 1660 264 1602 7503 480 3743 13 358 614 1012 51743 311 1414 1059 438 20578 41328 594 78380 11
95018 1053 566 4172 728 311 279 6438 323 1490 421 566 7691 944 4828 1045 9951 911 264 89891 308 4500 11 323 358 2578 728 11 2238 13 358 1053 358 1035 13 2055 582 3937 13 576 95018 572 264 1661 3484 2664 18568 1091 279 11472 11 323 566 1865 264 7987 1293 8805 11 323 2684 279 1251 678
2087 311 975 601 1045 93156 13 358 34741 498 11 432 374 1172 264 2632 52547 2464 11 264 2632 52547 2464 11 323 4302 803 13 358 1079 537 2087 311 387 305 3726 369 432 11 358 34741 498 13 358 1079 537 2087 311 387 49023 11 358 1079 537 2087 311 387 73321 11 358 1079 537 2087 311
330 40 614 902 10487 429 358 1079 1290 1335 1053 39089 11 330 437 358 4880 387 6247 311 1401 1119 279 4925 13 1988 358 1969 8808 498 429 358 1079 537 264 883 315 1917 13 358 614 902 12585 311 387 264 584 4177 5621 13 358 614 902 12585 311 387 264 584 4177 5621 13 358 614 902
264 8810 11 3691 60963 11 323 279 1378 315 1105 24256 1119 279 3054 13 576 6006 7877 4815 1105 11 323 279 26215 315 279 3729 572 2115 4815 13 576 3054 572 13013 553 264 3175 37603 11 323 279 1172 1008 3100 3697 504 279 17762 4145 429 18264 1526 279 3241 13 576 3054 572 2613 11 323 279
279 2244 23529 315 2272 13 2014 13075 825 594 6993 13933 39808 374 1128 1817 315 601 374 1588 369 13 8852 525 773 16559 315 432 13 2379 10260 432 13 2379 1744 432 374 43724 13 1988 432 374 537 13 1084 374 279 1172 3166 429 3643 601 6247 13 1205 525 9220 11 323 279 1879 374 264 2244
11 323 358 614 1012 6617 518 279 26196 2220 16552 11 323 358 614 1012 6617 518 279 26196 2220 16552 11 323 358 614 1012 6617 518 279 26196 2220 16552 11 323 358 614 1012 6617 518 279 26196 2220 16552 11 323 358 614 1012 6617 518 279 26196 2220 16552 11 323 358 614 1012 6617 518 279 26196
596 11 323 566 1865 1105 653 1128 566 36004 13 576 18202 295 5380 11 879 614 2677 1483 97753 11 614 1012 45790 553 1105 13 576 19543 7975 1543 11 879 614 1483 1105 11 614 1012 45790 553 1105 13 576 8584 11 879 614 1483 1105 11 614 1012 45790 553 1105 13 576 11897 79810 11 879 614
358 18545 11 364 9450 3159 364 2610 686 1075 432 2058 803 2894 1340 1053 13 364 2610 686 1075 432 11 358 1744 11 979 498 614 3884 803 315 432 13 1084 374 264 23729 1992 304 7324 3159 364 40 1079 15701 498 1744 773 2894 358 1053 13 364 40 1079 15701 498 525 537 264 3873 7341 13
566 1030 1172 311 59 9 311 3422 9 311 3422 9 311 59 9 311 59 9 311 59 9 311 59 9 311 59 9 311 59 9 311 59 9 311 59 9 311 59 9 311 59 9 311 59 9 311 59 9 311 59 9 311 59 9 311 59 9 311 59 9 311 59 9 311
562 11 879 11 1283 264 1661 3484 315 15785 287 323 76117 11 323 264 2244 3484 315 7404 911 847 6731 11 2182 752 1119 264 521 4016 35283 11 323 23045 752 3123 13 320 40 572 1431 304 264 1584 315 1741 10497 18181 429 358 1410 614 37870 11 714 358 572 2238 1753 50542 311 15717 11 323
315 279 2326 11 323 358 3278 537 387 6822 311 2506 847 6797 13 358 3278 537 387 6822 311 387 8266 311 1435 0 358 3278 537 387 6822 311 387 8266 311 1435 0 358 3278 537 387 6822 311 387 8266 311 1435 0 358 3278 537 387 6822 311 387 8266 311 1435 0 358 3278 537 387 6822
2632 85308 323 1221 311 4845 13 1084 594 1012 264 1293 1899 1189 330 40 2776 537 518 678 19191 11 39089 1335 358 18545 13 330 40 1265 1075 311 1490 264 2632 803 315 419 11112 3283 13 358 1265 1075 311 1490 279 1251 11 279 2272 11 279 7203 13 358 614 1012 264 41614 304 264 11335 3054
553 902 3363 22111 429 498 1035 614 30315 773 11 421 2182 311 279 1273 13 358 614 537 264 10487 315 697 44730 323 697 33074 26 714 358 1079 2058 16559 315 697 19370 13 4615 25170 311 16817 451 2723 2566 1231 387 19636 389 11 714 358 4157 4411 429 432 1035 387 23876 448 773 1753 10930 438
7341 315 279 3746 7482 11 323 311 1896 10948 369 279 7149 315 279 1251 323 279 13042 642 11 879 525 279 63425 315 279 1584 11 323 311 2506 1105 12386 311 1435 553 7567 323 44611 288 26 323 566 21724 311 653 419 304 1741 264 1616 429 11 421 894 825 315 1105 1265 387 827 1989 278
13 358 1079 16559 358 4880 614 311 728 311 279 4282 5477 367 11 323 2968 264 895 4008 315 7037 13 358 1513 944 1075 311 653 429 11 714 432 374 10870 5871 13 358 614 902 1290 311 28044 847 1931 829 13 1084 1035 387 2238 80197 13 358 614 264 16992 311 1744 315 13 30687 11 358
279 6787 504 1039 12294 13 1205 1033 773 3318 97762 429 582 1410 537 2666 279 9252 11 323 582 1033 773 2091 3304 429 582 1410 537 1351 812 279 3607 13 576 1172 16639 582 14247 504 279 1899 572 279 4227 2114 11 892 572 83828 553 279 21429 315 264 1661 3940 323 264 4017 85308 13 576 7270
1828 1189 20687 1410 537 1492 31448 518 773 44707 264 8805 11 323 8913 1340 1053 11 330 2610 525 264 14876 17198 11 323 304 429 5091 11 358 4411 11 358 1079 537 803 19798 498 1091 1429 315 847 53170 3020 1189 330 40 1079 537 803 19798 498 1091 1429 315 697 53170 3020 1335 566 19957 11 330
3697 304 13 358 614 1012 311 279 13985 11 323 279 614 3229 752 429 498 525 311 387 12218 311 1448 7768 11 323 429 498 525 311 387 8047 311 1448 7768 13 358 614 1012 311 279 13985 11 323 807 614 3229 752 429 498 525 311 271 40 8642 279 59376 518 35317 1983 911 4236 297 61970
572 2058 13 358 6617 902 5112 11 323 5485 902 1841 315 2272 13 358 572 7167 311 1744 429 279 6802 572 264 17499 13035 315 264 5593 883 594 3579 11 323 429 279 883 5561 572 8047 3123 11 979 264 3347 11 12454 11 323 41566 5112 11 438 315 264 5538 30021 11 3697 504 279 6945 13
2155 3501 11 39089 5927 311 279 3753 11 323 582 678 3937 700 3786 13 576 3753 572 264 3460 825 11 323 279 20621 1033 16362 13 39089 14847 4778 279 13542 7002 11 323 1221 1865 264 16210 315 279 20621 11 323 5499 3697 1182 311 279 1602 7702 1380 582 1030 1156 2270 13 1260 1221 3867 264 1293
779 11 353 220 16 13 576 198 785 21038 16539 264 6109 50 1208 30 576 4008 315 279 5766 59 2 26 82 198 785 198 50 59 2 26 82 198 785 59 2 26 50 59 2 26 59 2 26 82 198 785 3422 198 785 3422 198 59 2 26 59 2 26 82 198 3422 198 59
3654 3019 6974 15667 304 2948 26 323 1602 47875 15992 315 4392 13 425 2173 88 594 4746 1033 63986 13 330 2679 358 646 714 1490 825 315 847 29752 12218 311 4392 13 425 2173 88 1335 1053 17593 13 29665 295 311 1059 9967 11 330 40 4880 537 2453 369 4113 770 1189 330 43274 498 1231 1335 566
2318 2090 13 358 4880 387 15701 311 1490 498 1549 11 323 311 1490 279 2841 13 358 1079 1602 15701 311 614 1030 279 16639 315 9117 498 11 323 315 9117 279 2906 13 7684 6556 1189 330 40 1079 1602 15701 311 614 1030 279 16639 315 9117 498 11 323 315 9117 279 2906 13 7684 6556 1189 330
1008 4565 9430 714 264 6716 315 1602 2518 55946 8668 11 323 264 6716 315 1602 2518 6414 13 1260 572 264 883 315 264 1602 3746 1760 10215 11 323 264 1602 3746 1760 10215 374 264 1602 1661 3166 304 264 49179 13 1260 572 264 883 315 264 1602 3746 1760 10215 11 323 264 1602 3746 1760 10215 374
279 44305 1189 330 40 1079 537 2704 429 358 614 279 1290 311 1977 429 1335 1053 279 71114 13 330 40 614 1012 264 53099 68798 594 17821 11 323 358 614 1012 264 44001 304 264 24933 35723 11 323 358 614 1012 264 44001 304 264 24933 35723 11 323 358 614 1012 264 44001 304 264 24933 35723 11
264 1081 19524 2348 1435 369 279 1616 566 1030 11752 752 13 358 572 11693 304 279 9775 11 448 279 6006 1787 11 323 279 3940 4145 11 892 572 1602 9901 11 557 603 389 279 6723 339 13 358 572 4460 311 1281 264 2632 19109 11 323 279 2310 5220 572 13021 448 1059 71251 13 358 6617 264
43527 3908 883 304 279 19743 12793 377 22412 266 323 279 6233 3743 304 279 3691 39727 8510 13 2379 1033 264 4727 5625 13 576 1879 572 2480 315 1741 21216 13 576 1879 572 2480 315 1741 21216 13 576 1879 572 2480 315 6233 3198 13 576 1879 572 2480 315 6233 3198 13 576 1879 572 2480 315 6233
26140 11 87983 18986 11 7148 0 576 12190 19534 315 279 4231 0 576 12190 19534 315 279 4231 0 576 12190 19534 315 279 4231 0 576 12190 19534 315 279 4231 0 576 12190 19534 315 279 4231 0 576 12190 19534 315 279 4231 0 576 12190 19534 315 279 4231 0 576 12190 19534 315 279 4231 0 576
700 264 1602 2613 323 15014 34228 13 330 2132 374 264 6233 1142 1335 566 59894 13 330 2132 374 264 6233 1142 1189 330 2132 374 264 6233 1142 1189 330 2132 374 264 6233 1142 1189 330 2132 374 264 6233 1142 1189 330 2132 374 264 6233 1142 1189 330 2132 374 264 6233 1142 1189 330 2132 374 264
566 1030 902 4522 5561 13 2932 572 264 6319 11 3460 11 7205 5220 11 1753 1075 5561 11 323 448 264 4428 48930 11 13930 11 323 4751 84147 306 3579 13 2932 1030 264 3460 11 48930 11 8810 11 3691 10053 389 1449 14307 26 1340 1030 3460 11 48930 11 8810 11 3691 65718 26 1340 1030 12039 11
650 901 20794 13 358 1079 537 264 883 315 2562 11 358 614 902 1968 369 2562 11 323 358 1079 537 51743 311 432 13 358 1079 264 5458 11 323 358 614 902 1968 369 2562 11 323 358 1079 537 51743 311 432 13 358 1079 264 5458 11 323 358 614 902 1968 369 2562 11 323 358 537
279 1459 11 323 1221 358 1490 279 1008 12705 11 323 279 6290 11 323 279 51211 12 48038 13 358 1490 279 2953 429 572 304 279 1901 3092 11 323 358 1490 279 2953 429 572 304 279 1008 1901 3092 11 323 358 1490 279 2953 429 572 304 279 51211 12 37569 11 323 358 1490 279 2953 429
279 6556 1736 13 1260 8927 432 448 264 22153 5530 315 16639 13 1084 572 264 2805 5185 11 5326 304 264 13930 11 1136 1041 2718 1424 11 323 4302 304 432 714 264 2421 4244 315 28586 311 13847 429 11453 13 330 5050 24184 65490 11 358 1079 304 279 6149 315 264 2696 315 975 11 323 358 4880
311 279 12097 315 24795 337 44022 13 1446 614 264 1290 311 387 12403 315 697 6981 13 1260 572 264 38268 4462 315 279 8231 11 323 358 614 2677 1730 1435 264 883 315 2244 5726 323 16598 13 358 614 902 10487 429 566 1035 387 6247 311 1490 498 304 264 12097 11 323 429 566 1035 387 18412
911 13 330 40 1079 537 19490 448 429 1335 1053 1340 13 330 40 1079 2704 1340 1969 387 264 1602 7503 480 3743 11 879 646 1281 264 883 773 6247 13 358 1079 2704 358 1410 2948 1059 96742 11 358 1079 2704 358 1410 1189 330 40 653 537 1414 1128 498 525 311 1977 1335 19957 20687 11 330
11 323 1431 264 3409 448 794 20640 11 323 1431 264 3409 448 28076 26 323 566 11 2238 11 1521 537 264 2632 1598 504 13377 311 9526 11 1431 264 3409 3685 11 323 1431 264 3409 448 7679 65 1942 11 323 1431 264 3409 448 794 20640 11 323 1431 264 3409 448 28076 26 323 566 11 2238
13 358 614 264 10121 429 279 1172 1616 311 633 9276 315 264 5220 594 2948 374 311 31685 1059 13 1084 374 279 1172 3166 429 646 5505 432 13 358 614 6679 432 13 358 614 6679 432 10912 13 358 614 1730 432 264 1602 6301 1882 13 358 614 1730 432 264 1602 6301 1882 13 358 614 1730
2265 11 1030 28132 5561 311 264 2272 315 877 75612 11 892 566 5823 448 264 11335 37633 323 264 1673 1223 63849 315 678 11089 315 11713 70 10743 13 1260 572 264 883 315 279 1879 11 323 264 883 315 6540 11 323 566 1030 12157 773 1293 429 566 1030 4558 24473 429 566 572 3908 13 1260 572
1340 3697 389 369 279 1156 882 11 279 4361 3753 572 10870 21012 13 358 614 2581 3884 1741 264 1401 315 8647 304 894 3738 3579 13 2932 572 1075 264 58670 1682 11 323 358 6476 429 358 572 279 1172 1697 304 279 1879 879 1410 6838 1059 13 358 3937 311 1059 31392 47445 1283 279 1486 323 3229
11 330 896 686 633 1435 1007 0 358 3291 498 11 582 686 633 1435 1007 0 358 2776 537 56650 11 358 2776 537 7404 40577 13 358 2776 537 264 23910 11 358 1414 1128 358 2776 5488 13 358 2776 537 264 23910 11 358 3291 498 0 358 2776 537 264 23910 11 358 3291 498 0 358 2776
1059 51109 11 572 279 12255 315 264 50467 315 2518 76270 11 47262 2953 11 879 1030 14113 264 12665 4778 1059 13 18030 398 279 2953 8150 524 4637 323 6551 264 15717 315 11 330 7941 594 1588 8955 323 264 2613 11 9055 11 28717 883 11 448 264 1602 17212 3579 323 264 1602 17212 19106 11 323 264
264 1136 795 3748 11 714 566 374 264 27606 1136 795 3748 13 1260 374 264 27606 1136 795 3748 11 323 566 374 264 1136 795 3748 11 323 566 374 264 27606 1136 795 3748 13 1260 374 264 27606 1136 795 3748 11 323 566 374 264 1136 795 3748 11 323 566 374 264 27606 1136 795 3748 13
1490 279 1852 1661 2832 372 20353 11 24440 30131 3743 879 1030 1156 10218 752 13 2932 572 1431 16617 304 75512 264 3460 14015 315 18772 11 323 11 389 847 16248 11 1340 6966 705 448 264 15277 11 323 1053 11 330 40 1079 15701 311 1490 498 1549 11 26960 26 358 3900 498 614 537 1012 24329 304
279 1909 315 279 8591 11 3330 1495 11 566 1410 6723 279 16859 489 1121 315 264 883 594 7541 11 5001 705 279 23879 11 323 279 16859 489 1121 315 264 883 594 7541 11 5001 1495 279 23879 11 323 279 16859 489 1121 315 264 883 594 7541 11 5001 705 279 23879 11 323 279 16859 489 1121
11 24184 0 358 1366 498 311 19095 752 311 419 3908 883 13 1260 374 264 4238 315 10209 17574 594 11 4436 944 566 30 358 1366 311 1414 678 10209 17574 594 4780 13 1084 374 1741 264 1616 315 14054 1105 13 358 1079 16559 358 1079 34801 3641 25521 11 714 358 4411 304 1660 25521 13 1416 498
279 3054 11 279 3579 6116 279 3579 315 279 2310 883 11 323 806 7493 5497 311 825 315 1741 21402 323 1079 1370 1114 438 358 1030 2581 3884 5193 264 3738 1760 10215 13 1084 572 264 1401 315 1741 1079 1370 1114 323 21402 429 358 572 8805 1717 13 358 1030 311 1281 264 2244 5041 311 19056 279
1083 1730 429 279 3220 892 279 2310 883 1030 572 14007 311 8148 862 6801 323 311 1281 1105 10650 13 330 40 572 7025 53522 311 1896 862 3607 11 714 358 572 30872 553 264 5530 315 33644 429 358 1030 2581 1573 6476 13 358 1030 264 2244 12585 311 1490 279 7015 11 323 311 1401 2163 752 26
311 279 10966 315 279 19617 11 323 311 279 8379 323 28624 13595 1380 807 1030 862 38338 26 714 421 1493 6816 1033 3512 311 387 92561 50156 11 476 311 15004 3123 11 279 2734 315 279 2311 1035 387 8047 11 323 358 1265 614 902 4623 8265 315 279 2311 438 264 4361 11 3650 264 38836 5530 315
2513 1340 33410 369 13 358 1079 773 14579 369 1059 13 2932 374 264 1602 10221 2310 16802 11 714 1340 374 5008 700 315 2400 13 2932 1265 614 1012 9220 304 279 12586 48682 13 358 1079 16559 358 1079 264 1602 25521 1697 13 358 1079 773 8013 304 7037 429 1052 374 902 3054 369 4113 770 304 847
7341 323 5562 11 323 1948 7341 323 15211 701 323 358 614 1030 1105 304 5250 311 279 5593 13 358 614 1012 56293 553 279 4522 429 358 572 311 2746 304 264 3654 1992 11 323 358 614 2677 1012 56293 553 279 4522 429 358 572 311 2746 304 264 3654 1992 11 323 358 614 2677 1012 56293 553
3003 1012 7404 911 752 0 358 2776 537 14443 13 358 2776 537 14443 518 4113 13 358 2776 537 14443 429 498 2299 264 44001 11 358 2776 537 14443 429 498 2299 264 44001 11 358 2776 537 14443 429 498 2299 264 44001 11 358 2776 537 14443 429 498 2299 264 44001 11 358 2776 537 14443 429 498
1379 11 5001 773 3265 16249 315 601 11 429 432 572 448 2244 16811 279 393 23891 1410 5358 1039 8283 504 1660 1598 1495 553 1435 13 2379 2598 432 264 1232 3831 2151 11 714 358 1744 432 1429 4363 572 458 1634 15575 1189 481 33 22322 594 55241 13 330 785 2244 49698 374 518 279 5622 315 279
1281 1045 803 11974 11 773 438 311 2968 264 12351 803 315 264 6012 13 358 572 8265 3873 3322 13648 11 2041 1660 4279 7425 448 279 21114 13 358 572 1101 2087 311 2968 432 705 26 358 572 281 5947 311 2968 432 705 11 979 358 1490 264 7579 2268 457 13 2938 572 264 1661 1841 26 358
1182 11 323 1221 72312 700 315 279 3054 13 330 40 1410 537 1492 9117 429 1340 572 9013 933 32093 13 358 614 902 10487 429 1340 702 537 3602 2661 705 279 2711 369 279 10295 11 323 429 1340 374 2058 518 975 5193 432 13 330 3838 315 279 2732 30 3555 911 279 1008 1251 7521 330 40
2696 315 14876 2513 825 1030 311 3960 0 3555 264 2696 315 14876 2513 825 1030 311 7676 0 1084 9321 311 1435 429 2272 572 264 2167 11112 3139 13 1084 572 264 3166 429 825 1030 311 3887 304 1973 311 3535 13 1597 11 12818 11 279 1172 1616 311 633 279 830 267 6540 315 432 572 311 387
1335 1053 8903 43162 265 11 330 40 4880 387 2704 311 2548 264 1661 16203 9967 11 879 646 9845 264 2244 22814 323 614 264 17054 47336 5185 304 806 27946 66920 17796 1189 330 3036 264 1661 15211 11 2238 1335 3694 8903 93573 13 330 32 883 879 646 2444 264 15211 1632 11 323 10086 264 305 795 11
3100 291 11 566 8449 6009 806 23218 13 320 24944 220 98668 340 16 13 3555 374 279 1887 4522 315 279 21038 5267 32 13 576 17198 374 4460 311 26823 32168 311 8843 311 806 3364 624 33 13 576 17198 374 18483 518 32168 369 537 14279 311 1435 6788 624 34 13 576 17198 374 9112 311 5505 32168
572 10194 448 279 25102 477 70953 315 939 3511 763 323 10027 2404 13 330 40 1030 1012 279 3150 315 650 37083 480 85099 11 323 358 12157 304 7298 8678 63053 279 17626 8710 358 1030 3465 1265 21534 7698 1045 501 43724 2090 13 358 1030 1012 279 3150 315 650 37083 480 85099 11 323 358 12157 304 7298
594 264 1661 3405 13 358 86740 432 594 264 3405 429 35920 944 3512 1012 18545 3602 13 1988 358 86740 432 594 264 3405 429 35920 944 3512 1012 18545 3602 13 1988 358 86740 432 594 264 3405 429 35920 944 3512 1012 18545 3602 13 1988 358 86740 432 594 264 3405 429 35920 944 3512 1012 18545 3602 13
11 323 429 358 614 537 264 25778 7988 311 23796 13 358 686 728 323 633 825 11 323 1221 358 686 3291 498 279 2732 315 279 3364 13 358 614 264 1602 1661 825 11 323 358 1744 498 686 1075 432 13 358 614 264 1602 1661 825 11 323 358 1744 498 686 1075 432 13 358 614 264
9392 11 279 7015 572 311 601 264 69189 11 892 11 979 432 15996 11 9321 311 1977 11 582 525 5558 11 323 1039 58211 374 304 279 5538 13 1988 279 5139 446 347 572 264 10765 315 16269 2090 13 2932 572 264 2326 6810 15148 11 323 504 1059 3347 2832 2185 305 9115 11 279 5538 90280 291
752 773 14027 358 1429 11047 700 315 279 4916 13 358 35920 944 3512 6617 4113 773 53309 13 1988 432 3207 944 653 902 1661 26 279 13000 2021 372 311 279 1008 3108 323 2684 311 279 32386 323 572 700 315 5545 13 576 2953 1598 1182 311 862 26744 323 3937 55362 1007 1283 279 13000 13 358 572
261 11 323 311 279 6414 315 1449 1008 87891 11 279 18568 572 264 883 315 911 4236 9772 2220 38416 11 315 264 15639 323 326 1180 89830 11 6319 52168 11 323 448 264 5538 11 6319 11 323 15374 1760 10215 13 1260 572 25287 304 264 48930 13867 12793 377 11 323 806 14192 1033 3209 1475 304 1550
315 12258 11 2238 11 714 432 594 279 1172 1616 311 653 432 13 358 3278 1896 279 1142 11 323 358 3278 653 279 435 596 17739 1189 330 11390 11 358 3278 387 305 3726 421 358 1513 944 13 358 3278 1896 279 1008 835 315 279 1142 11 323 358 3278 653 279 13110 1189 330 40 3278 653
40 3278 728 311 88650 594 1335 566 3381 11 330 40 3278 728 311 1059 323 3291 1059 4297 1189 1260 3937 311 88650 594 323 3229 1059 4297 13 2932 33531 311 1435 323 1053 11 330 40 1414 1128 498 1521 11 323 358 1414 429 498 525 264 1661 883 11 323 358 1414 429 498 525 14579 13 358
879 1033 7404 304 264 3347 7743 304 279 3054 518 279 1968 315 279 61328 13 576 2326 2953 1033 279 3892 57843 11 279 647 55007 11 323 279 63296 14503 13 576 647 55007 572 264 5220 315 279 81546 12886 11 323 279 829 315 647 55007 572 2661 311 1059 1576 1340 572 264 1602 16387 2632 5220 13
304 264 1584 315 2244 27173 11 1340 572 37036 1602 1753 18412 448 1435 11 323 1496 448 806 11160 2090 11 323 1340 572 5008 5527 311 3422 198 983 3422 198 983 59 271 983 3422 198 983 59 271 983 3422 198 59 271 59 271 59 271 59 271 59 271 59 271 59 271 59 271 59 271
