Dispatch_ID,GPU_ID,Grid_Size,Workgroup_Size,LDS_Per_Workgroup,Scratch_Per_Workitem,Arch_VGPR,Accum_VGPR,SGPR,Wave_Size,Kernel_Name,Correlation_ID,Kernel_ID,GRBM_GUI_ACTIVE,SQ_ACTIVE_INST_FLAT,SQ_ACTIVE_INST_MISC,SQ_ACTIVE_INST_VALU,SQ_ACTIVE_INST_VMEM,SQ_THREAD_CYCLES_VALU,SQ_WAVES,Start_Timestamp,End_Timestamp
0,1,512,512,0,0,20,4,32,64,__amd_rocclr_copyBuffer,1,13,22247.0,8.0,44.0,144.0,0.0,9216.0,8.0,4912519379951987.0,4912519379957427.0
1,1,512,512,0,0,20,4,32,64,__amd_rocclr_copyBuffer,2,13,19795.0,2.0,41.0,96.0,0.0,5248.0,8.0,4912519496064145.0,4912519496068785.0
2,1,512,512,0,0,20,4,32,64,__amd_rocclr_copyBuffer,3,13,22861.0,8.0,44.0,144.0,0.0,9216.0,8.0,4912519514659877.0,4912519514665797.0
3,1,512,512,0,0,20,4,32,64,__amd_rocclr_copyBuffer,4,13,19188.0,8.0,44.0,144.0,0.0,9216.0,8.0,4912519514790438.0,4912519514795078.0
4,1,512,512,0,0,20,4,32,64,__amd_rocclr_copyBuffer,5,13,18211.0,2.0,41.0,96.0,0.0,6144.0,8.0,4912519514855878.0,4912519514860198.0
5,1,512,512,0,0,20,4,32,64,__amd_rocclr_copyBuffer,6,13,22247.0,8.0,44.0,144.0,0.0,9216.0,8.0,4912519562736370.0,4912519562742450.0
6,1,512,512,0,0,20,4,32,64,__amd_rocclr_copyBuffer,7,13,19584.0,8.0,44.0,144.0,0.0,9216.0,8.0,4912519562813010.0,4912519562817970.0
7,1,512,512,0,0,20,4,32,64,__amd_rocclr_copyBuffer,8,13,18217.0,2.0,41.0,96.0,0.0,6144.0,8.0,4912519562874450.0,4912519562878610.0
8,1,512,512,0,0,20,4,32,64,__amd_rocclr_copyBuffer,9,13,23677.0,8.0,44.0,144.0,0.0,9216.0,8.0,4912520119159211.0,4912520119165931.0
9,1,512,512,0,0,20,4,32,64,__amd_rocclr_copyBuffer,10,13,20872.0,8.0,44.0,144.0,0.0,9216.0,8.0,4912520119238251.0,4912520119244011.0
10,1,512,512,0,0,20,4,32,64,__amd_rocclr_copyBuffer,11,13,20249.0,2.0,41.0,96.0,0.0,6144.0,8.0,4912520119299851.0,4912520119304811.0
11,1,512,512,0,0,20,4,32,64,__amd_rocclr_copyBuffer,12,13,22730.0,8.0,44.0,144.0,0.0,9216.0,8.0,4912520740570499.0,4912520740576579.0
12,1,512,512,0,0,20,4,32,64,__amd_rocclr_copyBuffer,13,13,21282.0,8.0,44.0,144.0,0.0,9216.0,8.0,4912520740648099.0,4912520740654019.0
13,1,512,512,0,0,20,4,32,64,__amd_rocclr_copyBuffer,14,13,19031.0,2.0,41.0,96.0,0.0,6144.0,8.0,4912520740712099.0,4912520740716739.0
14,1,512,512,0,0,20,4,32,64,__amd_rocclr_copyBuffer,15,13,23785.0,8.0,44.0,144.0,0.0,9216.0,8.0,4912521387926863.0,4912521387933583.0
15,1,512,512,0,0,20,4,32,64,__amd_rocclr_copyBuffer,16,13,21270.0,8.0,44.0,144.0,0.0,9216.0,8.0,4912521388004783.0,4912521388010863.0
16,1,512,512,0,0,20,4,32,64,__amd_rocclr_copyBuffer,17,13,18991.0,2.0,41.0,96.0,0.0,6144.0,8.0,4912521388069743.0,4912521388074383.0
17,1,512,512,0,0,20,4,32,64,__amd_rocclr_copyBuffer,18,13,23343.0,8.0,44.0,144.0,0.0,9216.0,8.0,4912522019168422.0,4912522019174822.0
18,1,512,512,0,0,20,4,32,64,__amd_rocclr_copyBuffer,19,13,22220.0,8.0,44.0,144.0,0.0,9216.0,8.0,4912522019246982.0,4912522019253222.0
19,1,512,512,0,0,20,4,32,64,__amd_rocclr_copyBuffer,20,13,18853.0,2.0,41.0,96.0,0.0,6144.0,8.0,4912522019316742.0,4912522019321222.0
20,1,512,512,0,0,20,4,32,64,__amd_rocclr_copyBuffer,21,13,23745.0,8.0,44.0,144.0,0.0,9216.0,8.0,4912522657282086.0,4912522657288966.0
21,1,512,512,0,0,20,4,32,64,__amd_rocclr_copyBuffer,22,13,21340.0,8.0,44.0,144.0,0.0,9216.0,8.0,4912522657358406.0,4912522657364326.0
22,1,512,512,0,0,20,4,32,64,__amd_rocclr_copyBuffer,23,13,19041.0,2.0,41.0,96.0,0.0,6144.0,8.0,4912522657424646.0,4912522657429286.0
23,1,512,512,0,0,20,4,32,64,__amd_rocclr_copyBuffer,24,13,24221.0,8.0,44.0,144.0,0.0,9216.0,8.0,4912523295037638.0,4912523295044678.0
24,1,512,512,0,0,20,4,32,64,__amd_rocclr_copyBuffer,25,13,21544.0,8.0,44.0,144.0,0.0,9216.0,8.0,4912523295120838.0,4912523295126598.0
25,1,512,512,0,0,20,4,32,64,__amd_rocclr_copyBuffer,26,13,18871.0,2.0,41.0,96.0,0.0,6144.0,8.0,4912523295186438.0,4912523295190918.0
26,1,512,512,0,0,20,4,32,64,__amd_rocclr_copyBuffer,27,13,23781.0,8.0,44.0,144.0,0.0,9216.0,8.0,4912523937596374.0,4912523937602934.0
27,1,512,512,0,0,20,4,32,64,__amd_rocclr_copyBuffer,28,13,21138.0,8.0,44.0,144.0,0.0,9216.0,8.0,4912523937673014.0,4912523937678774.0
28,1,512,512,0,0,20,4,32,64,__amd_rocclr_copyBuffer,29,13,19637.0,2.0,41.0,96.0,0.0,6144.0,8.0,4912523937736854.0,4912523937741654.0
29,1,512,512,0,0,20,4,32,64,__amd_rocclr_copyBuffer,30,13,23673.0,8.0,44.0,144.0,0.0,9216.0,8.0,4912524528757080.0,4912524528763640.0
30,1,512,512,0,0,20,4,32,64,__amd_rocclr_copyBuffer,31,13,20746.0,8.0,44.0,144.0,0.0,9216.0,8.0,4912524528832600.0,4912524528838360.0
31,1,512,512,0,0,20,4,32,64,__amd_rocclr_copyBuffer,32,13,19287.0,2.0,41.0,96.0,0.0,6144.0,8.0,4912524528899000.0,4912524528903800.0
32,1,512,512,0,0,20,4,32,64,__amd_rocclr_copyBuffer,33,13,22841.0,8.0,44.0,144.0,0.0,9216.0,8.0,4912525155933162.0,4912525155939402.0
33,1,512,512,0,0,20,4,32,64,__amd_rocclr_copyBuffer,34,13,21032.0,8.0,44.0,144.0,0.0,9216.0,8.0,4912525156026922.0,4912525156032842.0
34,1,512,512,0,0,20,4,32,64,__amd_rocclr_copyBuffer,35,13,19551.0,2.0,41.0,96.0,0.0,6144.0,8.0,4912525156091562.0,4912525156096362.0
35,1,512,512,0,0,20,4,32,64,__amd_rocclr_copyBuffer,36,13,22779.0,8.0,44.0,144.0,0.0,9216.0,8.0,4912525750410959.0,4912525750417199.0
36,1,512,512,0,0,20,4,32,64,__amd_rocclr_copyBuffer,37,13,20826.0,8.0,44.0,144.0,0.0,9216.0,8.0,4912525750491119.0,4912525750496879.0
37,1,512,512,0,0,20,4,32,64,__amd_rocclr_copyBuffer,38,13,19083.0,2.0,41.0,96.0,0.0,6144.0,8.0,4912525750555919.0,4912525750560399.0
38,1,512,512,0,0,20,4,32,64,__amd_rocclr_copyBuffer,39,13,24277.0,8.0,44.0,144.0,0.0,9216.0,8.0,4912526349065158.0,4912526349072198.0
39,1,512,512,0,0,20,4,32,64,__amd_rocclr_copyBuffer,40,13,21694.0,8.0,44.0,144.0,0.0,9216.0,8.0,4912526349142758.0,4912526349148838.0
40,1,512,512,0,0,20,4,32,64,__amd_rocclr_copyBuffer,41,13,19453.0,2.0,41.0,96.0,0.0,6144.0,8.0,4912526349208358.0,4912526349213158.0
41,1,512,512,0,0,20,4,32,64,__amd_rocclr_copyBuffer,42,13,23333.0,8.0,44.0,144.0,0.0,9216.0,8.0,4912526945693856.0,4912526945700256.0
42,1,512,512,0,0,20,4,32,64,__amd_rocclr_copyBuffer,43,13,20612.0,8.0,44.0,144.0,0.0,9216.0,8.0,4912526945771296.0,4912526945777056.0
43,1,512,512,0,0,20,4,32,64,__amd_rocclr_copyBuffer,44,13,20009.0,2.0,41.0,96.0,0.0,6144.0,8.0,4912526945836416.0,4912526945841696.0
44,1,512,512,0,0,20,4,32,64,__amd_rocclr_copyBuffer,45,13,24484.0,8.0,44.0,144.0,0.0,9216.0,8.0,4912527543563051.0,4912527543570251.0
45,1,512,512,0,0,20,4,32,64,__amd_rocclr_copyBuffer,46,13,21234.0,8.0,44.0,144.0,0.0,9216.0,8.0,4912527543660011.0,4912527543665931.0
46,1,512,512,0,0,20,4,32,64,__amd_rocclr_copyBuffer,47,13,19107.0,2.0,41.0,96.0,0.0,6144.0,8.0,4912527543724491.0,4912527543728971.0
47,1,512,512,0,0,20,4,32,64,__amd_rocclr_copyBuffer,48,13,23879.0,8.0,44.0,144.0,0.0,9216.0,8.0,4912528141844046.0,4912528141850926.0
48,1,512,512,0,0,20,4,32,64,__amd_rocclr_copyBuffer,49,13,20942.0,8.0,44.0,144.0,0.0,9216.0,8.0,4912528141923246.0,4912528141928846.0
49,1,512,512,0,0,20,4,32,64,__amd_rocclr_copyBuffer,50,13,19415.0,2.0,41.0,96.0,0.0,6144.0,8.0,4912528141987726.0,4912528141992526.0
50,1,512,512,0,0,20,4,32,64,__amd_rocclr_copyBuffer,51,13,23465.0,8.0,44.0,144.0,0.0,9216.0,8.0,4912528733270937.0,4912528733277497.0
51,1,512,512,0,0,20,4,32,64,__amd_rocclr_copyBuffer,52,13,20686.0,8.0,44.0,144.0,0.0,9216.0,8.0,4912528733350777.0,4912528733356377.0
52,1,512,512,0,0,20,4,32,64,__amd_rocclr_copyBuffer,53,13,18809.0,2.0,41.0,96.0,0.0,6144.0,8.0,4912528733414457.0,4912528733419097.0
53,1,512,512,0,0,20,4,32,64,__amd_rocclr_copyBuffer,54,13,23147.0,8.0,44.0,144.0,0.0,9216.0,8.0,4912529310778934.0,4912529310785494.0
54,1,512,512,0,0,20,4,32,64,__amd_rocclr_copyBuffer,55,13,21330.0,8.0,44.0,144.0,0.0,9216.0,8.0,4912529310882134.0,4912529310888054.0
55,1,512,512,0,0,20,4,32,64,__amd_rocclr_copyBuffer,56,13,18801.0,2.0,41.0,96.0,0.0,6144.0,8.0,4912529310947734.0,4912529310952374.0
56,1,512,512,0,0,20,4,32,64,__amd_rocclr_copyBuffer,57,13,24299.0,8.0,44.0,144.0,0.0,9216.0,8.0,4912529888650541.0,4912529888657421.0
57,1,512,512,0,0,20,4,32,64,__amd_rocclr_copyBuffer,58,13,21058.0,8.0,44.0,144.0,0.0,9216.0,8.0,4912529888736461.0,4912529888742221.0
58,1,512,512,0,0,20,4,32,64,__amd_rocclr_copyBuffer,59,13,18815.0,2.0,41.0,96.0,0.0,6144.0,8.0,4912529888801421.0,4912529888806061.0
59,1,512,512,0,0,20,4,32,64,__amd_rocclr_copyBuffer,60,13,23837.0,8.0,44.0,144.0,0.0,9216.0,8.0,4912530460367217.0,4912530460374097.0
60,1,512,512,0,0,20,4,32,64,__amd_rocclr_copyBuffer,61,13,21080.0,8.0,44.0,144.0,0.0,9216.0,8.0,4912530460457457.0,4912530460463217.0
61,1,512,512,0,0,20,4,32,64,__amd_rocclr_copyBuffer,62,13,19531.0,2.0,41.0,96.0,0.0,6144.0,8.0,4912530460532177.0,4912530460537297.0
62,1,512,512,0,0,20,4,32,64,__amd_rocclr_copyBuffer,63,13,21913.0,8.0,44.0,144.0,0.0,9216.0,8.0,4912531031272989.0,4912531031278909.0
63,1,512,512,0,0,20,4,32,64,__amd_rocclr_copyBuffer,64,13,21018.0,8.0,44.0,144.0,0.0,9216.0,8.0,4912531031349469.0,4912531031355229.0
64,1,512,512,0,0,20,4,32,64,__amd_rocclr_copyBuffer,65,13,18793.0,2.0,41.0,96.0,0.0,6144.0,8.0,4912531031414749.0,4912531031419389.0
65,1,512,512,0,0,20,4,32,64,__amd_rocclr_copyBuffer,66,13,23271.0,8.0,44.0,144.0,0.0,9216.0,8.0,4912531609750778.0,4912531609757178.0
66,1,512,512,0,0,20,4,32,64,__amd_rocclr_copyBuffer,67,13,21558.0,8.0,44.0,144.0,0.0,9216.0,8.0,4912531609825978.0,4912531609831898.0
67,1,512,512,0,0,20,4,32,64,__amd_rocclr_copyBuffer,68,13,19349.0,2.0,41.0,96.0,0.0,6144.0,8.0,4912531609899578.0,4912531609904538.0
68,1,512,512,0,0,20,4,32,64,__amd_rocclr_copyBuffer,69,13,23659.0,8.0,44.0,144.0,0.0,9216.0,8.0,4912532189496873.0,4912532189503593.0
69,1,512,512,0,0,20,4,32,64,__amd_rocclr_copyBuffer,70,13,21680.0,8.0,44.0,144.0,0.0,9216.0,8.0,4912532189572873.0,4912532189579113.0
70,1,512,512,0,0,20,4,32,64,__amd_rocclr_copyBuffer,71,13,19717.0,2.0,41.0,96.0,0.0,6144.0,8.0,4912532189638953.0,4912532189643753.0
71,1,512,512,0,0,20,4,32,64,__amd_rocclr_copyBuffer,72,13,23845.0,8.0,44.0,144.0,0.0,9216.0,8.0,4912532757210658.0,4912532757217538.0
72,1,512,512,0,0,20,4,32,64,__amd_rocclr_copyBuffer,73,13,20590.0,8.0,44.0,144.0,0.0,9216.0,8.0,4912532757292738.0,4912532757298338.0
73,1,512,512,0,0,20,4,32,64,__amd_rocclr_copyBuffer,74,13,18913.0,2.0,41.0,96.0,0.0,6144.0,8.0,4912532757362178.0,4912532757366818.0
74,1,512,512,0,0,20,4,32,64,__amd_rocclr_copyBuffer,75,13,23677.0,8.0,44.0,144.0,0.0,9216.0,8.0,4912533285076782.0,4912533285083662.0
75,1,512,512,0,0,20,4,32,64,__amd_rocclr_copyBuffer,76,13,21936.0,8.0,44.0,144.0,0.0,9216.0,8.0,4912533285151982.0,4912533285158382.0
76,1,512,512,0,0,20,4,32,64,__amd_rocclr_copyBuffer,77,13,18715.0,2.0,41.0,96.0,0.0,6144.0,8.0,4912533285213742.0,4912533285218222.0
77,1,512,512,0,0,20,4,32,64,__amd_rocclr_copyBuffer,78,13,22865.0,8.0,44.0,144.0,0.0,9216.0,8.0,4912533865737668.0,4912533865743908.0
78,1,512,512,0,0,20,4,32,64,__amd_rocclr_copyBuffer,79,13,22284.0,8.0,44.0,144.0,0.0,9216.0,8.0,4912533865821988.0,4912533865827908.0
79,1,512,512,0,0,20,4,32,64,__amd_rocclr_copyBuffer,80,13,18897.0,2.0,41.0,96.0,0.0,6144.0,8.0,4912533865891428.0,4912533865896068.0
80,1,512,512,0,0,20,4,32,64,__amd_rocclr_copyBuffer,81,13,24231.0,8.0,44.0,144.0,0.0,9216.0,8.0,4912534400432340.0,4912534400439540.0
81,1,512,512,0,0,20,4,32,64,__amd_rocclr_copyBuffer,82,13,21234.0,8.0,44.0,144.0,0.0,9216.0,8.0,4912534400512180.0,4912534400517940.0
82,1,512,512,0,0,20,4,32,64,__amd_rocclr_copyBuffer,83,13,19461.0,2.0,41.0,96.0,0.0,6144.0,8.0,4912534400578100.0,4912534400582740.0
83,1,256,256,0,0,12,4,32,64,__amd_rocclr_fillBufferAligned,84,6,20887.0,1.0,41.0,51.0,0.0,2319.0,4.0,4912534961354817.0,4912534961360097.0
84,1,256,256,0,0,12,4,32,64,__amd_rocclr_fillBufferAligned,85,6,19518.0,2.0,37.0,45.0,0.0,2088.0,4.0,4912534961421537.0,4912534961426497.0
85,1,2048,256,0,0,8,0,32,64,"batch_decode_kernels::embedding(float*, unsigned short const*, int const*, int*, int, int, int, int)",86,44,20746.0,65.0,96.0,450.0,0.0,28674.0,32.0,4912534963680587.0,4912534963685387.0
86,1,256,256,1024,0,12,4,32,64,"batch_decode_kernels::rmsnorm(float*, float const*, unsigned short const*, int, int, float)",87,33,32741.0,128.0,148.0,773.0,0.0,49151.0,4.0,4912534963744907.0,4912534963757867.0
87,1,233472,256,0,0,16,0,32,64,"batch_decode_kernels::dual_gemv(float*, unsigned short const*, int, float*, unsigned short const*, int, float const*, int, int)",88,35,72775.0,237120.0,259008.0,1601472.0,0.0,101345088.0,3648.0,4912534963814668.0,4912534963853228.0
88,1,256,256,1024,0,24,0,32,64,"batch_decode_kernels::kv_norm_rope(unsigned short*, float const*, unsigned short const*, int, int, int, int, int, int, float const*, int, float)",89,39,30227.0,36.0,110.0,435.0,0.0,25151.0,4.0,4912534963914828.0,4912534963926188.0
89,1,524288,256,0,0,36,4,32,64,"batch_decode_kernels::q_absorb_rope(float*, float*, float const*, unsigned short const*, int, int, int, int, int, int, int, float const*, int)",90,38,35745.0,41024.0,98432.0,1222240.0,0.0,73010688.0,8192.0,4912534963986828.0,4912534964002348.0
90,1,1024,256,0,0,16,0,32,64,"batch_decode_kernels::attention_score(float*, float const*, float const*, unsigned short const*, int, int, int, int, int, int, int, float)",91,41,27929.0,304.0,224.0,3408.0,0.0,204000.0,16.0,4912534964065549.0,4912534964075629.0
91,1,4096,256,1024,0,20,4,48,64,"void attention_kernels::softmax_rows_kernel<256>(float*, int, int, int, int)",92,51,26523.0,80.0,2672.0,2512.0,0.0,70672.0,64.0,4912534964718832.0,4912534964726832.0
92,1,524288,256,0,0,16,0,32,64,"batch_decode_kernels::latent_context(float*, float const*, unsigned short const*, int, int, int, int, int, int)",93,23,28041.0,24576.0,40960.0,933888.0,0.0,34996224.0,8192.0,4912534964792592.0,4912534964802832.0
93,1,131072,256,0,0,20,4,32,64,"batch_decode_kernels::value_up(float*, float const*, unsigned short const*, int, int, int, int, unsigned long)",94,25,30505.0,34816.0,47104.0,444416.0,0.0,27152384.0,2048.0,4912534964860432.0,4912534964872272.0
94,1,131072,256,0,0,16,0,32,64,"batch_decode_kernels::gemv(float*, float const*, unsigned short const*, int, int, int, int)",95,18,48373.0,135168.0,147456.0,864256.0,0.0,54667264.0,2048.0,4912534964935473.0,4912534964958353.0
95,1,256,256,1024,0,12,4,32,64,"batch_decode_kernels::rmsnorm(float*, float const*, unsigned short const*, int, int, float)",96,33,32956.0,128.0,148.0,773.0,0.0,49151.0,4.0,4912534965019153.0,4912534965032273.0
96,1,700416,256,0,0,24,0,32,64,"batch_decode_kernels::gate_up_swiglu(float*, float const*, unsigned short const*, unsigned short const*, int, int, int)",97,37,194403.0,1061568.0,777024.0,6850944.0,0.0,412949952.0,10944.0,4912534965093713.0,4912534965210834.0
97,1,131072,256,0,0,16,0,32,64,"batch_decode_kernels::gemv(float*, float const*, unsigned short const*, int, int, int, int)",98,18,149193.0,704512.0,716800.0,3995648.0,0.0,255076352.0,2048.0,4912534965272114.0,4912534965359155.0
98,1,256,256,1024,0,12,4,32,64,"batch_decode_kernels::rmsnorm(float*, float const*, unsigned short const*, int, int, float)",99,33,33959.0,128.0,148.0,773.0,0.0,49151.0,4.0,4912534965421715.0,4912534965435315.0
99,1,233472,256,0,0,16,0,32,64,"batch_decode_kernels::dual_gemv(float*, unsigned short const*, int, float*, unsigned short const*, int, float const*, int, int)",100,35,74423.0,237120.0,259008.0,1601472.0,0.0,101345088.0,3648.0,4912534965501715.0,4912534965541075.0
100,1,256,256,1024,0,24,0,32,64,"batch_decode_kernels::kv_norm_rope(unsigned short*, float const*, unsigned short const*, int, int, int, int, int, int, float const*, int, float)",101,39,28849.0,36.0,110.0,435.0,0.0,25151.0,4.0,4912534965602036.0,4912534965612436.0
101,1,524288,256,0,0,36,4,32,64,"batch_decode_kernels::q_absorb_rope(float*, float*, float const*, unsigned short const*, int, int, int, int, int, int, int, float const*, int)",102,38,36795.0,41024.0,98432.0,1222240.0,0.0,73010688.0,8192.0,4912534965674036.0,4912534965689876.0
102,1,1024,256,0,0,16,0,32,64,"batch_decode_kernels::attention_score(float*, float const*, float const*, unsigned short const*, int, int, int, int, int, int, int, float)",103,41,28540.0,304.0,224.0,3408.0,0.0,204000.0,16.0,4912534965752436.0,4912534965762676.0
103,1,4096,256,1024,0,20,4,48,64,"void attention_kernels::softmax_rows_kernel<256>(float*, int, int, int, int)",104,51,26242.0,80.0,2672.0,2512.0,0.0,70672.0,64.0,4912534965824597.0,4912534965833397.0
104,1,524288,256,0,0,16,0,32,64,"batch_decode_kernels::latent_context(float*, float const*, unsigned short const*, int, int, int, int, int, int)",105,23,28210.0,24576.0,40960.0,933888.0,0.0,34996224.0,8192.0,4912534965894037.0,4912534965904277.0
105,1,131072,256,0,0,20,4,32,64,"batch_decode_kernels::value_up(float*, float const*, unsigned short const*, int, int, int, int, unsigned long)",106,25,30627.0,34816.0,47104.0,444416.0,0.0,27152384.0,2048.0,4912534965963317.0,4912534965975157.0
106,1,131072,256,0,0,16,0,32,64,"batch_decode_kernels::gemv(float*, float const*, unsigned short const*, int, int, int, int)",107,18,48379.0,135168.0,147456.0,864256.0,0.0,54667264.0,2048.0,4912534966035958.0,4912534966058838.0
107,1,256,256,1024,0,12,4,32,64,"batch_decode_kernels::rmsnorm(float*, float const*, unsigned short const*, int, int, float)",108,33,33029.0,128.0,148.0,773.0,0.0,49151.0,4.0,4912534966118518.0,4912534966131478.0
108,1,4096,256,0,0,16,0,32,64,"batch_decode_kernels::gemv(float*, float const*, unsigned short const*, int, int, int, int)",109,18,46616.0,4160.0,4608.0,26944.0,0.0,1708288.0,64.0,4912534966189878.0,4912534966210998.0
109,1,64,64,0,0,16,0,48,64,"void moe_kernels::router_topk_wave64_kernel<64>(float*, float const*, int*, float*, int, int, int, int, int, float)",110,57,40047.0,26.0,120.0,401.0,0.0,19068.0,1.0,4912534966314999.0,4912534966331319.0
110,1,540672,256,0,0,20,4,48,64,"batch_decode_kernels::routed_shared_gate_up(float*, float*, float const*, char const*, unsigned long const*, unsigned long const*, int const*, unsigned short const*, unsigned short const*, int, int, int, int, int)",111,43,158491.0,844800.0,321024.0,4604160.0,0.0,274973952.0,8448.0,4912534966397399.0,4912534966490840.0
111,1,180224,256,0,0,24,0,32,64,"batch_decode_kernels::gate_up_swiglu(float*, float const*, unsigned short const*, unsigned short const*, int, int, int)",112,37,66863.0,273152.0,199936.0,1762816.0,0.0,106256128.0,2816.0,4912534966551000.0,4912534966586200.0
112,1,131072,256,0,0,24,0,48,64,"batch_decode_kernels::routed_shared_down(float*, float const*, float const*, char const*, unsigned long const*, int const*, float const*, unsigned short const*, int, int, int, int, int)",113,46,114531.0,544768.0,331776.0,2744320.0,0.0,172410880.0,2048.0,4912534966650360.0,4912534966715321.0
113,1,131072,256,0,0,16,0,32,64,"batch_decode_kernels::gemv(float*, float const*, unsigned short const*, int, int, int, int)",114,18,56214.0,184320.0,196608.0,1134592.0,0.0,71968768.0,2048.0,4912534966780601.0,4912534966808761.0
114,1,256,256,1024,0,12,4,32,64,"batch_decode_kernels::rmsnorm(float*, float const*, unsigned short const*, int, int, float)",115,33,32582.0,128.0,148.0,773.0,0.0,49151.0,4.0,4912534966871961.0,4912534966884601.0
115,1,233472,256,0,0,16,0,32,64,"batch_decode_kernels::dual_gemv(float*, unsigned short const*, int, float*, unsigned short const*, int, float const*, int, int)",116,35,73532.0,237120.0,259008.0,1601472.0,0.0,101345088.0,3648.0,4912534966946842.0,4912534966985562.0
116,1,256,256,1024,0,24,0,32,64,"batch_decode_kernels::kv_norm_rope(unsigned short*, float const*, unsigned short const*, int, int, int, int, int, int, float const*, int, float)",117,39,30737.0,36.0,110.0,435.0,0.0,25151.0,4.0,4912534967048602.0,4912534967060122.0
117,1,524288,256,0,0,36,4,32,64,"batch_decode_kernels::q_absorb_rope(float*, float*, float const*, unsigned short const*, int, int, int, int, int, int, int, float const*, int)",118,38,36139.0,41024.0,98432.0,1222240.0,0.0,73010688.0,8192.0,4912534967123002.0,4912534967138522.0
118,1,1024,256,0,0,16,0,32,64,"batch_decode_kernels::attention_score(float*, float const*, float const*, unsigned short const*, int, int, int, int, int, int, int, float)",119,41,27665.0,304.0,224.0,3408.0,0.0,204000.0,16.0,4912534967204923.0,4912534967214683.0
119,1,4096,256,1024,0,20,4,48,64,"void attention_kernels::softmax_rows_kernel<256>(float*, int, int, int, int)",120,51,25013.0,80.0,2672.0,2512.0,0.0,70672.0,64.0,4912534967278523.0,4912534967286683.0
120,1,524288,256,0,0,16,0,32,64,"batch_decode_kernels::latent_context(float*, float const*, unsigned short const*, int, int, int, int, int, int)",121,23,27337.0,24576.0,40960.0,933888.0,0.0,34996224.0,8192.0,4912534967351803.0,4912534967361723.0
121,1,131072,256,0,0,20,4,32,64,"batch_decode_kernels::value_up(float*, float const*, unsigned short const*, int, int, int, int, unsigned long)",122,25,30345.0,34816.0,47104.0,444416.0,0.0,27152384.0,2048.0,4912534967424764.0,4912534967436284.0
122,1,131072,256,0,0,16,0,32,64,"batch_decode_kernels::gemv(float*, float const*, unsigned short const*, int, int, int, int)",123,18,48959.0,135168.0,147456.0,864256.0,0.0,54667264.0,2048.0,4912534967498844.0,4912534967522044.0
123,1,256,256,1024,0,12,4,32,64,"batch_decode_kernels::rmsnorm(float*, float const*, unsigned short const*, int, int, float)",124,33,33545.0,128.0,148.0,773.0,0.0,49151.0,4.0,4912534967584124.0,4912534967597405.0
124,1,4096,256,0,0,16,0,32,64,"batch_decode_kernels::gemv(float*, float const*, unsigned short const*, int, int, int, int)",125,18,46363.0,4160.0,4608.0,26944.0,0.0,1708288.0,64.0,4912534967659485.0,4912534967680285.0
125,1,64,64,0,0,16,0,48,64,"void moe_kernels::router_topk_wave64_kernel<64>(float*, float const*, int*, float*, int, int, int, int, int, float)",126,57,40425.0,26.0,120.0,401.0,0.0,19068.0,1.0,4912534967743325.0,4912534967760445.0
126,1,540672,256,0,0,20,4,48,64,"batch_decode_kernels::routed_shared_gate_up(float*, float*, float const*, char const*, unsigned long const*, unsigned long const*, int const*, unsigned short const*, unsigned short const*, int, int, int, int, int)",127,43,158447.0,844800.0,321024.0,4604160.0,0.0,274973952.0,8448.0,4912534967819326.0,4912534967912766.0
127,1,180224,256,0,0,24,0,32,64,"batch_decode_kernels::gate_up_swiglu(float*, float const*, unsigned short const*, unsigned short const*, int, int, int)",128,37,67557.0,273152.0,199936.0,1762816.0,0.0,106256128.0,2816.0,4912534967975486.0,4912534968011166.0
128,1,131072,256,0,0,24,0,48,64,"batch_decode_kernels::routed_shared_down(float*, float const*, float const*, char const*, unsigned long const*, int const*, float const*, unsigned short const*, int, int, int, int, int)",129,46,114008.0,544768.0,331776.0,2744320.0,0.0,172410880.0,2048.0,4912534968075327.0,4912534968140127.0
129,1,131072,256,0,0,16,0,32,64,"batch_decode_kernels::gemv(float*, float const*, unsigned short const*, int, int, int, int)",130,18,56558.0,184320.0,196608.0,1134592.0,0.0,71968768.0,2048.0,4912534968205727.0,4912534968234047.0
130,1,256,256,1024,0,12,4,32,64,"batch_decode_kernels::rmsnorm(float*, float const*, unsigned short const*, int, int, float)",131,33,34135.0,128.0,148.0,773.0,0.0,49151.0,4.0,4912534968292128.0,4912534968305728.0
131,1,233472,256,0,0,16,0,32,64,"batch_decode_kernels::dual_gemv(float*, unsigned short const*, int, float*, unsigned short const*, int, float const*, int, int)",132,35,74984.0,237120.0,259008.0,1601472.0,0.0,101345088.0,3648.0,4912534968373408.0,4912534968413088.0
132,1,256,256,1024,0,24,0,32,64,"batch_decode_kernels::kv_norm_rope(unsigned short*, float const*, unsigned short const*, int, int, int, int, int, int, float const*, int, float)",133,39,30170.0,36.0,110.0,435.0,0.0,25151.0,4.0,4912534968476448.0,4912534968487489.0
133,1,524288,256,0,0,36,4,32,64,"batch_decode_kernels::q_absorb_rope(float*, float*, float const*, unsigned short const*, int, int, int, int, int, int, int, float const*, int)",134,38,34955.0,41024.0,98432.0,1222240.0,0.0,73010688.0,8192.0,4912534968552129.0,4912534968567009.0
134,1,1024,256,0,0,16,0,32,64,"batch_decode_kernels::attention_score(float*, float const*, float const*, unsigned short const*, int, int, int, int, int, int, int, float)",135,41,28609.0,304.0,224.0,3408.0,0.0,204000.0,16.0,4912534968636289.0,4912534968646689.0
135,1,4096,256,1024,0,20,4,48,64,"void attention_kernels::softmax_rows_kernel<256>(float*, int, int, int, int)",136,51,24527.0,80.0,2672.0,2512.0,0.0,70672.0,64.0,4912534968710690.0,4912534968718370.0
136,1,524288,256,0,0,16,0,32,64,"batch_decode_kernels::latent_context(float*, float const*, unsigned short const*, int, int, int, int, int, int)",137,23,27305.0,24576.0,40960.0,933888.0,0.0,34996224.0,8192.0,4912534968784450.0,4912534968794370.0
137,1,131072,256,0,0,20,4,32,64,"batch_decode_kernels::value_up(float*, float const*, unsigned short const*, int, int, int, int, unsigned long)",138,25,30281.0,34816.0,47104.0,444416.0,0.0,27152384.0,2048.0,4912534968856290.0,4912534968867970.0
138,1,131072,256,0,0,16,0,32,64,"batch_decode_kernels::gemv(float*, float const*, unsigned short const*, int, int, int, int)",139,18,48677.0,135168.0,147456.0,864256.0,0.0,54667264.0,2048.0,4912534968934691.0,4912534968957891.0
139,1,256,256,1024,0,12,4,32,64,"batch_decode_kernels::rmsnorm(float*, float const*, unsigned short const*, int, int, float)",140,33,31889.0,128.0,148.0,773.0,0.0,49151.0,4.0,4912534969021411.0,4912534969033571.0
140,1,4096,256,0,0,16,0,32,64,"batch_decode_kernels::gemv(float*, float const*, unsigned short const*, int, int, int, int)",141,18,46310.0,4160.0,4608.0,26944.0,0.0,1708288.0,64.0,4912534969091971.0,4912534969112771.0
141,1,64,64,0,0,16,0,48,64,"void moe_kernels::router_topk_wave64_kernel<64>(float*, float const*, int*, float*, int, int, int, int, int, float)",142,57,38995.0,26.0,120.0,401.0,0.0,19068.0,1.0,4912534969183652.0,4912534969199972.0
142,1,540672,256,0,0,20,4,48,64,"batch_decode_kernels::routed_shared_gate_up(float*, float*, float const*, char const*, unsigned long const*, unsigned long const*, int const*, unsigned short const*, unsigned short const*, int, int, int, int, int)",143,43,157203.0,844800.0,321024.0,4604160.0,0.0,274973952.0,8448.0,4912534969262372.0,4912534969354852.0
143,1,180224,256,0,0,24,0,32,64,"batch_decode_kernels::gate_up_swiglu(float*, float const*, unsigned short const*, unsigned short const*, int, int, int)",144,37,66533.0,273152.0,199936.0,1762816.0,0.0,106256128.0,2816.0,4912534969417893.0,4912534969452613.0
144,1,131072,256,0,0,24,0,48,64,"batch_decode_kernels::routed_shared_down(float*, float const*, float const*, char const*, unsigned long const*, int const*, float const*, unsigned short const*, int, int, int, int, int)",145,46,113971.0,544768.0,331776.0,2744320.0,0.0,172410880.0,2048.0,4912534969514373.0,4912534969579173.0
145,1,131072,256,0,0,16,0,32,64,"batch_decode_kernels::gemv(float*, float const*, unsigned short const*, int, int, int, int)",146,18,57000.0,184320.0,196608.0,1134592.0,0.0,71968768.0,2048.0,4912534969643814.0,4912534969672134.0
146,1,256,256,1024,0,12,4,32,64,"batch_decode_kernels::rmsnorm(float*, float const*, unsigned short const*, int, int, float)",147,33,35759.0,128.0,148.0,773.0,0.0,49151.0,4.0,4912534969736614.0,4912534969751174.0
147,1,233472,256,0,0,16,0,32,64,"batch_decode_kernels::dual_gemv(float*, unsigned short const*, int, float*, unsigned short const*, int, float const*, int, int)",148,35,74306.0,237120.0,259008.0,1601472.0,0.0,101345088.0,3648.0,4912534969814694.0,4912534969854055.0
148,1,256,256,1024,0,24,0,32,64,"batch_decode_kernels::kv_norm_rope(unsigned short*, float const*, unsigned short const*, int, int, int, int, int, int, float const*, int, float)",149,39,30415.0,36.0,110.0,435.0,0.0,25151.0,4.0,4912534969921255.0,4912534969932775.0
149,1,524288,256,0,0,36,4,32,64,"batch_decode_kernels::q_absorb_rope(float*, float*, float const*, unsigned short const*, int, int, int, int, int, int, int, float const*, int)",150,38,35832.0,41024.0,98432.0,1222240.0,0.0,73010688.0,8192.0,4912534969993255.0,4912534970008455.0
150,1,1024,256,0,0,16,0,32,64,"batch_decode_kernels::attention_score(float*, float const*, float const*, unsigned short const*, int, int, int, int, int, int, int, float)",151,41,28174.0,304.0,224.0,3408.0,0.0,204000.0,16.0,4912534970073416.0,4912534970083336.0
151,1,4096,256,1024,0,20,4,48,64,"void attention_kernels::softmax_rows_kernel<256>(float*, int, int, int, int)",152,51,25186.0,80.0,2672.0,2512.0,0.0,70672.0,64.0,4912534970149416.0,4912534970157096.0
152,1,524288,256,0,0,16,0,32,64,"batch_decode_kernels::latent_context(float*, float const*, unsigned short const*, int, int, int, int, int, int)",153,23,27453.0,24576.0,40960.0,933888.0,0.0,34996224.0,8192.0,4912534970220136.0,4912534970230056.0
153,1,131072,256,0,0,20,4,32,64,"batch_decode_kernels::value_up(float*, float const*, unsigned short const*, int, int, int, int, unsigned long)",154,25,31388.0,34816.0,47104.0,444416.0,0.0,27152384.0,2048.0,4912534970293577.0,4912534970305577.0
154,1,131072,256,0,0,16,0,32,64,"batch_decode_kernels::gemv(float*, float const*, unsigned short const*, int, int, int, int)",155,18,48525.0,135168.0,147456.0,864256.0,0.0,54667264.0,2048.0,4912534970371657.0,4912534970394697.0
155,1,256,256,1024,0,12,4,32,64,"batch_decode_kernels::rmsnorm(float*, float const*, unsigned short const*, int, int, float)",156,33,33065.0,128.0,148.0,773.0,0.0,49151.0,4.0,4912534970450857.0,4912534970463657.0
156,1,4096,256,0,0,16,0,32,64,"batch_decode_kernels::gemv(float*, float const*, unsigned short const*, int, int, int, int)",157,18,47611.0,4160.0,4608.0,26944.0,0.0,1708288.0,64.0,4912534970525258.0,4912534970546858.0
157,1,64,64,0,0,16,0,48,64,"void moe_kernels::router_topk_wave64_kernel<64>(float*, float const*, int*, float*, int, int, int, int, int, float)",158,57,37695.0,26.0,120.0,401.0,0.0,19075.0,1.0,4912534970611978.0,4912534970627498.0
158,1,540672,256,0,0,20,4,48,64,"batch_decode_kernels::routed_shared_gate_up(float*, float*, float const*, char const*, unsigned long const*, unsigned long const*, int const*, unsigned short const*, unsigned short const*, int, int, int, int, int)",159,43,156580.0,844800.0,321024.0,4604160.0,0.0,274973952.0,8448.0,4912534970687978.0,4912534970780299.0
159,1,180224,256,0,0,24,0,32,64,"batch_decode_kernels::gate_up_swiglu(float*, float const*, unsigned short const*, unsigned short const*, int, int, int)",160,37,68181.0,273152.0,199936.0,1762816.0,0.0,106256128.0,2816.0,4912534970844619.0,4912534970880459.0
160,1,131072,256,0,0,24,0,48,64,"batch_decode_kernels::routed_shared_down(float*, float const*, float const*, char const*, unsigned long const*, int const*, float const*, unsigned short const*, int, int, int, int, int)",161,46,113559.0,544768.0,331776.0,2744320.0,0.0,172410880.0,2048.0,4912534970942540.0,4912534971007020.0
161,1,131072,256,0,0,16,0,32,64,"batch_decode_kernels::gemv(float*, float const*, unsigned short const*, int, int, int, int)",162,18,56195.0,184320.0,196608.0,1134592.0,0.0,71968768.0,2048.0,4912534971068780.0,4912534971096940.0
162,1,256,256,1024,0,12,4,32,64,"batch_decode_kernels::rmsnorm(float*, float const*, unsigned short const*, int, int, float)",163,33,35480.0,128.0,148.0,773.0,0.0,49151.0,4.0,4912534971158220.0,4912534971172301.0
163,1,233472,256,0,0,16,0,32,64,"batch_decode_kernels::dual_gemv(float*, unsigned short const*, int, float*, unsigned short const*, int, float const*, int, int)",164,35,73965.0,237120.0,259008.0,1601472.0,0.0,101345088.0,3648.0,4912534971238701.0,4912534971277741.0
164,1,256,256,1024,0,24,0,32,64,"batch_decode_kernels::kv_norm_rope(unsigned short*, float const*, unsigned short const*, int, int, int, int, int, int, float const*, int, float)",165,39,30120.0,36.0,110.0,435.0,0.0,25151.0,4.0,4912534971344301.0,4912534971355501.0
165,1,524288,256,0,0,36,4,32,64,"batch_decode_kernels::q_absorb_rope(float*, float*, float const*, unsigned short const*, int, int, int, int, int, int, int, float const*, int)",166,38,37769.0,41024.0,98432.0,1222240.0,0.0,73010688.0,8192.0,4912534971421102.0,4912534971437582.0
166,1,1024,256,0,0,16,0,32,64,"batch_decode_kernels::attention_score(float*, float const*, float const*, unsigned short const*, int, int, int, int, int, int, int, float)",167,41,28648.0,304.0,224.0,3408.0,0.0,204000.0,16.0,4912534971503502.0,4912534971513742.0
167,1,4096,256,1024,0,20,4,48,64,"void attention_kernels::softmax_rows_kernel<256>(float*, int, int, int, int)",168,51,25249.0,80.0,2672.0,2512.0,0.0,70672.0,64.0,4912534971580942.0,4912534971588782.0
168,1,524288,256,0,0,16,0,32,64,"batch_decode_kernels::latent_context(float*, float const*, unsigned short const*, int, int, int, int, int, int)",169,23,28408.0,24576.0,40960.0,933888.0,0.0,34996224.0,8192.0,4912534971649583.0,4912534971659983.0
169,1,131072,256,0,0,20,4,32,64,"batch_decode_kernels::value_up(float*, float const*, unsigned short const*, int, int, int, int, unsigned long)",170,25,29879.0,34816.0,47104.0,444416.0,0.0,27152384.0,2048.0,4912534971727183.0,4912534971738703.0
170,1,131072,256,0,0,16,0,32,64,"batch_decode_kernels::gemv(float*, float const*, unsigned short const*, int, int, int, int)",171,18,47513.0,135168.0,147456.0,864256.0,0.0,54667264.0,2048.0,4912534971805263.0,4912534971827663.0
171,1,256,256,1024,0,12,4,32,64,"batch_decode_kernels::rmsnorm(float*, float const*, unsigned short const*, int, int, float)",172,33,35335.0,128.0,148.0,773.0,0.0,49151.0,4.0,4912534971892304.0,4912534971906544.0
172,1,4096,256,0,0,16,0,32,64,"batch_decode_kernels::gemv(float*, float const*, unsigned short const*, int, int, int, int)",173,18,46869.0,4160.0,4608.0,26944.0,0.0,1708288.0,64.0,4912534971964784.0,4912534971986064.0
173,1,64,64,0,0,16,0,48,64,"void moe_kernels::router_topk_wave64_kernel<64>(float*, float const*, int*, float*, int, int, int, int, int, float)",174,57,39056.0,26.0,120.0,401.0,0.0,19069.0,1.0,4912534972054064.0,4912534972070705.0
174,1,540672,256,0,0,20,4,48,64,"batch_decode_kernels::routed_shared_gate_up(float*, float*, float const*, char const*, unsigned long const*, unsigned long const*, int const*, unsigned short const*, unsigned short const*, int, int, int, int, int)",175,43,156605.0,844800.0,321024.0,4604160.0,0.0,274973952.0,8448.0,4912534972132625.0,4912534972224945.0
175,1,180224,256,0,0,24,0,32,64,"batch_decode_kernels::gate_up_swiglu(float*, float const*, unsigned short const*, unsigned short const*, int, int, int)",176,37,67291.0,273152.0,199936.0,1762816.0,0.0,106256128.0,2816.0,4912534972291026.0,4912534972326226.0
176,1,131072,256,0,0,24,0,48,64,"batch_decode_kernels::routed_shared_down(float*, float const*, float const*, char const*, unsigned long const*, int const*, float const*, unsigned short const*, int, int, int, int, int)",177,46,114283.0,544768.0,331776.0,2744320.0,0.0,172410880.0,2048.0,4912534972391026.0,4912534972456146.0
177,1,131072,256,0,0,16,0,32,64,"batch_decode_kernels::gemv(float*, float const*, unsigned short const*, int, int, int, int)",178,18,55633.0,184320.0,196608.0,1134592.0,0.0,71968768.0,2048.0,4912534972520147.0,4912534972547667.0
178,1,256,256,1024,0,12,4,32,64,"batch_decode_kernels::rmsnorm(float*, float const*, unsigned short const*, int, int, float)",179,33,32934.0,128.0,148.0,773.0,0.0,49151.0,4.0,4912534972616467.0,4912534972629107.0
179,1,233472,256,0,0,16,0,32,64,"batch_decode_kernels::dual_gemv(float*, unsigned short const*, int, float*, unsigned short const*, int, float const*, int, int)",180,35,73538.0,237120.0,259008.0,1601472.0,0.0,101345088.0,3648.0,4912534972700147.0,4912534972738868.0
180,1,256,256,1024,0,24,0,32,64,"batch_decode_kernels::kv_norm_rope(unsigned short*, float const*, unsigned short const*, int, int, int, int, int, int, float const*, int, float)",181,39,30446.0,36.0,110.0,435.0,0.0,25151.0,4.0,4912534972811668.0,4912534972823188.0
181,1,524288,256,0,0,36,4,32,64,"batch_decode_kernels::q_absorb_rope(float*, float*, float const*, unsigned short const*, int, int, int, int, int, int, int, float const*, int)",182,38,37293.0,41024.0,98432.0,1222240.0,0.0,73010688.0,8192.0,4912534972884628.0,4912534972900628.0
182,1,1024,256,0,0,16,0,32,64,"batch_decode_kernels::attention_score(float*, float const*, float const*, unsigned short const*, int, int, int, int, int, int, int, float)",183,41,28745.0,304.0,224.0,3408.0,0.0,204000.0,16.0,4912534972970389.0,4912534972980949.0
183,1,4096,256,1024,0,20,4,48,64,"void attention_kernels::softmax_rows_kernel<256>(float*, int, int, int, int)",184,51,25879.0,80.0,2672.0,2512.0,0.0,70672.0,64.0,4912534973044789.0,4912534973053429.0
184,1,524288,256,0,0,16,0,32,64,"batch_decode_kernels::latent_context(float*, float const*, unsigned short const*, int, int, int, int, int, int)",185,23,28093.0,24576.0,40960.0,933888.0,0.0,34996224.0,8192.0,4912534973116469.0,4912534973126709.0
185,1,131072,256,0,0,20,4,32,64,"batch_decode_kernels::value_up(float*, float const*, unsigned short const*, int, int, int, int, unsigned long)",186,25,30526.0,34816.0,47104.0,444416.0,0.0,27152384.0,2048.0,4912534973190390.0,4912534973202230.0
186,1,131072,256,0,0,16,0,32,64,"batch_decode_kernels::gemv(float*, float const*, unsigned short const*, int, int, int, int)",187,18,48858.0,135168.0,147456.0,864256.0,0.0,54667264.0,2048.0,4912534973269590.0,4912534973292790.0
187,1,256,256,1024,0,12,4,32,64,"batch_decode_kernels::rmsnorm(float*, float const*, unsigned short const*, int, int, float)",188,33,34045.0,128.0,148.0,773.0,0.0,49151.0,4.0,4912534973358070.0,4912534973371510.0
188,1,4096,256,0,0,16,0,32,64,"batch_decode_kernels::gemv(float*, float const*, unsigned short const*, int, int, int, int)",189,18,46802.0,4160.0,4608.0,26944.0,0.0,1708288.0,64.0,4912534973439831.0,4912534973460791.0
189,1,64,64,0,0,16,0,48,64,"void moe_kernels::router_topk_wave64_kernel<64>(float*, float const*, int*, float*, int, int, int, int, int, float)",190,57,38229.0,26.0,120.0,401.0,0.0,19066.0,1.0,4912534973526711.0,4912534973542711.0
190,1,540672,256,0,0,20,4,48,64,"batch_decode_kernels::routed_shared_gate_up(float*, float*, float const*, char const*, unsigned long const*, unsigned long const*, int const*, unsigned short const*, unsigned short const*, int, int, int, int, int)",191,43,155379.0,844800.0,321024.0,4604160.0,0.0,274973952.0,8448.0,4912534973599991.0,4912534973691832.0
191,1,180224,256,0,0,24,0,32,64,"batch_decode_kernels::gate_up_swiglu(float*, float const*, unsigned short const*, unsigned short const*, int, int, int)",192,37,68033.0,273152.0,199936.0,1762816.0,0.0,106256128.0,2816.0,4912534973758232.0,4912534973794072.0
192,1,131072,256,0,0,24,0,48,64,"batch_decode_kernels::routed_shared_down(float*, float const*, float const*, char const*, unsigned long const*, int const*, float const*, unsigned short const*, int, int, int, int, int)",193,46,112917.0,544768.0,331776.0,2744320.0,0.0,172410880.0,2048.0,4912534973856793.0,4912534973920953.0
193,1,131072,256,0,0,16,0,32,64,"batch_decode_kernels::gemv(float*, float const*, unsigned short const*, int, int, int, int)",194,18,56196.0,184320.0,196608.0,1134592.0,0.0,71968768.0,2048.0,4912534973980313.0,4912534974008313.0
194,1,256,256,1024,0,12,4,32,64,"batch_decode_kernels::rmsnorm(float*, float const*, unsigned short const*, int, int, float)",195,33,34406.0,128.0,148.0,773.0,0.0,49151.0,4.0,4912534974079834.0,4912534974093434.0
195,1,233472,256,0,0,16,0,32,64,"batch_decode_kernels::dual_gemv(float*, unsigned short const*, int, float*, unsigned short const*, int, float const*, int, int)",196,35,72479.0,237120.0,259008.0,1601472.0,0.0,101345088.0,3648.0,4912534974164634.0,4912534974202714.0
196,1,256,256,1024,0,24,0,32,64,"batch_decode_kernels::kv_norm_rope(unsigned short*, float const*, unsigned short const*, int, int, int, int, int, int, float const*, int, float)",197,39,30123.0,36.0,110.0,435.0,0.0,25151.0,4.0,4912534974264794.0,4912534974275994.0
197,1,524288,256,0,0,36,4,32,64,"batch_decode_kernels::q_absorb_rope(float*, float*, float const*, unsigned short const*, int, int, int, int, int, int, int, float const*, int)",198,38,37813.0,41024.0,98432.0,1222240.0,0.0,73010688.0,8192.0,4912534974342875.0,4912534974359355.0
198,1,1024,256,0,0,16,0,32,64,"batch_decode_kernels::attention_score(float*, float const*, float const*, unsigned short const*, int, int, int, int, int, int, int, float)",199,41,27415.0,304.0,224.0,3408.0,0.0,204000.0,16.0,4912534974419835.0,4912534974429595.0
199,1,4096,256,1024,0,20,4,48,64,"void attention_kernels::softmax_rows_kernel<256>(float*, int, int, int, int)",200,51,25526.0,80.0,2672.0,2512.0,0.0,70672.0,64.0,4912534974496155.0,4912534974504475.0
200,1,524288,256,0,0,16,0,32,64,"batch_decode_kernels::latent_context(float*, float const*, unsigned short const*, int, int, int, int, int, int)",201,23,27711.0,24576.0,40960.0,933888.0,0.0,34996224.0,8192.0,4912534974564316.0,4912534974574556.0
201,1,131072,256,0,0,20,4,32,64,"batch_decode_kernels::value_up(float*, float const*, unsigned short const*, int, int, int, int, unsigned long)",202,25,31036.0,34816.0,47104.0,444416.0,0.0,27152384.0,2048.0,4912534974635036.0,4912534974647036.0
202,1,131072,256,0,0,16,0,32,64,"batch_decode_kernels::gemv(float*, float const*, unsigned short const*, int, int, int, int)",203,18,49627.0,135168.0,147456.0,864256.0,0.0,54667264.0,2048.0,4912534974717916.0,4912534974741757.0
203,1,256,256,1024,0,12,4,32,64,"batch_decode_kernels::rmsnorm(float*, float const*, unsigned short const*, int, int, float)",204,33,34299.0,128.0,148.0,773.0,0.0,49151.0,4.0,4912534974810557.0,4912534974824157.0
204,1,4096,256,0,0,16,0,32,64,"batch_decode_kernels::gemv(float*, float const*, unsigned short const*, int, int, int, int)",205,18,45886.0,4160.0,4608.0,26944.0,0.0,1708288.0,64.0,4912534974888477.0,4912534974909117.0
205,1,64,64,0,0,16,0,48,64,"void moe_kernels::router_topk_wave64_kernel<64>(float*, float const*, int*, float*, int, int, int, int, int, float)",206,57,38659.0,26.0,120.0,401.0,0.0,19069.0,1.0,4912534974980158.0,4912534974996318.0
206,1,540672,256,0,0,20,4,48,64,"batch_decode_kernels::routed_shared_gate_up(float*, float*, float const*, char const*, unsigned long const*, unsigned long const*, int const*, unsigned short const*, unsigned short const*, int, int, int, int, int)",207,43,156696.0,844800.0,321024.0,4604160.0,0.0,274973952.0,8448.0,4912534975059838.0,4912534975152318.0
207,1,180224,256,0,0,24,0,32,64,"batch_decode_kernels::gate_up_swiglu(float*, float const*, unsigned short const*, unsigned short const*, int, int, int)",208,37,68159.0,273152.0,199936.0,1762816.0,0.0,106256128.0,2816.0,4912534975215999.0,4912534975251359.0
208,1,131072,256,0,0,24,0,48,64,"batch_decode_kernels::routed_shared_down(float*, float const*, float const*, char const*, unsigned long const*, int const*, float const*, unsigned short const*, int, int, int, int, int)",209,46,114837.0,544768.0,331776.0,2744320.0,0.0,172410880.0,2048.0,4912534975320159.0,4912534975385119.0
209,1,131072,256,0,0,16,0,32,64,"batch_decode_kernels::gemv(float*, float const*, unsigned short const*, int, int, int, int)",210,18,56077.0,184320.0,196608.0,1134592.0,0.0,71968768.0,2048.0,4912534975462560.0,4912534975490400.0
210,1,256,256,1024,0,12,4,32,64,"batch_decode_kernels::rmsnorm(float*, float const*, unsigned short const*, int, int, float)",211,33,33435.0,128.0,148.0,773.0,0.0,49151.0,4.0,4912534975558080.0,4912534975571200.0
211,1,233472,256,0,0,16,0,32,64,"batch_decode_kernels::dual_gemv(float*, unsigned short const*, int, float*, unsigned short const*, int, float const*, int, int)",212,35,73417.0,237120.0,259008.0,1601472.0,0.0,101345088.0,3648.0,4912534975638721.0,4912534975677601.0
212,1,256,256,1024,0,24,0,32,64,"batch_decode_kernels::kv_norm_rope(unsigned short*, float const*, unsigned short const*, int, int, int, int, int, int, float const*, int, float)",213,39,29228.0,36.0,110.0,435.0,0.0,25151.0,4.0,4912534975735681.0,4912534975746241.0
213,1,524288,256,0,0,36,4,32,64,"batch_decode_kernels::q_absorb_rope(float*, float*, float const*, unsigned short const*, int, int, int, int, int, int, int, float const*, int)",214,38,36971.0,41024.0,98432.0,1222240.0,0.0,73010688.0,8192.0,4912534975816321.0,4912534975832321.0
214,1,1024,256,0,0,16,0,32,64,"batch_decode_kernels::attention_score(float*, float const*, float const*, unsigned short const*, int, int, int, int, int, int, int, float)",215,41,29483.0,304.0,224.0,3408.0,0.0,204000.0,16.0,4912534975898882.0,4912534975909602.0
215,1,4096,256,1024,0,20,4,48,64,"void attention_kernels::softmax_rows_kernel<256>(float*, int, int, int, int)",216,51,25193.0,80.0,2672.0,2512.0,0.0,70672.0,64.0,4912534975978562.0,4912534975986882.0
216,1,524288,256,0,0,16,0,32,64,"batch_decode_kernels::latent_context(float*, float const*, unsigned short const*, int, int, int, int, int, int)",217,23,27374.0,24576.0,40960.0,933888.0,0.0,34996224.0,8192.0,4912534976056002.0,4912534976065762.0
217,1,131072,256,0,0,20,4,32,64,"batch_decode_kernels::value_up(float*, float const*, unsigned short const*, int, int, int, int, unsigned long)",218,25,30593.0,34816.0,47104.0,444416.0,0.0,27152384.0,2048.0,4912534976129283.0,4912534976141123.0
218,1,131072,256,0,0,16,0,32,64,"batch_decode_kernels::gemv(float*, float const*, unsigned short const*, int, int, int, int)",219,18,48393.0,135168.0,147456.0,864256.0,0.0,54667264.0,2048.0,4912534976212323.0,4912534976235363.0
219,1,256,256,1024,0,12,4,32,64,"batch_decode_kernels::rmsnorm(float*, float const*, unsigned short const*, int, int, float)",220,33,32499.0,128.0,148.0,773.0,0.0,49151.0,4.0,4912534976300484.0,4912534976312964.0
220,1,4096,256,0,0,16,0,32,64,"batch_decode_kernels::gemv(float*, float const*, unsigned short const*, int, int, int, int)",221,18,47529.0,4160.0,4608.0,26944.0,0.0,1708288.0,64.0,4912534976373284.0,4912534976394724.0
221,1,64,64,0,0,16,0,48,64,"void moe_kernels::router_topk_wave64_kernel<64>(float*, float const*, int*, float*, int, int, int, int, int, float)",222,57,36843.0,26.0,120.0,401.0,0.0,19075.0,1.0,4912534976464324.0,4912534976479524.0
222,1,540672,256,0,0,20,4,48,64,"batch_decode_kernels::routed_shared_gate_up(float*, float*, float const*, char const*, unsigned long const*, unsigned long const*, int const*, unsigned short const*, unsigned short const*, int, int, int, int, int)",223,43,159434.0,844800.0,321024.0,4604160.0,0.0,274973952.0,8448.0,4912534976545125.0,4912534976639205.0
223,1,180224,256,0,0,24,0,32,64,"batch_decode_kernels::gate_up_swiglu(float*, float const*, unsigned short const*, unsigned short const*, int, int, int)",224,37,67363.0,273152.0,199936.0,1762816.0,0.0,106256128.0,2816.0,4912534976707045.0,4912534976742405.0
224,1,131072,256,0,0,24,0,48,64,"batch_decode_kernels::routed_shared_down(float*, float const*, float const*, char const*, unsigned long const*, int const*, float const*, unsigned short const*, int, int, int, int, int)",225,46,114108.0,544768.0,331776.0,2744320.0,0.0,172410880.0,2048.0,4912534976807846.0,4912534976872646.0
225,1,131072,256,0,0,16,0,32,64,"batch_decode_kernels::gemv(float*, float const*, unsigned short const*, int, int, int, int)",226,18,57585.0,184320.0,196608.0,1134592.0,0.0,71968768.0,2048.0,4912534976940006.0,4912534976968646.0
226,1,256,256,1024,0,12,4,32,64,"batch_decode_kernels::rmsnorm(float*, float const*, unsigned short const*, int, int, float)",227,33,34636.0,128.0,148.0,773.0,0.0,49151.0,4.0,4912534977038087.0,4912534977051847.0
227,1,233472,256,0,0,16,0,32,64,"batch_decode_kernels::dual_gemv(float*, unsigned short const*, int, float*, unsigned short const*, int, float const*, int, int)",228,35,73003.0,237120.0,259008.0,1601472.0,0.0,101345088.0,3648.0,4912534977118567.0,4912534977157287.0
228,1,256,256,1024,0,24,0,32,64,"batch_decode_kernels::kv_norm_rope(unsigned short*, float const*, unsigned short const*, int, int, int, int, int, int, float const*, int, float)",229,39,27952.0,36.0,110.0,435.0,0.0,25151.0,4.0,4912534977230728.0,4912534977240968.0
229,1,524288,256,0,0,36,4,32,64,"batch_decode_kernels::q_absorb_rope(float*, float*, float const*, unsigned short const*, int, int, int, int, int, int, int, float const*, int)",230,38,36493.0,41024.0,98432.0,1222240.0,0.0,73010688.0,8192.0,4912534977306728.0,4912534977322248.0
230,1,1024,256,0,0,16,0,32,64,"batch_decode_kernels::attention_score(float*, float const*, float const*, unsigned short const*, int, int, int, int, int, int, int, float)",231,41,28966.0,304.0,224.0,3408.0,0.0,204000.0,16.0,4912534977392808.0,4912534977403368.0
231,1,4096,256,1024,0,20,4,48,64,"void attention_kernels::softmax_rows_kernel<256>(float*, int, int, int, int)",232,51,24785.0,80.0,2672.0,2512.0,0.0,70672.0,64.0,4912534977469929.0,4912534977477769.0
232,1,524288,256,0,0,16,0,32,64,"batch_decode_kernels::latent_context(float*, float const*, unsigned short const*, int, int, int, int, int, int)",233,23,27330.0,24576.0,40960.0,933888.0,0.0,34996224.0,8192.0,4912534977548009.0,4912534977557769.0
233,1,131072,256,0,0,20,4,32,64,"batch_decode_kernels::value_up(float*, float const*, unsigned short const*, int, int, int, int, unsigned long)",234,25,30820.0,34816.0,47104.0,444416.0,0.0,27152384.0,2048.0,4912534977617769.0,4912534977629609.0
234,1,131072,256,0,0,16,0,32,64,"batch_decode_kernels::gemv(float*, float const*, unsigned short const*, int, int, int, int)",235,18,49105.0,135168.0,147456.0,864256.0,0.0,54667264.0,2048.0,4912534977696810.0,4912534977719850.0
235,1,256,256,1024,0,12,4,32,64,"batch_decode_kernels::rmsnorm(float*, float const*, unsigned short const*, int, int, float)",236,33,34055.0,128.0,148.0,773.0,0.0,49151.0,4.0,4912534977783370.0,4912534977796810.0
236,1,4096,256,0,0,16,0,32,64,"batch_decode_kernels::gemv(float*, float const*, unsigned short const*, int, int, int, int)",237,18,44873.0,4160.0,4608.0,26944.0,0.0,1708288.0,64.0,4912534977869291.0,4912534977889291.0
237,1,64,64,0,0,16,0,48,64,"void moe_kernels::router_topk_wave64_kernel<64>(float*, float const*, int*, float*, int, int, int, int, int, float)",238,57,40032.0,26.0,120.0,401.0,0.0,19069.0,1.0,4912534977956971.0,4912534977973611.0
238,1,540672,256,0,0,20,4,48,64,"batch_decode_kernels::routed_shared_gate_up(float*, float*, float const*, char const*, unsigned long const*, unsigned long const*, int const*, unsigned short const*, unsigned short const*, int, int, int, int, int)",239,43,157310.0,844800.0,321024.0,4604160.0,0.0,274973952.0,8448.0,4912534978042731.0,4912534978135372.0
239,1,180224,256,0,0,24,0,32,64,"batch_decode_kernels::gate_up_swiglu(float*, float const*, unsigned short const*, unsigned short const*, int, int, int)",240,37,66879.0,273152.0,199936.0,1762816.0,0.0,106256128.0,2816.0,4912534978204332.0,4912534978239532.0
240,1,131072,256,0,0,24,0,48,64,"batch_decode_kernels::routed_shared_down(float*, float const*, float const*, char const*, unsigned long const*, int const*, float const*, unsigned short const*, int, int, int, int, int)",241,46,113403.0,544768.0,331776.0,2744320.0,0.0,172410880.0,2048.0,4912534978316653.0,4912534978381133.0
241,1,131072,256,0,0,16,0,32,64,"batch_decode_kernels::gemv(float*, float const*, unsigned short const*, int, int, int, int)",242,18,56134.0,184320.0,196608.0,1134592.0,0.0,71968768.0,2048.0,4912534978451373.0,4912534978479373.0
242,1,256,256,1024,0,12,4,32,64,"batch_decode_kernels::rmsnorm(float*, float const*, unsigned short const*, int, int, float)",243,33,32351.0,128.0,148.0,773.0,0.0,49151.0,4.0,4912534978539534.0,4912534978552174.0
243,1,233472,256,0,0,16,0,32,64,"batch_decode_kernels::dual_gemv(float*, unsigned short const*, int, float*, unsigned short const*, int, float const*, int, int)",244,35,74471.0,237120.0,259008.0,1601472.0,0.0,101345088.0,3648.0,4912534978618254.0,4912534978657614.0
244,1,256,256,1024,0,24,0,32,64,"batch_decode_kernels::kv_norm_rope(unsigned short*, float const*, unsigned short const*, int, int, int, int, int, int, float const*, int, float)",245,39,28381.0,36.0,110.0,435.0,0.0,25151.0,4.0,4912534978727054.0,4912534978737454.0
245,1,524288,256,0,0,36,4,32,64,"batch_decode_kernels::q_absorb_rope(float*, float*, float const*, unsigned short const*, int, int, int, int, int, int, int, float const*, int)",246,38,37135.0,41024.0,98432.0,1222240.0,0.0,73010688.0,8192.0,4912534978811535.0,4912534978827375.0
246,1,1024,256,0,0,16,0,32,64,"batch_decode_kernels::attention_score(float*, float const*, float const*, unsigned short const*, int, int, int, int, int, int, int, float)",247,41,28743.0,304.0,224.0,3408.0,0.0,204000.0,16.0,4912534978896815.0,4912534978907375.0
247,1,4096,256,1024,0,20,4,48,64,"void attention_kernels::softmax_rows_kernel<256>(float*, int, int, int, int)",248,51,25218.0,80.0,2672.0,2512.0,0.0,70672.0,64.0,4912534978968655.0,4912534978976655.0
248,1,524288,256,0,0,16,0,32,64,"batch_decode_kernels::latent_context(float*, float const*, unsigned short const*, int, int, int, int, int, int)",249,23,27518.0,24576.0,40960.0,933888.0,0.0,34996224.0,8192.0,4912534979035056.0,4912534979045136.0
249,1,131072,256,0,0,20,4,32,64,"batch_decode_kernels::value_up(float*, float const*, unsigned short const*, int, int, int, int, unsigned long)",250,25,32063.0,34816.0,47104.0,444416.0,0.0,27152384.0,2048.0,4912534979113456.0,4912534979126096.0
250,1,131072,256,0,0,16,0,32,64,"batch_decode_kernels::gemv(float*, float const*, unsigned short const*, int, int, int, int)",251,18,50128.0,135168.0,147456.0,864256.0,0.0,54667264.0,2048.0,4912534979187696.0,4912534979211857.0
251,1,256,256,1024,0,12,4,32,64,"batch_decode_kernels::rmsnorm(float*, float const*, unsigned short const*, int, int, float)",252,33,32860.0,128.0,148.0,773.0,0.0,49151.0,4.0,4912534979280337.0,4912534979293137.0
252,1,4096,256,0,0,16,0,32,64,"batch_decode_kernels::gemv(float*, float const*, unsigned short const*, int, int, int, int)",253,18,46639.0,4160.0,4608.0,26944.0,0.0,1708288.0,64.0,4912534979362577.0,4912534979383537.0
253,1,64,64,0,0,16,0,48,64,"void moe_kernels::router_topk_wave64_kernel<64>(float*, float const*, int*, float*, int, int, int, int, int, float)",254,57,38006.0,26.0,120.0,401.0,0.0,19066.0,1.0,4912534979455858.0,4912534979471538.0
254,1,540672,256,0,0,20,4,48,64,"batch_decode_kernels::routed_shared_gate_up(float*, float*, float const*, char const*, unsigned long const*, unsigned long const*, int const*, unsigned short const*, unsigned short const*, int, int, int, int, int)",255,43,156283.0,844800.0,321024.0,4604160.0,0.0,274973952.0,8448.0,4912534979542098.0,4912534979634418.0
255,1,180224,256,0,0,24,0,32,64,"batch_decode_kernels::gate_up_swiglu(float*, float const*, unsigned short const*, unsigned short const*, int, int, int)",256,37,68156.0,273152.0,199936.0,1762816.0,0.0,106256128.0,2816.0,4912534979694099.0,4912534979730099.0
256,1,131072,256,0,0,24,0,48,64,"batch_decode_kernels::routed_shared_down(float*, float const*, float const*, char const*, unsigned long const*, int const*, float const*, unsigned short const*, int, int, int, int, int)",257,46,115817.0,544768.0,331776.0,2744320.0,0.0,172410880.0,2048.0,4912534979794259.0,4912534979860179.0
257,1,131072,256,0,0,16,0,32,64,"batch_decode_kernels::gemv(float*, float const*, unsigned short const*, int, int, int, int)",258,18,57133.0,184320.0,196608.0,1134592.0,0.0,71968768.0,2048.0,4912534979924980.0,4912534979953620.0
258,1,256,256,1024,0,12,4,32,64,"batch_decode_kernels::rmsnorm(float*, float const*, unsigned short const*, int, int, float)",259,33,34007.0,128.0,148.0,773.0,0.0,49151.0,4.0,4912534980024820.0,4912534980038420.0
259,1,233472,256,0,0,16,0,32,64,"batch_decode_kernels::dual_gemv(float*, unsigned short const*, int, float*, unsigned short const*, int, float const*, int, int)",260,35,74393.0,237120.0,259008.0,1601472.0,0.0,101345088.0,3648.0,4912534980101621.0,4912534980140981.0
260,1,256,256,1024,0,24,0,32,64,"batch_decode_kernels::kv_norm_rope(unsigned short*, float const*, unsigned short const*, int, int, int, int, int, int, float const*, int, float)",261,39,28048.0,36.0,110.0,435.0,0.0,25151.0,4.0,4912534980211221.0,4912534980221141.0
261,1,524288,256,0,0,36,4,32,64,"batch_decode_kernels::q_absorb_rope(float*, float*, float const*, unsigned short const*, int, int, int, int, int, int, int, float const*, int)",262,38,37359.0,41024.0,98432.0,1222240.0,0.0,73010688.0,8192.0,4912534980285941.0,4912534980302101.0
262,1,1024,256,0,0,16,0,32,64,"batch_decode_kernels::attention_score(float*, float const*, float const*, unsigned short const*, int, int, int, int, int, int, int, float)",263,41,29025.0,304.0,224.0,3408.0,0.0,204000.0,16.0,4912534980372182.0,4912534980382742.0
263,1,4096,256,1024,0,20,4,48,64,"void attention_kernels::softmax_rows_kernel<256>(float*, int, int, int, int)",264,51,24245.0,80.0,2672.0,2512.0,0.0,70672.0,64.0,4912534980452822.0,4912534980460502.0
264,1,524288,256,0,0,16,0,32,64,"batch_decode_kernels::latent_context(float*, float const*, unsigned short const*, int, int, int, int, int, int)",265,23,28065.0,24576.0,40960.0,933888.0,0.0,34996224.0,8192.0,4912534980529942.0,4912534980540342.0
265,1,131072,256,0,0,20,4,32,64,"batch_decode_kernels::value_up(float*, float const*, unsigned short const*, int, int, int, int, unsigned long)",266,25,31417.0,34816.0,47104.0,444416.0,0.0,27152384.0,2048.0,4912534980610903.0,4912534980622903.0
266,1,131072,256,0,0,16,0,32,64,"batch_decode_kernels::gemv(float*, float const*, unsigned short const*, int, int, int, int)",267,18,49416.0,135168.0,147456.0,864256.0,0.0,54667264.0,2048.0,4912534980697463.0,4912534980721143.0
267,1,256,256,1024,0,12,4,32,64,"batch_decode_kernels::rmsnorm(float*, float const*, unsigned short const*, int, int, float)",268,33,33109.0,128.0,148.0,773.0,0.0,49151.0,4.0,4912534980793624.0,4912534980806744.0
268,1,4096,256,0,0,16,0,32,64,"batch_decode_kernels::gemv(float*, float const*, unsigned short const*, int, int, int, int)",269,18,46665.0,4160.0,4608.0,26944.0,0.0,1708288.0,64.0,4912534980881784.0,4912534980902744.0
269,1,64,64,0,0,16,0,48,64,"void moe_kernels::router_topk_wave64_kernel<64>(float*, float const*, int*, float*, int, int, int, int, int, float)",270,57,38990.0,26.0,120.0,401.0,0.0,19074.0,1.0,4912534980972344.0,4912534980988824.0
270,1,540672,256,0,0,20,4,48,64,"batch_decode_kernels::routed_shared_gate_up(float*, float*, float const*, char const*, unsigned long const*, unsigned long const*, int const*, unsigned short const*, unsigned short const*, int, int, int, int, int)",271,43,155770.0,844800.0,321024.0,4604160.0,0.0,274973952.0,8448.0,4912534981063385.0,4912534981155225.0
271,1,180224,256,0,0,24,0,32,64,"batch_decode_kernels::gate_up_swiglu(float*, float const*, unsigned short const*, unsigned short const*, int, int, int)",272,37,67813.0,273152.0,199936.0,1762816.0,0.0,106256128.0,2816.0,4912534981230746.0,4912534981266586.0
272,1,131072,256,0,0,24,0,48,64,"batch_decode_kernels::routed_shared_down(float*, float const*, float const*, char const*, unsigned long const*, int const*, float const*, unsigned short const*, int, int, int, int, int)",273,46,115240.0,544768.0,331776.0,2744320.0,0.0,172410880.0,2048.0,4912534981340986.0,4912534981406586.0
273,1,131072,256,0,0,16,0,32,64,"batch_decode_kernels::gemv(float*, float const*, unsigned short const*, int, int, int, int)",274,18,57081.0,184320.0,196608.0,1134592.0,0.0,71968768.0,2048.0,4912534981474587.0,4912534981503067.0
274,1,256,256,1024,0,12,4,32,64,"batch_decode_kernels::rmsnorm(float*, float const*, unsigned short const*, int, int, float)",275,33,32971.0,128.0,148.0,773.0,0.0,49151.0,4.0,4912534981573307.0,4912534981586427.0
275,1,233472,256,0,0,16,0,32,64,"batch_decode_kernels::dual_gemv(float*, unsigned short const*, int, float*, unsigned short const*, int, float const*, int, int)",276,35,74175.0,237120.0,259008.0,1601472.0,0.0,101345088.0,3648.0,4912534981652027.0,4912534981690908.0
276,1,256,256,1024,0,24,0,32,64,"batch_decode_kernels::kv_norm_rope(unsigned short*, float const*, unsigned short const*, int, int, int, int, int, int, float const*, int, float)",277,39,28673.0,36.0,110.0,435.0,0.0,25151.0,4.0,4912534981761148.0,4912534981771388.0
277,1,524288,256,0,0,36,4,32,64,"batch_decode_kernels::q_absorb_rope(float*, float*, float const*, unsigned short const*, int, int, int, int, int, int, int, float const*, int)",278,38,36947.0,41024.0,98432.0,1222240.0,0.0,73010688.0,8192.0,4912534981840028.0,4912534981856028.0
278,1,1024,256,0,0,16,0,32,64,"batch_decode_kernels::attention_score(float*, float const*, float const*, unsigned short const*, int, int, int, int, int, int, int, float)",279,41,28970.0,304.0,224.0,3408.0,0.0,204000.0,16.0,4912534981933949.0,4912534981944509.0
279,1,4096,256,1024,0,20,4,48,64,"void attention_kernels::softmax_rows_kernel<256>(float*, int, int, int, int)",280,51,24235.0,80.0,2672.0,2512.0,0.0,70672.0,64.0,4912534982019709.0,4912534982027229.0
280,1,524288,256,0,0,16,0,32,64,"batch_decode_kernels::latent_context(float*, float const*, unsigned short const*, int, int, int, int, int, int)",281,23,27754.0,24576.0,40960.0,933888.0,0.0,34996224.0,8192.0,4912534982100829.0,4912534982110910.0
281,1,131072,256,0,0,20,4,32,64,"batch_decode_kernels::value_up(float*, float const*, unsigned short const*, int, int, int, int, unsigned long)",282,25,30616.0,34816.0,47104.0,444416.0,0.0,27152384.0,2048.0,4912534982173950.0,4912534982185790.0
282,1,131072,256,0,0,16,0,32,64,"batch_decode_kernels::gemv(float*, float const*, unsigned short const*, int, int, int, int)",283,18,48273.0,135168.0,147456.0,864256.0,0.0,54667264.0,2048.0,4912534982253470.0,4912534982276350.0
283,1,256,256,1024,0,12,4,32,64,"batch_decode_kernels::rmsnorm(float*, float const*, unsigned short const*, int, int, float)",284,33,34392.0,128.0,148.0,773.0,0.0,49151.0,4.0,4912534982343071.0,4912534982356671.0
284,1,4096,256,0,0,16,0,32,64,"batch_decode_kernels::gemv(float*, float const*, unsigned short const*, int, int, int, int)",285,18,46775.0,4160.0,4608.0,26944.0,0.0,1708288.0,64.0,4912534982434431.0,4912534982455551.0
285,1,64,64,0,0,16,0,48,64,"void moe_kernels::router_topk_wave64_kernel<64>(float*, float const*, int*, float*, int, int, int, int, int, float)",286,57,39451.0,26.0,120.0,401.0,0.0,19064.0,1.0,4912534982523391.0,4912534982540031.0
286,1,540672,256,0,0,20,4,48,64,"batch_decode_kernels::routed_shared_gate_up(float*, float*, float const*, char const*, unsigned long const*, unsigned long const*, int const*, unsigned short const*, unsigned short const*, int, int, int, int, int)",287,43,154361.0,844800.0,321024.0,4604160.0,0.0,274973952.0,8448.0,4912534982615712.0,4912534982706752.0
287,1,180224,256,0,0,24,0,32,64,"batch_decode_kernels::gate_up_swiglu(float*, float const*, unsigned short const*, unsigned short const*, int, int, int)",288,37,67189.0,273152.0,199936.0,1762816.0,0.0,106256128.0,2816.0,4912534982774112.0,4912534982809473.0
288,1,131072,256,0,0,24,0,48,64,"batch_decode_kernels::routed_shared_down(float*, float const*, float const*, char const*, unsigned long const*, int const*, float const*, unsigned short const*, int, int, int, int, int)",289,46,113347.0,544768.0,331776.0,2744320.0,0.0,172410880.0,2048.0,4912534982878753.0,4912534982943233.0
289,1,131072,256,0,0,16,0,32,64,"batch_decode_kernels::gemv(float*, float const*, unsigned short const*, int, int, int, int)",290,18,57191.0,184320.0,196608.0,1134592.0,0.0,71968768.0,2048.0,4912534983007394.0,4912534983036194.0
290,1,256,256,1024,0,12,4,32,64,"batch_decode_kernels::rmsnorm(float*, float const*, unsigned short const*, int, int, float)",291,33,34311.0,128.0,148.0,773.0,0.0,49151.0,4.0,4912534983109794.0,4912534983123074.0
291,1,233472,256,0,0,16,0,32,64,"batch_decode_kernels::dual_gemv(float*, unsigned short const*, int, float*, unsigned short const*, int, float const*, int, int)",292,35,73315.0,237120.0,259008.0,1601472.0,0.0,101345088.0,3648.0,4912534983200834.0,4912534983239555.0
292,1,256,256,1024,0,24,0,32,64,"batch_decode_kernels::kv_norm_rope(unsigned short*, float const*, unsigned short const*, int, int, int, int, int, int, float const*, int, float)",293,39,31325.0,36.0,110.0,435.0,0.0,25151.0,4.0,4912534983304995.0,4912534983316675.0
293,1,524288,256,0,0,36,4,32,64,"batch_decode_kernels::q_absorb_rope(float*, float*, float const*, unsigned short const*, int, int, int, int, int, int, int, float const*, int)",294,38,35497.0,41024.0,98432.0,1222240.0,0.0,73010688.0,8192.0,4912534983389955.0,4912534983404995.0
294,1,1024,256,0,0,16,0,32,64,"batch_decode_kernels::attention_score(float*, float const*, float const*, unsigned short const*, int, int, int, int, int, int, int, float)",295,41,29639.0,304.0,224.0,3408.0,0.0,204000.0,16.0,4912534983481796.0,4912534983492676.0
295,1,4096,256,1024,0,20,4,48,64,"void attention_kernels::softmax_rows_kernel<256>(float*, int, int, int, int)",296,51,24631.0,80.0,2672.0,2512.0,0.0,70672.0,64.0,4912534983555396.0,4912534983563236.0
296,1,524288,256,0,0,16,0,32,64,"batch_decode_kernels::latent_context(float*, float const*, unsigned short const*, int, int, int, int, int, int)",297,23,27739.0,24576.0,40960.0,933888.0,0.0,34996224.0,8192.0,4912534983624996.0,4912534983635076.0
297,1,131072,256,0,0,20,4,32,64,"batch_decode_kernels::value_up(float*, float const*, unsigned short const*, int, int, int, int, unsigned long)",298,25,30953.0,34816.0,47104.0,444416.0,0.0,27152384.0,2048.0,4912534983695077.0,4912534983707077.0
298,1,131072,256,0,0,16,0,32,64,"batch_decode_kernels::gemv(float*, float const*, unsigned short const*, int, int, int, int)",299,18,48819.0,135168.0,147456.0,864256.0,0.0,54667264.0,2048.0,4912534983777797.0,4912534983800837.0
299,1,256,256,1024,0,12,4,32,64,"batch_decode_kernels::rmsnorm(float*, float const*, unsigned short const*, int, int, float)",300,33,33357.0,128.0,148.0,773.0,0.0,49151.0,4.0,4912534983871237.0,4912534983884517.0
300,1,4096,256,0,0,16,0,32,64,"batch_decode_kernels::gemv(float*, float const*, unsigned short const*, int, int, int, int)",301,18,45677.0,4160.0,4608.0,26944.0,0.0,1708288.0,64.0,4912534983955718.0,4912534983976198.0
301,1,64,64,0,0,16,0,48,64,"void moe_kernels::router_topk_wave64_kernel<64>(float*, float const*, int*, float*, int, int, int, int, int, float)",302,57,38829.0,26.0,120.0,401.0,0.0,19066.0,1.0,4912534984051398.0,4912534984067558.0
302,1,540672,256,0,0,20,4,48,64,"batch_decode_kernels::routed_shared_gate_up(float*, float*, float const*, char const*, unsigned long const*, unsigned long const*, int const*, unsigned short const*, unsigned short const*, int, int, int, int, int)",303,43,152876.0,844800.0,321024.0,4604160.0,0.0,274973952.0,8448.0,4912534984136359.0,4912534984226599.0
303,1,180224,256,0,0,24,0,32,64,"batch_decode_kernels::gate_up_swiglu(float*, float const*, unsigned short const*, unsigned short const*, int, int, int)",304,37,67203.0,273152.0,199936.0,1762816.0,0.0,106256128.0,2816.0,4912534984306119.0,4912534984341480.0
304,1,131072,256,0,0,24,0,48,64,"batch_decode_kernels::routed_shared_down(float*, float const*, float const*, char const*, unsigned long const*, int const*, float const*, unsigned short const*, int, int, int, int, int)",305,46,113406.0,544768.0,331776.0,2744320.0,0.0,172410880.0,2048.0,4912534984414280.0,4912534984478600.0
305,1,131072,256,0,0,16,0,32,64,"batch_decode_kernels::gemv(float*, float const*, unsigned short const*, int, int, int, int)",306,18,55885.0,184320.0,196608.0,1134592.0,0.0,71968768.0,2048.0,4912534984545800.0,4912534984573641.0
306,1,256,256,1024,0,12,4,32,64,"batch_decode_kernels::rmsnorm(float*, float const*, unsigned short const*, int, int, float)",307,33,33351.0,128.0,148.0,773.0,0.0,49151.0,4.0,4912534984642601.0,4912534984655561.0
307,1,233472,256,0,0,16,0,32,64,"batch_decode_kernels::dual_gemv(float*, unsigned short const*, int, float*, unsigned short const*, int, float const*, int, int)",308,35,73051.0,237120.0,259008.0,1601472.0,0.0,101345088.0,3648.0,4912534984721961.0,4912534984760361.0
308,1,256,256,1024,0,24,0,32,64,"batch_decode_kernels::kv_norm_rope(unsigned short*, float const*, unsigned short const*, int, int, int, int, int, int, float const*, int, float)",309,39,29451.0,36.0,110.0,435.0,0.0,25151.0,4.0,4912534984834122.0,4912534984845002.0
309,1,524288,256,0,0,36,4,32,64,"batch_decode_kernels::q_absorb_rope(float*, float*, float const*, unsigned short const*, int, int, int, int, int, int, int, float const*, int)",310,38,36059.0,41024.0,98432.0,1222240.0,0.0,73010688.0,8192.0,4912534984919402.0,4912534984934762.0
310,1,1024,256,0,0,16,0,32,64,"batch_decode_kernels::attention_score(float*, float const*, float const*, unsigned short const*, int, int, int, int, int, int, int, float)",311,41,28047.0,304.0,224.0,3408.0,0.0,204000.0,16.0,4912534985005642.0,4912534985015723.0
311,1,4096,256,1024,0,20,4,48,64,"void attention_kernels::softmax_rows_kernel<256>(float*, int, int, int, int)",312,51,25417.0,80.0,2672.0,2512.0,0.0,70672.0,64.0,4912534985092683.0,4912534985101003.0
312,1,524288,256,0,0,16,0,32,64,"batch_decode_kernels::latent_context(float*, float const*, unsigned short const*, int, int, int, int, int, int)",313,23,28456.0,24576.0,40960.0,933888.0,0.0,34996224.0,8192.0,4912534985170763.0,4912534985180843.0
313,1,131072,256,0,0,20,4,32,64,"batch_decode_kernels::value_up(float*, float const*, unsigned short const*, int, int, int, int, unsigned long)",314,25,32304.0,34816.0,47104.0,444416.0,0.0,27152384.0,2048.0,4912534985248044.0,4912534985261004.0
314,1,131072,256,0,0,16,0,32,64,"batch_decode_kernels::gemv(float*, float const*, unsigned short const*, int, int, int, int)",315,18,49231.0,135168.0,147456.0,864256.0,0.0,54667264.0,2048.0,4912534985322444.0,4912534985345644.0
315,1,256,256,1024,0,12,4,32,64,"batch_decode_kernels::rmsnorm(float*, float const*, unsigned short const*, int, int, float)",316,33,33808.0,128.0,148.0,773.0,0.0,49151.0,4.0,4912534985421004.0,4912534985434444.0
316,1,4096,256,0,0,16,0,32,64,"batch_decode_kernels::gemv(float*, float const*, unsigned short const*, int, int, int, int)",317,18,47388.0,4160.0,4608.0,26944.0,0.0,1708288.0,64.0,4912534985509165.0,4912534985530765.0
317,1,64,64,0,0,16,0,48,64,"void moe_kernels::router_topk_wave64_kernel<64>(float*, float const*, int*, float*, int, int, int, int, int, float)",318,57,38274.0,26.0,120.0,401.0,0.0,19061.0,1.0,4912534985599405.0,4912534985615405.0
318,1,540672,256,0,0,20,4,48,64,"batch_decode_kernels::routed_shared_gate_up(float*, float*, float const*, char const*, unsigned long const*, unsigned long const*, int const*, unsigned short const*, unsigned short const*, int, int, int, int, int)",319,43,151924.0,844800.0,321024.0,4604160.0,0.0,274973952.0,8448.0,4912534985685806.0,4912534985775406.0
319,1,180224,256,0,0,24,0,32,64,"batch_decode_kernels::gate_up_swiglu(float*, float const*, unsigned short const*, unsigned short const*, int, int, int)",320,37,67049.0,273152.0,199936.0,1762816.0,0.0,106256128.0,2816.0,4912534985845166.0,4912534985880366.0
320,1,131072,256,0,0,24,0,48,64,"batch_decode_kernels::routed_shared_down(float*, float const*, float const*, char const*, unsigned long const*, int const*, float const*, unsigned short const*, int, int, int, int, int)",321,46,114163.0,544768.0,331776.0,2744320.0,0.0,172410880.0,2048.0,4912534985957167.0,4912534986022127.0
321,1,131072,256,0,0,16,0,32,64,"batch_decode_kernels::gemv(float*, float const*, unsigned short const*, int, int, int, int)",322,18,56993.0,184320.0,196608.0,1134592.0,0.0,71968768.0,2048.0,4912534986094767.0,4912534986122927.0
322,1,256,256,1024,0,12,4,32,64,"batch_decode_kernels::rmsnorm(float*, float const*, unsigned short const*, int, int, float)",323,33,33345.0,128.0,148.0,773.0,0.0,49151.0,4.0,4912534986197008.0,4912534986210128.0
323,1,233472,256,0,0,16,0,32,64,"batch_decode_kernels::dual_gemv(float*, unsigned short const*, int, float*, unsigned short const*, int, float const*, int, int)",324,35,72421.0,237120.0,259008.0,1601472.0,0.0,101345088.0,3648.0,4912534986273008.0,4912534986311248.0
324,1,256,256,1024,0,24,0,32,64,"batch_decode_kernels::kv_norm_rope(unsigned short*, float const*, unsigned short const*, int, int, int, int, int, int, float const*, int, float)",325,39,29676.0,36.0,110.0,435.0,0.0,25151.0,4.0,4912534986387889.0,4912534986398769.0
325,1,524288,256,0,0,36,4,32,64,"batch_decode_kernels::q_absorb_rope(float*, float*, float const*, unsigned short const*, int, int, int, int, int, int, int, float const*, int)",326,38,35979.0,41024.0,98432.0,1222240.0,0.0,73010688.0,8192.0,4912534986477969.0,4912534986493329.0
326,1,1024,256,0,0,16,0,32,64,"batch_decode_kernels::attention_score(float*, float const*, float const*, unsigned short const*, int, int, int, int, int, int, int, float)",327,41,27720.0,304.0,224.0,3408.0,0.0,204000.0,16.0,4912534986557009.0,4912534986566929.0
327,1,4096,256,1024,0,20,4,48,64,"void attention_kernels::softmax_rows_kernel<256>(float*, int, int, int, int)",328,51,24581.0,80.0,2672.0,2512.0,0.0,70672.0,64.0,4912534986635890.0,4912534986643730.0
328,1,524288,256,0,0,16,0,32,64,"batch_decode_kernels::latent_context(float*, float const*, unsigned short const*, int, int, int, int, int, int)",329,23,27855.0,24576.0,40960.0,933888.0,0.0,34996224.0,8192.0,4912534986727090.0,4912534986737330.0
329,1,131072,256,0,0,20,4,32,64,"batch_decode_kernels::value_up(float*, float const*, unsigned short const*, int, int, int, int, unsigned long)",330,25,30654.0,34816.0,47104.0,444416.0,0.0,27152384.0,2048.0,4912534986805011.0,4912534986816851.0
330,1,131072,256,0,0,16,0,32,64,"batch_decode_kernels::gemv(float*, float const*, unsigned short const*, int, int, int, int)",331,18,49001.0,135168.0,147456.0,864256.0,0.0,54667264.0,2048.0,4912534986894451.0,4912534986917811.0
331,1,256,256,1024,0,12,4,32,64,"batch_decode_kernels::rmsnorm(float*, float const*, unsigned short const*, int, int, float)",332,33,32905.0,128.0,148.0,773.0,0.0,49151.0,4.0,4912534986995411.0,4912534987008211.0
332,1,4096,256,0,0,16,0,32,64,"batch_decode_kernels::gemv(float*, float const*, unsigned short const*, int, int, int, int)",333,18,48877.0,4160.0,4608.0,26944.0,0.0,1708288.0,64.0,4912534987079092.0,4912534987101332.0
333,1,64,64,0,0,16,0,48,64,"void moe_kernels::router_topk_wave64_kernel<64>(float*, float const*, int*, float*, int, int, int, int, int, float)",334,57,40427.0,26.0,120.0,401.0,0.0,19072.0,1.0,4912534987172372.0,4912534987189492.0
334,1,540672,256,0,0,20,4,48,64,"batch_decode_kernels::routed_shared_gate_up(float*, float*, float const*, char const*, unsigned long const*, unsigned long const*, int const*, unsigned short const*, unsigned short const*, int, int, int, int, int)",335,43,155319.0,844800.0,321024.0,4604160.0,0.0,274973952.0,8448.0,4912534987277013.0,4912534987368693.0
335,1,180224,256,0,0,24,0,32,64,"batch_decode_kernels::gate_up_swiglu(float*, float const*, unsigned short const*, unsigned short const*, int, int, int)",336,37,67242.0,273152.0,199936.0,1762816.0,0.0,106256128.0,2816.0,4912534988238777.0,4912534988274137.0
336,1,131072,256,0,0,24,0,48,64,"batch_decode_kernels::routed_shared_down(float*, float const*, float const*, char const*, unsigned long const*, int const*, float const*, unsigned short const*, int, int, int, int, int)",337,46,116118.0,544768.0,331776.0,2744320.0,0.0,172410880.0,2048.0,4912534988341977.0,4912534988407898.0
337,1,131072,256,0,0,16,0,32,64,"batch_decode_kernels::gemv(float*, float const*, unsigned short const*, int, int, int, int)",338,18,56441.0,184320.0,196608.0,1134592.0,0.0,71968768.0,2048.0,4912534988484538.0,4912534988512858.0
338,1,256,256,1024,0,12,4,32,64,"batch_decode_kernels::rmsnorm(float*, float const*, unsigned short const*, int, int, float)",339,33,32671.0,128.0,148.0,773.0,0.0,49151.0,4.0,4912534988572058.0,4912534988584859.0
339,1,233472,256,0,0,16,0,32,64,"batch_decode_kernels::dual_gemv(float*, unsigned short const*, int, float*, unsigned short const*, int, float const*, int, int)",340,35,72397.0,237120.0,259008.0,1601472.0,0.0,101345088.0,3648.0,4912534988658299.0,4912534988696539.0
340,1,256,256,1024,0,24,0,32,64,"batch_decode_kernels::kv_norm_rope(unsigned short*, float const*, unsigned short const*, int, int, int, int, int, int, float const*, int, float)",341,39,30627.0,36.0,110.0,435.0,0.0,25151.0,4.0,4912534988774619.0,4912534988786139.0
341,1,524288,256,0,0,36,4,32,64,"batch_decode_kernels::q_absorb_rope(float*, float*, float const*, unsigned short const*, int, int, int, int, int, int, int, float const*, int)",342,38,35628.0,41024.0,98432.0,1222240.0,0.0,73010688.0,8192.0,4912534988856060.0,4912534988871260.0
342,1,1024,256,0,0,16,0,32,64,"batch_decode_kernels::attention_score(float*, float const*, float const*, unsigned short const*, int, int, int, int, int, int, int, float)",343,41,30021.0,304.0,224.0,3408.0,0.0,204000.0,16.0,4912534988942140.0,4912534988953340.0
343,1,4096,256,1024,0,20,4,48,64,"void attention_kernels::softmax_rows_kernel<256>(float*, int, int, int, int)",344,51,24292.0,80.0,2672.0,2512.0,0.0,70672.0,64.0,4912534989019260.0,4912534989026940.0
344,1,524288,256,0,0,16,0,32,64,"batch_decode_kernels::latent_context(float*, float const*, unsigned short const*, int, int, int, int, int, int)",345,23,27809.0,24576.0,40960.0,933888.0,0.0,34996224.0,8192.0,4912534989105821.0,4912534989116061.0
345,1,131072,256,0,0,20,4,32,64,"batch_decode_kernels::value_up(float*, float const*, unsigned short const*, int, int, int, int, unsigned long)",346,25,31377.0,34816.0,47104.0,444416.0,0.0,27152384.0,2048.0,4912534989178941.0,4912534989191421.0
346,1,131072,256,0,0,16,0,32,64,"batch_decode_kernels::gemv(float*, float const*, unsigned short const*, int, int, int, int)",347,18,47928.0,135168.0,147456.0,864256.0,0.0,54667264.0,2048.0,4912534989264542.0,4912534989287422.0
347,1,256,256,1024,0,12,4,32,64,"batch_decode_kernels::rmsnorm(float*, float const*, unsigned short const*, int, int, float)",348,33,33703.0,128.0,148.0,773.0,0.0,49151.0,4.0,4912534989364862.0,4912534989377982.0
348,1,4096,256,0,0,16,0,32,64,"batch_decode_kernels::gemv(float*, float const*, unsigned short const*, int, int, int, int)",349,18,45467.0,4160.0,4608.0,26944.0,0.0,1708288.0,64.0,4912534989441022.0,4912534989461662.0
349,1,64,64,0,0,16,0,48,64,"void moe_kernels::router_topk_wave64_kernel<64>(float*, float const*, int*, float*, int, int, int, int, int, float)",350,57,38907.0,26.0,120.0,401.0,0.0,19068.0,1.0,4912534989533503.0,4912534989549823.0
350,1,540672,256,0,0,20,4,48,64,"batch_decode_kernels::routed_shared_gate_up(float*, float*, float const*, char const*, unsigned long const*, unsigned long const*, int const*, unsigned short const*, unsigned short const*, int, int, int, int, int)",351,43,157959.0,844800.0,321024.0,4604160.0,0.0,274973952.0,8448.0,4912534989620383.0,4912534989713664.0
351,1,180224,256,0,0,24,0,32,64,"batch_decode_kernels::gate_up_swiglu(float*, float const*, unsigned short const*, unsigned short const*, int, int, int)",352,37,67607.0,273152.0,199936.0,1762816.0,0.0,106256128.0,2816.0,4912534989793504.0,4912534989829184.0
352,1,131072,256,0,0,24,0,48,64,"batch_decode_kernels::routed_shared_down(float*, float const*, float const*, char const*, unsigned long const*, int const*, float const*, unsigned short const*, int, int, int, int, int)",353,46,112987.0,544768.0,331776.0,2744320.0,0.0,172410880.0,2048.0,4912534989898784.0,4912534989962945.0
353,1,131072,256,0,0,16,0,32,64,"batch_decode_kernels::gemv(float*, float const*, unsigned short const*, int, int, int, int)",354,18,56380.0,184320.0,196608.0,1134592.0,0.0,71968768.0,2048.0,4912534990040545.0,4912534990068705.0
354,1,256,256,1024,0,12,4,32,64,"batch_decode_kernels::rmsnorm(float*, float const*, unsigned short const*, int, int, float)",355,33,33460.0,128.0,148.0,773.0,0.0,49151.0,4.0,4912534990143585.0,4912534990156706.0
355,1,233472,256,0,0,16,0,32,64,"batch_decode_kernels::dual_gemv(float*, unsigned short const*, int, float*, unsigned short const*, int, float const*, int, int)",356,35,74308.0,237120.0,259008.0,1601472.0,0.0,101345088.0,3648.0,4912534990229506.0,4912534990268546.0
356,1,256,256,1024,0,24,0,32,64,"batch_decode_kernels::kv_norm_rope(unsigned short*, float const*, unsigned short const*, int, int, int, int, int, int, float const*, int, float)",357,39,29041.0,36.0,110.0,435.0,0.0,25151.0,4.0,4912534990351426.0,4912534990362146.0
357,1,524288,256,0,0,36,4,32,64,"batch_decode_kernels::q_absorb_rope(float*, float*, float const*, unsigned short const*, int, int, int, int, int, int, int, float const*, int)",358,38,37298.0,41024.0,98432.0,1222240.0,0.0,73010688.0,8192.0,4912534990446947.0,4912534990463267.0
358,1,1024,256,0,0,16,0,32,64,"batch_decode_kernels::attention_score(float*, float const*, float const*, unsigned short const*, int, int, int, int, int, int, int, float)",359,41,28601.0,304.0,224.0,3408.0,0.0,204000.0,16.0,4912534990524867.0,4912534990535107.0
359,1,4096,256,1024,0,20,4,48,64,"void attention_kernels::softmax_rows_kernel<256>(float*, int, int, int, int)",360,51,24291.0,80.0,2672.0,2512.0,0.0,70672.0,64.0,4912534990616068.0,4912534990623748.0
360,1,524288,256,0,0,16,0,32,64,"batch_decode_kernels::latent_context(float*, float const*, unsigned short const*, int, int, int, int, int, int)",361,23,27903.0,24576.0,40960.0,933888.0,0.0,34996224.0,8192.0,4912534990705668.0,4912534990715908.0
361,1,131072,256,0,0,20,4,32,64,"batch_decode_kernels::value_up(float*, float const*, unsigned short const*, int, int, int, int, unsigned long)",362,25,31120.0,34816.0,47104.0,444416.0,0.0,27152384.0,2048.0,4912534990793508.0,4912534990805668.0
362,1,131072,256,0,0,16,0,32,64,"batch_decode_kernels::gemv(float*, float const*, unsigned short const*, int, int, int, int)",363,18,47635.0,135168.0,147456.0,864256.0,0.0,54667264.0,2048.0,4912534990878629.0,4912534990901189.0
363,1,256,256,1024,0,12,4,32,64,"batch_decode_kernels::rmsnorm(float*, float const*, unsigned short const*, int, int, float)",364,33,33449.0,128.0,148.0,773.0,0.0,49151.0,4.0,4912534990971589.0,4912534990984869.0
364,1,4096,256,0,0,16,0,32,64,"batch_decode_kernels::gemv(float*, float const*, unsigned short const*, int, int, int, int)",365,18,45745.0,4160.0,4608.0,26944.0,0.0,1708288.0,64.0,4912534991065190.0,4912534991085830.0
365,1,64,64,0,0,16,0,48,64,"void moe_kernels::router_topk_wave64_kernel<64>(float*, float const*, int*, float*, int, int, int, int, int, float)",366,57,38397.0,26.0,120.0,401.0,0.0,19072.0,1.0,4912534991169990.0,4912534991186150.0
366,1,540672,256,0,0,20,4,48,64,"batch_decode_kernels::routed_shared_gate_up(float*, float*, float const*, char const*, unsigned long const*, unsigned long const*, int const*, unsigned short const*, unsigned short const*, int, int, int, int, int)",367,43,157545.0,844800.0,321024.0,4604160.0,0.0,274973952.0,8448.0,4912534991247910.0,4912534991340871.0
367,1,180224,256,0,0,24,0,32,64,"batch_decode_kernels::gate_up_swiglu(float*, float const*, unsigned short const*, unsigned short const*, int, int, int)",368,37,68343.0,273152.0,199936.0,1762816.0,0.0,106256128.0,2816.0,4912534991417351.0,4912534991453671.0
368,1,131072,256,0,0,24,0,48,64,"batch_decode_kernels::routed_shared_down(float*, float const*, float const*, char const*, unsigned long const*, int const*, float const*, unsigned short const*, int, int, int, int, int)",369,46,113061.0,544768.0,331776.0,2744320.0,0.0,172410880.0,2048.0,4912534991524552.0,4912534991588712.0
369,1,131072,256,0,0,16,0,32,64,"batch_decode_kernels::gemv(float*, float const*, unsigned short const*, int, int, int, int)",370,18,56797.0,184320.0,196608.0,1134592.0,0.0,71968768.0,2048.0,4912534991668872.0,4912534991697032.0
370,1,256,256,1024,0,12,4,32,64,"batch_decode_kernels::rmsnorm(float*, float const*, unsigned short const*, int, int, float)",371,33,32863.0,128.0,148.0,773.0,0.0,49151.0,4.0,4912534991775433.0,4912534991788553.0
371,1,233472,256,0,0,16,0,32,64,"batch_decode_kernels::dual_gemv(float*, unsigned short const*, int, float*, unsigned short const*, int, float const*, int, int)",372,35,73519.0,237120.0,259008.0,1601472.0,0.0,101345088.0,3648.0,4912534991863913.0,4912534991902313.0
372,1,256,256,1024,0,24,0,32,64,"batch_decode_kernels::kv_norm_rope(unsigned short*, float const*, unsigned short const*, int, int, int, int, int, int, float const*, int, float)",373,39,29933.0,36.0,110.0,435.0,0.0,25151.0,4.0,4912534991987754.0,4912534991998954.0
373,1,524288,256,0,0,36,4,32,64,"batch_decode_kernels::q_absorb_rope(float*, float*, float const*, unsigned short const*, int, int, int, int, int, int, int, float const*, int)",374,38,36495.0,41024.0,98432.0,1222240.0,0.0,73010688.0,8192.0,4912534992071594.0,4912534992087274.0
374,1,1024,256,0,0,16,0,32,64,"batch_decode_kernels::attention_score(float*, float const*, float const*, unsigned short const*, int, int, int, int, int, int, int, float)",375,41,28941.0,304.0,224.0,3408.0,0.0,204000.0,16.0,4912534992165355.0,4912534992175915.0
375,1,4096,256,1024,0,20,4,48,64,"void attention_kernels::softmax_rows_kernel<256>(float*, int, int, int, int)",376,51,24738.0,80.0,2672.0,2512.0,0.0,70672.0,64.0,4912534992245195.0,4912534992253355.0
376,1,524288,256,0,0,16,0,32,64,"batch_decode_kernels::latent_context(float*, float const*, unsigned short const*, int, int, int, int, int, int)",377,23,27859.0,24576.0,40960.0,933888.0,0.0,34996224.0,8192.0,4912534992320555.0,4912534992330635.0
377,1,131072,256,0,0,20,4,32,64,"batch_decode_kernels::value_up(float*, float const*, unsigned short const*, int, int, int, int, unsigned long)",378,25,31083.0,34816.0,47104.0,444416.0,0.0,27152384.0,2048.0,4912534992412716.0,4912534992424876.0
378,1,131072,256,0,0,16,0,32,64,"batch_decode_kernels::gemv(float*, float const*, unsigned short const*, int, int, int, int)",379,18,47584.0,135168.0,147456.0,864256.0,0.0,54667264.0,2048.0,4912534992506636.0,4912534992529196.0
379,1,256,256,1024,0,12,4,32,64,"batch_decode_kernels::rmsnorm(float*, float const*, unsigned short const*, int, int, float)",380,33,33213.0,128.0,148.0,773.0,0.0,49151.0,4.0,4912534992600876.0,4912534992613837.0
380,1,4096,256,0,0,16,0,32,64,"batch_decode_kernels::gemv(float*, float const*, unsigned short const*, int, int, int, int)",381,18,46645.0,4160.0,4608.0,26944.0,0.0,1708288.0,64.0,4912534992682957.0,4912534992703597.0
381,1,64,64,0,0,16,0,48,64,"void moe_kernels::router_topk_wave64_kernel<64>(float*, float const*, int*, float*, int, int, int, int, int, float)",382,57,39259.0,26.0,120.0,401.0,0.0,19069.0,1.0,4912534992791277.0,4912534992807597.0
382,1,540672,256,0,0,20,4,48,64,"batch_decode_kernels::routed_shared_gate_up(float*, float*, float const*, char const*, unsigned long const*, unsigned long const*, int const*, unsigned short const*, unsigned short const*, int, int, int, int, int)",383,43,158171.0,844800.0,321024.0,4604160.0,0.0,274973952.0,8448.0,4912534992887598.0,4912534992981038.0
383,1,180224,256,0,0,24,0,32,64,"batch_decode_kernels::gate_up_swiglu(float*, float const*, unsigned short const*, unsigned short const*, int, int, int)",384,37,67740.0,273152.0,199936.0,1762816.0,0.0,106256128.0,2816.0,4912534993054479.0,4912534993089999.0
384,1,131072,256,0,0,24,0,48,64,"batch_decode_kernels::routed_shared_down(float*, float const*, float const*, char const*, unsigned long const*, int const*, float const*, unsigned short const*, int, int, int, int, int)",385,46,114734.0,544768.0,331776.0,2744320.0,0.0,172410880.0,2048.0,4912534993165519.0,4912534993230639.0
385,1,131072,256,0,0,16,0,32,64,"batch_decode_kernels::gemv(float*, float const*, unsigned short const*, int, int, int, int)",386,18,56143.0,184320.0,196608.0,1134592.0,0.0,71968768.0,2048.0,4912534993314160.0,4912534993342160.0
386,1,256,256,1024,0,12,4,32,64,"batch_decode_kernels::rmsnorm(float*, float const*, unsigned short const*, int, int, float)",387,33,34155.0,128.0,148.0,773.0,0.0,49151.0,4.0,4912534993426960.0,4912534993440400.0
387,1,233472,256,0,0,16,0,32,64,"batch_decode_kernels::dual_gemv(float*, unsigned short const*, int, float*, unsigned short const*, int, float const*, int, int)",388,35,74057.0,237120.0,259008.0,1601472.0,0.0,101345088.0,3648.0,4912534993520081.0,4912534993559121.0
388,1,256,256,1024,0,24,0,32,64,"batch_decode_kernels::kv_norm_rope(unsigned short*, float const*, unsigned short const*, int, int, int, int, int, int, float const*, int, float)",389,39,29232.0,36.0,110.0,435.0,0.0,25151.0,4.0,4912534993632721.0,4912534993643441.0
389,1,524288,256,0,0,36,4,32,64,"batch_decode_kernels::q_absorb_rope(float*, float*, float const*, unsigned short const*, int, int, int, int, int, int, int, float const*, int)",390,38,37031.0,41024.0,98432.0,1222240.0,0.0,73010688.0,8192.0,4912534993714961.0,4912534993730962.0
390,1,1024,256,0,0,16,0,32,64,"batch_decode_kernels::attention_score(float*, float const*, float const*, unsigned short const*, int, int, int, int, int, int, int, float)",391,41,27545.0,304.0,224.0,3408.0,0.0,204000.0,16.0,4912534993798002.0,4912534993807762.0
391,1,4096,256,1024,0,20,4,48,64,"void attention_kernels::softmax_rows_kernel<256>(float*, int, int, int, int)",392,51,25665.0,80.0,2672.0,2512.0,0.0,70672.0,64.0,4912534993878642.0,4912534993887122.0
392,1,524288,256,0,0,16,0,32,64,"batch_decode_kernels::latent_context(float*, float const*, unsigned short const*, int, int, int, int, int, int)",393,23,28601.0,24576.0,40960.0,933888.0,0.0,34996224.0,8192.0,4912534993943282.0,4912534993953523.0
393,1,131072,256,0,0,20,4,32,64,"batch_decode_kernels::value_up(float*, float const*, unsigned short const*, int, int, int, int, unsigned long)",394,25,31716.0,34816.0,47104.0,444416.0,0.0,27152384.0,2048.0,4912534994029203.0,4912534994041683.0
394,1,131072,256,0,0,16,0,32,64,"batch_decode_kernels::gemv(float*, float const*, unsigned short const*, int, int, int, int)",395,18,48601.0,135168.0,147456.0,864256.0,0.0,54667264.0,2048.0,4912534994122803.0,4912534994146003.0
395,1,256,256,1024,0,12,4,32,64,"batch_decode_kernels::rmsnorm(float*, float const*, unsigned short const*, int, int, float)",396,33,33633.0,128.0,148.0,773.0,0.0,49151.0,4.0,4912534994205844.0,4912534994219124.0
396,1,4096,256,0,0,16,0,32,64,"batch_decode_kernels::gemv(float*, float const*, unsigned short const*, int, int, int, int)",397,18,48080.0,4160.0,4608.0,26944.0,0.0,1708288.0,64.0,4912534994304084.0,4912534994326164.0
397,1,64,64,0,0,16,0,48,64,"void moe_kernels::router_topk_wave64_kernel<64>(float*, float const*, int*, float*, int, int, int, int, int, float)",398,57,38837.0,26.0,120.0,401.0,0.0,19066.0,1.0,4912534994401525.0,4912534994417845.0
398,1,540672,256,0,0,20,4,48,64,"batch_decode_kernels::routed_shared_gate_up(float*, float*, float const*, char const*, unsigned long const*, unsigned long const*, int const*, unsigned short const*, unsigned short const*, int, int, int, int, int)",399,43,157333.0,844800.0,321024.0,4604160.0,0.0,274973952.0,8448.0,4912534994490645.0,4912534994583445.0
399,1,180224,256,0,0,24,0,32,64,"batch_decode_kernels::gate_up_swiglu(float*, float const*, unsigned short const*, unsigned short const*, int, int, int)",400,37,66905.0,273152.0,199936.0,1762816.0,0.0,106256128.0,2816.0,4912534994657846.0,4912534994692886.0
400,1,131072,256,0,0,24,0,48,64,"batch_decode_kernels::routed_shared_down(float*, float const*, float const*, char const*, unsigned long const*, int const*, float const*, unsigned short const*, int, int, int, int, int)",401,46,114583.0,544768.0,331776.0,2744320.0,0.0,172410880.0,2048.0,4912534994772566.0,4912534994837686.0
401,1,131072,256,0,0,16,0,32,64,"batch_decode_kernels::gemv(float*, float const*, unsigned short const*, int, int, int, int)",402,18,56686.0,184320.0,196608.0,1134592.0,0.0,71968768.0,2048.0,4912534994915607.0,4912534994943767.0
402,1,256,256,1024,0,12,4,32,64,"batch_decode_kernels::rmsnorm(float*, float const*, unsigned short const*, int, int, float)",403,33,32923.0,128.0,148.0,773.0,0.0,49151.0,4.0,4912534995021047.0,4912534995033847.0
403,1,233472,256,0,0,16,0,32,64,"batch_decode_kernels::dual_gemv(float*, unsigned short const*, int, float*, unsigned short const*, int, float const*, int, int)",404,35,73433.0,237120.0,259008.0,1601472.0,0.0,101345088.0,3648.0,4912534995119768.0,4912534995158488.0
404,1,256,256,1024,0,24,0,32,64,"batch_decode_kernels::kv_norm_rope(unsigned short*, float const*, unsigned short const*, int, int, int, int, int, int, float const*, int, float)",405,39,29241.0,36.0,110.0,435.0,0.0,25151.0,4.0,4912534995238808.0,4912534995249688.0
405,1,524288,256,0,0,36,4,32,64,"batch_decode_kernels::q_absorb_rope(float*, float*, float const*, unsigned short const*, int, int, int, int, int, int, int, float const*, int)",406,38,36618.0,41024.0,98432.0,1222240.0,0.0,73010688.0,8192.0,4912534995323609.0,4912534995339289.0
406,1,1024,256,0,0,16,0,32,64,"batch_decode_kernels::attention_score(float*, float const*, float const*, unsigned short const*, int, int, int, int, int, int, int, float)",407,41,27820.0,304.0,224.0,3408.0,0.0,204000.0,16.0,4912534995411449.0,4912534995421209.0
407,1,4096,256,1024,0,20,4,48,64,"void attention_kernels::softmax_rows_kernel<256>(float*, int, int, int, int)",408,51,26036.0,80.0,2672.0,2512.0,0.0,70672.0,64.0,4912534995512410.0,4912534995521370.0
408,1,524288,256,0,0,16,0,32,64,"batch_decode_kernels::latent_context(float*, float const*, unsigned short const*, int, int, int, int, int, int)",409,23,27976.0,24576.0,40960.0,933888.0,0.0,34996224.0,8192.0,4912534995597050.0,4912534995607290.0
409,1,131072,256,0,0,20,4,32,64,"batch_decode_kernels::value_up(float*, float const*, unsigned short const*, int, int, int, int, unsigned long)",410,25,30783.0,34816.0,47104.0,444416.0,0.0,27152384.0,2048.0,4912534995681850.0,4912534995693850.0
410,1,131072,256,0,0,16,0,32,64,"batch_decode_kernels::gemv(float*, float const*, unsigned short const*, int, int, int, int)",411,18,48742.0,135168.0,147456.0,864256.0,0.0,54667264.0,2048.0,4912534995779131.0,4912534995802331.0
411,1,256,256,1024,0,12,4,32,64,"batch_decode_kernels::rmsnorm(float*, float const*, unsigned short const*, int, int, float)",412,33,33037.0,128.0,148.0,773.0,0.0,49151.0,4.0,4912534995862971.0,4912534995875771.0
412,1,4096,256,0,0,16,0,32,64,"batch_decode_kernels::gemv(float*, float const*, unsigned short const*, int, int, int, int)",413,18,44467.0,4160.0,4608.0,26944.0,0.0,1708288.0,64.0,4912534995963932.0,4912534995983612.0
413,1,64,64,0,0,16,0,48,64,"void moe_kernels::router_topk_wave64_kernel<64>(float*, float const*, int*, float*, int, int, int, int, int, float)",414,57,39884.0,26.0,120.0,401.0,0.0,19074.0,1.0,4912534996059772.0,4912534996076412.0
414,1,540672,256,0,0,20,4,48,64,"batch_decode_kernels::routed_shared_gate_up(float*, float*, float const*, char const*, unsigned long const*, unsigned long const*, int const*, unsigned short const*, unsigned short const*, int, int, int, int, int)",415,43,157282.0,844800.0,321024.0,4604160.0,0.0,274973952.0,8448.0,4912534996162652.0,4912534996255453.0
415,1,180224,256,0,0,24,0,32,64,"batch_decode_kernels::gate_up_swiglu(float*, float const*, unsigned short const*, unsigned short const*, int, int, int)",416,37,67911.0,273152.0,199936.0,1762816.0,0.0,106256128.0,2816.0,4912534996334013.0,4912534996369533.0
416,1,131072,256,0,0,24,0,48,64,"batch_decode_kernels::routed_shared_down(float*, float const*, float const*, char const*, unsigned long const*, int const*, float const*, unsigned short const*, int, int, int, int, int)",417,46,113673.0,544768.0,331776.0,2744320.0,0.0,172410880.0,2048.0,4912534996442174.0,4912534996506654.0
417,1,131072,256,0,0,16,0,32,64,"batch_decode_kernels::gemv(float*, float const*, unsigned short const*, int, int, int, int)",418,18,57031.0,184320.0,196608.0,1134592.0,0.0,71968768.0,2048.0,4912534996580414.0,4912534996608894.0
418,1,256,256,1024,0,12,4,32,64,"batch_decode_kernels::rmsnorm(float*, float const*, unsigned short const*, int, int, float)",419,33,33005.0,128.0,148.0,773.0,0.0,49151.0,4.0,4912534996699775.0,4912534996712575.0
419,1,233472,256,0,0,16,0,32,64,"batch_decode_kernels::dual_gemv(float*, unsigned short const*, int, float*, unsigned short const*, int, float const*, int, int)",420,35,74011.0,237120.0,259008.0,1601472.0,0.0,101345088.0,3648.0,4912534996786495.0,4912534996825215.0
420,1,256,256,1024,0,24,0,32,64,"batch_decode_kernels::kv_norm_rope(unsigned short*, float const*, unsigned short const*, int, int, int, int, int, int, float const*, int, float)",421,39,30001.0,36.0,110.0,435.0,0.0,25151.0,4.0,4912534996894336.0,4912534996905376.0
421,1,524288,256,0,0,36,4,32,64,"batch_decode_kernels::q_absorb_rope(float*, float*, float const*, unsigned short const*, int, int, int, int, int, int, int, float const*, int)",422,38,36003.0,41024.0,98432.0,1222240.0,0.0,73010688.0,8192.0,4912534996997376.0,4912534997012736.0
422,1,1024,256,0,0,16,0,32,64,"batch_decode_kernels::attention_score(float*, float const*, float const*, unsigned short const*, int, int, int, int, int, int, int, float)",423,41,29715.0,304.0,224.0,3408.0,0.0,204000.0,16.0,4912534997091137.0,4912534997102017.0
423,1,4096,256,1024,0,20,4,48,64,"void attention_kernels::softmax_rows_kernel<256>(float*, int, int, int, int)",424,51,26561.0,80.0,2672.0,2512.0,0.0,70672.0,64.0,4912534997177857.0,4912534997186817.0
424,1,524288,256,0,0,16,0,32,64,"batch_decode_kernels::latent_context(float*, float const*, unsigned short const*, int, int, int, int, int, int)",425,23,28488.0,24576.0,40960.0,933888.0,0.0,34996224.0,8192.0,4912534997265217.0,4912534997275617.0
425,1,131072,256,0,0,20,4,32,64,"batch_decode_kernels::value_up(float*, float const*, unsigned short const*, int, int, int, int, unsigned long)",426,25,31945.0,34816.0,47104.0,444416.0,0.0,27152384.0,2048.0,4912534997352418.0,4912534997364738.0
426,1,131072,256,0,0,16,0,32,64,"batch_decode_kernels::gemv(float*, float const*, unsigned short const*, int, int, int, int)",427,18,48999.0,135168.0,147456.0,864256.0,0.0,54667264.0,2048.0,4912534997439618.0,4912534997462978.0
427,1,256,256,1024,0,12,4,32,64,"batch_decode_kernels::rmsnorm(float*, float const*, unsigned short const*, int, int, float)",428,33,33271.0,128.0,148.0,773.0,0.0,49151.0,4.0,4912534997543939.0,4912534997557059.0
428,1,4096,256,0,0,16,0,32,64,"batch_decode_kernels::gemv(float*, float const*, unsigned short const*, int, int, int, int)",429,18,44994.0,4160.0,4608.0,26944.0,0.0,1708288.0,64.0,4912534997633059.0,4912534997653219.0
429,1,64,64,0,0,16,0,48,64,"void moe_kernels::router_topk_wave64_kernel<64>(float*, float const*, int*, float*, int, int, int, int, int, float)",430,57,38219.0,26.0,120.0,401.0,0.0,19067.0,1.0,4912534997741059.0,4912534997756420.0
430,1,540672,256,0,0,20,4,48,64,"batch_decode_kernels::routed_shared_gate_up(float*, float*, float const*, char const*, unsigned long const*, unsigned long const*, int const*, unsigned short const*, unsigned short const*, int, int, int, int, int)",431,43,157561.0,844800.0,321024.0,4604160.0,0.0,274973952.0,8448.0,4912534997847140.0,4912534997940100.0
431,1,180224,256,0,0,24,0,32,64,"batch_decode_kernels::gate_up_swiglu(float*, float const*, unsigned short const*, unsigned short const*, int, int, int)",432,37,69354.0,273152.0,199936.0,1762816.0,0.0,106256128.0,2816.0,4912534998011301.0,4912534998047621.0
432,1,131072,256,0,0,24,0,48,64,"batch_decode_kernels::routed_shared_down(float*, float const*, float const*, char const*, unsigned long const*, int const*, float const*, unsigned short const*, int, int, int, int, int)",433,46,114139.0,544768.0,331776.0,2744320.0,0.0,172410880.0,2048.0,4912534998125061.0,4912534998190021.0
433,1,131072,256,0,0,16,0,32,64,"batch_decode_kernels::gemv(float*, float const*, unsigned short const*, int, int, int, int)",434,18,56710.0,184320.0,196608.0,1134592.0,0.0,71968768.0,2048.0,4912534998270662.0,4912534998298822.0
434,1,256,256,1024,0,12,4,32,64,"batch_decode_kernels::rmsnorm(float*, float const*, unsigned short const*, int, int, float)",435,33,33648.0,128.0,148.0,773.0,0.0,49151.0,4.0,4912534998378022.0,4912534998391142.0
435,1,233472,256,0,0,16,0,32,64,"batch_decode_kernels::dual_gemv(float*, unsigned short const*, int, float*, unsigned short const*, int, float const*, int, int)",436,35,74865.0,237120.0,259008.0,1601472.0,0.0,101345088.0,3648.0,4912534998467623.0,4912534998506983.0
436,1,256,256,1024,0,24,0,32,64,"batch_decode_kernels::kv_norm_rope(unsigned short*, float const*, unsigned short const*, int, int, int, int, int, int, float const*, int, float)",437,39,29873.0,36.0,110.0,435.0,0.0,25151.0,4.0,4912534998580743.0,4912534998591623.0
437,1,524288,256,0,0,36,4,32,64,"batch_decode_kernels::q_absorb_rope(float*, float*, float const*, unsigned short const*, int, int, int, int, int, int, int, float const*, int)",438,38,37507.0,41024.0,98432.0,1222240.0,0.0,73010688.0,8192.0,4912534998670344.0,4912534998686664.0
438,1,1024,256,0,0,16,0,32,64,"batch_decode_kernels::attention_score(float*, float const*, float const*, unsigned short const*, int, int, int, int, int, int, int, float)",439,41,29283.0,304.0,224.0,3408.0,0.0,204000.0,16.0,4912534998761384.0,4912534998771944.0
439,1,4096,256,1024,0,20,4,48,64,"void attention_kernels::softmax_rows_kernel<256>(float*, int, int, int, int)",440,51,24201.0,80.0,2672.0,2512.0,0.0,70672.0,64.0,4912534998850504.0,4912534998858344.0
440,1,524288,256,0,0,16,0,32,64,"batch_decode_kernels::latent_context(float*, float const*, unsigned short const*, int, int, int, int, int, int)",441,23,27956.0,24576.0,40960.0,933888.0,0.0,34996224.0,8192.0,4912534998922505.0,4912534998932745.0
441,1,131072,256,0,0,20,4,32,64,"batch_decode_kernels::value_up(float*, float const*, unsigned short const*, int, int, int, int, unsigned long)",442,25,32647.0,34816.0,47104.0,444416.0,0.0,27152384.0,2048.0,4912534999011465.0,4912534999024425.0
442,1,131072,256,0,0,16,0,32,64,"batch_decode_kernels::gemv(float*, float const*, unsigned short const*, int, int, int, int)",443,18,49331.0,135168.0,147456.0,864256.0,0.0,54667264.0,2048.0,4912534999108586.0,4912534999132106.0
443,1,256,256,1024,0,12,4,32,64,"batch_decode_kernels::rmsnorm(float*, float const*, unsigned short const*, int, int, float)",444,33,34537.0,128.0,148.0,773.0,0.0,49151.0,4.0,4912534999222986.0,4912534999236586.0
444,1,4096,256,0,0,16,0,32,64,"batch_decode_kernels::gemv(float*, float const*, unsigned short const*, int, int, int, int)",445,18,44401.0,4160.0,4608.0,26944.0,0.0,1708288.0,64.0,4912534999314987.0,4912534999334667.0
445,1,64,64,0,0,16,0,48,64,"void moe_kernels::router_topk_wave64_kernel<64>(float*, float const*, int*, float*, int, int, int, int, int, float)",446,57,38875.0,26.0,120.0,401.0,0.0,19066.0,1.0,4912534999425547.0,4912534999441867.0
446,1,540672,256,0,0,20,4,48,64,"batch_decode_kernels::routed_shared_gate_up(float*, float*, float const*, char const*, unsigned long const*, unsigned long const*, int const*, unsigned short const*, unsigned short const*, int, int, int, int, int)",447,43,153660.0,844800.0,321024.0,4604160.0,0.0,274973952.0,8448.0,4912534999502507.0,4912534999593068.0
447,1,180224,256,0,0,24,0,32,64,"batch_decode_kernels::gate_up_swiglu(float*, float const*, unsigned short const*, unsigned short const*, int, int, int)",448,37,68853.0,273152.0,199936.0,1762816.0,0.0,106256128.0,2816.0,4912534999653388.0,4912534999689388.0
448,1,131072,256,0,0,24,0,48,64,"batch_decode_kernels::routed_shared_down(float*, float const*, float const*, char const*, unsigned long const*, int const*, float const*, unsigned short const*, int, int, int, int, int)",449,46,114938.0,544768.0,331776.0,2744320.0,0.0,172410880.0,2048.0,4912534999771789.0,4912534999837069.0
449,1,131072,256,0,0,16,0,32,64,"batch_decode_kernels::gemv(float*, float const*, unsigned short const*, int, int, int, int)",450,18,56651.0,184320.0,196608.0,1134592.0,0.0,71968768.0,2048.0,4912534999920749.0,4912534999949229.0
450,1,256,256,1024,0,12,4,32,64,"batch_decode_kernels::rmsnorm(float*, float const*, unsigned short const*, int, int, float)",451,33,33119.0,128.0,148.0,773.0,0.0,49151.0,4.0,4912535000104750.0,4912535000117550.0
451,1,233472,256,0,0,16,0,32,64,"batch_decode_kernels::dual_gemv(float*, unsigned short const*, int, float*, unsigned short const*, int, float const*, int, int)",452,35,74421.0,237120.0,259008.0,1601472.0,0.0,101345088.0,3648.0,4912535000182190.0,4912535000221711.0
452,1,256,256,1024,0,24,0,32,64,"batch_decode_kernels::kv_norm_rope(unsigned short*, float const*, unsigned short const*, int, int, int, int, int, int, float const*, int, float)",453,39,29345.0,36.0,110.0,435.0,0.0,25151.0,4.0,4912535000297231.0,4912535000307951.0
453,1,524288,256,0,0,36,4,32,64,"batch_decode_kernels::q_absorb_rope(float*, float*, float const*, unsigned short const*, int, int, int, int, int, int, int, float const*, int)",454,38,37241.0,41024.0,98432.0,1222240.0,0.0,73010688.0,8192.0,4912535000391471.0,4912535000407631.0
454,1,1024,256,0,0,16,0,32,64,"batch_decode_kernels::attention_score(float*, float const*, float const*, unsigned short const*, int, int, int, int, int, int, int, float)",455,41,28535.0,304.0,224.0,3408.0,0.0,204000.0,16.0,4912535000487152.0,4912535000497392.0
455,1,4096,256,1024,0,20,4,48,64,"void attention_kernels::softmax_rows_kernel<256>(float*, int, int, int, int)",456,51,24674.0,80.0,2672.0,2512.0,0.0,70672.0,64.0,4912535000578192.0,4912535000586032.0
456,1,524288,256,0,0,16,0,32,64,"batch_decode_kernels::latent_context(float*, float const*, unsigned short const*, int, int, int, int, int, int)",457,23,28501.0,24576.0,40960.0,933888.0,0.0,34996224.0,8192.0,4912535000652433.0,4912535000662513.0
457,1,131072,256,0,0,20,4,32,64,"batch_decode_kernels::value_up(float*, float const*, unsigned short const*, int, int, int, int, unsigned long)",458,25,32931.0,34816.0,47104.0,444416.0,0.0,27152384.0,2048.0,4912535000725713.0,4912535000738833.0
458,1,131072,256,0,0,16,0,32,64,"batch_decode_kernels::gemv(float*, float const*, unsigned short const*, int, int, int, int)",459,18,48133.0,135168.0,147456.0,864256.0,0.0,54667264.0,2048.0,4912535000799153.0,4912535000822033.0
459,1,256,256,1024,0,12,4,32,64,"batch_decode_kernels::rmsnorm(float*, float const*, unsigned short const*, int, int, float)",460,33,33721.0,128.0,148.0,773.0,0.0,49151.0,4.0,4912535000914354.0,4912535000927634.0
460,1,4096,256,0,0,16,0,32,64,"batch_decode_kernels::gemv(float*, float const*, unsigned short const*, int, int, int, int)",461,18,45761.0,4160.0,4608.0,26944.0,0.0,1708288.0,64.0,4912535000991314.0,4912535001011474.0
461,1,64,64,0,0,16,0,48,64,"void moe_kernels::router_topk_wave64_kernel<64>(float*, float const*, int*, float*, int, int, int, int, int, float)",462,57,39059.0,26.0,120.0,401.0,0.0,19065.0,1.0,4912535001094515.0,4912535001110995.0
462,1,540672,256,0,0,20,4,48,64,"batch_decode_kernels::routed_shared_gate_up(float*, float*, float const*, char const*, unsigned long const*, unsigned long const*, int const*, unsigned short const*, unsigned short const*, int, int, int, int, int)",463,43,154737.0,844800.0,321024.0,4604160.0,0.0,274973952.0,8448.0,4912535001188435.0,4912535001279955.0
463,1,180224,256,0,0,24,0,32,64,"batch_decode_kernels::gate_up_swiglu(float*, float const*, unsigned short const*, unsigned short const*, int, int, int)",464,37,69319.0,273152.0,199936.0,1762816.0,0.0,106256128.0,2816.0,4912535001350516.0,4912535001386676.0
464,1,131072,256,0,0,24,0,48,64,"batch_decode_kernels::routed_shared_down(float*, float const*, float const*, char const*, unsigned long const*, int const*, float const*, unsigned short const*, int, int, int, int, int)",465,46,115063.0,544768.0,331776.0,2744320.0,0.0,172410880.0,2048.0,4912535001444276.0,4912535001509556.0
465,1,131072,256,0,0,16,0,32,64,"batch_decode_kernels::gemv(float*, float const*, unsigned short const*, int, int, int, int)",466,18,56186.0,184320.0,196608.0,1134592.0,0.0,71968768.0,2048.0,4912535001602037.0,4912535001630037.0
466,1,256,256,1024,0,12,4,32,64,"batch_decode_kernels::rmsnorm(float*, float const*, unsigned short const*, int, int, float)",467,33,33681.0,128.0,148.0,773.0,0.0,49151.0,4.0,4912535001718197.0,4912535001731637.0
467,1,233472,256,0,0,16,0,32,64,"batch_decode_kernels::dual_gemv(float*, unsigned short const*, int, float*, unsigned short const*, int, float const*, int, int)",468,35,73884.0,237120.0,259008.0,1601472.0,0.0,101345088.0,3648.0,4912535001798198.0,4912535001837238.0
468,1,256,256,1024,0,24,0,32,64,"batch_decode_kernels::kv_norm_rope(unsigned short*, float const*, unsigned short const*, int, int, int, int, int, int, float const*, int, float)",469,39,28878.0,36.0,110.0,435.0,0.0,25151.0,4.0,4912535001924278.0,4912535001934678.0
469,1,524288,256,0,0,36,4,32,64,"batch_decode_kernels::q_absorb_rope(float*, float*, float const*, unsigned short const*, int, int, int, int, int, int, int, float const*, int)",470,38,36534.0,41024.0,98432.0,1222240.0,0.0,73010688.0,8192.0,4912535002027319.0,4912535002042359.0
470,1,1024,256,0,0,16,0,32,64,"batch_decode_kernels::attention_score(float*, float const*, float const*, unsigned short const*, int, int, int, int, int, int, int, float)",471,41,27061.0,304.0,224.0,3408.0,0.0,204000.0,16.0,4912535002122199.0,4912535002131639.0
471,1,4096,256,1024,0,20,4,48,64,"void attention_kernels::softmax_rows_kernel<256>(float*, int, int, int, int)",472,51,25033.0,80.0,2672.0,2512.0,0.0,70672.0,64.0,4912535002200919.0,4912535002208919.0
472,1,524288,256,0,0,16,0,32,64,"batch_decode_kernels::latent_context(float*, float const*, unsigned short const*, int, int, int, int, int, int)",473,23,27630.0,24576.0,40960.0,933888.0,0.0,34996224.0,8192.0,4912535002276120.0,4912535002286360.0
473,1,131072,256,0,0,20,4,32,64,"batch_decode_kernels::value_up(float*, float const*, unsigned short const*, int, int, int, int, unsigned long)",474,25,31781.0,34816.0,47104.0,444416.0,0.0,27152384.0,2048.0,4912535002352120.0,4912535002364600.0
474,1,131072,256,0,0,16,0,32,64,"batch_decode_kernels::gemv(float*, float const*, unsigned short const*, int, int, int, int)",475,18,48164.0,135168.0,147456.0,864256.0,0.0,54667264.0,2048.0,4912535002427480.0,4912535002450521.0
475,1,256,256,1024,0,12,4,32,64,"batch_decode_kernels::rmsnorm(float*, float const*, unsigned short const*, int, int, float)",476,33,33313.0,128.0,148.0,773.0,0.0,49151.0,4.0,4912535002545401.0,4912535002558521.0
476,1,4096,256,0,0,16,0,32,64,"batch_decode_kernels::gemv(float*, float const*, unsigned short const*, int, int, int, int)",477,18,44944.0,4160.0,4608.0,26944.0,0.0,1708288.0,64.0,4912535002625081.0,4912535002645081.0
477,1,64,64,0,0,16,0,48,64,"void moe_kernels::router_topk_wave64_kernel<64>(float*, float const*, int*, float*, int, int, int, int, int, float)",478,57,37382.0,26.0,120.0,401.0,0.0,19069.0,1.0,4912535002722202.0,4912535002737562.0
478,1,540672,256,0,0,20,4,48,64,"batch_decode_kernels::routed_shared_gate_up(float*, float*, float const*, char const*, unsigned long const*, unsigned long const*, int const*, unsigned short const*, unsigned short const*, int, int, int, int, int)",479,43,155633.0,844800.0,321024.0,4604160.0,0.0,274973952.0,8448.0,4912535002819642.0,4912535002911483.0
479,1,180224,256,0,0,24,0,32,64,"batch_decode_kernels::gate_up_swiglu(float*, float const*, unsigned short const*, unsigned short const*, int, int, int)",480,37,66873.0,273152.0,199936.0,1762816.0,0.0,106256128.0,2816.0,4912535002982363.0,4912535003017403.0
480,1,131072,256,0,0,24,0,48,64,"batch_decode_kernels::routed_shared_down(float*, float const*, float const*, char const*, unsigned long const*, int const*, float const*, unsigned short const*, int, int, int, int, int)",481,46,114989.0,544768.0,331776.0,2744320.0,0.0,172410880.0,2048.0,4912535003108284.0,4912535003173084.0
481,1,131072,256,0,0,16,0,32,64,"batch_decode_kernels::gemv(float*, float const*, unsigned short const*, int, int, int, int)",482,18,56247.0,184320.0,196608.0,1134592.0,0.0,71968768.0,2048.0,4912535003271484.0,4912535003299484.0
482,1,256,256,1024,0,12,4,32,64,"batch_decode_kernels::rmsnorm(float*, float const*, unsigned short const*, int, int, float)",483,33,34789.0,128.0,148.0,773.0,0.0,49151.0,4.0,4912535003372925.0,4912535003386685.0
483,1,233472,256,0,0,16,0,32,64,"batch_decode_kernels::dual_gemv(float*, unsigned short const*, int, float*, unsigned short const*, int, float const*, int, int)",484,35,72571.0,237120.0,259008.0,1601472.0,0.0,101345088.0,3648.0,4912535003472925.0,4912535003511005.0
484,1,256,256,1024,0,24,0,32,64,"batch_decode_kernels::kv_norm_rope(unsigned short*, float const*, unsigned short const*, int, int, int, int, int, int, float const*, int, float)",485,39,28987.0,36.0,110.0,435.0,0.0,25151.0,4.0,4912535003591646.0,4912535003602206.0
485,1,524288,256,0,0,36,4,32,64,"batch_decode_kernels::q_absorb_rope(float*, float*, float const*, unsigned short const*, int, int, int, int, int, int, int, float const*, int)",486,38,35765.0,41024.0,98432.0,1222240.0,0.0,73010688.0,8192.0,4912535003671166.0,4912535003686526.0
486,1,1024,256,0,0,16,0,32,64,"batch_decode_kernels::attention_score(float*, float const*, float const*, unsigned short const*, int, int, int, int, int, int, int, float)",487,41,29045.0,304.0,224.0,3408.0,0.0,204000.0,16.0,4912535003750206.0,4912535003760926.0
487,1,4096,256,1024,0,20,4,48,64,"void attention_kernels::softmax_rows_kernel<256>(float*, int, int, int, int)",488,51,26639.0,80.0,2672.0,2512.0,0.0,70672.0,64.0,4912535003828607.0,4912535003837567.0
488,1,524288,256,0,0,16,0,32,64,"batch_decode_kernels::latent_context(float*, float const*, unsigned short const*, int, int, int, int, int, int)",489,23,28083.0,24576.0,40960.0,933888.0,0.0,34996224.0,8192.0,4912535003929247.0,4912535003939487.0
489,1,131072,256,0,0,20,4,32,64,"batch_decode_kernels::value_up(float*, float const*, unsigned short const*, int, int, int, int, unsigned long)",490,25,30442.0,34816.0,47104.0,444416.0,0.0,27152384.0,2048.0,4912535004018528.0,4912535004030208.0
490,1,131072,256,0,0,16,0,32,64,"batch_decode_kernels::gemv(float*, float const*, unsigned short const*, int, int, int, int)",491,18,47872.0,135168.0,147456.0,864256.0,0.0,54667264.0,2048.0,4912535004121568.0,4912535004144128.0
491,1,256,256,1024,0,12,4,32,64,"batch_decode_kernels::rmsnorm(float*, float const*, unsigned short const*, int, int, float)",492,33,34014.0,128.0,148.0,773.0,0.0,49151.0,4.0,4912535004243329.0,4912535004256449.0
492,1,4096,256,0,0,16,0,32,64,"batch_decode_kernels::gemv(float*, float const*, unsigned short const*, int, int, int, int)",493,18,49151.0,4160.0,4608.0,26944.0,0.0,1708288.0,64.0,4912535004343489.0,4912535004366049.0
493,1,64,64,0,0,16,0,48,64,"void moe_kernels::router_topk_wave64_kernel<64>(float*, float const*, int*, float*, int, int, int, int, int, float)",494,57,37581.0,26.0,120.0,401.0,0.0,19073.0,1.0,4912535004450050.0,4912535004465410.0
494,1,540672,256,0,0,20,4,48,64,"batch_decode_kernels::routed_shared_gate_up(float*, float*, float const*, char const*, unsigned long const*, unsigned long const*, int const*, unsigned short const*, unsigned short const*, int, int, int, int, int)",495,43,156361.0,844800.0,321024.0,4604160.0,0.0,274973952.0,8448.0,4912535004551490.0,4912535004643810.0
495,1,180224,256,0,0,24,0,32,64,"batch_decode_kernels::gate_up_swiglu(float*, float const*, unsigned short const*, unsigned short const*, int, int, int)",496,37,66950.0,273152.0,199936.0,1762816.0,0.0,106256128.0,2816.0,4912535004720931.0,4912535004756291.0
496,1,131072,256,0,0,24,0,48,64,"batch_decode_kernels::routed_shared_down(float*, float const*, float const*, char const*, unsigned long const*, int const*, float const*, unsigned short const*, int, int, int, int, int)",497,46,114451.0,544768.0,331776.0,2744320.0,0.0,172410880.0,2048.0,4912535004847971.0,4912535004912772.0
497,1,131072,256,0,0,16,0,32,64,"batch_decode_kernels::gemv(float*, float const*, unsigned short const*, int, int, int, int)",498,18,56147.0,184320.0,196608.0,1134592.0,0.0,71968768.0,2048.0,4912535004994532.0,4912535005022532.0
498,1,256,256,1024,0,12,4,32,64,"batch_decode_kernels::rmsnorm(float*, float const*, unsigned short const*, int, int, float)",499,33,34090.0,128.0,148.0,773.0,0.0,49151.0,4.0,4912535005104772.0,4912535005118373.0
499,1,233472,256,0,0,16,0,32,64,"batch_decode_kernels::dual_gemv(float*, unsigned short const*, int, float*, unsigned short const*, int, float const*, int, int)",500,35,73229.0,237120.0,259008.0,1601472.0,0.0,101345088.0,3648.0,4912535005188613.0,4912535005227333.0
500,1,256,256,1024,0,24,0,32,64,"batch_decode_kernels::kv_norm_rope(unsigned short*, float const*, unsigned short const*, int, int, int, int, int, int, float const*, int, float)",501,39,30752.0,36.0,110.0,435.0,0.0,25151.0,4.0,4912535005313253.0,4912535005324773.0
501,1,524288,256,0,0,36,4,32,64,"batch_decode_kernels::q_absorb_rope(float*, float*, float const*, unsigned short const*, int, int, int, int, int, int, int, float const*, int)",502,38,36507.0,41024.0,98432.0,1222240.0,0.0,73010688.0,8192.0,4912535005416934.0,4912535005432454.0
502,1,1024,256,0,0,16,0,32,64,"batch_decode_kernels::attention_score(float*, float const*, float const*, unsigned short const*, int, int, int, int, int, int, int, float)",503,41,29248.0,304.0,224.0,3408.0,0.0,204000.0,16.0,4912535005519014.0,4912535005529894.0
503,1,4096,256,1024,0,20,4,48,64,"void attention_kernels::softmax_rows_kernel<256>(float*, int, int, int, int)",504,51,26203.0,80.0,2672.0,2512.0,0.0,70672.0,64.0,4912535005623175.0,4912535005631815.0
504,1,524288,256,0,0,16,0,32,64,"batch_decode_kernels::latent_context(float*, float const*, unsigned short const*, int, int, int, int, int, int)",505,23,27727.0,24576.0,40960.0,933888.0,0.0,34996224.0,8192.0,4912535005707655.0,4912535005717735.0
505,1,131072,256,0,0,20,4,32,64,"batch_decode_kernels::value_up(float*, float const*, unsigned short const*, int, int, int, int, unsigned long)",506,25,30851.0,34816.0,47104.0,444416.0,0.0,27152384.0,2048.0,4912535005791656.0,4912535005803656.0
506,1,131072,256,0,0,16,0,32,64,"batch_decode_kernels::gemv(float*, float const*, unsigned short const*, int, int, int, int)",507,18,47883.0,135168.0,147456.0,864256.0,0.0,54667264.0,2048.0,4912535005895336.0,4912535005917896.0
507,1,256,256,1024,0,12,4,32,64,"batch_decode_kernels::rmsnorm(float*, float const*, unsigned short const*, int, int, float)",508,33,34619.0,128.0,148.0,773.0,0.0,49151.0,4.0,4912535006000456.0,4912535006014217.0
508,1,4096,256,0,0,16,0,32,64,"batch_decode_kernels::gemv(float*, float const*, unsigned short const*, int, int, int, int)",509,18,45988.0,4160.0,4608.0,26944.0,0.0,1708288.0,64.0,4912535006085897.0,4912535006106697.0
509,1,64,64,0,0,16,0,48,64,"void moe_kernels::router_topk_wave64_kernel<64>(float*, float const*, int*, float*, int, int, int, int, int, float)",510,57,39293.0,26.0,120.0,401.0,0.0,19074.0,1.0,4912535006166537.0,4912535006183017.0
510,1,540672,256,0,0,20,4,48,64,"batch_decode_kernels::routed_shared_gate_up(float*, float*, float const*, char const*, unsigned long const*, unsigned long const*, int const*, unsigned short const*, unsigned short const*, int, int, int, int, int)",511,43,155125.0,844800.0,321024.0,4604160.0,0.0,274973952.0,8448.0,4912535006248938.0,4912535006340298.0
511,1,180224,256,0,0,24,0,32,64,"batch_decode_kernels::gate_up_swiglu(float*, float const*, unsigned short const*, unsigned short const*, int, int, int)",512,37,66862.0,273152.0,199936.0,1762816.0,0.0,106256128.0,2816.0,4912535006403818.0,4912535006438698.0
512,1,131072,256,0,0,24,0,48,64,"batch_decode_kernels::routed_shared_down(float*, float const*, float const*, char const*, unsigned long const*, int const*, float const*, unsigned short const*, int, int, int, int, int)",513,46,115651.0,544768.0,331776.0,2744320.0,0.0,172410880.0,2048.0,4912535006533099.0,4912535006598219.0
513,1,131072,256,0,0,16,0,32,64,"batch_decode_kernels::gemv(float*, float const*, unsigned short const*, int, int, int, int)",514,18,55748.0,184320.0,196608.0,1134592.0,0.0,71968768.0,2048.0,4912535006687180.0,4912535006715020.0
514,1,256,256,1024,0,12,4,32,64,"batch_decode_kernels::rmsnorm(float*, float const*, unsigned short const*, int, int, float)",515,33,32487.0,128.0,148.0,773.0,0.0,49151.0,4.0,4912535006777900.0,4912535006790380.0
515,1,6553600,256,0,0,16,0,32,64,"batch_decode_kernels::gemv(float*, float const*, unsigned short const*, int, int, int, int)",516,18,889447.0,6656000.0,7372800.0,43110400.0,0.0,2733260800.0,102400.0,4912535006885260.0,4912535007457263.0
516,1,256,256,2048,0,8,0,32,64,"batch_decode_kernels::argmax(float const*, int, int*, int)",517,20,315359.0,1601.0,3510.0,13287.0,0.0,824452.0,4.0,4912535007552463.0,4912535007733424.0
517,1,256,256,0,0,12,4,32,64,__amd_rocclr_fillBufferAligned,518,6,19713.0,1.0,41.0,51.0,0.0,2319.0,4.0,4912535007828625.0,4912535007833585.0
518,1,256,256,0,0,12,4,32,64,__amd_rocclr_fillBufferAligned,519,6,20377.0,2.0,37.0,45.0,0.0,2088.0,4.0,4912535007891985.0,4912535007897425.0
519,1,10240,256,0,0,8,0,32,64,"batch_decode_kernels::embedding(float*, unsigned short const*, int const*, int*, int, int, int, int)",520,44,19118.0,325.0,480.0,2250.0,0.0,143370.0,160.0,4912535007976305.0,4912535007980625.0
520,1,1280,256,1024,0,12,4,32,64,"batch_decode_kernels::rmsnorm(float*, float const*, unsigned short const*, int, int, float)",521,33,32103.0,640.0,740.0,3865.0,0.0,245755.0,20.0,4912535008043346.0,4912535008055666.0
521,1,12288,256,11264,0,24,0,48,64,"batch_decode_kernels::mfma_gemm(float*, float const*, unsigned short const*, int, int, int, int)",522,21,142431.0,20736.0,145152.0,779136.0,0.0,49729536.0,192.0,4912535008130226.0,4912535008209426.0
522,1,2304,256,11264,0,24,0,48,64,"batch_decode_kernels::mfma_gemm(float*, float const*, unsigned short const*, int, int, int, int)",523,21,144527.0,3888.0,27216.0,146088.0,0.0,9324288.0,36.0,4912535008294387.0,4912535008373747.0
523,1,1280,256,1024,0,24,0,32,64,"batch_decode_kernels::kv_norm_rope(unsigned short*, float const*, unsigned short const*, int, int, int, int, int, int, float const*, int, float)",524,39,29069.0,180.0,550.0,2175.0,0.0,125755.0,20.0,4912535008476148.0,4912535008486708.0
524,1,32768,256,11264,0,24,0,48,64,"batch_decode_kernels::mfma_head_gemm(float*, float const*, unsigned short const*, int, int, int, int, int, int, unsigned long)",525,30,32257.0,5376.0,27904.0,164352.0,0.0,9707520.0,512.0,4912535008568628.0,4912535008581428.0
525,1,5120,256,0,0,24,0,32,64,"batch_decode_kernels::q_rope(float*, float const*, int, int, int, int, int, int, float const*, int)",526,40,23887.0,320.0,720.0,7760.0,0.0,261120.0,80.0,4912535008656788.0,4912535008664148.0
526,1,5120,256,0,0,16,0,32,64,"batch_decode_kernels::attention_score(float*, float const*, float const*, unsigned short const*, int, int, int, int, int, int, int, float)",527,41,28019.0,1520.0,1120.0,17040.0,0.0,1020000.0,80.0,4912535008745109.0,4912535008755029.0
527,1,20480,256,1024,0,20,4,48,64,"void attention_kernels::softmax_rows_kernel<256>(float*, int, int, int, int)",528,51,25051.0,400.0,13360.0,12560.0,0.0,353360.0,320.0,4912535008857109.0,4912535008865269.0
528,1,2621440,256,0,0,16,0,32,64,"batch_decode_kernels::latent_context(float*, float const*, unsigned short const*, int, int, int, int, int, int)",529,23,63907.0,122880.0,204800.0,4669440.0,0.0,174981120.0,40960.0,4912535008945910.0,4912535008979030.0
529,1,8192,256,11264,0,24,0,48,64,"batch_decode_kernels::mfma_head_gemm(float*, float const*, unsigned short const*, int, int, int, int, int, int, unsigned long)",530,30,53301.0,3840.0,24832.0,138240.0,0.0,8644608.0,128.0,4912535009041430.0,4912535009066550.0
530,1,8192,256,11264,0,24,0,48,64,"batch_decode_kernels::mfma_gemm(float*, float const*, unsigned short const*, int, int, int, int)",531,21,148219.0,14336.0,96768.0,519936.0,0.0,33163264.0,128.0,4912535009153111.0,4912535009234871.0
531,1,1280,256,1024,0,12,4,32,64,"batch_decode_kernels::rmsnorm(float*, float const*, unsigned short const*, int, int, float)",532,33,32889.0,640.0,740.0,3865.0,0.0,245755.0,20.0,4912535009335831.0,4912535009348791.0
532,1,43776,256,19968,0,32,0,48,64,"batch_decode_kernels::mfma_gate_up_swiglu(float*, float const*, unsigned short const*, unsigned short const*, int, int, int)",533,19,200833.0,117648.0,470592.0,3305088.0,0.0,207071424.0,684.0,4912535009430872.0,4912535009548952.0
533,1,8192,256,11264,0,24,0,48,64,"batch_decode_kernels::mfma_gemm(float*, float const*, unsigned short const*, int, int, int, int)",534,21,682961.0,72160.0,510432.0,2748384.0,0.0,175783936.0,128.0,4912535009642393.0,4912535010045435.0
534,1,1280,256,1024,0,12,4,32,64,"batch_decode_kernels::rmsnorm(float*, float const*, unsigned short const*, int, int, float)",535,33,31687.0,640.0,740.0,3865.0,0.0,245755.0,20.0,4912535010136155.0,4912535010148315.0
535,1,12288,256,11264,0,24,0,48,64,"batch_decode_kernels::mfma_gemm(float*, float const*, unsigned short const*, int, int, int, int)",536,21,142853.0,20736.0,145152.0,779136.0,0.0,49729536.0,192.0,4912535010233595.0,4912535010312796.0
536,1,2304,256,11264,0,24,0,48,64,"batch_decode_kernels::mfma_gemm(float*, float const*, unsigned short const*, int, int, int, int)",537,21,146401.0,3888.0,27216.0,146088.0,0.0,9324288.0,36.0,4912535010406236.0,4912535010486717.0
537,1,1280,256,1024,0,24,0,32,64,"batch_decode_kernels::kv_norm_rope(unsigned short*, float const*, unsigned short const*, int, int, int, int, int, int, float const*, int, float)",538,39,28219.0,180.0,550.0,2175.0,0.0,125755.0,20.0,4912535010575997.0,4912535010585917.0
538,1,32768,256,11264,0,24,0,48,64,"batch_decode_kernels::mfma_head_gemm(float*, float const*, unsigned short const*, int, int, int, int, int, int, unsigned long)",539,30,32441.0,5376.0,27904.0,164352.0,0.0,9707520.0,512.0,4912535010671037.0,4912535010683837.0
539,1,5120,256,0,0,24,0,32,64,"batch_decode_kernels::q_rope(float*, float const*, int, int, int, int, int, int, float const*, int)",540,40,22793.0,320.0,720.0,7760.0,0.0,261120.0,80.0,4912535010792638.0,4912535010799358.0
540,1,5120,256,0,0,16,0,32,64,"batch_decode_kernels::attention_score(float*, float const*, float const*, unsigned short const*, int, int, int, int, int, int, int, float)",541,41,27624.0,1520.0,1120.0,17040.0,0.0,1020000.0,80.0,4912535010884798.0,4912535010894558.0
541,1,20480,256,1024,0,20,4,48,64,"void attention_kernels::softmax_rows_kernel<256>(float*, int, int, int, int)",542,51,25182.0,400.0,13360.0,12560.0,0.0,353360.0,320.0,4912535010977919.0,4912535010986079.0
542,1,2621440,256,0,0,16,0,32,64,"batch_decode_kernels::latent_context(float*, float const*, unsigned short const*, int, int, int, int, int, int)",543,23,64500.0,122880.0,204800.0,4669440.0,0.0,174981120.0,40960.0,4912535011048159.0,4912535011081599.0
543,1,8192,256,11264,0,24,0,48,64,"batch_decode_kernels::mfma_head_gemm(float*, float const*, unsigned short const*, int, int, int, int, int, int, unsigned long)",544,30,56020.0,3840.0,24832.0,138240.0,0.0,8644608.0,128.0,4912535011169760.0,4912535011196320.0
544,1,8192,256,11264,0,24,0,48,64,"batch_decode_kernels::mfma_gemm(float*, float const*, unsigned short const*, int, int, int, int)",545,21,147167.0,14336.0,96768.0,519936.0,0.0,33163264.0,128.0,4912535011265600.0,4912535011347040.0
545,1,1280,256,1024,0,12,4,32,64,"batch_decode_kernels::rmsnorm(float*, float const*, unsigned short const*, int, int, float)",546,33,33977.0,640.0,740.0,3865.0,0.0,245755.0,20.0,4912535011436481.0,4912535011449921.0
546,1,256,256,11264,0,24,0,48,64,"batch_decode_kernels::mfma_gemm(float*, float const*, unsigned short const*, int, int, int, int)",547,21,154222.0,432.0,3024.0,16232.0,0.0,1036032.0,4.0,4912535011531361.0,4912535011616482.0
547,1,320,64,0,0,16,0,48,64,"void moe_kernels::router_topk_wave64_kernel<64>(float*, float const*, int*, float*, int, int, int, int, int, float)",548,57,39534.0,130.0,600.0,2005.0,0.0,95340.0,5.0,4912535011680482.0,4912535011697282.0
548,1,256,256,1024,0,12,4,64,64,"batch_decode_kernels::align_routes(int const*, int, int, int, int*, int*, int*)",549,17,39508.0,17.0,272.0,429.0,0.0,5541.0,4.0,4912535011803682.0,4912535011820323.0
549,1,349184,256,19968,0,36,4,48,64,"void batch_decode_kernels::grouped_expert_gate_up<16, 1>(float const*, char const*, unsigned long const*, unsigned long const*, int const*, int const*, float*, unsigned short*, int, int, int, int, int)",550,36,231724.0,160512.0,377872.0,3234352.0,0.0,203216464.0,5456.0,4912535011923843.0,4912535012059844.0
550,1,11264,256,19968,0,32,0,48,64,"batch_decode_kernels::mfma_gate_up_swiglu(float*, float const*, unsigned short const*, unsigned short const*, int, int, int)",551,19,155885.0,30272.0,121088.0,850432.0,0.0,53281536.0,176.0,4912535012160484.0,4912535012247364.0
551,1,507904,256,11264,0,24,0,48,64,"void batch_decode_kernels::grouped_expert_down<16, 1>(float const*, unsigned short const*, char const*, unsigned long const*, int const*, int const*, float*, int, int, int, int)",552,26,139884.0,128640.0,401408.0,2422400.0,0.0,153992960.0,7936.0,4912535012311205.0,4912535012390725.0
552,1,1280,256,0,0,12,4,32,64,"batch_decode_kernels::reduce_routes_add(float*, float const*, float const*, int, int, int)",553,28,64322.0,2240.0,1520.0,5800.0,0.0,371200.0,20.0,4912535012485445.0,4912535012516486.0
553,1,8192,256,11264,0,24,0,48,64,"batch_decode_kernels::mfma_gemm(float*, float const*, unsigned short const*, int, int, int, int)",554,21,194111.0,19328.0,132480.0,712320.0,0.0,45475840.0,128.0,4912535012610086.0,4912535012719847.0
554,1,1280,256,1024,0,12,4,32,64,"batch_decode_kernels::rmsnorm(float*, float const*, unsigned short const*, int, int, float)",555,33,32902.0,640.0,740.0,3865.0,0.0,245755.0,20.0,4912535012815207.0,4912535012827847.0
555,1,12288,256,11264,0,24,0,48,64,"batch_decode_kernels::mfma_gemm(float*, float const*, unsigned short const*, int, int, int, int)",556,21,140872.0,20736.0,145152.0,779136.0,0.0,49729536.0,192.0,4912535012909927.0,4912535012988008.0
556,1,2304,256,11264,0,24,0,48,64,"batch_decode_kernels::mfma_gemm(float*, float const*, unsigned short const*, int, int, int, int)",557,21,146183.0,3888.0,27216.0,146088.0,0.0,9324288.0,36.0,4912535013069288.0,4912535013149448.0
557,1,1280,256,1024,0,24,0,32,64,"batch_decode_kernels::kv_norm_rope(unsigned short*, float const*, unsigned short const*, int, int, int, int, int, int, float const*, int, float)",558,39,27615.0,180.0,550.0,2175.0,0.0,125755.0,20.0,4912535013246729.0,4912535013256329.0
558,1,32768,256,11264,0,24,0,48,64,"batch_decode_kernels::mfma_head_gemm(float*, float const*, unsigned short const*, int, int, int, int, int, int, unsigned long)",559,30,32685.0,5376.0,27904.0,164352.0,0.0,9707520.0,512.0,4912535013316169.0,4912535013328969.0
559,1,5120,256,0,0,24,0,32,64,"batch_decode_kernels::q_rope(float*, float const*, int, int, int, int, int, int, float const*, int)",560,40,23463.0,320.0,720.0,7760.0,0.0,261120.0,80.0,4912535013412650.0,4912535013419690.0
560,1,5120,256,0,0,16,0,32,64,"batch_decode_kernels::attention_score(float*, float const*, float const*, unsigned short const*, int, int, int, int, int, int, int, float)",561,41,26664.0,1520.0,1120.0,17040.0,0.0,1020000.0,80.0,4912535013487370.0,4912535013496330.0
561,1,20480,256,1024,0,20,4,48,64,"void attention_kernels::softmax_rows_kernel<256>(float*, int, int, int, int)",562,51,25155.0,400.0,13360.0,12560.0,0.0,353360.0,320.0,4912535013562090.0,4912535013570250.0
562,1,2621440,256,0,0,16,0,32,64,"batch_decode_kernels::latent_context(float*, float const*, unsigned short const*, int, int, int, int, int, int)",563,23,63653.0,122880.0,204800.0,4669440.0,0.0,174981120.0,40960.0,4912535013633931.0,4912535013666891.0
563,1,8192,256,11264,0,24,0,48,64,"batch_decode_kernels::mfma_head_gemm(float*, float const*, unsigned short const*, int, int, int, int, int, int, unsigned long)",564,30,53379.0,3840.0,24832.0,138240.0,0.0,8644608.0,128.0,4912535013731531.0,4912535013756971.0
564,1,8192,256,11264,0,24,0,48,64,"batch_decode_kernels::mfma_gemm(float*, float const*, unsigned short const*, int, int, int, int)",565,21,145187.0,14336.0,96768.0,519936.0,0.0,33163264.0,128.0,4912535013857292.0,4912535013937612.0
565,1,1280,256,1024,0,12,4,32,64,"batch_decode_kernels::rmsnorm(float*, float const*, unsigned short const*, int, int, float)",566,33,33113.0,640.0,740.0,3865.0,0.0,245755.0,20.0,4912535014036492.0,4912535014049292.0
566,1,256,256,11264,0,24,0,48,64,"batch_decode_kernels::mfma_gemm(float*, float const*, unsigned short const*, int, int, int, int)",567,21,156134.0,432.0,3024.0,16232.0,0.0,1036032.0,4.0,4912535014137293.0,4912535014223533.0
567,1,320,64,0,0,16,0,48,64,"void moe_kernels::router_topk_wave64_kernel<64>(float*, float const*, int*, float*, int, int, int, int, int, float)",568,57,39042.0,130.0,600.0,2005.0,0.0,95340.0,5.0,4912535014317294.0,4912535014333614.0
568,1,256,256,1024,0,12,4,64,64,"batch_decode_kernels::align_routes(int const*, int, int, int, int*, int*, int*)",569,17,39873.0,17.0,272.0,429.0,0.0,5541.0,4.0,4912535014418414.0,4912535014435374.0
569,1,349184,256,19968,0,36,4,48,64,"void batch_decode_kernels::grouped_expert_gate_up<16, 1>(float const*, char const*, unsigned long const*, unsigned long const*, int const*, int const*, float*, unsigned short*, int, int, int, int, int)",570,36,234267.0,160512.0,377872.0,3234352.0,0.0,203216464.0,5456.0,4912535014495854.0,4912535014633135.0
570,1,11264,256,19968,0,32,0,48,64,"batch_decode_kernels::mfma_gate_up_swiglu(float*, float const*, unsigned short const*, unsigned short const*, int, int, int)",571,19,157209.0,30272.0,121088.0,850432.0,0.0,53281536.0,176.0,4912535014733936.0,4912535014822096.0
571,1,507904,256,11264,0,24,0,48,64,"void batch_decode_kernels::grouped_expert_down<16, 1>(float const*, unsigned short const*, char const*, unsigned long const*, int const*, int const*, float*, int, int, int, int)",572,26,139213.0,128640.0,401408.0,2422400.0,0.0,153992960.0,7936.0,4912535014924496.0,4912535015003537.0
572,1,1280,256,0,0,12,4,32,64,"batch_decode_kernels::reduce_routes_add(float*, float const*, float const*, int, int, int)",573,28,60635.0,2240.0,1520.0,5800.0,0.0,371200.0,20.0,4912535015087217.0,4912535015116497.0
573,1,8192,256,11264,0,24,0,48,64,"batch_decode_kernels::mfma_gemm(float*, float const*, unsigned short const*, int, int, int, int)",574,21,192931.0,19328.0,132480.0,712320.0,0.0,45475840.0,128.0,4912535015188018.0,4912535015296978.0
574,1,1280,256,1024,0,12,4,32,64,"batch_decode_kernels::rmsnorm(float*, float const*, unsigned short const*, int, int, float)",575,33,31407.0,640.0,740.0,3865.0,0.0,245755.0,20.0,4912535015398579.0,4912535015410579.0
575,1,12288,256,11264,0,24,0,48,64,"batch_decode_kernels::mfma_gemm(float*, float const*, unsigned short const*, int, int, int, int)",576,21,143465.0,20736.0,145152.0,779136.0,0.0,49729536.0,192.0,4912535015475059.0,4912535015554739.0
576,1,2304,256,11264,0,24,0,48,64,"batch_decode_kernels::mfma_gemm(float*, float const*, unsigned short const*, int, int, int, int)",577,21,146298.0,3888.0,27216.0,146088.0,0.0,9324288.0,36.0,4912535015669780.0,4912535015750260.0
577,1,1280,256,1024,0,24,0,32,64,"batch_decode_kernels::kv_norm_rope(unsigned short*, float const*, unsigned short const*, int, int, int, int, int, int, float const*, int, float)",578,39,29169.0,180.0,550.0,2175.0,0.0,125755.0,20.0,4912535015828820.0,4912535015839381.0
578,1,32768,256,11264,0,24,0,48,64,"batch_decode_kernels::mfma_head_gemm(float*, float const*, unsigned short const*, int, int, int, int, int, int, unsigned long)",579,30,32637.0,5376.0,27904.0,164352.0,0.0,9707520.0,512.0,4912535015904021.0,4912535015916821.0
579,1,5120,256,0,0,24,0,32,64,"batch_decode_kernels::q_rope(float*, float const*, int, int, int, int, int, int, float const*, int)",580,40,24151.0,320.0,720.0,7760.0,0.0,261120.0,80.0,4912535015981461.0,4912535015988821.0
580,1,5120,256,0,0,16,0,32,64,"batch_decode_kernels::attention_score(float*, float const*, float const*, unsigned short const*, int, int, int, int, int, int, int, float)",581,41,27496.0,1520.0,1120.0,17040.0,0.0,1020000.0,80.0,4912535016057781.0,4912535016067542.0
581,1,20480,256,1024,0,20,4,48,64,"void attention_kernels::softmax_rows_kernel<256>(float*, int, int, int, int)",582,51,26753.0,400.0,13360.0,12560.0,0.0,353360.0,320.0,4912535016131222.0,4912535016140342.0
582,1,2621440,256,0,0,16,0,32,64,"batch_decode_kernels::latent_context(float*, float const*, unsigned short const*, int, int, int, int, int, int)",583,23,64175.0,122880.0,204800.0,4669440.0,0.0,174981120.0,40960.0,4912535016203542.0,4912535016236982.0
583,1,8192,256,11264,0,24,0,48,64,"batch_decode_kernels::mfma_head_gemm(float*, float const*, unsigned short const*, int, int, int, int, int, int, unsigned long)",584,30,54704.0,3840.0,24832.0,138240.0,0.0,8644608.0,128.0,4912535016336023.0,4912535016362103.0
584,1,8192,256,11264,0,24,0,48,64,"batch_decode_kernels::mfma_gemm(float*, float const*, unsigned short const*, int, int, int, int)",585,21,150062.0,14336.0,96768.0,519936.0,0.0,33163264.0,128.0,4912535016436503.0,4912535016519704.0
585,1,1280,256,1024,0,12,4,32,64,"batch_decode_kernels::rmsnorm(float*, float const*, unsigned short const*, int, int, float)",586,33,33195.0,640.0,740.0,3865.0,0.0,245755.0,20.0,4912535016629304.0,4912535016642424.0
586,1,256,256,11264,0,24,0,48,64,"batch_decode_kernels::mfma_gemm(float*, float const*, unsigned short const*, int, int, int, int)",587,21,157609.0,432.0,3024.0,16232.0,0.0,1036032.0,4.0,4912535016732185.0,4912535016819225.0
587,1,320,64,0,0,16,0,48,64,"void moe_kernels::router_topk_wave64_kernel<64>(float*, float const*, int*, float*, int, int, int, int, int, float)",588,57,38801.0,130.0,600.0,2005.0,0.0,95340.0,5.0,4912535016896185.0,4912535016912505.0
588,1,256,256,1024,0,12,4,64,64,"batch_decode_kernels::align_routes(int const*, int, int, int, int*, int*, int*)",589,17,39040.0,17.0,272.0,429.0,0.0,5541.0,4.0,4912535017000826.0,4912535017017146.0
589,1,349184,256,19968,0,36,4,48,64,"void batch_decode_kernels::grouped_expert_gate_up<16, 1>(float const*, char const*, unsigned long const*, unsigned long const*, int const*, int const*, float*, unsigned short*, int, int, int, int, int)",590,36,231067.0,160512.0,377872.0,3234352.0,0.0,203216464.0,5456.0,4912535017105146.0,4912535017240667.0
590,1,11264,256,19968,0,32,0,48,64,"batch_decode_kernels::mfma_gate_up_swiglu(float*, float const*, unsigned short const*, unsigned short const*, int, int, int)",591,19,158704.0,30272.0,121088.0,850432.0,0.0,53281536.0,176.0,4912535017328987.0,4912535017418108.0
591,1,507904,256,11264,0,24,0,48,64,"void batch_decode_kernels::grouped_expert_down<16, 1>(float const*, unsigned short const*, char const*, unsigned long const*, int const*, int const*, float*, int, int, int, int)",592,26,140391.0,128640.0,401408.0,2422400.0,0.0,153992960.0,7936.0,4912535017519548.0,4912535017599228.0
592,1,1280,256,0,0,12,4,32,64,"batch_decode_kernels::reduce_routes_add(float*, float const*, float const*, int, int, int)",593,28,63657.0,2240.0,1520.0,5800.0,0.0,371200.0,20.0,4912535017683549.0,4912535017714589.0
593,1,8192,256,11264,0,24,0,48,64,"batch_decode_kernels::mfma_gemm(float*, float const*, unsigned short const*, int, int, int, int)",594,21,194469.0,19328.0,132480.0,712320.0,0.0,45475840.0,128.0,4912535017818589.0,4912535017928510.0
594,1,1280,256,1024,0,12,4,32,64,"batch_decode_kernels::rmsnorm(float*, float const*, unsigned short const*, int, int, float)",595,33,32973.0,640.0,740.0,3865.0,0.0,245755.0,20.0,4912535018040510.0,4912535018053310.0
595,1,12288,256,11264,0,24,0,48,64,"batch_decode_kernels::mfma_gemm(float*, float const*, unsigned short const*, int, int, int, int)",596,21,142551.0,20736.0,145152.0,779136.0,0.0,49729536.0,192.0,4912535018116831.0,4912535018195391.0
596,1,2304,256,11264,0,24,0,48,64,"batch_decode_kernels::mfma_gemm(float*, float const*, unsigned short const*, int, int, int, int)",597,21,147011.0,3888.0,27216.0,146088.0,0.0,9324288.0,36.0,4912535018281151.0,4912535018361952.0
597,1,1280,256,1024,0,24,0,32,64,"batch_decode_kernels::kv_norm_rope(unsigned short*, float const*, unsigned short const*, int, int, int, int, int, int, float const*, int, float)",598,39,27954.0,180.0,550.0,2175.0,0.0,125755.0,20.0,4912535018444512.0,4912535018454432.0
598,1,32768,256,11264,0,24,0,48,64,"batch_decode_kernels::mfma_head_gemm(float*, float const*, unsigned short const*, int, int, int, int, int, int, unsigned long)",599,30,32443.0,5376.0,27904.0,164352.0,0.0,9707520.0,512.0,4912535018520353.0,4912535018533153.0
599,1,5120,256,0,0,24,0,32,64,"batch_decode_kernels::q_rope(float*, float const*, int, int, int, int, int, int, float const*, int)",600,40,22667.0,320.0,720.0,7760.0,0.0,261120.0,80.0,4912535018597633.0,4912535018604353.0
600,1,5120,256,0,0,16,0,32,64,"batch_decode_kernels::attention_score(float*, float const*, float const*, unsigned short const*, int, int, int, int, int, int, int, float)",601,41,27495.0,1520.0,1120.0,17040.0,0.0,1020000.0,80.0,4912535018672513.0,4912535018682113.0
601,1,20480,256,1024,0,20,4,48,64,"void attention_kernels::softmax_rows_kernel<256>(float*, int, int, int, int)",602,51,24414.0,400.0,13360.0,12560.0,0.0,353360.0,320.0,4912535018748194.0,4912535018756034.0
602,1,2621440,256,0,0,16,0,32,64,"batch_decode_kernels::latent_context(float*, float const*, unsigned short const*, int, int, int, int, int, int)",603,23,64180.0,122880.0,204800.0,4669440.0,0.0,174981120.0,40960.0,4912535018828194.0,4912535018861474.0
603,1,8192,256,11264,0,24,0,48,64,"batch_decode_kernels::mfma_head_gemm(float*, float const*, unsigned short const*, int, int, int, int, int, int, unsigned long)",604,30,54847.0,3840.0,24832.0,138240.0,0.0,8644608.0,128.0,4912535018965155.0,4912535018991235.0
604,1,8192,256,11264,0,24,0,48,64,"batch_decode_kernels::mfma_gemm(float*, float const*, unsigned short const*, int, int, int, int)",605,21,145833.0,14336.0,96768.0,519936.0,0.0,33163264.0,128.0,4912535019077475.0,4912535019157955.0
605,1,1280,256,1024,0,12,4,32,64,"batch_decode_kernels::rmsnorm(float*, float const*, unsigned short const*, int, int, float)",606,33,32125.0,640.0,740.0,3865.0,0.0,245755.0,20.0,4912535019217156.0,4912535019229476.0
606,1,256,256,11264,0,24,0,48,64,"batch_decode_kernels::mfma_gemm(float*, float const*, unsigned short const*, int, int, int, int)",607,21,158625.0,432.0,3024.0,16232.0,0.0,1036032.0,4.0,4912535019294756.0,4912535019382276.0
607,1,320,64,0,0,16,0,48,64,"void moe_kernels::router_topk_wave64_kernel<64>(float*, float const*, int*, float*, int, int, int, int, int, float)",608,57,38807.0,130.0,600.0,2005.0,0.0,95375.0,5.0,4912535019494917.0,4912535019511237.0
608,1,256,256,1024,0,12,4,64,64,"batch_decode_kernels::align_routes(int const*, int, int, int, int*, int*, int*)",609,17,40394.0,17.0,272.0,429.0,0.0,5541.0,4.0,4912535019583877.0,4912535019600997.0
609,1,349184,256,19968,0,36,4,48,64,"void batch_decode_kernels::grouped_expert_gate_up<16, 1>(float const*, char const*, unsigned long const*, unsigned long const*, int const*, int const*, float*, unsigned short*, int, int, int, int, int)",610,36,230703.0,160512.0,377872.0,3234352.0,0.0,203216464.0,5456.0,4912535019662598.0,4912535019797798.0
610,1,11264,256,19968,0,32,0,48,64,"batch_decode_kernels::mfma_gate_up_swiglu(float*, float const*, unsigned short const*, unsigned short const*, int, int, int)",611,19,157471.0,30272.0,121088.0,850432.0,0.0,53281536.0,176.0,4912535019892359.0,4912535019980839.0
611,1,507904,256,11264,0,24,0,48,64,"void batch_decode_kernels::grouped_expert_down<16, 1>(float const*, unsigned short const*, char const*, unsigned long const*, int const*, int const*, float*, int, int, int, int)",612,26,141125.0,128640.0,401408.0,2422400.0,0.0,153992960.0,7936.0,4912535020079719.0,4912535020159880.0
612,1,1280,256,0,0,12,4,32,64,"batch_decode_kernels::reduce_routes_add(float*, float const*, float const*, int, int, int)",613,28,63559.0,2240.0,1520.0,5800.0,0.0,371200.0,20.0,4912535020222440.0,4912535020253480.0
613,1,8192,256,11264,0,24,0,48,64,"batch_decode_kernels::mfma_gemm(float*, float const*, unsigned short const*, int, int, int, int)",614,21,196253.0,19328.0,132480.0,712320.0,0.0,45475840.0,128.0,4912535020361641.0,4912535020472521.0
614,1,1280,256,1024,0,12,4,32,64,"batch_decode_kernels::rmsnorm(float*, float const*, unsigned short const*, int, int, float)",615,33,32625.0,640.0,740.0,3865.0,0.0,245755.0,20.0,4912535020535722.0,4912535020548362.0
615,1,12288,256,11264,0,24,0,48,64,"batch_decode_kernels::mfma_gemm(float*, float const*, unsigned short const*, int, int, int, int)",616,21,141299.0,20736.0,145152.0,779136.0,0.0,49729536.0,192.0,4912535020615562.0,4912535020693962.0
616,1,2304,256,11264,0,24,0,48,64,"batch_decode_kernels::mfma_gemm(float*, float const*, unsigned short const*, int, int, int, int)",617,21,145885.0,3888.0,27216.0,146088.0,0.0,9324288.0,36.0,4912535020759403.0,4912535020839563.0
617,1,1280,256,1024,0,24,0,32,64,"batch_decode_kernels::kv_norm_rope(unsigned short*, float const*, unsigned short const*, int, int, int, int, int, int, float const*, int, float)",618,39,28031.0,180.0,550.0,2175.0,0.0,125755.0,20.0,4912535020902283.0,4912535020912363.0
618,1,32768,256,11264,0,24,0,48,64,"batch_decode_kernels::mfma_head_gemm(float*, float const*, unsigned short const*, int, int, int, int, int, int, unsigned long)",619,30,33726.0,5376.0,27904.0,164352.0,0.0,9707520.0,512.0,4912535020981484.0,4912535020994924.0
619,1,5120,256,0,0,24,0,32,64,"batch_decode_kernels::q_rope(float*, float const*, int, int, int, int, int, int, float const*, int)",620,40,23305.0,320.0,720.0,7760.0,0.0,261120.0,80.0,4912535021066284.0,4912535021073164.0
620,1,5120,256,0,0,16,0,32,64,"batch_decode_kernels::attention_score(float*, float const*, float const*, unsigned short const*, int, int, int, int, int, int, int, float)",621,41,28689.0,1520.0,1120.0,17040.0,0.0,1020000.0,80.0,4912535021178284.0,4912535021188684.0
621,1,20480,256,1024,0,20,4,48,64,"void attention_kernels::softmax_rows_kernel<256>(float*, int, int, int, int)",622,51,24881.0,400.0,13360.0,12560.0,0.0,353360.0,320.0,4912535021286925.0,4912535021294765.0
622,1,2621440,256,0,0,16,0,32,64,"batch_decode_kernels::latent_context(float*, float const*, unsigned short const*, int, int, int, int, int, int)",623,23,63959.0,122880.0,204800.0,4669440.0,0.0,174981120.0,40960.0,4912535021365805.0,4912535021399085.0
623,1,8192,256,11264,0,24,0,48,64,"batch_decode_kernels::mfma_head_gemm(float*, float const*, unsigned short const*, int, int, int, int, int, int, unsigned long)",624,30,54299.0,3840.0,24832.0,138240.0,0.0,8644608.0,128.0,4912535021483726.0,4912535021509646.0
624,1,8192,256,11264,0,24,0,48,64,"batch_decode_kernels::mfma_gemm(float*, float const*, unsigned short const*, int, int, int, int)",625,21,145851.0,14336.0,96768.0,519936.0,0.0,33163264.0,128.0,4912535021628686.0,4912535021709487.0
625,1,1280,256,1024,0,12,4,32,64,"batch_decode_kernels::rmsnorm(float*, float const*, unsigned short const*, int, int, float)",626,33,32889.0,640.0,740.0,3865.0,0.0,245755.0,20.0,4912535021777167.0,4912535021789807.0
626,1,256,256,11264,0,24,0,48,64,"batch_decode_kernels::mfma_gemm(float*, float const*, unsigned short const*, int, int, int, int)",627,21,153696.0,432.0,3024.0,16232.0,0.0,1036032.0,4.0,4912535021861487.0,4912535021946128.0
627,1,320,64,0,0,16,0,48,64,"void moe_kernels::router_topk_wave64_kernel<64>(float*, float const*, int*, float*, int, int, int, int, int, float)",628,57,36592.0,130.0,600.0,2005.0,0.0,95345.0,5.0,4912535022043408.0,4912535022058448.0
628,1,256,256,1024,0,12,4,64,64,"batch_decode_kernels::align_routes(int const*, int, int, int, int*, int*, int*)",629,17,40543.0,17.0,272.0,429.0,0.0,5541.0,4.0,4912535022152209.0,4912535022169489.0
629,1,349184,256,19968,0,36,4,48,64,"void batch_decode_kernels::grouped_expert_gate_up<16, 1>(float const*, char const*, unsigned long const*, unsigned long const*, int const*, int const*, float*, unsigned short*, int, int, int, int, int)",630,36,231376.0,160512.0,377872.0,3234352.0,0.0,203216464.0,5456.0,4912535022264849.0,4912535022400690.0
630,1,11264,256,19968,0,32,0,48,64,"batch_decode_kernels::mfma_gate_up_swiglu(float*, float const*, unsigned short const*, unsigned short const*, int, int, int)",631,19,156437.0,30272.0,121088.0,850432.0,0.0,53281536.0,176.0,4912535022511570.0,4912535022599251.0
631,1,507904,256,11264,0,24,0,48,64,"void batch_decode_kernels::grouped_expert_down<16, 1>(float const*, unsigned short const*, char const*, unsigned long const*, int const*, int const*, float*, int, int, int, int)",632,26,140437.0,128640.0,401408.0,2422400.0,0.0,153992960.0,7936.0,4912535022690931.0,4912535022770932.0
632,1,1280,256,0,0,12,4,32,64,"batch_decode_kernels::reduce_routes_add(float*, float const*, float const*, int, int, int)",633,28,63757.0,2240.0,1520.0,5800.0,0.0,371200.0,20.0,4912535022872852.0,4912535022903892.0
633,1,8192,256,11264,0,24,0,48,64,"batch_decode_kernels::mfma_gemm(float*, float const*, unsigned short const*, int, int, int, int)",634,21,194287.0,19328.0,132480.0,712320.0,0.0,45475840.0,128.0,4912535023026933.0,4912535023136693.0
634,1,1280,256,1024,0,12,4,32,64,"batch_decode_kernels::rmsnorm(float*, float const*, unsigned short const*, int, int, float)",635,33,31714.0,640.0,740.0,3865.0,0.0,245755.0,20.0,4912535023240374.0,4912535023252534.0
635,1,12288,256,11264,0,24,0,48,64,"batch_decode_kernels::mfma_gemm(float*, float const*, unsigned short const*, int, int, int, int)",636,21,143253.0,20736.0,145152.0,779136.0,0.0,49729536.0,192.0,4912535023321174.0,4912535023400854.0
636,1,2304,256,11264,0,24,0,48,64,"batch_decode_kernels::mfma_gemm(float*, float const*, unsigned short const*, int, int, int, int)",637,21,147316.0,3888.0,27216.0,146088.0,0.0,9324288.0,36.0,4912535023468695.0,4912535023549815.0
637,1,1280,256,1024,0,24,0,32,64,"batch_decode_kernels::kv_norm_rope(unsigned short*, float const*, unsigned short const*, int, int, int, int, int, int, float const*, int, float)",638,39,29616.0,180.0,550.0,2175.0,0.0,125755.0,20.0,4912535023649335.0,4912535023660056.0
638,1,32768,256,11264,0,24,0,48,64,"batch_decode_kernels::mfma_head_gemm(float*, float const*, unsigned short const*, int, int, int, int, int, int, unsigned long)",639,30,31867.0,5376.0,27904.0,164352.0,0.0,9707520.0,512.0,4912535023729816.0,4912535023742296.0
639,1,5120,256,0,0,24,0,32,64,"batch_decode_kernels::q_rope(float*, float const*, int, int, int, int, int, int, float const*, int)",640,40,23771.0,320.0,720.0,7760.0,0.0,261120.0,80.0,4912535023846743.0,4912535023854103.0
640,1,5120,256,0,0,16,0,32,64,"batch_decode_kernels::attention_score(float*, float const*, float const*, unsigned short const*, int, int, int, int, int, int, int, float)",641,41,28282.0,1520.0,1120.0,17040.0,0.0,1020000.0,80.0,4912535023943863.0,4912535023954103.0
641,1,20480,256,1024,0,20,4,48,64,"void attention_kernels::softmax_rows_kernel<256>(float*, int, int, int, int)",642,51,25168.0,400.0,13360.0,12560.0,0.0,353360.0,320.0,4912535024032183.0,4912535024040503.0
642,1,2621440,256,0,0,16,0,32,64,"batch_decode_kernels::latent_context(float*, float const*, unsigned short const*, int, int, int, int, int, int)",643,23,63545.0,122880.0,204800.0,4669440.0,0.0,174981120.0,40960.0,4912535024144984.0,4912535024177944.0
643,1,8192,256,11264,0,24,0,48,64,"batch_decode_kernels::mfma_head_gemm(float*, float const*, unsigned short const*, int, int, int, int, int, int, unsigned long)",644,30,53523.0,3840.0,24832.0,138240.0,0.0,8644608.0,128.0,4912535024296344.0,4912535024321784.0
644,1,8192,256,11264,0,24,0,48,64,"batch_decode_kernels::mfma_gemm(float*, float const*, unsigned short const*, int, int, int, int)",645,21,146428.0,14336.0,96768.0,519936.0,0.0,33163264.0,128.0,4912535024381945.0,4912535024463065.0
645,1,1280,256,1024,0,12,4,32,64,"batch_decode_kernels::rmsnorm(float*, float const*, unsigned short const*, int, int, float)",646,33,32630.0,640.0,740.0,3865.0,0.0,245755.0,20.0,4912535024565945.0,4912535024578745.0
646,1,256,256,11264,0,24,0,48,64,"batch_decode_kernels::mfma_gemm(float*, float const*, unsigned short const*, int, int, int, int)",647,21,156091.0,432.0,3024.0,16232.0,0.0,1036032.0,4.0,4912535024652506.0,4912535024738746.0
647,1,320,64,0,0,16,0,48,64,"void moe_kernels::router_topk_wave64_kernel<64>(float*, float const*, int*, float*, int, int, int, int, int, float)",648,57,38056.0,130.0,600.0,2005.0,0.0,95330.0,5.0,4912535024804506.0,4912535024820507.0
648,1,256,256,1024,0,12,4,64,64,"batch_decode_kernels::align_routes(int const*, int, int, int, int*, int*, int*)",649,17,40054.0,17.0,272.0,429.0,0.0,5541.0,4.0,4912535024889467.0,4912535024905947.0
649,1,349184,256,19968,0,36,4,48,64,"void batch_decode_kernels::grouped_expert_gate_up<16, 1>(float const*, char const*, unsigned long const*, unsigned long const*, int const*, int const*, float*, unsigned short*, int, int, int, int, int)",650,36,230392.0,160512.0,377872.0,3234352.0,0.0,203216464.0,5456.0,4912535025009627.0,4912535025144828.0
650,1,11264,256,19968,0,32,0,48,64,"batch_decode_kernels::mfma_gate_up_swiglu(float*, float const*, unsigned short const*, unsigned short const*, int, int, int)",651,19,156897.0,30272.0,121088.0,850432.0,0.0,53281536.0,176.0,4912535025232188.0,4912535025320189.0
651,1,507904,256,11264,0,24,0,48,64,"void batch_decode_kernels::grouped_expert_down<16, 1>(float const*, unsigned short const*, char const*, unsigned long const*, int const*, int const*, float*, int, int, int, int)",652,26,142501.0,128640.0,401408.0,2422400.0,0.0,153992960.0,7936.0,4912535025418429.0,4912535025499390.0
652,1,1280,256,0,0,12,4,32,64,"batch_decode_kernels::reduce_routes_add(float*, float const*, float const*, int, int, int)",653,28,60797.0,2240.0,1520.0,5800.0,0.0,371200.0,20.0,4912535025572670.0,4912535025602110.0
653,1,8192,256,11264,0,24,0,48,64,"batch_decode_kernels::mfma_gemm(float*, float const*, unsigned short const*, int, int, int, int)",654,21,194224.0,19328.0,132480.0,712320.0,0.0,45475840.0,128.0,4912535025693470.0,4912535025803231.0
654,1,1280,256,1024,0,12,4,32,64,"batch_decode_kernels::rmsnorm(float*, float const*, unsigned short const*, int, int, float)",655,33,31290.0,640.0,740.0,3865.0,0.0,245755.0,20.0,4912535025876511.0,4912535025888351.0
655,1,12288,256,11264,0,24,0,48,64,"batch_decode_kernels::mfma_gemm(float*, float const*, unsigned short const*, int, int, int, int)",656,21,143846.0,20736.0,145152.0,779136.0,0.0,49729536.0,192.0,4912535025962592.0,4912535026042432.0
656,1,2304,256,11264,0,24,0,48,64,"batch_decode_kernels::mfma_gemm(float*, float const*, unsigned short const*, int, int, int, int)",657,21,145727.0,3888.0,27216.0,146088.0,0.0,9324288.0,36.0,4912535026155393.0,4912535026235553.0
657,1,1280,256,1024,0,24,0,32,64,"batch_decode_kernels::kv_norm_rope(unsigned short*, float const*, unsigned short const*, int, int, int, int, int, int, float const*, int, float)",658,39,26856.0,180.0,550.0,2175.0,0.0,125755.0,20.0,4912535026312193.0,4912535026321473.0
658,1,32768,256,11264,0,24,0,48,64,"batch_decode_kernels::mfma_head_gemm(float*, float const*, unsigned short const*, int, int, int, int, int, int, unsigned long)",659,30,33553.0,5376.0,27904.0,164352.0,0.0,9707520.0,512.0,4912535026398914.0,4912535026412514.0
659,1,5120,256,0,0,24,0,32,64,"batch_decode_kernels::q_rope(float*, float const*, int, int, int, int, int, int, float const*, int)",660,40,23125.0,320.0,720.0,7760.0,0.0,261120.0,80.0,4912535026519554.0,4912535026526594.0
660,1,5120,256,0,0,16,0,32,64,"batch_decode_kernels::attention_score(float*, float const*, float const*, unsigned short const*, int, int, int, int, int, int, int, float)",661,41,27555.0,1520.0,1120.0,17040.0,0.0,1020000.0,80.0,4912535026603715.0,4912535026613475.0
661,1,20480,256,1024,0,20,4,48,64,"void attention_kernels::softmax_rows_kernel<256>(float*, int, int, int, int)",662,51,25329.0,400.0,13360.0,12560.0,0.0,353360.0,320.0,4912535026688515.0,4912535026696675.0
662,1,2621440,256,0,0,16,0,32,64,"batch_decode_kernels::latent_context(float*, float const*, unsigned short const*, int, int, int, int, int, int)",663,23,63831.0,122880.0,204800.0,4669440.0,0.0,174981120.0,40960.0,4912535026809475.0,4912535026842596.0
663,1,8192,256,11264,0,24,0,48,64,"batch_decode_kernels::mfma_head_gemm(float*, float const*, unsigned short const*, int, int, int, int, int, int, unsigned long)",664,30,53452.0,3840.0,24832.0,138240.0,0.0,8644608.0,128.0,4912535026932196.0,4912535026957316.0
664,1,8192,256,11264,0,24,0,48,64,"batch_decode_kernels::mfma_gemm(float*, float const*, unsigned short const*, int, int, int, int)",665,21,143891.0,14336.0,96768.0,519936.0,0.0,33163264.0,128.0,4912535027021956.0,4912535027101317.0
665,1,1280,256,1024,0,12,4,32,64,"batch_decode_kernels::rmsnorm(float*, float const*, unsigned short const*, int, int, float)",666,33,32047.0,640.0,740.0,3865.0,0.0,245755.0,20.0,4912535027214597.0,4912535027226917.0
666,1,256,256,11264,0,24,0,48,64,"batch_decode_kernels::mfma_gemm(float*, float const*, unsigned short const*, int, int, int, int)",667,21,155915.0,432.0,3024.0,16232.0,0.0,1036032.0,4.0,4912535027303078.0,4912535027389158.0
667,1,320,64,0,0,16,0,48,64,"void moe_kernels::router_topk_wave64_kernel<64>(float*, float const*, int*, float*, int, int, int, int, int, float)",668,57,38109.0,130.0,600.0,2005.0,0.0,95345.0,5.0,4912535027495399.0,4912535027511399.0
668,1,256,256,1024,0,12,4,64,64,"batch_decode_kernels::align_routes(int const*, int, int, int, int*, int*, int*)",669,17,39625.0,17.0,272.0,429.0,0.0,5541.0,4.0,4912535027627719.0,4912535027644359.0
669,1,349184,256,19968,0,36,4,48,64,"void batch_decode_kernels::grouped_expert_gate_up<16, 1>(float const*, char const*, unsigned long const*, unsigned long const*, int const*, int const*, float*, unsigned short*, int, int, int, int, int)",670,36,230927.0,160512.0,377872.0,3234352.0,0.0,203216464.0,5456.0,4912535027860520.0,4912535027995721.0
670,1,11264,256,19968,0,32,0,48,64,"batch_decode_kernels::mfma_gate_up_swiglu(float*, float const*, unsigned short const*, unsigned short const*, int, int, int)",671,19,158713.0,30272.0,121088.0,850432.0,0.0,53281536.0,176.0,4912535028106281.0,4912535028195402.0
671,1,507904,256,11264,0,24,0,48,64,"void batch_decode_kernels::grouped_expert_down<16, 1>(float const*, unsigned short const*, char const*, unsigned long const*, int const*, int const*, float*, int, int, int, int)",672,26,140588.0,128640.0,401408.0,2422400.0,0.0,153992960.0,7936.0,4912535028270922.0,4912535028350922.0
672,1,1280,256,0,0,12,4,32,64,"batch_decode_kernels::reduce_routes_add(float*, float const*, float const*, int, int, int)",673,28,63603.0,2240.0,1520.0,5800.0,0.0,371200.0,20.0,4912535028464523.0,4912535028495563.0
673,1,8192,256,11264,0,24,0,48,64,"batch_decode_kernels::mfma_gemm(float*, float const*, unsigned short const*, int, int, int, int)",674,21,194860.0,19328.0,132480.0,712320.0,0.0,45475840.0,128.0,4912535028560203.0,4912535028670444.0
674,1,1280,256,1024,0,12,4,32,64,"batch_decode_kernels::rmsnorm(float*, float const*, unsigned short const*, int, int, float)",675,33,34826.0,640.0,740.0,3865.0,0.0,245755.0,20.0,4912535028799244.0,4912535028813164.0
675,1,12288,256,11264,0,24,0,48,64,"batch_decode_kernels::mfma_gemm(float*, float const*, unsigned short const*, int, int, int, int)",676,21,142161.0,20736.0,145152.0,779136.0,0.0,49729536.0,192.0,4912535028890605.0,4912535028969325.0
676,1,2304,256,11264,0,24,0,48,64,"batch_decode_kernels::mfma_gemm(float*, float const*, unsigned short const*, int, int, int, int)",677,21,146072.0,3888.0,27216.0,146088.0,0.0,9324288.0,36.0,4912535029095886.0,4912535029176366.0
677,1,1280,256,1024,0,24,0,32,64,"batch_decode_kernels::kv_norm_rope(unsigned short*, float const*, unsigned short const*, int, int, int, int, int, int, float const*, int, float)",678,39,27050.0,180.0,550.0,2175.0,0.0,125755.0,20.0,4912535029267726.0,4912535029277166.0
678,1,32768,256,11264,0,24,0,48,64,"batch_decode_kernels::mfma_head_gemm(float*, float const*, unsigned short const*, int, int, int, int, int, int, unsigned long)",679,30,32885.0,5376.0,27904.0,164352.0,0.0,9707520.0,512.0,4912535029355567.0,4912535029368687.0
679,1,5120,256,0,0,24,0,32,64,"batch_decode_kernels::q_rope(float*, float const*, int, int, int, int, int, int, float const*, int)",680,40,22823.0,320.0,720.0,7760.0,0.0,261120.0,80.0,4912535029485967.0,4912535029492847.0
680,1,5120,256,0,0,16,0,32,64,"batch_decode_kernels::attention_score(float*, float const*, float const*, unsigned short const*, int, int, int, int, int, int, int, float)",681,41,27137.0,1520.0,1120.0,17040.0,0.0,1020000.0,80.0,4912535029577808.0,4912535029587248.0
681,1,20480,256,1024,0,20,4,48,64,"void attention_kernels::softmax_rows_kernel<256>(float*, int, int, int, int)",682,51,25637.0,400.0,13360.0,12560.0,0.0,353360.0,320.0,4912535029708208.0,4912535029716368.0
682,1,2621440,256,0,0,16,0,32,64,"batch_decode_kernels::latent_context(float*, float const*, unsigned short const*, int, int, int, int, int, int)",683,23,64239.0,122880.0,204800.0,4669440.0,0.0,174981120.0,40960.0,4912535029803409.0,4912535029836849.0
683,1,8192,256,11264,0,24,0,48,64,"batch_decode_kernels::mfma_head_gemm(float*, float const*, unsigned short const*, int, int, int, int, int, int, unsigned long)",684,30,53690.0,3840.0,24832.0,138240.0,0.0,8644608.0,128.0,4912535029934769.0,4912535029960210.0
684,1,8192,256,11264,0,24,0,48,64,"batch_decode_kernels::mfma_gemm(float*, float const*, unsigned short const*, int, int, int, int)",685,21,145715.0,14336.0,96768.0,519936.0,0.0,33163264.0,128.0,4912535030064370.0,4912535030144850.0
685,1,1280,256,1024,0,12,4,32,64,"batch_decode_kernels::rmsnorm(float*, float const*, unsigned short const*, int, int, float)",686,33,32004.0,640.0,740.0,3865.0,0.0,245755.0,20.0,4912535030234931.0,4912535030247091.0
686,1,256,256,11264,0,24,0,48,64,"batch_decode_kernels::mfma_gemm(float*, float const*, unsigned short const*, int, int, int, int)",687,21,156923.0,432.0,3024.0,16232.0,0.0,1036032.0,4.0,4912535030327411.0,4912535030414132.0
687,1,320,64,0,0,16,0,48,64,"void moe_kernels::router_topk_wave64_kernel<64>(float*, float const*, int*, float*, int, int, int, int, int, float)",688,57,40077.0,130.0,600.0,2005.0,0.0,95375.0,5.0,4912535030532052.0,4912535030549012.0
688,1,256,256,1024,0,12,4,64,64,"batch_decode_kernels::align_routes(int const*, int, int, int, int*, int*, int*)",689,17,39506.0,17.0,272.0,429.0,0.0,5541.0,4.0,4912535030629333.0,4912535030645973.0
689,1,349184,256,19968,0,36,4,48,64,"void batch_decode_kernels::grouped_expert_gate_up<16, 1>(float const*, char const*, unsigned long const*, unsigned long const*, int const*, int const*, float*, unsigned short*, int, int, int, int, int)",690,36,231281.0,160512.0,377872.0,3234352.0,0.0,203216464.0,5456.0,4912535030720533.0,4912535030855894.0
690,1,11264,256,19968,0,32,0,48,64,"batch_decode_kernels::mfma_gate_up_swiglu(float*, float const*, unsigned short const*, unsigned short const*, int, int, int)",691,19,157041.0,30272.0,121088.0,850432.0,0.0,53281536.0,176.0,4912535030927894.0,4912535031015894.0
691,1,507904,256,11264,0,24,0,48,64,"void batch_decode_kernels::grouped_expert_down<16, 1>(float const*, unsigned short const*, char const*, unsigned long const*, int const*, int const*, float*, int, int, int, int)",692,26,140132.0,128640.0,401408.0,2422400.0,0.0,153992960.0,7936.0,4912535031104535.0,4912535031184375.0
692,1,1280,256,0,0,12,4,32,64,"batch_decode_kernels::reduce_routes_add(float*, float const*, float const*, int, int, int)",693,28,62502.0,2240.0,1520.0,5800.0,0.0,371200.0,20.0,4912535031277335.0,4912535031307736.0
693,1,8192,256,11264,0,24,0,48,64,"batch_decode_kernels::mfma_gemm(float*, float const*, unsigned short const*, int, int, int, int)",694,21,196483.0,19328.0,132480.0,712320.0,0.0,45475840.0,128.0,4912535031371096.0,4912535031481816.0
694,1,1280,256,1024,0,12,4,32,64,"batch_decode_kernels::rmsnorm(float*, float const*, unsigned short const*, int, int, float)",695,33,32488.0,640.0,740.0,3865.0,0.0,245755.0,20.0,4912535031579097.0,4912535031591417.0
695,1,12288,256,11264,0,24,0,48,64,"batch_decode_kernels::mfma_gemm(float*, float const*, unsigned short const*, int, int, int, int)",696,21,142854.0,20736.0,145152.0,779136.0,0.0,49729536.0,192.0,4912535031672377.0,4912535031751738.0
696,1,2304,256,11264,0,24,0,48,64,"batch_decode_kernels::mfma_gemm(float*, float const*, unsigned short const*, int, int, int, int)",697,21,147009.0,3888.0,27216.0,146088.0,0.0,9324288.0,36.0,4912535031843098.0,4912535031923898.0
697,1,1280,256,1024,0,24,0,32,64,"batch_decode_kernels::kv_norm_rope(unsigned short*, float const*, unsigned short const*, int, int, int, int, int, int, float const*, int, float)",698,39,29253.0,180.0,550.0,2175.0,0.0,125755.0,20.0,4912535032021019.0,4912535032031259.0
698,1,32768,256,11264,0,24,0,48,64,"batch_decode_kernels::mfma_head_gemm(float*, float const*, unsigned short const*, int, int, int, int, int, int, unsigned long)",699,30,33319.0,5376.0,27904.0,164352.0,0.0,9707520.0,512.0,4912535032113019.0,4912535032126459.0
699,1,5120,256,0,0,24,0,32,64,"batch_decode_kernels::q_rope(float*, float const*, int, int, int, int, int, int, float const*, int)",700,40,23599.0,320.0,720.0,7760.0,0.0,261120.0,80.0,4912535032207900.0,4912535032215260.0
700,1,5120,256,0,0,16,0,32,64,"batch_decode_kernels::attention_score(float*, float const*, float const*, unsigned short const*, int, int, int, int, int, int, int, float)",701,41,27166.0,1520.0,1120.0,17040.0,0.0,1020000.0,80.0,4912535032343420.0,4912535032352860.0
701,1,20480,256,1024,0,20,4,48,64,"void attention_kernels::softmax_rows_kernel<256>(float*, int, int, int, int)",702,51,25291.0,400.0,13360.0,12560.0,0.0,353360.0,320.0,4912535032437661.0,4912535032445981.0
702,1,2621440,256,0,0,16,0,32,64,"batch_decode_kernels::latent_context(float*, float const*, unsigned short const*, int, int, int, int, int, int)",703,23,64246.0,122880.0,204800.0,4669440.0,0.0,174981120.0,40960.0,4912535032538941.0,4912535032572221.0
703,1,8192,256,11264,0,24,0,48,64,"batch_decode_kernels::mfma_head_gemm(float*, float const*, unsigned short const*, int, int, int, int, int, int, unsigned long)",704,30,53986.0,3840.0,24832.0,138240.0,0.0,8644608.0,128.0,4912535032631422.0,4912535032657022.0
704,1,8192,256,11264,0,24,0,48,64,"batch_decode_kernels::mfma_gemm(float*, float const*, unsigned short const*, int, int, int, int)",705,21,146563.0,14336.0,96768.0,519936.0,0.0,33163264.0,128.0,4912535032725182.0,4912535032806302.0
705,1,1280,256,1024,0,12,4,32,64,"batch_decode_kernels::rmsnorm(float*, float const*, unsigned short const*, int, int, float)",706,33,32195.0,640.0,740.0,3865.0,0.0,245755.0,20.0,4912535032866303.0,4912535032878303.0
706,1,256,256,11264,0,24,0,48,64,"batch_decode_kernels::mfma_gemm(float*, float const*, unsigned short const*, int, int, int, int)",707,21,154132.0,432.0,3024.0,16232.0,0.0,1036032.0,4.0,4912535032999423.0,4912535033084384.0
707,1,320,64,0,0,16,0,48,64,"void moe_kernels::router_topk_wave64_kernel<64>(float*, float const*, int*, float*, int, int, int, int, int, float)",708,57,40665.0,130.0,600.0,2005.0,0.0,95345.0,5.0,4912535033164544.0,4912535033181984.0
708,1,256,256,1024,0,12,4,64,64,"batch_decode_kernels::align_routes(int const*, int, int, int, int*, int*, int*)",709,17,39469.0,17.0,272.0,429.0,0.0,5541.0,4.0,4912535033268064.0,4912535033284704.0
709,1,349184,256,19968,0,36,4,48,64,"void batch_decode_kernels::grouped_expert_gate_up<16, 1>(float const*, char const*, unsigned long const*, unsigned long const*, int const*, int const*, float*, unsigned short*, int, int, int, int, int)",710,36,230595.0,160512.0,377872.0,3234352.0,0.0,203216464.0,5456.0,4912535033401825.0,4912535033536546.0
710,1,11264,256,19968,0,32,0,48,64,"batch_decode_kernels::mfma_gate_up_swiglu(float*, float const*, unsigned short const*, unsigned short const*, int, int, int)",711,19,159320.0,30272.0,121088.0,850432.0,0.0,53281536.0,176.0,4912535033617826.0,4912535033706946.0
711,1,507904,256,11264,0,24,0,48,64,"void batch_decode_kernels::grouped_expert_down<16, 1>(float const*, unsigned short const*, char const*, unsigned long const*, int const*, int const*, float*, int, int, int, int)",712,26,140881.0,128640.0,401408.0,2422400.0,0.0,153992960.0,7936.0,4912535033798947.0,4912535033878627.0
712,1,1280,256,0,0,12,4,32,64,"batch_decode_kernels::reduce_routes_add(float*, float const*, float const*, int, int, int)",713,28,63188.0,2240.0,1520.0,5800.0,0.0,371200.0,20.0,4912535034019268.0,4912535034050148.0
713,1,8192,256,11264,0,24,0,48,64,"batch_decode_kernels::mfma_gemm(float*, float const*, unsigned short const*, int, int, int, int)",714,21,193671.0,19328.0,132480.0,712320.0,0.0,45475840.0,128.0,4912535034123108.0,4912535034232549.0
714,1,1280,256,1024,0,12,4,32,64,"batch_decode_kernels::rmsnorm(float*, float const*, unsigned short const*, int, int, float)",715,33,32361.0,640.0,740.0,3865.0,0.0,245755.0,20.0,4912535034301669.0,4912535034313669.0
715,1,12288,256,11264,0,24,0,48,64,"batch_decode_kernels::mfma_gemm(float*, float const*, unsigned short const*, int, int, int, int)",716,21,140843.0,20736.0,145152.0,779136.0,0.0,49729536.0,192.0,4912535034400549.0,4912535034478470.0
716,1,2304,256,11264,0,24,0,48,64,"batch_decode_kernels::mfma_gemm(float*, float const*, unsigned short const*, int, int, int, int)",717,21,144852.0,3888.0,27216.0,146088.0,0.0,9324288.0,36.0,4912535034541350.0,4912535034621030.0
717,1,1280,256,1024,0,24,0,32,64,"batch_decode_kernels::kv_norm_rope(unsigned short*, float const*, unsigned short const*, int, int, int, int, int, int, float const*, int, float)",718,39,27687.0,180.0,550.0,2175.0,0.0,125755.0,20.0,4912535034679271.0,4912535034689191.0
718,1,32768,256,11264,0,24,0,48,64,"batch_decode_kernels::mfma_head_gemm(float*, float const*, unsigned short const*, int, int, int, int, int, int, unsigned long)",719,30,32773.0,5376.0,27904.0,164352.0,0.0,9707520.0,512.0,4912535034774311.0,4912535034787431.0
719,1,5120,256,0,0,24,0,32,64,"batch_decode_kernels::q_rope(float*, float const*, int, int, int, int, int, int, float const*, int)",720,40,23084.0,320.0,720.0,7760.0,0.0,261120.0,80.0,4912535034869352.0,4912535034876232.0
720,1,5120,256,0,0,16,0,32,64,"batch_decode_kernels::attention_score(float*, float const*, float const*, unsigned short const*, int, int, int, int, int, int, int, float)",721,41,27553.0,1520.0,1120.0,17040.0,0.0,1020000.0,80.0,4912535034983592.0,4912535034993352.0
721,1,20480,256,1024,0,20,4,48,64,"void attention_kernels::softmax_rows_kernel<256>(float*, int, int, int, int)",722,51,26001.0,400.0,13360.0,12560.0,0.0,353360.0,320.0,4912535035091593.0,4912535035100233.0
722,1,2621440,256,0,0,16,0,32,64,"batch_decode_kernels::latent_context(float*, float const*, unsigned short const*, int, int, int, int, int, int)",723,23,64235.0,122880.0,204800.0,4669440.0,0.0,174981120.0,40960.0,4912535035232393.0,4912535035265673.0
723,1,8192,256,11264,0,24,0,48,64,"batch_decode_kernels::mfma_head_gemm(float*, float const*, unsigned short const*, int, int, int, int, int, int, unsigned long)",724,30,56471.0,3840.0,24832.0,138240.0,0.0,8644608.0,128.0,4912535035370954.0,4912535035398154.0
724,1,8192,256,11264,0,24,0,48,64,"batch_decode_kernels::mfma_gemm(float*, float const*, unsigned short const*, int, int, int, int)",725,21,144089.0,14336.0,96768.0,519936.0,0.0,33163264.0,128.0,4912535035471274.0,4912535035551115.0
725,1,1280,256,1024,0,12,4,32,64,"batch_decode_kernels::rmsnorm(float*, float const*, unsigned short const*, int, int, float)",726,33,31724.0,640.0,740.0,3865.0,0.0,245755.0,20.0,4912535035613035.0,4912535035625355.0
726,1,256,256,11264,0,24,0,48,64,"batch_decode_kernels::mfma_gemm(float*, float const*, unsigned short const*, int, int, int, int)",727,21,155298.0,432.0,3024.0,16232.0,0.0,1036032.0,4.0,4912535035712555.0,4912535035797836.0
727,1,320,64,0,0,16,0,48,64,"void moe_kernels::router_topk_wave64_kernel<64>(float*, float const*, int*, float*, int, int, int, int, int, float)",728,57,39130.0,130.0,600.0,2005.0,0.0,95330.0,5.0,4912535035897036.0,4912535035913356.0
728,1,256,256,1024,0,12,4,64,64,"batch_decode_kernels::align_routes(int const*, int, int, int, int*, int*, int*)",729,17,40153.0,17.0,272.0,429.0,0.0,5541.0,4.0,4912535035995917.0,4912535036012877.0
729,1,349184,256,19968,0,36,4,48,64,"void batch_decode_kernels::grouped_expert_gate_up<16, 1>(float const*, char const*, unsigned long const*, unsigned long const*, int const*, int const*, float*, unsigned short*, int, int, int, int, int)",730,36,233865.0,160512.0,377872.0,3234352.0,0.0,203216464.0,5456.0,4912535036139597.0,4912535036276718.0
730,1,11264,256,19968,0,32,0,48,64,"batch_decode_kernels::mfma_gate_up_swiglu(float*, float const*, unsigned short const*, unsigned short const*, int, int, int)",731,19,158392.0,30272.0,121088.0,850432.0,0.0,53281536.0,176.0,4912535036407918.0,4912535036496879.0
731,1,507904,256,11264,0,24,0,48,64,"void batch_decode_kernels::grouped_expert_down<16, 1>(float const*, unsigned short const*, char const*, unsigned long const*, int const*, int const*, float*, int, int, int, int)",732,26,138585.0,128640.0,401408.0,2422400.0,0.0,153992960.0,7936.0,4912535036596719.0,4912535036675280.0
732,1,1280,256,0,0,12,4,32,64,"batch_decode_kernels::reduce_routes_add(float*, float const*, float const*, int, int, int)",733,28,59870.0,2240.0,1520.0,5800.0,0.0,371200.0,20.0,4912535036781360.0,4912535036810160.0
733,1,8192,256,11264,0,24,0,48,64,"batch_decode_kernels::mfma_gemm(float*, float const*, unsigned short const*, int, int, int, int)",734,21,194718.0,19328.0,132480.0,712320.0,0.0,45475840.0,128.0,4912535036887761.0,4912535036997681.0
734,1,1280,256,1024,0,12,4,32,64,"batch_decode_kernels::rmsnorm(float*, float const*, unsigned short const*, int, int, float)",735,33,34231.0,640.0,740.0,3865.0,0.0,245755.0,20.0,4912535037120402.0,4912535037134002.0
735,1,12288,256,11264,0,24,0,48,64,"batch_decode_kernels::mfma_gemm(float*, float const*, unsigned short const*, int, int, int, int)",736,21,142291.0,20736.0,145152.0,779136.0,0.0,49729536.0,192.0,4912535037226962.0,4912535037305842.0
736,1,2304,256,11264,0,24,0,48,64,"batch_decode_kernels::mfma_gemm(float*, float const*, unsigned short const*, int, int, int, int)",737,21,143493.0,3888.0,27216.0,146088.0,0.0,9324288.0,36.0,4912535037372243.0,4912535037451283.0
737,1,1280,256,1024,0,24,0,32,64,"batch_decode_kernels::kv_norm_rope(unsigned short*, float const*, unsigned short const*, int, int, int, int, int, int, float const*, int, float)",738,39,29115.0,180.0,550.0,2175.0,0.0,125755.0,20.0,4912535037521203.0,4912535037531763.0
738,1,32768,256,11264,0,24,0,48,64,"batch_decode_kernels::mfma_head_gemm(float*, float const*, unsigned short const*, int, int, int, int, int, int, unsigned long)",739,30,32335.0,5376.0,27904.0,164352.0,0.0,9707520.0,512.0,4912535037623284.0,4912535037636084.0
739,1,5120,256,0,0,24,0,32,64,"batch_decode_kernels::q_rope(float*, float const*, int, int, int, int, int, int, float const*, int)",740,40,23927.0,320.0,720.0,7760.0,0.0,261120.0,80.0,4912535037722804.0,4912535037730324.0
740,1,5120,256,0,0,16,0,32,64,"batch_decode_kernels::attention_score(float*, float const*, float const*, unsigned short const*, int, int, int, int, int, int, int, float)",741,41,27205.0,1520.0,1120.0,17040.0,0.0,1020000.0,80.0,4912535037866805.0,4912535037876245.0
741,1,20480,256,1024,0,20,4,48,64,"void attention_kernels::softmax_rows_kernel<256>(float*, int, int, int, int)",742,51,24744.0,400.0,13360.0,12560.0,0.0,353360.0,320.0,4912535038009206.0,4912535038017046.0
742,1,2621440,256,0,0,16,0,32,64,"batch_decode_kernels::latent_context(float*, float const*, unsigned short const*, int, int, int, int, int, int)",743,23,64160.0,122880.0,204800.0,4669440.0,0.0,174981120.0,40960.0,4912535038078966.0,4912535038112246.0
743,1,8192,256,11264,0,24,0,48,64,"batch_decode_kernels::mfma_head_gemm(float*, float const*, unsigned short const*, int, int, int, int, int, int, unsigned long)",744,30,54025.0,3840.0,24832.0,138240.0,0.0,8644608.0,128.0,4912535038180246.0,4912535038205846.0
744,1,8192,256,11264,0,24,0,48,64,"batch_decode_kernels::mfma_gemm(float*, float const*, unsigned short const*, int, int, int, int)",745,21,143195.0,14336.0,96768.0,519936.0,0.0,33163264.0,128.0,4912535038324087.0,4912535038403127.0
745,1,1280,256,1024,0,12,4,32,64,"batch_decode_kernels::rmsnorm(float*, float const*, unsigned short const*, int, int, float)",746,33,32900.0,640.0,740.0,3865.0,0.0,245755.0,20.0,4912535038472728.0,4912535038485368.0
746,1,256,256,11264,0,24,0,48,64,"batch_decode_kernels::mfma_gemm(float*, float const*, unsigned short const*, int, int, int, int)",747,21,150415.0,432.0,3024.0,16232.0,0.0,1036032.0,4.0,4912535038574488.0,4912535038657208.0
747,1,320,64,0,0,16,0,48,64,"void moe_kernels::router_topk_wave64_kernel<64>(float*, float const*, int*, float*, int, int, int, int, int, float)",748,57,38875.0,130.0,600.0,2005.0,0.0,95370.0,5.0,4912535038763129.0,4912535038779289.0
748,1,256,256,1024,0,12,4,64,64,"batch_decode_kernels::align_routes(int const*, int, int, int, int*, int*, int*)",749,17,39885.0,17.0,272.0,429.0,0.0,5541.0,4.0,4912535038868249.0,4912535038885049.0
749,1,349184,256,19968,0,36,4,48,64,"void batch_decode_kernels::grouped_expert_gate_up<16, 1>(float const*, char const*, unsigned long const*, unsigned long const*, int const*, int const*, float*, unsigned short*, int, int, int, int, int)",750,36,232479.0,160512.0,377872.0,3234352.0,0.0,203216464.0,5456.0,4912535038971130.0,4912535039107450.0
750,1,11264,256,19968,0,32,0,48,64,"batch_decode_kernels::mfma_gate_up_swiglu(float*, float const*, unsigned short const*, unsigned short const*, int, int, int)",751,19,158473.0,30272.0,121088.0,850432.0,0.0,53281536.0,176.0,4912535039168571.0,4912535039257371.0
751,1,507904,256,11264,0,24,0,48,64,"void batch_decode_kernels::grouped_expert_down<16, 1>(float const*, unsigned short const*, char const*, unsigned long const*, int const*, int const*, float*, int, int, int, int)",752,26,141330.0,128640.0,401408.0,2422400.0,0.0,153992960.0,7936.0,4912535039360092.0,4912535039440572.0
752,1,1280,256,0,0,12,4,32,64,"batch_decode_kernels::reduce_routes_add(float*, float const*, float const*, int, int, int)",753,28,62902.0,2240.0,1520.0,5800.0,0.0,371200.0,20.0,4912535039510332.0,4912535039541052.0
753,1,8192,256,11264,0,24,0,48,64,"batch_decode_kernels::mfma_gemm(float*, float const*, unsigned short const*, int, int, int, int)",754,21,193203.0,19328.0,132480.0,712320.0,0.0,45475840.0,128.0,4912535039614013.0,4912535039723293.0
754,1,1280,256,1024,0,12,4,32,64,"batch_decode_kernels::rmsnorm(float*, float const*, unsigned short const*, int, int, float)",755,33,31427.0,640.0,740.0,3865.0,0.0,245755.0,20.0,4912535039805534.0,4912535039817214.0
755,1,12288,256,11264,0,24,0,48,64,"batch_decode_kernels::mfma_gemm(float*, float const*, unsigned short const*, int, int, int, int)",756,21,142537.0,20736.0,145152.0,779136.0,0.0,49729536.0,192.0,4912535039911774.0,4912535039990814.0
756,1,2304,256,11264,0,24,0,48,64,"batch_decode_kernels::mfma_gemm(float*, float const*, unsigned short const*, int, int, int, int)",757,21,146339.0,3888.0,27216.0,146088.0,0.0,9324288.0,36.0,4912535040069535.0,4912535040149855.0
757,1,1280,256,1024,0,24,0,32,64,"batch_decode_kernels::kv_norm_rope(unsigned short*, float const*, unsigned short const*, int, int, int, int, int, int, float const*, int, float)",758,39,26751.0,180.0,550.0,2175.0,0.0,125755.0,20.0,4912535040222335.0,4912535040231616.0
758,1,32768,256,11264,0,24,0,48,64,"batch_decode_kernels::mfma_head_gemm(float*, float const*, unsigned short const*, int, int, int, int, int, int, unsigned long)",759,30,33551.0,5376.0,27904.0,164352.0,0.0,9707520.0,512.0,4912535040326976.0,4912535040340256.0
759,1,5120,256,0,0,24,0,32,64,"batch_decode_kernels::q_rope(float*, float const*, int, int, int, int, int, int, float const*, int)",760,40,23207.0,320.0,720.0,7760.0,0.0,261120.0,80.0,4912535040478337.0,4912535040485537.0
760,1,5120,256,0,0,16,0,32,64,"batch_decode_kernels::attention_score(float*, float const*, float const*, unsigned short const*, int, int, int, int, int, int, int, float)",761,41,28347.0,1520.0,1120.0,17040.0,0.0,1020000.0,80.0,4912535040628577.0,4912535040638817.0
761,1,20480,256,1024,0,20,4,48,64,"void attention_kernels::softmax_rows_kernel<256>(float*, int, int, int, int)",762,51,26577.0,400.0,13360.0,12560.0,0.0,353360.0,320.0,4912535040737378.0,4912535040746338.0
762,1,2621440,256,0,0,16,0,32,64,"batch_decode_kernels::latent_context(float*, float const*, unsigned short const*, int, int, int, int, int, int)",763,23,63975.0,122880.0,204800.0,4669440.0,0.0,174981120.0,40960.0,4912535040844098.0,4912535040877218.0
763,1,8192,256,11264,0,24,0,48,64,"batch_decode_kernels::mfma_head_gemm(float*, float const*, unsigned short const*, int, int, int, int, int, int, unsigned long)",764,30,53772.0,3840.0,24832.0,138240.0,0.0,8644608.0,128.0,4912535040993059.0,4912535041018339.0
764,1,8192,256,11264,0,24,0,48,64,"batch_decode_kernels::mfma_gemm(float*, float const*, unsigned short const*, int, int, int, int)",765,21,144702.0,14336.0,96768.0,519936.0,0.0,33163264.0,128.0,4912535041109699.0,4912535041189700.0
765,1,1280,256,1024,0,12,4,32,64,"batch_decode_kernels::rmsnorm(float*, float const*, unsigned short const*, int, int, float)",766,33,32699.0,640.0,740.0,3865.0,0.0,245755.0,20.0,4912535041304900.0,4912535041317380.0
766,1,256,256,11264,0,24,0,48,64,"batch_decode_kernels::mfma_gemm(float*, float const*, unsigned short const*, int, int, int, int)",767,21,157350.0,432.0,3024.0,16232.0,0.0,1036032.0,4.0,4912535041416901.0,4912535041503781.0
767,1,320,64,0,0,16,0,48,64,"void moe_kernels::router_topk_wave64_kernel<64>(float*, float const*, int*, float*, int, int, int, int, int, float)",768,57,38731.0,130.0,600.0,2005.0,0.0,95320.0,5.0,4912535041568581.0,4912535041584902.0
768,1,256,256,1024,0,12,4,64,64,"batch_decode_kernels::align_routes(int const*, int, int, int, int*, int*, int*)",769,17,39553.0,17.0,272.0,429.0,0.0,5541.0,4.0,4912535041674502.0,4912535041690982.0
769,1,349184,256,19968,0,36,4,48,64,"void batch_decode_kernels::grouped_expert_gate_up<16, 1>(float const*, char const*, unsigned long const*, unsigned long const*, int const*, int const*, float*, unsigned short*, int, int, int, int, int)",770,36,231125.0,160512.0,377872.0,3234352.0,0.0,203216464.0,5456.0,4912535041785542.0,4912535041921063.0
770,1,11264,256,19968,0,32,0,48,64,"batch_decode_kernels::mfma_gate_up_swiglu(float*, float const*, unsigned short const*, unsigned short const*, int, int, int)",771,19,157503.0,30272.0,121088.0,850432.0,0.0,53281536.0,176.0,4912535042031944.0,4912535042120264.0
771,1,507904,256,11264,0,24,0,48,64,"void batch_decode_kernels::grouped_expert_down<16, 1>(float const*, unsigned short const*, char const*, unsigned long const*, int const*, int const*, float*, int, int, int, int)",772,26,140097.0,128640.0,401408.0,2422400.0,0.0,153992960.0,7936.0,4912535042188584.0,4912535042268105.0
772,1,1280,256,0,0,12,4,32,64,"batch_decode_kernels::reduce_routes_add(float*, float const*, float const*, int, int, int)",773,28,62471.0,2240.0,1520.0,5800.0,0.0,371200.0,20.0,4912535042344905.0,4912535042374825.0
773,1,8192,256,11264,0,24,0,48,64,"batch_decode_kernels::mfma_gemm(float*, float const*, unsigned short const*, int, int, int, int)",774,21,192321.0,19328.0,132480.0,712320.0,0.0,45475840.0,128.0,4912535042451625.0,4912535042560426.0
774,1,1280,256,1024,0,12,4,32,64,"batch_decode_kernels::rmsnorm(float*, float const*, unsigned short const*, int, int, float)",775,33,31385.0,640.0,740.0,3865.0,0.0,245755.0,20.0,4912535042658026.0,4912535042669866.0
775,1,12288,256,11264,0,24,0,48,64,"batch_decode_kernels::mfma_gemm(float*, float const*, unsigned short const*, int, int, int, int)",776,21,142688.0,20736.0,145152.0,779136.0,0.0,49729536.0,192.0,4912535042765067.0,4912535042844107.0
776,1,2304,256,11264,0,24,0,48,64,"batch_decode_kernels::mfma_gemm(float*, float const*, unsigned short const*, int, int, int, int)",777,21,145775.0,3888.0,27216.0,146088.0,0.0,9324288.0,36.0,4912535042922828.0,4912535043003148.0
777,1,1280,256,1024,0,24,0,32,64,"batch_decode_kernels::kv_norm_rope(unsigned short*, float const*, unsigned short const*, int, int, int, int, int, int, float const*, int, float)",778,39,27224.0,180.0,550.0,2175.0,0.0,125755.0,20.0,4912535043127948.0,4912535043137549.0
778,1,32768,256,11264,0,24,0,48,64,"batch_decode_kernels::mfma_head_gemm(float*, float const*, unsigned short const*, int, int, int, int, int, int, unsigned long)",779,30,31964.0,5376.0,27904.0,164352.0,0.0,9707520.0,512.0,4912535043237709.0,4912535043250189.0
779,1,5120,256,0,0,24,0,32,64,"batch_decode_kernels::q_rope(float*, float const*, int, int, int, int, int, int, float const*, int)",780,40,22854.0,320.0,720.0,7760.0,0.0,261120.0,80.0,4912535043353549.0,4912535043360430.0
780,1,5120,256,0,0,16,0,32,64,"batch_decode_kernels::attention_score(float*, float const*, float const*, unsigned short const*, int, int, int, int, int, int, int, float)",781,41,29114.0,1520.0,1120.0,17040.0,0.0,1020000.0,80.0,4912535043461070.0,4912535043471630.0
781,1,20480,256,1024,0,20,4,48,64,"void attention_kernels::softmax_rows_kernel<256>(float*, int, int, int, int)",782,51,25074.0,400.0,13360.0,12560.0,0.0,353360.0,320.0,4912535043615631.0,4912535043623951.0
782,1,2621440,256,0,0,16,0,32,64,"batch_decode_kernels::latent_context(float*, float const*, unsigned short const*, int, int, int, int, int, int)",783,23,63941.0,122880.0,204800.0,4669440.0,0.0,174981120.0,40960.0,4912535043725871.0,4912535043758991.0
783,1,8192,256,11264,0,24,0,48,64,"batch_decode_kernels::mfma_head_gemm(float*, float const*, unsigned short const*, int, int, int, int, int, int, unsigned long)",784,30,53609.0,3840.0,24832.0,138240.0,0.0,8644608.0,128.0,4912535043835952.0,4912535043861232.0
784,1,8192,256,11264,0,24,0,48,64,"batch_decode_kernels::mfma_gemm(float*, float const*, unsigned short const*, int, int, int, int)",785,21,147018.0,14336.0,96768.0,519936.0,0.0,33163264.0,128.0,4912535043945872.0,4912535044027312.0
785,1,1280,256,1024,0,12,4,32,64,"batch_decode_kernels::rmsnorm(float*, float const*, unsigned short const*, int, int, float)",786,33,32491.0,640.0,740.0,3865.0,0.0,245755.0,20.0,4912535044110033.0,4912535044122673.0
786,1,256,256,11264,0,24,0,48,64,"batch_decode_kernels::mfma_gemm(float*, float const*, unsigned short const*, int, int, int, int)",787,21,157716.0,432.0,3024.0,16232.0,0.0,1036032.0,4.0,4912535044229073.0,4912535044316114.0
787,1,320,64,0,0,16,0,48,64,"void moe_kernels::router_topk_wave64_kernel<64>(float*, float const*, int*, float*, int, int, int, int, int, float)",788,57,38874.0,130.0,600.0,2005.0,0.0,95330.0,5.0,4912535044388754.0,4912535044405074.0
788,1,256,256,1024,0,12,4,64,64,"batch_decode_kernels::align_routes(int const*, int, int, int, int*, int*, int*)",789,17,39657.0,17.0,272.0,429.0,0.0,5541.0,4.0,4912535044498195.0,4912535044514835.0
789,1,349184,256,19968,0,36,4,48,64,"void batch_decode_kernels::grouped_expert_gate_up<16, 1>(float const*, char const*, unsigned long const*, unsigned long const*, int const*, int const*, float*, unsigned short*, int, int, int, int, int)",790,36,227373.0,160512.0,377872.0,3234352.0,0.0,203216464.0,5456.0,4912535044612915.0,4912535044746036.0
790,1,11264,256,19968,0,32,0,48,64,"batch_decode_kernels::mfma_gate_up_swiglu(float*, float const*, unsigned short const*, unsigned short const*, int, int, int)",791,19,159251.0,30272.0,121088.0,850432.0,0.0,53281536.0,176.0,4912535044863636.0,4912535044952917.0
791,1,507904,256,11264,0,24,0,48,64,"void batch_decode_kernels::grouped_expert_down<16, 1>(float const*, unsigned short const*, char const*, unsigned long const*, int const*, int const*, float*, int, int, int, int)",792,26,139159.0,128640.0,401408.0,2422400.0,0.0,153992960.0,7936.0,4912535045030837.0,4912535045109717.0
792,1,1280,256,0,0,12,4,32,64,"batch_decode_kernels::reduce_routes_add(float*, float const*, float const*, int, int, int)",793,28,62625.0,2240.0,1520.0,5800.0,0.0,371200.0,20.0,4912535045236758.0,4912535045267158.0
793,1,8192,256,11264,0,24,0,48,64,"batch_decode_kernels::mfma_gemm(float*, float const*, unsigned short const*, int, int, int, int)",794,21,194363.0,19328.0,132480.0,712320.0,0.0,45475840.0,128.0,4912535045351158.0,4912535045460919.0
794,1,1280,256,1024,0,12,4,32,64,"batch_decode_kernels::rmsnorm(float*, float const*, unsigned short const*, int, int, float)",795,33,32015.0,640.0,740.0,3865.0,0.0,245755.0,20.0,4912535045554999.0,4912535045566999.0
795,1,12288,256,11264,0,24,0,48,64,"batch_decode_kernels::mfma_gemm(float*, float const*, unsigned short const*, int, int, int, int)",796,21,140171.0,20736.0,145152.0,779136.0,0.0,49729536.0,192.0,4912535045673080.0,4912535045750680.0
796,1,2304,256,11264,0,24,0,48,64,"batch_decode_kernels::mfma_gemm(float*, float const*, unsigned short const*, int, int, int, int)",797,21,145911.0,3888.0,27216.0,146088.0,0.0,9324288.0,36.0,4912535045831641.0,4912535045911961.0
797,1,1280,256,1024,0,24,0,32,64,"batch_decode_kernels::kv_norm_rope(unsigned short*, float const*, unsigned short const*, int, int, int, int, int, int, float const*, int, float)",798,39,29231.0,180.0,550.0,2175.0,0.0,125755.0,20.0,4912535045994681.0,4912535046005241.0
798,1,32768,256,11264,0,24,0,48,64,"batch_decode_kernels::mfma_head_gemm(float*, float const*, unsigned short const*, int, int, int, int, int, int, unsigned long)",799,30,33104.0,5376.0,27904.0,164352.0,0.0,9707520.0,512.0,4912535046066202.0,4912535046079162.0
799,1,5120,256,0,0,24,0,32,64,"batch_decode_kernels::q_rope(float*, float const*, int, int, int, int, int, int, float const*, int)",800,40,22913.0,320.0,720.0,7760.0,0.0,261120.0,80.0,4912535046225562.0,4912535046232442.0
800,1,5120,256,0,0,16,0,32,64,"batch_decode_kernels::attention_score(float*, float const*, float const*, unsigned short const*, int, int, int, int, int, int, int, float)",801,41,28074.0,1520.0,1120.0,17040.0,0.0,1020000.0,80.0,4912535046294843.0,4912535046304763.0
801,1,20480,256,1024,0,20,4,48,64,"void attention_kernels::softmax_rows_kernel<256>(float*, int, int, int, int)",802,51,25225.0,400.0,13360.0,12560.0,0.0,353360.0,320.0,4912535046409083.0,4912535046417243.0
802,1,2621440,256,0,0,16,0,32,64,"batch_decode_kernels::latent_context(float*, float const*, unsigned short const*, int, int, int, int, int, int)",803,23,64499.0,122880.0,204800.0,4669440.0,0.0,174981120.0,40960.0,4912535046526364.0,4912535046559964.0
803,1,8192,256,11264,0,24,0,48,64,"batch_decode_kernels::mfma_head_gemm(float*, float const*, unsigned short const*, int, int, int, int, int, int, unsigned long)",804,30,55083.0,3840.0,24832.0,138240.0,0.0,8644608.0,128.0,4912535046638204.0,4912535046664284.0
804,1,8192,256,11264,0,24,0,48,64,"batch_decode_kernels::mfma_gemm(float*, float const*, unsigned short const*, int, int, int, int)",805,21,145977.0,14336.0,96768.0,519936.0,0.0,33163264.0,128.0,4912535046754365.0,4912535046835165.0
805,1,1280,256,1024,0,12,4,32,64,"batch_decode_kernels::rmsnorm(float*, float const*, unsigned short const*, int, int, float)",806,33,31821.0,640.0,740.0,3865.0,0.0,245755.0,20.0,4912535046922685.0,4912535046935006.0
806,1,256,256,11264,0,24,0,48,64,"batch_decode_kernels::mfma_gemm(float*, float const*, unsigned short const*, int, int, int, int)",807,21,156825.0,432.0,3024.0,16232.0,0.0,1036032.0,4.0,4912535047044126.0,4912535047130686.0
807,1,320,64,0,0,16,0,48,64,"void moe_kernels::router_topk_wave64_kernel<64>(float*, float const*, int*, float*, int, int, int, int, int, float)",808,57,38411.0,130.0,600.0,2005.0,0.0,95305.0,5.0,4912535047212127.0,4912535047228127.0
808,1,256,256,1024,0,12,4,64,64,"batch_decode_kernels::align_routes(int const*, int, int, int, int*, int*, int*)",809,17,40531.0,17.0,272.0,429.0,0.0,5541.0,4.0,4912535047324447.0,4912535047341727.0
809,1,349184,256,19968,0,36,4,48,64,"void batch_decode_kernels::grouped_expert_gate_up<16, 1>(float const*, char const*, unsigned long const*, unsigned long const*, int const*, int const*, float*, unsigned short*, int, int, int, int, int)",810,36,227199.0,160512.0,377872.0,3234352.0,0.0,203216464.0,5456.0,4912535047489088.0,4912535047622209.0
810,1,11264,256,19968,0,32,0,48,64,"batch_decode_kernels::mfma_gate_up_swiglu(float*, float const*, unsigned short const*, unsigned short const*, int, int, int)",811,19,155391.0,30272.0,121088.0,850432.0,0.0,53281536.0,176.0,4912535047704449.0,4912535047791329.0
811,1,507904,256,11264,0,24,0,48,64,"void batch_decode_kernels::grouped_expert_down<16, 1>(float const*, unsigned short const*, char const*, unsigned long const*, int const*, int const*, float*, int, int, int, int)",812,26,139819.0,128640.0,401408.0,2422400.0,0.0,153992960.0,7936.0,4912535047921410.0,4912535048001090.0
812,1,1280,256,0,0,12,4,32,64,"batch_decode_kernels::reduce_routes_add(float*, float const*, float const*, int, int, int)",813,28,61856.0,2240.0,1520.0,5800.0,0.0,371200.0,20.0,4912535048092451.0,4912535048122531.0
813,1,8192,256,11264,0,24,0,48,64,"batch_decode_kernels::mfma_gemm(float*, float const*, unsigned short const*, int, int, int, int)",814,21,192830.0,19328.0,132480.0,712320.0,0.0,45475840.0,128.0,4912535048212931.0,4912535048322052.0
814,1,1280,256,1024,0,12,4,32,64,"batch_decode_kernels::rmsnorm(float*, float const*, unsigned short const*, int, int, float)",815,33,31306.0,640.0,740.0,3865.0,0.0,245755.0,20.0,4912535048427972.0,4912535048439812.0
815,1,12288,256,11264,0,24,0,48,64,"batch_decode_kernels::mfma_gemm(float*, float const*, unsigned short const*, int, int, int, int)",816,21,142298.0,20736.0,145152.0,779136.0,0.0,49729536.0,192.0,4912535048544773.0,4912535048623653.0
816,1,2304,256,11264,0,24,0,48,64,"batch_decode_kernels::mfma_gemm(float*, float const*, unsigned short const*, int, int, int, int)",817,21,146070.0,3888.0,27216.0,146088.0,0.0,9324288.0,36.0,4912535048705573.0,4912535048785734.0
817,1,1280,256,1024,0,24,0,32,64,"batch_decode_kernels::kv_norm_rope(unsigned short*, float const*, unsigned short const*, int, int, int, int, int, int, float const*, int, float)",818,39,28973.0,180.0,550.0,2175.0,0.0,125755.0,20.0,4912535048875974.0,4912535048886374.0
818,1,32768,256,11264,0,24,0,48,64,"batch_decode_kernels::mfma_head_gemm(float*, float const*, unsigned short const*, int, int, int, int, int, int, unsigned long)",819,30,32882.0,5376.0,27904.0,164352.0,0.0,9707520.0,512.0,4912535048947495.0,4912535048960135.0
819,1,5120,256,0,0,24,0,32,64,"batch_decode_kernels::q_rope(float*, float const*, int, int, int, int, int, int, float const*, int)",820,40,23082.0,320.0,720.0,7760.0,0.0,261120.0,80.0,4912535049022535.0,4912535049029415.0
820,1,5120,256,0,0,16,0,32,64,"batch_decode_kernels::attention_score(float*, float const*, float const*, unsigned short const*, int, int, int, int, int, int, int, float)",821,41,27523.0,1520.0,1120.0,17040.0,0.0,1020000.0,80.0,4912535049135975.0,4912535049145575.0
821,1,20480,256,1024,0,20,4,48,64,"void attention_kernels::softmax_rows_kernel<256>(float*, int, int, int, int)",822,51,27623.0,400.0,13360.0,12560.0,0.0,353360.0,320.0,4912535049251656.0,4912535049261416.0
822,1,2621440,256,0,0,16,0,32,64,"batch_decode_kernels::latent_context(float*, float const*, unsigned short const*, int, int, int, int, int, int)",823,23,65730.0,122880.0,204800.0,4669440.0,0.0,174981120.0,40960.0,4912535049369576.0,4912535049403977.0
823,1,8192,256,11264,0,24,0,48,64,"batch_decode_kernels::mfma_head_gemm(float*, float const*, unsigned short const*, int, int, int, int, int, int, unsigned long)",824,30,54781.0,3840.0,24832.0,138240.0,0.0,8644608.0,128.0,4912535049487497.0,4912535049513577.0
824,1,8192,256,11264,0,24,0,48,64,"batch_decode_kernels::mfma_gemm(float*, float const*, unsigned short const*, int, int, int, int)",825,21,145967.0,14336.0,96768.0,519936.0,0.0,33163264.0,128.0,4912535049654378.0,4912535049735338.0
825,1,1280,256,1024,0,12,4,32,64,"batch_decode_kernels::rmsnorm(float*, float const*, unsigned short const*, int, int, float)",826,33,33648.0,640.0,740.0,3865.0,0.0,245755.0,20.0,4912535049826538.0,4912535049839658.0
826,1,256,256,11264,0,24,0,48,64,"batch_decode_kernels::mfma_gemm(float*, float const*, unsigned short const*, int, int, int, int)",827,21,160128.0,432.0,3024.0,16232.0,0.0,1036032.0,4.0,4912535049943019.0,4912535050031659.0
827,1,320,64,0,0,16,0,48,64,"void moe_kernels::router_topk_wave64_kernel<64>(float*, float const*, int*, float*, int, int, int, int, int, float)",828,57,38996.0,130.0,600.0,2005.0,0.0,95360.0,5.0,4912535050114860.0,4912535050131180.0
828,1,256,256,1024,0,12,4,64,64,"batch_decode_kernels::align_routes(int const*, int, int, int, int*, int*, int*)",829,17,39885.0,17.0,272.0,429.0,0.0,5541.0,4.0,4912535050230220.0,4912535050247180.0
829,1,349184,256,19968,0,36,4,48,64,"void batch_decode_kernels::grouped_expert_gate_up<16, 1>(float const*, char const*, unsigned long const*, unsigned long const*, int const*, int const*, float*, unsigned short*, int, int, int, int, int)",830,36,232196.0,160512.0,377872.0,3234352.0,0.0,203216464.0,5456.0,4912535050356301.0,4912535050492461.0
830,1,11264,256,19968,0,32,0,48,64,"batch_decode_kernels::mfma_gate_up_swiglu(float*, float const*, unsigned short const*, unsigned short const*, int, int, int)",831,19,158024.0,30272.0,121088.0,850432.0,0.0,53281536.0,176.0,4912535050786223.0,4912535050874543.0
831,1,507904,256,11264,0,24,0,48,64,"void batch_decode_kernels::grouped_expert_down<16, 1>(float const*, unsigned short const*, char const*, unsigned long const*, int const*, int const*, float*, int, int, int, int)",832,26,141491.0,128640.0,401408.0,2422400.0,0.0,153992960.0,7936.0,4912535050965744.0,4912535051046064.0
832,1,1280,256,0,0,12,4,32,64,"batch_decode_kernels::reduce_routes_add(float*, float const*, float const*, int, int, int)",833,28,61773.0,2240.0,1520.0,5800.0,0.0,371200.0,20.0,4912535051151344.0,4912535051180784.0
833,1,8192,256,11264,0,24,0,48,64,"batch_decode_kernels::mfma_gemm(float*, float const*, unsigned short const*, int, int, int, int)",834,21,195002.0,19328.0,132480.0,712320.0,0.0,45475840.0,128.0,4912535051283985.0,4912535051393745.0
834,1,1280,256,1024,0,12,4,32,64,"batch_decode_kernels::rmsnorm(float*, float const*, unsigned short const*, int, int, float)",835,33,33054.0,640.0,740.0,3865.0,0.0,245755.0,20.0,4912535051460946.0,4912535051473586.0
835,1,12288,256,11264,0,24,0,48,64,"batch_decode_kernels::mfma_gemm(float*, float const*, unsigned short const*, int, int, int, int)",836,21,144285.0,20736.0,145152.0,779136.0,0.0,49729536.0,192.0,4912535051536786.0,4912535051616306.0
836,1,2304,256,11264,0,24,0,48,64,"batch_decode_kernels::mfma_gemm(float*, float const*, unsigned short const*, int, int, int, int)",837,21,147799.0,3888.0,27216.0,146088.0,0.0,9324288.0,36.0,4912535051717907.0,4912535051799187.0
837,1,1280,256,1024,0,24,0,32,64,"batch_decode_kernels::kv_norm_rope(unsigned short*, float const*, unsigned short const*, int, int, int, int, int, int, float const*, int, float)",838,39,28263.0,180.0,550.0,2175.0,0.0,125755.0,20.0,4912535051897428.0,4912535051907348.0
838,1,32768,256,11264,0,24,0,48,64,"batch_decode_kernels::mfma_head_gemm(float*, float const*, unsigned short const*, int, int, int, int, int, int, unsigned long)",839,30,32957.0,5376.0,27904.0,164352.0,0.0,9707520.0,512.0,4912535051974708.0,4912535051987348.0
839,1,5120,256,0,0,24,0,32,64,"batch_decode_kernels::q_rope(float*, float const*, int, int, int, int, int, int, float const*, int)",840,40,24578.0,320.0,720.0,7760.0,0.0,261120.0,80.0,4912535052096309.0,4912535052104149.0
840,1,5120,256,0,0,16,0,32,64,"batch_decode_kernels::attention_score(float*, float const*, float const*, unsigned short const*, int, int, int, int, int, int, int, float)",841,41,27603.0,1520.0,1120.0,17040.0,0.0,1020000.0,80.0,4912535052169429.0,4912535052179029.0
841,1,20480,256,1024,0,20,4,48,64,"void attention_kernels::softmax_rows_kernel<256>(float*, int, int, int, int)",842,51,26097.0,400.0,13360.0,12560.0,0.0,353360.0,320.0,4912535052243989.0,4912535052252469.0
842,1,2621440,256,0,0,16,0,32,64,"batch_decode_kernels::latent_context(float*, float const*, unsigned short const*, int, int, int, int, int, int)",843,23,65112.0,122880.0,204800.0,4669440.0,0.0,174981120.0,40960.0,4912535052317270.0,4912535052350710.0
843,1,8192,256,11264,0,24,0,48,64,"batch_decode_kernels::mfma_head_gemm(float*, float const*, unsigned short const*, int, int, int, int, int, int, unsigned long)",844,30,55288.0,3840.0,24832.0,138240.0,0.0,8644608.0,128.0,4912535052451030.0,4912535052476950.0
844,1,8192,256,11264,0,24,0,48,64,"batch_decode_kernels::mfma_gemm(float*, float const*, unsigned short const*, int, int, int, int)",845,21,145921.0,14336.0,96768.0,519936.0,0.0,33163264.0,128.0,4912535052582231.0,4912535052662551.0
845,1,1280,256,1024,0,12,4,32,64,"batch_decode_kernels::rmsnorm(float*, float const*, unsigned short const*, int, int, float)",846,33,33363.0,640.0,740.0,3865.0,0.0,245755.0,20.0,4912535052763672.0,4912535052776472.0
846,1,256,256,11264,0,24,0,48,64,"batch_decode_kernels::mfma_gemm(float*, float const*, unsigned short const*, int, int, int, int)",847,21,156001.0,432.0,3024.0,16232.0,0.0,1036032.0,4.0,4912535052841432.0,4912535052927352.0
847,1,320,64,0,0,16,0,48,64,"void moe_kernels::router_topk_wave64_kernel<64>(float*, float const*, int*, float*, int, int, int, int, int, float)",848,57,41053.0,130.0,600.0,2005.0,0.0,95340.0,5.0,4912535053034553.0,4912535053051833.0
848,1,256,256,1024,0,12,4,64,64,"batch_decode_kernels::align_routes(int const*, int, int, int, int*, int*, int*)",849,17,40909.0,17.0,272.0,429.0,0.0,5541.0,4.0,4912535053120313.0,4912535053137433.0
849,1,349184,256,19968,0,36,4,48,64,"void batch_decode_kernels::grouped_expert_gate_up<16, 1>(float const*, char const*, unsigned long const*, unsigned long const*, int const*, int const*, float*, unsigned short*, int, int, int, int, int)",850,36,230470.0,160512.0,377872.0,3234352.0,0.0,203216464.0,5456.0,4912535053205914.0,4912535053340474.0
850,1,11264,256,19968,0,32,0,48,64,"batch_decode_kernels::mfma_gate_up_swiglu(float*, float const*, unsigned short const*, unsigned short const*, int, int, int)",851,19,159479.0,30272.0,121088.0,850432.0,0.0,53281536.0,176.0,4912535053448795.0,4912535053537755.0
851,1,507904,256,11264,0,24,0,48,64,"void batch_decode_kernels::grouped_expert_down<16, 1>(float const*, unsigned short const*, char const*, unsigned long const*, int const*, int const*, float*, int, int, int, int)",852,26,140667.0,128640.0,401408.0,2422400.0,0.0,153992960.0,7936.0,4912535053678876.0,4912535053758556.0
852,1,1280,256,0,0,12,4,32,64,"batch_decode_kernels::reduce_routes_add(float*, float const*, float const*, int, int, int)",853,28,60985.0,2240.0,1520.0,5800.0,0.0,371200.0,20.0,4912535053858396.0,4912535053887517.0
853,1,8192,256,11264,0,24,0,48,64,"batch_decode_kernels::mfma_gemm(float*, float const*, unsigned short const*, int, int, int, int)",854,21,194320.0,19328.0,132480.0,712320.0,0.0,45475840.0,128.0,4912535053990077.0,4912535054099678.0
854,1,1280,256,1024,0,12,4,32,64,"batch_decode_kernels::rmsnorm(float*, float const*, unsigned short const*, int, int, float)",855,33,32243.0,640.0,740.0,3865.0,0.0,245755.0,20.0,4912535054182078.0,4912535054194238.0
855,1,12288,256,11264,0,24,0,48,64,"batch_decode_kernels::mfma_gemm(float*, float const*, unsigned short const*, int, int, int, int)",856,21,144443.0,20736.0,145152.0,779136.0,0.0,49729536.0,192.0,4912535054308478.0,4912535054388319.0
856,1,2304,256,11264,0,24,0,48,64,"batch_decode_kernels::mfma_gemm(float*, float const*, unsigned short const*, int, int, int, int)",857,21,145709.0,3888.0,27216.0,146088.0,0.0,9324288.0,36.0,4912535054527039.0,4912535054607040.0
857,1,1280,256,1024,0,24,0,32,64,"batch_decode_kernels::kv_norm_rope(unsigned short*, float const*, unsigned short const*, int, int, int, int, int, int, float const*, int, float)",858,39,30107.0,180.0,550.0,2175.0,0.0,125755.0,20.0,4912535054692800.0,4912535054703680.0
858,1,32768,256,11264,0,24,0,48,64,"batch_decode_kernels::mfma_head_gemm(float*, float const*, unsigned short const*, int, int, int, int, int, int, unsigned long)",859,30,33771.0,5376.0,27904.0,164352.0,0.0,9707520.0,512.0,4912535054862561.0,4912535054875681.0
859,1,5120,256,0,0,24,0,32,64,"batch_decode_kernels::q_rope(float*, float const*, int, int, int, int, int, int, float const*, int)",860,40,23563.0,320.0,720.0,7760.0,0.0,261120.0,80.0,4912535054980322.0,4912535054987362.0
860,1,5120,256,0,0,16,0,32,64,"batch_decode_kernels::attention_score(float*, float const*, float const*, unsigned short const*, int, int, int, int, int, int, int, float)",861,41,28434.0,1520.0,1120.0,17040.0,0.0,1020000.0,80.0,4912535055055682.0,4912535055065442.0
861,1,20480,256,1024,0,20,4,48,64,"void attention_kernels::softmax_rows_kernel<256>(float*, int, int, int, int)",862,51,25285.0,400.0,13360.0,12560.0,0.0,353360.0,320.0,4912535055177762.0,4912535055185602.0
862,1,2621440,256,0,0,16,0,32,64,"batch_decode_kernels::latent_context(float*, float const*, unsigned short const*, int, int, int, int, int, int)",863,23,63977.0,122880.0,204800.0,4669440.0,0.0,174981120.0,40960.0,4912535055244963.0,4912535055277763.0
863,1,8192,256,11264,0,24,0,48,64,"batch_decode_kernels::mfma_head_gemm(float*, float const*, unsigned short const*, int, int, int, int, int, int, unsigned long)",864,30,55098.0,3840.0,24832.0,138240.0,0.0,8644608.0,128.0,4912535055410723.0,4912535055436324.0
864,1,8192,256,11264,0,24,0,48,64,"batch_decode_kernels::mfma_gemm(float*, float const*, unsigned short const*, int, int, int, int)",865,21,147240.0,14336.0,96768.0,519936.0,0.0,33163264.0,128.0,4912535055572804.0,4912535055653765.0
865,1,1280,256,1024,0,12,4,32,64,"batch_decode_kernels::rmsnorm(float*, float const*, unsigned short const*, int, int, float)",866,33,34264.0,640.0,740.0,3865.0,0.0,245755.0,20.0,4912535055733925.0,4912535055747045.0
866,1,256,256,11264,0,24,0,48,64,"batch_decode_kernels::mfma_gemm(float*, float const*, unsigned short const*, int, int, int, int)",867,21,155754.0,432.0,3024.0,16232.0,0.0,1036032.0,4.0,4912535055850405.0,4912535055936006.0
867,1,320,64,0,0,16,0,48,64,"void moe_kernels::router_topk_wave64_kernel<64>(float*, float const*, int*, float*, int, int, int, int, int, float)",868,57,39272.0,130.0,600.0,2005.0,0.0,95360.0,5.0,4912535056063526.0,4912535056079686.0
868,1,256,256,1024,0,12,4,64,64,"batch_decode_kernels::align_routes(int const*, int, int, int, int*, int*, int*)",869,17,41069.0,17.0,272.0,429.0,0.0,5541.0,4.0,4912535056175847.0,4912535056192967.0
869,1,349184,256,19968,0,36,4,48,64,"void batch_decode_kernels::grouped_expert_gate_up<16, 1>(float const*, char const*, unsigned long const*, unsigned long const*, int const*, int const*, float*, unsigned short*, int, int, int, int, int)",870,36,230273.0,160512.0,377872.0,3234352.0,0.0,203216464.0,5456.0,4912535056289127.0,4912535056423848.0
870,1,11264,256,19968,0,32,0,48,64,"batch_decode_kernels::mfma_gate_up_swiglu(float*, float const*, unsigned short const*, unsigned short const*, int, int, int)",871,19,156247.0,30272.0,121088.0,850432.0,0.0,53281536.0,176.0,4912535056492808.0,4912535056580329.0
871,1,507904,256,11264,0,24,0,48,64,"void batch_decode_kernels::grouped_expert_down<16, 1>(float const*, unsigned short const*, char const*, unsigned long const*, int const*, int const*, float*, int, int, int, int)",872,26,140722.0,128640.0,401408.0,2422400.0,0.0,153992960.0,7936.0,4912535056651689.0,4912535056731369.0
872,1,1280,256,0,0,12,4,32,64,"batch_decode_kernels::reduce_routes_add(float*, float const*, float const*, int, int, int)",873,28,62025.0,2240.0,1520.0,5800.0,0.0,371200.0,20.0,4912535056809130.0,4912535056839050.0
873,1,8192,256,11264,0,24,0,48,64,"batch_decode_kernels::mfma_gemm(float*, float const*, unsigned short const*, int, int, int, int)",874,21,195204.0,19328.0,132480.0,712320.0,0.0,45475840.0,128.0,4912535056967210.0,4912535057076971.0
874,1,1280,256,1024,0,12,4,32,64,"batch_decode_kernels::rmsnorm(float*, float const*, unsigned short const*, int, int, float)",875,33,31866.0,640.0,740.0,3865.0,0.0,245755.0,20.0,4912535057171531.0,4912535057183371.0
875,1,12288,256,11264,0,24,0,48,64,"batch_decode_kernels::mfma_gemm(float*, float const*, unsigned short const*, int, int, int, int)",876,21,143268.0,20736.0,145152.0,779136.0,0.0,49729536.0,192.0,4912535057283052.0,4912535057361932.0
876,1,2304,256,11264,0,24,0,48,64,"batch_decode_kernels::mfma_gemm(float*, float const*, unsigned short const*, int, int, int, int)",877,21,146583.0,3888.0,27216.0,146088.0,0.0,9324288.0,36.0,4912535057482733.0,4912535057562893.0
877,1,1280,256,1024,0,24,0,32,64,"batch_decode_kernels::kv_norm_rope(unsigned short*, float const*, unsigned short const*, int, int, int, int, int, int, float const*, int, float)",878,39,29517.0,180.0,550.0,2175.0,0.0,125755.0,20.0,4912535057636493.0,4912535057646733.0
878,1,32768,256,11264,0,24,0,48,64,"batch_decode_kernels::mfma_head_gemm(float*, float const*, unsigned short const*, int, int, int, int, int, int, unsigned long)",879,30,32781.0,5376.0,27904.0,164352.0,0.0,9707520.0,512.0,4912535057744174.0,4912535057756974.0
879,1,5120,256,0,0,24,0,32,64,"batch_decode_kernels::q_rope(float*, float const*, int, int, int, int, int, int, float const*, int)",880,40,24959.0,320.0,720.0,7760.0,0.0,261120.0,80.0,4912535057854894.0,4912535057862574.0
880,1,5120,256,0,0,16,0,32,64,"batch_decode_kernels::attention_score(float*, float const*, float const*, unsigned short const*, int, int, int, int, int, int, int, float)",881,41,28085.0,1520.0,1120.0,17040.0,0.0,1020000.0,80.0,4912535057963055.0,4912535057972975.0
881,1,20480,256,1024,0,20,4,48,64,"void attention_kernels::softmax_rows_kernel<256>(float*, int, int, int, int)",882,51,26044.0,400.0,13360.0,12560.0,0.0,353360.0,320.0,4912535058076975.0,4912535058085295.0
882,1,2621440,256,0,0,16,0,32,64,"batch_decode_kernels::latent_context(float*, float const*, unsigned short const*, int, int, int, int, int, int)",883,23,64144.0,122880.0,204800.0,4669440.0,0.0,174981120.0,40960.0,4912535058229136.0,4912535058262416.0
883,1,8192,256,11264,0,24,0,48,64,"batch_decode_kernels::mfma_head_gemm(float*, float const*, unsigned short const*, int, int, int, int, int, int, unsigned long)",884,30,53943.0,3840.0,24832.0,138240.0,0.0,8644608.0,128.0,4912535058378097.0,4912535058403537.0
884,1,8192,256,11264,0,24,0,48,64,"batch_decode_kernels::mfma_gemm(float*, float const*, unsigned short const*, int, int, int, int)",885,21,148472.0,14336.0,96768.0,519936.0,0.0,33163264.0,128.0,4912535058481617.0,4912535058563698.0
885,1,1280,256,1024,0,12,4,32,64,"batch_decode_kernels::rmsnorm(float*, float const*, unsigned short const*, int, int, float)",886,33,33453.0,640.0,740.0,3865.0,0.0,245755.0,20.0,4912535058628818.0,4912535058641618.0
886,1,256,256,11264,0,24,0,48,64,"batch_decode_kernels::mfma_gemm(float*, float const*, unsigned short const*, int, int, int, int)",887,21,158312.0,432.0,3024.0,16232.0,0.0,1036032.0,4.0,4912535058778098.0,4912535058865139.0
887,1,320,64,0,0,16,0,48,64,"void moe_kernels::router_topk_wave64_kernel<64>(float*, float const*, int*, float*, int, int, int, int, int, float)",888,57,40245.0,130.0,600.0,2005.0,0.0,95345.0,5.0,4912535059008340.0,4912535059024660.0
888,1,256,256,1024,0,12,4,64,64,"batch_decode_kernels::align_routes(int const*, int, int, int, int*, int*, int*)",889,17,40537.0,17.0,272.0,429.0,0.0,5541.0,4.0,4912535059134900.0,4912535059151860.0
889,1,349184,256,19968,0,36,4,48,64,"void batch_decode_kernels::grouped_expert_gate_up<16, 1>(float const*, char const*, unsigned long const*, unsigned long const*, int const*, int const*, float*, unsigned short*, int, int, int, int, int)",890,36,228157.0,160512.0,377872.0,3234352.0,0.0,203216464.0,5456.0,4912535059238581.0,4912535059372501.0
890,1,11264,256,19968,0,32,0,48,64,"batch_decode_kernels::mfma_gate_up_swiglu(float*, float const*, unsigned short const*, unsigned short const*, int, int, int)",891,19,157816.0,30272.0,121088.0,850432.0,0.0,53281536.0,176.0,4912535059508822.0,4912535059596822.0
891,1,507904,256,11264,0,24,0,48,64,"void batch_decode_kernels::grouped_expert_down<16, 1>(float const*, unsigned short const*, char const*, unsigned long const*, int const*, int const*, float*, int, int, int, int)",892,26,139608.0,128640.0,401408.0,2422400.0,0.0,153992960.0,7936.0,4912535059695703.0,4912535059774743.0
892,1,1280,256,0,0,12,4,32,64,"batch_decode_kernels::reduce_routes_add(float*, float const*, float const*, int, int, int)",893,28,64038.0,2240.0,1520.0,5800.0,0.0,371200.0,20.0,4912535059879063.0,4912535059909944.0
893,1,8192,256,11264,0,24,0,48,64,"batch_decode_kernels::mfma_gemm(float*, float const*, unsigned short const*, int, int, int, int)",894,21,193129.0,19328.0,132480.0,712320.0,0.0,45475840.0,128.0,4912535059985464.0,4912535060094584.0
894,1,1280,256,1024,0,12,4,32,64,"batch_decode_kernels::rmsnorm(float*, float const*, unsigned short const*, int, int, float)",895,33,32013.0,640.0,740.0,3865.0,0.0,245755.0,20.0,4912535060224505.0,4912535060236345.0
895,1,12288,256,11264,0,24,0,48,64,"batch_decode_kernels::mfma_gemm(float*, float const*, unsigned short const*, int, int, int, int)",896,21,143615.0,20736.0,145152.0,779136.0,0.0,49729536.0,192.0,4912535060322905.0,4912535060402266.0
896,1,2304,256,11264,0,24,0,48,64,"batch_decode_kernels::mfma_gemm(float*, float const*, unsigned short const*, int, int, int, int)",897,21,146161.0,3888.0,27216.0,146088.0,0.0,9324288.0,36.0,4912535060503546.0,4912535060583707.0
897,1,1280,256,1024,0,24,0,32,64,"batch_decode_kernels::kv_norm_rope(unsigned short*, float const*, unsigned short const*, int, int, int, int, int, int, float const*, int, float)",898,39,29698.0,180.0,550.0,2175.0,0.0,125755.0,20.0,4912535060724507.0,4912535060735067.0
898,1,32768,256,11264,0,24,0,48,64,"batch_decode_kernels::mfma_head_gemm(float*, float const*, unsigned short const*, int, int, int, int, int, int, unsigned long)",899,30,34285.0,5376.0,27904.0,164352.0,0.0,9707520.0,512.0,4912535060861788.0,4912535060875388.0
899,1,5120,256,0,0,24,0,32,64,"batch_decode_kernels::q_rope(float*, float const*, int, int, int, int, int, int, float const*, int)",900,40,23787.0,320.0,720.0,7760.0,0.0,261120.0,80.0,4912535060959868.0,4912535060967068.0
900,1,5120,256,0,0,16,0,32,64,"batch_decode_kernels::attention_score(float*, float const*, float const*, unsigned short const*, int, int, int, int, int, int, int, float)",901,41,28479.0,1520.0,1120.0,17040.0,0.0,1020000.0,80.0,4912535061102749.0,4912535061112669.0
901,1,20480,256,1024,0,20,4,48,64,"void attention_kernels::softmax_rows_kernel<256>(float*, int, int, int, int)",902,51,25539.0,400.0,13360.0,12560.0,0.0,353360.0,320.0,4912535061240030.0,4912535061248190.0
902,1,2621440,256,0,0,16,0,32,64,"batch_decode_kernels::latent_context(float*, float const*, unsigned short const*, int, int, int, int, int, int)",903,23,64520.0,122880.0,204800.0,4669440.0,0.0,174981120.0,40960.0,4912535061376030.0,4912535061409470.0
903,1,8192,256,11264,0,24,0,48,64,"batch_decode_kernels::mfma_head_gemm(float*, float const*, unsigned short const*, int, int, int, int, int, int, unsigned long)",904,30,54649.0,3840.0,24832.0,138240.0,0.0,8644608.0,128.0,4912535061472351.0,4912535061497631.0
904,1,8192,256,11264,0,24,0,48,64,"batch_decode_kernels::mfma_gemm(float*, float const*, unsigned short const*, int, int, int, int)",905,21,145252.0,14336.0,96768.0,519936.0,0.0,33163264.0,128.0,4912535061608991.0,4912535061688832.0
905,1,1280,256,1024,0,12,4,32,64,"batch_decode_kernels::rmsnorm(float*, float const*, unsigned short const*, int, int, float)",906,33,32404.0,640.0,740.0,3865.0,0.0,245755.0,20.0,4912535061822592.0,4912535061834752.0
906,1,256,256,11264,0,24,0,48,64,"batch_decode_kernels::mfma_gemm(float*, float const*, unsigned short const*, int, int, int, int)",907,21,158920.0,432.0,3024.0,16232.0,0.0,1036032.0,4.0,4912535061956033.0,4912535062043233.0
907,1,320,64,0,0,16,0,48,64,"void moe_kernels::router_topk_wave64_kernel<64>(float*, float const*, int*, float*, int, int, int, int, int, float)",908,57,39560.0,130.0,600.0,2005.0,0.0,95330.0,5.0,4912535062170594.0,4912535062187074.0
908,1,256,256,1024,0,12,4,64,64,"batch_decode_kernels::align_routes(int const*, int, int, int, int*, int*, int*)",909,17,40085.0,17.0,272.0,429.0,0.0,5541.0,4.0,4912535062263554.0,4912535062280034.0
909,1,349184,256,19968,0,36,4,48,64,"void batch_decode_kernels::grouped_expert_gate_up<16, 1>(float const*, char const*, unsigned long const*, unsigned long const*, int const*, int const*, float*, unsigned short*, int, int, int, int, int)",910,36,235675.0,160512.0,377872.0,3234352.0,0.0,203216464.0,5456.0,4912535062396035.0,4912535062533955.0
910,1,11264,256,19968,0,32,0,48,64,"batch_decode_kernels::mfma_gate_up_swiglu(float*, float const*, unsigned short const*, unsigned short const*, int, int, int)",911,19,157575.0,30272.0,121088.0,850432.0,0.0,53281536.0,176.0,4912535062639236.0,4912535062727076.0
911,1,507904,256,11264,0,24,0,48,64,"void batch_decode_kernels::grouped_expert_down<16, 1>(float const*, unsigned short const*, char const*, unsigned long const*, int const*, int const*, float*, int, int, int, int)",912,26,141214.0,128640.0,401408.0,2422400.0,0.0,153992960.0,7936.0,4912535062805317.0,4912535062885157.0
912,1,1280,256,0,0,12,4,32,64,"batch_decode_kernels::reduce_routes_add(float*, float const*, float const*, int, int, int)",913,28,63761.0,2240.0,1520.0,5800.0,0.0,371200.0,20.0,4912535062971397.0,4912535063002277.0
913,1,8192,256,11264,0,24,0,48,64,"batch_decode_kernels::mfma_gemm(float*, float const*, unsigned short const*, int, int, int, int)",914,21,194443.0,19328.0,132480.0,712320.0,0.0,45475840.0,128.0,4912535063111238.0,4912535063220518.0
914,1,1280,256,1024,0,12,4,32,64,"batch_decode_kernels::rmsnorm(float*, float const*, unsigned short const*, int, int, float)",915,33,32147.0,640.0,740.0,3865.0,0.0,245755.0,20.0,4912535063301639.0,4912535063313799.0
915,1,12288,256,11264,0,24,0,48,64,"batch_decode_kernels::mfma_gemm(float*, float const*, unsigned short const*, int, int, int, int)",916,21,143133.0,20736.0,145152.0,779136.0,0.0,49729536.0,192.0,4912535063430439.0,4912535063509480.0
916,1,2304,256,11264,0,24,0,48,64,"batch_decode_kernels::mfma_gemm(float*, float const*, unsigned short const*, int, int, int, int)",917,21,143657.0,3888.0,27216.0,146088.0,0.0,9324288.0,36.0,4912535063624520.0,4912535063703241.0
917,1,1280,256,1024,0,24,0,32,64,"batch_decode_kernels::kv_norm_rope(unsigned short*, float const*, unsigned short const*, int, int, int, int, int, int, float const*, int, float)",918,39,28305.0,180.0,550.0,2175.0,0.0,125755.0,20.0,4912535063819401.0,4912535063829161.0
918,1,32768,256,11264,0,24,0,48,64,"batch_decode_kernels::mfma_head_gemm(float*, float const*, unsigned short const*, int, int, int, int, int, int, unsigned long)",919,30,33495.0,5376.0,27904.0,164352.0,0.0,9707520.0,512.0,4912535063944842.0,4912535063957962.0
919,1,5120,256,0,0,24,0,32,64,"batch_decode_kernels::q_rope(float*, float const*, int, int, int, int, int, int, float const*, int)",920,40,24620.0,320.0,720.0,7760.0,0.0,261120.0,80.0,4912535064073322.0,4912535064080682.0
920,1,5120,256,0,0,16,0,32,64,"batch_decode_kernels::attention_score(float*, float const*, float const*, unsigned short const*, int, int, int, int, int, int, int, float)",921,41,27391.0,1520.0,1120.0,17040.0,0.0,1020000.0,80.0,4912535064191883.0,4912535064201163.0
921,1,20480,256,1024,0,20,4,48,64,"void attention_kernels::softmax_rows_kernel<256>(float*, int, int, int, int)",922,51,25327.0,400.0,13360.0,12560.0,0.0,353360.0,320.0,4912535064312523.0,4912535064320363.0
922,1,2621440,256,0,0,16,0,32,64,"batch_decode_kernels::latent_context(float*, float const*, unsigned short const*, int, int, int, int, int, int)",923,23,64407.0,122880.0,204800.0,4669440.0,0.0,174981120.0,40960.0,4912535064431084.0,4912535064464364.0
923,1,8192,256,11264,0,24,0,48,64,"batch_decode_kernels::mfma_head_gemm(float*, float const*, unsigned short const*, int, int, int, int, int, int, unsigned long)",924,30,54298.0,3840.0,24832.0,138240.0,0.0,8644608.0,128.0,4912535064582604.0,4912535064608045.0
924,1,8192,256,11264,0,24,0,48,64,"batch_decode_kernels::mfma_gemm(float*, float const*, unsigned short const*, int, int, int, int)",925,21,145172.0,14336.0,96768.0,519936.0,0.0,33163264.0,128.0,4912535064701165.0,4912535064781485.0
925,1,1280,256,1024,0,12,4,32,64,"batch_decode_kernels::rmsnorm(float*, float const*, unsigned short const*, int, int, float)",926,33,32643.0,640.0,740.0,3865.0,0.0,245755.0,20.0,4912535064885806.0,4912535064898126.0
926,1,256,256,11264,0,24,0,48,64,"batch_decode_kernels::mfma_gemm(float*, float const*, unsigned short const*, int, int, int, int)",927,21,153733.0,432.0,3024.0,16232.0,0.0,1036032.0,4.0,4912535064968846.0,4912535065053327.0
927,1,320,64,0,0,16,0,48,64,"void moe_kernels::router_topk_wave64_kernel<64>(float*, float const*, int*, float*, int, int, int, int, int, float)",928,57,38583.0,130.0,600.0,2005.0,0.0,95370.0,5.0,4912535065160207.0,4912535065176047.0
928,1,256,256,1024,0,12,4,64,64,"batch_decode_kernels::align_routes(int const*, int, int, int, int*, int*, int*)",929,17,40851.0,17.0,272.0,429.0,0.0,5541.0,4.0,4912535065276688.0,4912535065293648.0
929,1,349184,256,19968,0,36,4,48,64,"void batch_decode_kernels::grouped_expert_gate_up<16, 1>(float const*, char const*, unsigned long const*, unsigned long const*, int const*, int const*, float*, unsigned short*, int, int, int, int, int)",930,36,233827.0,160512.0,377872.0,3234352.0,0.0,203216464.0,5456.0,4912535065390128.0,4912535065527249.0
930,1,11264,256,19968,0,32,0,48,64,"batch_decode_kernels::mfma_gate_up_swiglu(float*, float const*, unsigned short const*, unsigned short const*, int, int, int)",931,19,159245.0,30272.0,121088.0,850432.0,0.0,53281536.0,176.0,4912535065630929.0,4912535065720050.0
931,1,507904,256,11264,0,24,0,48,64,"void batch_decode_kernels::grouped_expert_down<16, 1>(float const*, unsigned short const*, char const*, unsigned long const*, int const*, int const*, float*, int, int, int, int)",932,26,141961.0,128640.0,401408.0,2422400.0,0.0,153992960.0,7936.0,4912535065836530.0,4912535065917010.0
932,1,1280,256,0,0,12,4,32,64,"batch_decode_kernels::reduce_routes_add(float*, float const*, float const*, int, int, int)",933,28,62392.0,2240.0,1520.0,5800.0,0.0,371200.0,20.0,4912535066010611.0,4912535066040531.0
933,1,8192,256,11264,0,24,0,48,64,"batch_decode_kernels::mfma_gemm(float*, float const*, unsigned short const*, int, int, int, int)",934,21,192297.0,19328.0,132480.0,712320.0,0.0,45475840.0,128.0,4912535066158132.0,4912535066266292.0
934,1,1280,256,1024,0,12,4,32,64,"batch_decode_kernels::rmsnorm(float*, float const*, unsigned short const*, int, int, float)",935,33,32389.0,640.0,740.0,3865.0,0.0,245755.0,20.0,4912535066362772.0,4912535066374932.0
935,1,12288,256,11264,0,24,0,48,64,"batch_decode_kernels::mfma_gemm(float*, float const*, unsigned short const*, int, int, int, int)",936,21,141656.0,20736.0,145152.0,779136.0,0.0,49729536.0,192.0,4912535066473013.0,4912535066551253.0
936,1,2304,256,11264,0,24,0,48,64,"batch_decode_kernels::mfma_gemm(float*, float const*, unsigned short const*, int, int, int, int)",937,21,144438.0,3888.0,27216.0,146088.0,0.0,9324288.0,36.0,4912535066641174.0,4912535066720054.0
937,1,1280,256,1024,0,24,0,32,64,"batch_decode_kernels::kv_norm_rope(unsigned short*, float const*, unsigned short const*, int, int, int, int, int, int, float const*, int, float)",938,39,30804.0,180.0,550.0,2175.0,0.0,125755.0,20.0,4912535066809334.0,4912535066820694.0
938,1,32768,256,11264,0,24,0,48,64,"batch_decode_kernels::mfma_head_gemm(float*, float const*, unsigned short const*, int, int, int, int, int, int, unsigned long)",939,30,34359.0,5376.0,27904.0,164352.0,0.0,9707520.0,512.0,4912535066916215.0,4912535066929655.0
939,1,5120,256,0,0,24,0,32,64,"batch_decode_kernels::q_rope(float*, float const*, int, int, int, int, int, int, float const*, int)",940,40,24385.0,320.0,720.0,7760.0,0.0,261120.0,80.0,4912535067030615.0,4912535067038135.0
940,1,5120,256,0,0,16,0,32,64,"batch_decode_kernels::attention_score(float*, float const*, float const*, unsigned short const*, int, int, int, int, int, int, int, float)",941,41,28209.0,1520.0,1120.0,17040.0,0.0,1020000.0,80.0,4912535067137816.0,4912535067147896.0
941,1,20480,256,1024,0,20,4,48,64,"void attention_kernels::softmax_rows_kernel<256>(float*, int, int, int, int)",942,51,25727.0,400.0,13360.0,12560.0,0.0,353360.0,320.0,4912535067244056.0,4912535067252216.0
942,1,2621440,256,0,0,16,0,32,64,"batch_decode_kernels::latent_context(float*, float const*, unsigned short const*, int, int, int, int, int, int)",943,23,64461.0,122880.0,204800.0,4669440.0,0.0,174981120.0,40960.0,4912535067317177.0,4912535067350617.0
943,1,8192,256,11264,0,24,0,48,64,"batch_decode_kernels::mfma_head_gemm(float*, float const*, unsigned short const*, int, int, int, int, int, int, unsigned long)",944,30,54556.0,3840.0,24832.0,138240.0,0.0,8644608.0,128.0,4912535067453017.0,4912535067478777.0
944,1,8192,256,11264,0,24,0,48,64,"batch_decode_kernels::mfma_gemm(float*, float const*, unsigned short const*, int, int, int, int)",945,21,146269.0,14336.0,96768.0,519936.0,0.0,33163264.0,128.0,4912535067584698.0,4912535067665178.0
945,1,1280,256,1024,0,12,4,32,64,"batch_decode_kernels::rmsnorm(float*, float const*, unsigned short const*, int, int, float)",946,33,33821.0,640.0,740.0,3865.0,0.0,245755.0,20.0,4912535067771099.0,4912535067784059.0
946,1,256,256,11264,0,24,0,48,64,"batch_decode_kernels::mfma_gemm(float*, float const*, unsigned short const*, int, int, int, int)",947,21,159345.0,432.0,3024.0,16232.0,0.0,1036032.0,4.0,4912535067873339.0,4912535067960540.0
947,1,320,64,0,0,16,0,48,64,"void moe_kernels::router_topk_wave64_kernel<64>(float*, float const*, int*, float*, int, int, int, int, int, float)",948,57,39295.0,130.0,600.0,2005.0,0.0,95335.0,5.0,4912535068065820.0,4912535068081980.0
948,1,256,256,1024,0,12,4,64,64,"batch_decode_kernels::align_routes(int const*, int, int, int, int*, int*, int*)",949,17,40117.0,17.0,272.0,429.0,0.0,5541.0,4.0,4912535068193341.0,4912535068210141.0
949,1,349184,256,19968,0,36,4,48,64,"void batch_decode_kernels::grouped_expert_gate_up<16, 1>(float const*, char const*, unsigned long const*, unsigned long const*, int const*, int const*, float*, unsigned short*, int, int, int, int, int)",950,36,234029.0,160512.0,377872.0,3234352.0,0.0,203216464.0,5456.0,4912535068321821.0,4912535068458622.0
950,1,11264,256,19968,0,32,0,48,64,"batch_decode_kernels::mfma_gate_up_swiglu(float*, float const*, unsigned short const*, unsigned short const*, int, int, int)",951,19,160238.0,30272.0,121088.0,850432.0,0.0,53281536.0,176.0,4912535068555422.0,4912535068645023.0
951,1,507904,256,11264,0,24,0,48,64,"void batch_decode_kernels::grouped_expert_down<16, 1>(float const*, unsigned short const*, char const*, unsigned long const*, int const*, int const*, float*, int, int, int, int)",952,26,139119.0,128640.0,401408.0,2422400.0,0.0,153992960.0,7936.0,4912535068733983.0,4912535068812863.0
952,1,1280,256,0,0,12,4,32,64,"batch_decode_kernels::reduce_routes_add(float*, float const*, float const*, int, int, int)",953,28,60952.0,2240.0,1520.0,5800.0,0.0,371200.0,20.0,4912535068910304.0,4912535068939904.0
953,1,8192,256,11264,0,24,0,48,64,"batch_decode_kernels::mfma_gemm(float*, float const*, unsigned short const*, int, int, int, int)",954,21,192240.0,19328.0,132480.0,712320.0,0.0,45475840.0,128.0,4912535069037824.0,4912535069146305.0
954,1,1280,256,1024,0,12,4,32,64,"batch_decode_kernels::rmsnorm(float*, float const*, unsigned short const*, int, int, float)",955,33,32582.0,640.0,740.0,3865.0,0.0,245755.0,20.0,4912535069239745.0,4912535069252065.0
955,1,12288,256,11264,0,24,0,48,64,"batch_decode_kernels::mfma_gemm(float*, float const*, unsigned short const*, int, int, int, int)",956,21,140291.0,20736.0,145152.0,779136.0,0.0,49729536.0,192.0,4912535069360866.0,4912535069438786.0
956,1,2304,256,11264,0,24,0,48,64,"batch_decode_kernels::mfma_gemm(float*, float const*, unsigned short const*, int, int, int, int)",957,21,142670.0,3888.0,27216.0,146088.0,0.0,9324288.0,36.0,4912535069532067.0,4912535069610147.0
957,1,1280,256,1024,0,24,0,32,64,"batch_decode_kernels::kv_norm_rope(unsigned short*, float const*, unsigned short const*, int, int, int, int, int, int, float const*, int, float)",958,39,28364.0,180.0,550.0,2175.0,0.0,125755.0,20.0,4912535069701987.0,4912535069712067.0
958,1,32768,256,11264,0,24,0,48,64,"batch_decode_kernels::mfma_head_gemm(float*, float const*, unsigned short const*, int, int, int, int, int, int, unsigned long)",959,30,32593.0,5376.0,27904.0,164352.0,0.0,9707520.0,512.0,4912535069821348.0,4912535069834148.0
959,1,5120,256,0,0,24,0,32,64,"batch_decode_kernels::q_rope(float*, float const*, int, int, int, int, int, int, float const*, int)",960,40,23512.0,320.0,720.0,7760.0,0.0,261120.0,80.0,4912535069937668.0,4912535069944708.0
960,1,5120,256,0,0,16,0,32,64,"batch_decode_kernels::attention_score(float*, float const*, float const*, unsigned short const*, int, int, int, int, int, int, int, float)",961,41,28044.0,1520.0,1120.0,17040.0,0.0,1020000.0,80.0,4912535070033989.0,4912535070043909.0
961,1,20480,256,1024,0,20,4,48,64,"void attention_kernels::softmax_rows_kernel<256>(float*, int, int, int, int)",962,51,26707.0,400.0,13360.0,12560.0,0.0,353360.0,320.0,4912535070151589.0,4912535070160549.0
962,1,2621440,256,0,0,16,0,32,64,"batch_decode_kernels::latent_context(float*, float const*, unsigned short const*, int, int, int, int, int, int)",963,23,64915.0,122880.0,204800.0,4669440.0,0.0,174981120.0,40960.0,4912535070265030.0,4912535070298470.0
963,1,8192,256,11264,0,24,0,48,64,"batch_decode_kernels::mfma_head_gemm(float*, float const*, unsigned short const*, int, int, int, int, int, int, unsigned long)",964,30,55432.0,3840.0,24832.0,138240.0,0.0,8644608.0,128.0,4912535070403591.0,4912535070429671.0
964,1,8192,256,11264,0,24,0,48,64,"batch_decode_kernels::mfma_gemm(float*, float const*, unsigned short const*, int, int, int, int)",965,21,146048.0,14336.0,96768.0,519936.0,0.0,33163264.0,128.0,4912535070517351.0,4912535070597991.0
965,1,1280,256,1024,0,12,4,32,64,"batch_decode_kernels::rmsnorm(float*, float const*, unsigned short const*, int, int, float)",966,33,32687.0,640.0,740.0,3865.0,0.0,245755.0,20.0,4912535070700072.0,4912535070712712.0
966,1,256,256,11264,0,24,0,48,64,"batch_decode_kernels::mfma_gemm(float*, float const*, unsigned short const*, int, int, int, int)",967,21,153341.0,432.0,3024.0,16232.0,0.0,1036032.0,4.0,4912535070809192.0,4912535070893513.0
967,1,320,64,0,0,16,0,48,64,"void moe_kernels::router_topk_wave64_kernel<64>(float*, float const*, int*, float*, int, int, int, int, int, float)",968,57,39206.0,130.0,600.0,2005.0,0.0,95330.0,5.0,4912535070989833.0,4912535071005993.0
968,1,256,256,1024,0,12,4,64,64,"batch_decode_kernels::align_routes(int const*, int, int, int, int*, int*, int*)",969,17,39482.0,17.0,272.0,429.0,0.0,5541.0,4.0,4912535071102474.0,4912535071119114.0
969,1,349184,256,19968,0,36,4,48,64,"void batch_decode_kernels::grouped_expert_gate_up<16, 1>(float const*, char const*, unsigned long const*, unsigned long const*, int const*, int const*, float*, unsigned short*, int, int, int, int, int)",970,36,230315.0,160512.0,377872.0,3234352.0,0.0,203216464.0,5456.0,4912535071213834.0,4912535071348555.0
970,1,11264,256,19968,0,32,0,48,64,"batch_decode_kernels::mfma_gate_up_swiglu(float*, float const*, unsigned short const*, unsigned short const*, int, int, int)",971,19,156188.0,30272.0,121088.0,850432.0,0.0,53281536.0,176.0,4912535071433995.0,4912535071521356.0
971,1,507904,256,11264,0,24,0,48,64,"void batch_decode_kernels::grouped_expert_down<16, 1>(float const*, unsigned short const*, char const*, unsigned long const*, int const*, int const*, float*, int, int, int, int)",972,26,137424.0,128640.0,401408.0,2422400.0,0.0,153992960.0,7936.0,4912535071609356.0,4912535071687276.0
972,1,1280,256,0,0,12,4,32,64,"batch_decode_kernels::reduce_routes_add(float*, float const*, float const*, int, int, int)",973,28,63108.0,2240.0,1520.0,5800.0,0.0,371200.0,20.0,4912535071780717.0,4912535071810957.0
973,1,8192,256,11264,0,24,0,48,64,"batch_decode_kernels::mfma_gemm(float*, float const*, unsigned short const*, int, int, int, int)",974,21,192717.0,19328.0,132480.0,712320.0,0.0,45475840.0,128.0,4912535071904877.0,4912535072013358.0
974,1,1280,256,1024,0,12,4,32,64,"batch_decode_kernels::rmsnorm(float*, float const*, unsigned short const*, int, int, float)",975,33,33329.0,640.0,740.0,3865.0,0.0,245755.0,20.0,4912535072077038.0,4912535072089678.0
975,1,12288,256,11264,0,24,0,48,64,"batch_decode_kernels::mfma_gemm(float*, float const*, unsigned short const*, int, int, int, int)",976,21,142798.0,20736.0,145152.0,779136.0,0.0,49729536.0,192.0,4912535072180718.0,4912535072259439.0
976,1,2304,256,11264,0,24,0,48,64,"batch_decode_kernels::mfma_gemm(float*, float const*, unsigned short const*, int, int, int, int)",977,21,143528.0,3888.0,27216.0,146088.0,0.0,9324288.0,36.0,4912535072346159.0,4912535072424720.0
977,1,1280,256,1024,0,24,0,32,64,"batch_decode_kernels::kv_norm_rope(unsigned short*, float const*, unsigned short const*, int, int, int, int, int, int, float const*, int, float)",978,39,28541.0,180.0,550.0,2175.0,0.0,125755.0,20.0,4912535072510640.0,4912535072520720.0
978,1,32768,256,11264,0,24,0,48,64,"batch_decode_kernels::mfma_head_gemm(float*, float const*, unsigned short const*, int, int, int, int, int, int, unsigned long)",979,30,33327.0,5376.0,27904.0,164352.0,0.0,9707520.0,512.0,4912535072612560.0,4912535072625680.0
979,1,5120,256,0,0,24,0,32,64,"batch_decode_kernels::q_rope(float*, float const*, int, int, int, int, int, int, float const*, int)",980,40,23220.0,320.0,720.0,7760.0,0.0,261120.0,80.0,4912535072712881.0,4912535072719761.0
980,1,5120,256,0,0,16,0,32,64,"batch_decode_kernels::attention_score(float*, float const*, float const*, unsigned short const*, int, int, int, int, int, int, int, float)",981,41,29985.0,1520.0,1120.0,17040.0,0.0,1020000.0,80.0,4912535072810321.0,4912535072820721.0
981,1,20480,256,1024,0,20,4,48,64,"void attention_kernels::softmax_rows_kernel<256>(float*, int, int, int, int)",982,51,25243.0,400.0,13360.0,12560.0,0.0,353360.0,320.0,4912535072906802.0,4912535072914642.0
982,1,2621440,256,0,0,16,0,32,64,"batch_decode_kernels::latent_context(float*, float const*, unsigned short const*, int, int, int, int, int, int)",983,23,64605.0,122880.0,204800.0,4669440.0,0.0,174981120.0,40960.0,4912535073004082.0,4912535073037362.0
983,1,8192,256,11264,0,24,0,48,64,"batch_decode_kernels::mfma_head_gemm(float*, float const*, unsigned short const*, int, int, int, int, int, int, unsigned long)",984,30,53956.0,3840.0,24832.0,138240.0,0.0,8644608.0,128.0,4912535073124563.0,4912535073149843.0
984,1,8192,256,11264,0,24,0,48,64,"batch_decode_kernels::mfma_gemm(float*, float const*, unsigned short const*, int, int, int, int)",985,21,142731.0,14336.0,96768.0,519936.0,0.0,33163264.0,128.0,4912535073237043.0,4912535073315604.0
985,1,1280,256,1024,0,12,4,32,64,"batch_decode_kernels::rmsnorm(float*, float const*, unsigned short const*, int, int, float)",986,33,33434.0,640.0,740.0,3865.0,0.0,245755.0,20.0,4912535073406484.0,4912535073419124.0
986,1,256,256,11264,0,24,0,48,64,"batch_decode_kernels::mfma_gemm(float*, float const*, unsigned short const*, int, int, int, int)",987,21,154610.0,432.0,3024.0,16232.0,0.0,1036032.0,4.0,4912535073496724.0,4912535073581365.0
987,1,320,64,0,0,16,0,48,64,"void moe_kernels::router_topk_wave64_kernel<64>(float*, float const*, int*, float*, int, int, int, int, int, float)",988,57,39159.0,130.0,600.0,2005.0,0.0,95325.0,5.0,4912535073661365.0,4912535073677525.0
988,1,256,256,1024,0,12,4,64,64,"batch_decode_kernels::align_routes(int const*, int, int, int, int*, int*, int*)",989,17,41298.0,17.0,272.0,429.0,0.0,5541.0,4.0,4912535073770806.0,4912535073788086.0
989,1,349184,256,19968,0,36,4,48,64,"void batch_decode_kernels::grouped_expert_gate_up<16, 1>(float const*, char const*, unsigned long const*, unsigned long const*, int const*, int const*, float*, unsigned short*, int, int, int, int, int)",990,36,230965.0,160512.0,377872.0,3234352.0,0.0,203216464.0,5456.0,4912535073877846.0,4912535074013367.0
990,1,11264,256,19968,0,32,0,48,64,"batch_decode_kernels::mfma_gate_up_swiglu(float*, float const*, unsigned short const*, unsigned short const*, int, int, int)",991,19,160191.0,30272.0,121088.0,850432.0,0.0,53281536.0,176.0,4912535074097847.0,4912535074187607.0
991,1,507904,256,11264,0,24,0,48,64,"void batch_decode_kernels::grouped_expert_down<16, 1>(float const*, unsigned short const*, char const*, unsigned long const*, int const*, int const*, float*, int, int, int, int)",992,26,140307.0,128640.0,401408.0,2422400.0,0.0,153992960.0,7936.0,4912535074274968.0,4912535074354488.0
992,1,1280,256,0,0,12,4,32,64,"batch_decode_kernels::reduce_routes_add(float*, float const*, float const*, int, int, int)",993,28,63461.0,2240.0,1520.0,5800.0,0.0,371200.0,20.0,4912535074432089.0,4912535074462809.0
993,1,8192,256,11264,0,24,0,48,64,"batch_decode_kernels::mfma_gemm(float*, float const*, unsigned short const*, int, int, int, int)",994,21,191796.0,19328.0,132480.0,712320.0,0.0,45475840.0,128.0,4912535074553049.0,4912535074661370.0
994,1,1280,256,1024,0,12,4,32,64,"batch_decode_kernels::rmsnorm(float*, float const*, unsigned short const*, int, int, float)",995,33,32744.0,640.0,740.0,3865.0,0.0,245755.0,20.0,4912535074739610.0,4912535074751610.0
995,1,12288,256,11264,0,24,0,48,64,"batch_decode_kernels::mfma_gemm(float*, float const*, unsigned short const*, int, int, int, int)",996,21,141595.0,20736.0,145152.0,779136.0,0.0,49729536.0,192.0,4912535074838970.0,4912535074917371.0
996,1,2304,256,11264,0,24,0,48,64,"batch_decode_kernels::mfma_gemm(float*, float const*, unsigned short const*, int, int, int, int)",997,21,147156.0,3888.0,27216.0,146088.0,0.0,9324288.0,36.0,4912535075004091.0,4912535075084731.0
997,1,1280,256,1024,0,24,0,32,64,"batch_decode_kernels::kv_norm_rope(unsigned short*, float const*, unsigned short const*, int, int, int, int, int, int, float const*, int, float)",998,39,29249.0,180.0,550.0,2175.0,0.0,125755.0,20.0,4912535075170492.0,4912535075180892.0
998,1,32768,256,11264,0,24,0,48,64,"batch_decode_kernels::mfma_head_gemm(float*, float const*, unsigned short const*, int, int, int, int, int, int, unsigned long)",999,30,31933.0,5376.0,27904.0,164352.0,0.0,9707520.0,512.0,4912535075267932.0,4912535075280252.0
999,1,5120,256,0,0,24,0,32,64,"batch_decode_kernels::q_rope(float*, float const*, int, int, int, int, int, int, float const*, int)",1000,40,24331.0,320.0,720.0,7760.0,0.0,261120.0,80.0,4912535075365213.0,4912535075372413.0
1000,1,5120,256,0,0,16,0,32,64,"batch_decode_kernels::attention_score(float*, float const*, float const*, unsigned short const*, int, int, int, int, int, int, int, float)",1001,41,27719.0,1520.0,1120.0,17040.0,0.0,1020000.0,80.0,4912535075459453.0,4912535075468893.0
1001,1,20480,256,1024,0,20,4,48,64,"void attention_kernels::softmax_rows_kernel<256>(float*, int, int, int, int)",1002,51,26454.0,400.0,13360.0,12560.0,0.0,353360.0,320.0,4912535075552894.0,4912535075561534.0
1002,1,2621440,256,0,0,16,0,32,64,"batch_decode_kernels::latent_context(float*, float const*, unsigned short const*, int, int, int, int, int, int)",1003,23,64015.0,122880.0,204800.0,4669440.0,0.0,174981120.0,40960.0,4912535075654654.0,4912535075687774.0
1003,1,8192,256,11264,0,24,0,48,64,"batch_decode_kernels::mfma_head_gemm(float*, float const*, unsigned short const*, int, int, int, int, int, int, unsigned long)",1004,30,54468.0,3840.0,24832.0,138240.0,0.0,8644608.0,128.0,4912535075910655.0,4912535075936095.0
1004,1,8192,256,11264,0,24,0,48,64,"batch_decode_kernels::mfma_gemm(float*, float const*, unsigned short const*, int, int, int, int)",1005,21,145846.0,14336.0,96768.0,519936.0,0.0,33163264.0,128.0,4912535076021856.0,4912535076102016.0
1005,1,1280,256,1024,0,12,4,32,64,"batch_decode_kernels::rmsnorm(float*, float const*, unsigned short const*, int, int, float)",1006,33,32499.0,640.0,740.0,3865.0,0.0,245755.0,20.0,4912535076183776.0,4912535076195936.0
1006,1,256,256,11264,0,24,0,48,64,"batch_decode_kernels::mfma_gemm(float*, float const*, unsigned short const*, int, int, int, int)",1007,21,157882.0,432.0,3024.0,16232.0,0.0,1036032.0,4.0,4912535076272737.0,4912535076359457.0
1007,1,320,64,0,0,16,0,48,64,"void moe_kernels::router_topk_wave64_kernel<64>(float*, float const*, int*, float*, int, int, int, int, int, float)",1008,57,39023.0,130.0,600.0,2005.0,0.0,95345.0,5.0,4912535076444258.0,4912535076460418.0
1008,1,256,256,1024,0,12,4,64,64,"batch_decode_kernels::align_routes(int const*, int, int, int, int*, int*, int*)",1009,17,40276.0,17.0,272.0,429.0,0.0,5541.0,4.0,4912535076543778.0,4912535076560418.0
1009,1,349184,256,19968,0,36,4,48,64,"void batch_decode_kernels::grouped_expert_gate_up<16, 1>(float const*, char const*, unsigned long const*, unsigned long const*, int const*, int const*, float*, unsigned short*, int, int, int, int, int)",1010,36,229351.0,160512.0,377872.0,3234352.0,0.0,203216464.0,5456.0,4912535076642658.0,4912535076777059.0
1010,1,11264,256,19968,0,32,0,48,64,"batch_decode_kernels::mfma_gate_up_swiglu(float*, float const*, unsigned short const*, unsigned short const*, int, int, int)",1011,19,157594.0,30272.0,121088.0,850432.0,0.0,53281536.0,176.0,4912535076860259.0,4912535076948100.0
1011,1,507904,256,11264,0,24,0,48,64,"void batch_decode_kernels::grouped_expert_down<16, 1>(float const*, unsigned short const*, char const*, unsigned long const*, int const*, int const*, float*, int, int, int, int)",1012,26,139684.0,128640.0,401408.0,2422400.0,0.0,153992960.0,7936.0,4912535077038020.0,4912535077117061.0
1012,1,1280,256,0,0,12,4,32,64,"batch_decode_kernels::reduce_routes_add(float*, float const*, float const*, int, int, int)",1013,28,61014.0,2240.0,1520.0,5800.0,0.0,371200.0,20.0,4912535077196421.0,4912535077225701.0
1013,1,8192,256,11264,0,24,0,48,64,"batch_decode_kernels::mfma_gemm(float*, float const*, unsigned short const*, int, int, int, int)",1014,21,194093.0,19328.0,132480.0,712320.0,0.0,45475840.0,128.0,4912535077301381.0,4912535077410822.0
1014,1,1280,256,1024,0,12,4,32,64,"batch_decode_kernels::rmsnorm(float*, float const*, unsigned short const*, int, int, float)",1015,33,33817.0,640.0,740.0,3865.0,0.0,245755.0,20.0,4912535077489862.0,4912535077502822.0
1015,1,12288,256,11264,0,24,0,48,64,"batch_decode_kernels::mfma_gemm(float*, float const*, unsigned short const*, int, int, int, int)",1016,21,142009.0,20736.0,145152.0,779136.0,0.0,49729536.0,192.0,4912535077580743.0,4912535077659303.0
1016,1,2304,256,11264,0,24,0,48,64,"batch_decode_kernels::mfma_gemm(float*, float const*, unsigned short const*, int, int, int, int)",1017,21,146043.0,3888.0,27216.0,146088.0,0.0,9324288.0,36.0,4912535077740423.0,4912535077820424.0
1017,1,1280,256,1024,0,24,0,32,64,"batch_decode_kernels::kv_norm_rope(unsigned short*, float const*, unsigned short const*, int, int, int, int, int, int, float const*, int, float)",1018,39,29687.0,180.0,550.0,2175.0,0.0,125755.0,20.0,4912535077895784.0,4912535077906344.0
1018,1,32768,256,11264,0,24,0,48,64,"batch_decode_kernels::mfma_head_gemm(float*, float const*, unsigned short const*, int, int, int, int, int, int, unsigned long)",1019,30,32711.0,5376.0,27904.0,164352.0,0.0,9707520.0,512.0,4912535077980264.0,4912535077992904.0
1019,1,5120,256,0,0,24,0,32,64,"batch_decode_kernels::q_rope(float*, float const*, int, int, int, int, int, int, float const*, int)",1020,40,23624.0,320.0,720.0,7760.0,0.0,261120.0,80.0,4912535078070185.0,4912535078077065.0
1020,1,5120,256,0,0,16,0,32,64,"batch_decode_kernels::attention_score(float*, float const*, float const*, unsigned short const*, int, int, int, int, int, int, int, float)",1021,41,28440.0,1520.0,1120.0,17040.0,0.0,1020000.0,80.0,4912535078152425.0,4912535078162345.0
1021,1,20480,256,1024,0,20,4,48,64,"void attention_kernels::softmax_rows_kernel<256>(float*, int, int, int, int)",1022,51,25526.0,400.0,13360.0,12560.0,0.0,353360.0,320.0,4912535078233226.0,4912535078241546.0
1022,1,2621440,256,0,0,16,0,32,64,"batch_decode_kernels::latent_context(float*, float const*, unsigned short const*, int, int, int, int, int, int)",1023,23,64572.0,122880.0,204800.0,4669440.0,0.0,174981120.0,40960.0,4912535078310986.0,4912535078344266.0
1023,1,8192,256,11264,0,24,0,48,64,"batch_decode_kernels::mfma_head_gemm(float*, float const*, unsigned short const*, int, int, int, int, int, int, unsigned long)",1024,30,54429.0,3840.0,24832.0,138240.0,0.0,8644608.0,128.0,4912535078418346.0,4912535078444106.0
1024,1,8192,256,11264,0,24,0,48,64,"batch_decode_kernels::mfma_gemm(float*, float const*, unsigned short const*, int, int, int, int)",1025,21,144928.0,14336.0,96768.0,519936.0,0.0,33163264.0,128.0,4912535078513067.0,4912535078593067.0
1025,1,1280,256,1024,0,12,4,32,64,"batch_decode_kernels::rmsnorm(float*, float const*, unsigned short const*, int, int, float)",1026,33,32898.0,640.0,740.0,3865.0,0.0,245755.0,20.0,4912535078666507.0,4912535078678828.0
1026,1,256,256,11264,0,24,0,48,64,"batch_decode_kernels::mfma_gemm(float*, float const*, unsigned short const*, int, int, int, int)",1027,21,156181.0,432.0,3024.0,16232.0,0.0,1036032.0,4.0,4912535078749708.0,4912535078835628.0
1027,1,320,64,0,0,16,0,48,64,"void moe_kernels::router_topk_wave64_kernel<64>(float*, float const*, int*, float*, int, int, int, int, int, float)",1028,57,39028.0,130.0,600.0,2005.0,0.0,95365.0,5.0,4912535078905869.0,4912535078922029.0
1028,1,256,256,1024,0,12,4,64,64,"batch_decode_kernels::align_routes(int const*, int, int, int, int*, int*, int*)",1029,17,40085.0,17.0,272.0,429.0,0.0,5541.0,4.0,4912535078995309.0,4912535079011949.0
1029,1,349184,256,19968,0,36,4,48,64,"void batch_decode_kernels::grouped_expert_gate_up<16, 1>(float const*, char const*, unsigned long const*, unsigned long const*, int const*, int const*, float*, unsigned short*, int, int, int, int, int)",1030,36,231835.0,160512.0,377872.0,3234352.0,0.0,203216464.0,5456.0,4912535079088749.0,4912535079224430.0
1030,1,11264,256,19968,0,32,0,48,64,"batch_decode_kernels::mfma_gate_up_swiglu(float*, float const*, unsigned short const*, unsigned short const*, int, int, int)",1031,19,157450.0,30272.0,121088.0,850432.0,0.0,53281536.0,176.0,4912535079296590.0,4912535079384591.0
1031,1,507904,256,11264,0,24,0,48,64,"void batch_decode_kernels::grouped_expert_down<16, 1>(float const*, unsigned short const*, char const*, unsigned long const*, int const*, int const*, float*, int, int, int, int)",1032,26,141166.0,128640.0,401408.0,2422400.0,0.0,153992960.0,7936.0,4912535079456591.0,4912535079536591.0
1032,1,1280,256,0,0,12,4,32,64,"batch_decode_kernels::reduce_routes_add(float*, float const*, float const*, int, int, int)",1033,28,60150.0,2240.0,1520.0,5800.0,0.0,371200.0,20.0,4912535079602832.0,4912535079631472.0
1033,1,8192,256,11264,0,24,0,48,64,"batch_decode_kernels::mfma_gemm(float*, float const*, unsigned short const*, int, int, int, int)",1034,21,193135.0,19328.0,132480.0,712320.0,0.0,45475840.0,128.0,4912535079697872.0,4912535079806513.0
1034,1,1280,256,1024,0,12,4,32,64,"batch_decode_kernels::rmsnorm(float*, float const*, unsigned short const*, int, int, float)",1035,33,32821.0,640.0,740.0,3865.0,0.0,245755.0,20.0,4912535079879793.0,4912535079892273.0
1035,1,12288,256,11264,0,24,0,48,64,"batch_decode_kernels::mfma_gemm(float*, float const*, unsigned short const*, int, int, int, int)",1036,21,142666.0,20736.0,145152.0,779136.0,0.0,49729536.0,192.0,4912535079964113.0,4912535080042834.0
1036,1,2304,256,11264,0,24,0,48,64,"batch_decode_kernels::mfma_gemm(float*, float const*, unsigned short const*, int, int, int, int)",1037,21,146794.0,3888.0,27216.0,146088.0,0.0,9324288.0,36.0,4912535080110514.0,4912535080191154.0
1037,1,1280,256,1024,0,24,0,32,64,"batch_decode_kernels::kv_norm_rope(unsigned short*, float const*, unsigned short const*, int, int, int, int, int, int, float const*, int, float)",1038,39,29567.0,180.0,550.0,2175.0,0.0,125755.0,20.0,4912535080260275.0,4912535080270515.0
1038,1,32768,256,11264,0,24,0,48,64,"batch_decode_kernels::mfma_head_gemm(float*, float const*, unsigned short const*, int, int, int, int, int, int, unsigned long)",1039,30,32659.0,5376.0,27904.0,164352.0,0.0,9707520.0,512.0,4912535080337875.0,4912535080350515.0
1039,1,5120,256,0,0,24,0,32,64,"batch_decode_kernels::q_rope(float*, float const*, int, int, int, int, int, int, float const*, int)",1040,40,24229.0,320.0,720.0,7760.0,0.0,261120.0,80.0,4912535080422355.0,4912535080429075.0
1040,1,5120,256,0,0,16,0,32,64,"batch_decode_kernels::attention_score(float*, float const*, float const*, unsigned short const*, int, int, int, int, int, int, int, float)",1041,41,27794.0,1520.0,1120.0,17040.0,0.0,1020000.0,80.0,4912535080492916.0,4912535080502516.0
1041,1,20480,256,1024,0,20,4,48,64,"void attention_kernels::softmax_rows_kernel<256>(float*, int, int, int, int)",1042,51,25221.0,400.0,13360.0,12560.0,0.0,353360.0,320.0,4912535080571156.0,4912535080579156.0
1042,1,2621440,256,0,0,16,0,32,64,"batch_decode_kernels::latent_context(float*, float const*, unsigned short const*, int, int, int, int, int, int)",1043,23,64348.0,122880.0,204800.0,4669440.0,0.0,174981120.0,40960.0,4912535080646836.0,4912535080679796.0
1043,1,8192,256,11264,0,24,0,48,64,"batch_decode_kernels::mfma_head_gemm(float*, float const*, unsigned short const*, int, int, int, int, int, int, unsigned long)",1044,30,54041.0,3840.0,24832.0,138240.0,0.0,8644608.0,128.0,4912535080746837.0,4912535080772117.0
1044,1,8192,256,11264,0,24,0,48,64,"batch_decode_kernels::mfma_gemm(float*, float const*, unsigned short const*, int, int, int, int)",1045,21,146195.0,14336.0,96768.0,519936.0,0.0,33163264.0,128.0,4912535080838357.0,4912535080919158.0
1045,1,1280,256,1024,0,12,4,32,64,"batch_decode_kernels::rmsnorm(float*, float const*, unsigned short const*, int, int, float)",1046,33,33482.0,640.0,740.0,3865.0,0.0,245755.0,20.0,4912535080986678.0,4912535080999318.0
1046,1,256,256,11264,0,24,0,48,64,"batch_decode_kernels::mfma_gemm(float*, float const*, unsigned short const*, int, int, int, int)",1047,21,157115.0,432.0,3024.0,16232.0,0.0,1036032.0,4.0,4912535081066998.0,4912535081153559.0
1047,1,320,64,0,0,16,0,48,64,"void moe_kernels::router_topk_wave64_kernel<64>(float*, float const*, int*, float*, int, int, int, int, int, float)",1048,57,40397.0,130.0,600.0,2005.0,0.0,95370.0,5.0,4912535081220599.0,4912535081237559.0
1048,1,256,256,1024,0,12,4,64,64,"batch_decode_kernels::align_routes(int const*, int, int, int, int*, int*, int*)",1049,17,41049.0,17.0,272.0,429.0,0.0,5541.0,4.0,4912535081299799.0,4912535081316919.0
1049,1,349184,256,19968,0,36,4,48,64,"void batch_decode_kernels::grouped_expert_gate_up<16, 1>(float const*, char const*, unsigned long const*, unsigned long const*, int const*, int const*, float*, unsigned short*, int, int, int, int, int)",1050,36,236229.0,160512.0,377872.0,3234352.0,0.0,203216464.0,5456.0,4912535081380120.0,4912535081518680.0
1050,1,11264,256,19968,0,32,0,48,64,"batch_decode_kernels::mfma_gate_up_swiglu(float*, float const*, unsigned short const*, unsigned short const*, int, int, int)",1051,19,159438.0,30272.0,121088.0,850432.0,0.0,53281536.0,176.0,4912535081580761.0,4912535081669721.0
1051,1,507904,256,11264,0,24,0,48,64,"void batch_decode_kernels::grouped_expert_down<16, 1>(float const*, unsigned short const*, char const*, unsigned long const*, int const*, int const*, float*, int, int, int, int)",1052,26,140892.0,128640.0,401408.0,2422400.0,0.0,153992960.0,7936.0,4912535081734681.0,4912535081814362.0
1052,1,1280,256,0,0,12,4,32,64,"batch_decode_kernels::reduce_routes_add(float*, float const*, float const*, int, int, int)",1053,28,64215.0,2240.0,1520.0,5800.0,0.0,371200.0,20.0,4912535081876602.0,4912535081907802.0
1053,1,8192,256,11264,0,24,0,48,64,"batch_decode_kernels::mfma_gemm(float*, float const*, unsigned short const*, int, int, int, int)",1054,21,195631.0,19328.0,132480.0,712320.0,0.0,45475840.0,128.0,4912535081968602.0,4912535082079003.0
1054,1,1280,256,1024,0,12,4,32,64,"batch_decode_kernels::rmsnorm(float*, float const*, unsigned short const*, int, int, float)",1055,33,33268.0,640.0,740.0,3865.0,0.0,245755.0,20.0,4912535082143323.0,4912535082156123.0
1055,1,409600,256,11264,0,24,0,48,64,"batch_decode_kernels::mfma_gemm(float*, float const*, unsigned short const*, int, int, int, int)",1056,21,802522.0,691200.0,4838400.0,25971200.0,0.0,1657651200.0,6400.0,4912535082217883.0,4912535082720766.0
1056,1,1280,256,2048,0,8,0,32,64,"batch_decode_kernels::argmax(float const*, int, int*, int)",1057,20,320560.0,8005.0,17555.0,66445.0,0.0,4122255.0,20.0,4912535082779966.0,4912535082963807.0
1057,1,512,512,0,0,20,4,32,64,__amd_rocclr_copyBuffer,1058,13,20440.0,10.0,45.0,97.0,0.0,5217.0,8.0,4912535085439338.0,4912535085444458.0
1058,1,51200,256,0,0,8,0,32,64,"batch_decode_kernels::embedding(float*, unsigned short const*, int const*, int*, int, int, int, int)",1059,44,21104.0,1600.0,2400.0,11200.0,0.0,716800.0,800.0,4912535085515498.0,4912535085521098.0
1059,1,6400,256,1024,0,12,4,32,64,"batch_decode_kernels::rmsnorm(float*, float const*, unsigned short const*, int, int, float)",1060,33,32002.0,3200.0,3700.0,19325.0,0.0,1228775.0,100.0,4912535085586218.0,4912535085598219.0
1060,1,24576,256,11264,0,24,0,48,64,"batch_decode_kernels::mfma_gemm(float*, float const*, unsigned short const*, int, int, int, int)",1061,21,167469.0,64512.0,313344.0,1857792.0,0.0,118812672.0,384.0,4912535085666699.0,4912535085761899.0
1061,1,4608,256,11264,0,24,0,48,64,"batch_decode_kernels::mfma_gemm(float*, float const*, unsigned short const*, int, int, int, int)",1062,21,166853.0,12096.0,58752.0,348336.0,0.0,22277376.0,72.0,4912535085830540.0,4912535085923500.0
1062,1,6400,256,1024,0,24,0,32,64,"batch_decode_kernels::prefill_kv_norm_rope(unsigned short*, float const*, unsigned short const*, int, int, int, int, int, int, float const*, int, float)",1063,42,28978.0,900.0,2750.0,11675.0,0.0,673675.0,100.0,4912535085989900.0,4912535086000300.0
1063,1,65536,256,11264,0,24,0,48,64,"batch_decode_kernels::mfma_head_gemm(float*, float const*, unsigned short const*, int, int, int, int, int, int, unsigned long)",1064,30,35598.0,14592.0,59648.0,382464.0,0.0,23961600.0,1024.0,4912535086073101.0,4912535086087661.0
1064,1,25600,256,0,0,24,0,32,64,"batch_decode_kernels::prefill_q_rope(float*, float const*, int, int, int, int, int, float const*, int)",1065,45,24940.0,1600.0,3600.0,59200.0,0.0,1958400.0,400.0,4912535086154221.0,4912535086162061.0
1065,1,25600,256,0,0,64,0,96,64,"void batch_decode_kernels::flash_prefill<8>(float*, float const*, float const*, unsigned short const*, int, int, int, int, int, int, int, float)",1066,27,69829.0,16700.0,55100.0,208300.0,0.0,13331200.0,400.0,4912535086231821.0,4912535086266701.0
1066,1,16384,256,11264,0,24,0,48,64,"batch_decode_kernels::mfma_head_gemm(float*, float const*, unsigned short const*, int, int, int, int, int, int, unsigned long)",1067,30,61413.0,11520.0,53504.0,330240.0,0.0,21006336.0,256.0,4912535086340622.0,4912535086370542.0
1067,1,16384,256,11264,0,24,0,48,64,"batch_decode_kernels::mfma_gemm(float*, float const*, unsigned short const*, int, int, int, int)",1068,21,168036.0,44032.0,208896.0,1239552.0,0.0,79259648.0,256.0,4912535086440787.0,4912535086535507.0
1068,1,6400,256,1024,0,12,4,32,64,"batch_decode_kernels::rmsnorm(float*, float const*, unsigned short const*, int, int, float)",1069,33,31865.0,3200.0,3700.0,19325.0,0.0,1228775.0,100.0,4912535086609427.0,4912535086621107.0
1069,1,87552,256,19968,0,32,0,48,64,"batch_decode_kernels::mfma_gate_up_swiglu(float*, float const*, unsigned short const*, unsigned short const*, int, int, int)",1070,19,355285.0,317376.0,1023264.0,7677216.0,0.0,488507328.0,1368.0,4912535086691667.0,4912535086907508.0
1070,1,16384,256,11264,0,24,0,48,64,"batch_decode_kernels::mfma_gemm(float*, float const*, unsigned short const*, int, int, int, int)",1071,21,801052.0,226400.0,1102944.0,6563808.0,0.0,420012032.0,256.0,4912535086981108.0,4912535087458870.0
1071,1,6400,256,1024,0,12,4,32,64,"batch_decode_kernels::rmsnorm(float*, float const*, unsigned short const*, int, int, float)",1072,33,32417.0,3200.0,3700.0,19325.0,0.0,1228775.0,100.0,4912535087536471.0,4912535087549111.0
1072,1,24576,256,11264,0,24,0,48,64,"batch_decode_kernels::mfma_gemm(float*, float const*, unsigned short const*, int, int, int, int)",1073,21,166845.0,64512.0,313344.0,1857792.0,0.0,118812672.0,384.0,4912535087617431.0,4912535087712152.0
1073,1,4608,256,11264,0,24,0,48,64,"batch_decode_kernels::mfma_gemm(float*, float const*, unsigned short const*, int, int, int, int)",1074,21,165614.0,12096.0,58752.0,348336.0,0.0,22277376.0,72.0,4912535087788632.0,4912535087880472.0
1074,1,6400,256,1024,0,24,0,32,64,"batch_decode_kernels::prefill_kv_norm_rope(unsigned short*, float const*, unsigned short const*, int, int, int, int, int, int, float const*, int, float)",1075,42,29412.0,900.0,2750.0,11675.0,0.0,673675.0,100.0,4912535087962713.0,4912535087973273.0
1075,1,65536,256,11264,0,24,0,48,64,"batch_decode_kernels::mfma_head_gemm(float*, float const*, unsigned short const*, int, int, int, int, int, int, unsigned long)",1076,30,36003.0,14592.0,59648.0,382464.0,0.0,23961600.0,1024.0,4912535088046233.0,4912535088061113.0
1076,1,25600,256,0,0,24,0,32,64,"batch_decode_kernels::prefill_q_rope(float*, float const*, int, int, int, int, int, float const*, int)",1077,45,24808.0,1600.0,3600.0,59200.0,0.0,1958400.0,400.0,4912535088130873.0,4912535088138553.0
1077,1,25600,256,0,0,64,0,96,64,"void batch_decode_kernels::flash_prefill<8>(float*, float const*, float const*, unsigned short const*, int, int, int, int, int, int, int, float)",1078,27,70143.0,16700.0,55100.0,208300.0,0.0,13331200.0,400.0,4912535088218074.0,4912535088253114.0
1078,1,16384,256,11264,0,24,0,48,64,"batch_decode_kernels::mfma_head_gemm(float*, float const*, unsigned short const*, int, int, int, int, int, int, unsigned long)",1079,30,59325.0,11520.0,53504.0,330240.0,0.0,21006336.0,256.0,4912535088329594.0,4912535088358074.0
1079,1,16384,256,11264,0,24,0,48,64,"batch_decode_kernels::mfma_gemm(float*, float const*, unsigned short const*, int, int, int, int)",1080,21,168241.0,44032.0,208896.0,1239552.0,0.0,79259648.0,256.0,4912535088431835.0,4912535088526235.0
1080,1,6400,256,1024,0,12,4,32,64,"batch_decode_kernels::rmsnorm(float*, float const*, unsigned short const*, int, int, float)",1081,33,32323.0,3200.0,3700.0,19325.0,0.0,1228775.0,100.0,4912535088602556.0,4912535088614396.0
1081,1,512,256,11264,0,24,0,48,64,"batch_decode_kernels::mfma_gemm(float*, float const*, unsigned short const*, int, int, int, int)",1082,21,175464.0,1344.0,6528.0,38704.0,0.0,2475264.0,8.0,4912535088686076.0,4912535088783836.0
1082,1,1600,64,0,0,16,0,48,64,"void moe_kernels::router_topk_wave64_kernel<64>(float*, float const*, int*, float*, int, int, int, int, int, float)",1083,57,36887.0,650.0,3000.0,10025.0,0.0,476745.0,25.0,4912535088849917.0,4912535088864637.0
1083,1,256,256,1024,0,12,4,64,64,"batch_decode_kernels::align_routes(int const*, int, int, int, int*, int*, int*)",1084,17,44980.0,40.0,327.0,514.0,0.0,9601.0,4.0,4912535088944157.0,4912535088963837.0
1084,1,394240,256,19968,0,36,4,48,64,"void batch_decode_kernels::grouped_expert_gate_up<16, 1>(float const*, char const*, unsigned long const*, unsigned long const*, int const*, int const*, float*, unsigned short*, int, int, int, int, int)",1085,36,566481.0,616704.0,1386000.0,12593328.0,0.0,795061520.0,6160.0,4912535089037278.0,4912535089385119.0
1085,1,22528,256,19968,0,32,0,48,64,"batch_decode_kernels::mfma_gate_up_swiglu(float*, float const*, unsigned short const*, unsigned short const*, int, int, int)",1086,19,180141.0,81664.0,263296.0,1975424.0,0.0,125697792.0,352.0,4912535089469279.0,4912535089572640.0
1086,1,573440,256,11264,0,24,0,48,64,"void batch_decode_kernels::grouped_expert_down<16, 1>(float const*, unsigned short const*, char const*, unsigned long const*, int const*, int const*, float*, int, int, int, int)",1087,26,343911.0,499840.0,1487872.0,8981504.0,0.0,572596992.0,8960.0,4912535089645440.0,4912535089854081.0
1087,1,6400,256,0,0,12,4,32,64,"batch_decode_kernels::reduce_routes_add(float*, float const*, float const*, int, int, int)",1088,28,57684.0,11200.0,7600.0,29000.0,0.0,1856000.0,100.0,4912535089932002.0,4912535089959522.0
1088,1,16384,256,11264,0,24,0,48,64,"batch_decode_kernels::mfma_gemm(float*, float const*, unsigned short const*, int, int, int, int)",1089,21,224798.0,59776.0,286080.0,1699200.0,0.0,108677120.0,256.0,4912535090049442.0,4912535090178403.0
1089,1,6400,256,1024,0,12,4,32,64,"batch_decode_kernels::rmsnorm(float*, float const*, unsigned short const*, int, int, float)",1090,33,33398.0,3200.0,3700.0,19325.0,0.0,1228775.0,100.0,4912535090256643.0,4912535090269763.0
1090,1,24576,256,11264,0,24,0,48,64,"batch_decode_kernels::mfma_gemm(float*, float const*, unsigned short const*, int, int, int, int)",1091,21,165367.0,64512.0,313344.0,1857792.0,0.0,118812672.0,384.0,4912535090339043.0,4912535090432964.0
1091,1,4608,256,11264,0,24,0,48,64,"batch_decode_kernels::mfma_gemm(float*, float const*, unsigned short const*, int, int, int, int)",1092,21,166087.0,12096.0,58752.0,348336.0,0.0,22277376.0,72.0,4912535090501924.0,4912535090594084.0
1092,1,6400,256,1024,0,24,0,32,64,"batch_decode_kernels::prefill_kv_norm_rope(unsigned short*, float const*, unsigned short const*, int, int, int, int, int, int, float const*, int, float)",1093,42,28532.0,900.0,2750.0,11675.0,0.0,673675.0,100.0,4912535090683845.0,4912535090693765.0
1093,1,65536,256,11264,0,24,0,48,64,"batch_decode_kernels::mfma_head_gemm(float*, float const*, unsigned short const*, int, int, int, int, int, int, unsigned long)",1094,30,35628.0,14592.0,59648.0,382464.0,0.0,23961600.0,1024.0,4912535090770565.0,4912535090785285.0
1094,1,25600,256,0,0,24,0,32,64,"batch_decode_kernels::prefill_q_rope(float*, float const*, int, int, int, int, int, float const*, int)",1095,45,25021.0,1600.0,3600.0,59200.0,0.0,1958400.0,400.0,4912535090853606.0,4912535090861446.0
1095,1,25600,256,0,0,64,0,96,64,"void batch_decode_kernels::flash_prefill<8>(float*, float const*, float const*, unsigned short const*, int, int, int, int, int, int, int, float)",1096,27,70176.0,16700.0,55100.0,208300.0,0.0,13331200.0,400.0,4912535090939366.0,4912535090973766.0
1096,1,16384,256,11264,0,24,0,48,64,"batch_decode_kernels::mfma_head_gemm(float*, float const*, unsigned short const*, int, int, int, int, int, int, unsigned long)",1097,30,59502.0,11520.0,53504.0,330240.0,0.0,21006336.0,256.0,4912535091049767.0,4912535091078727.0
1097,1,16384,256,11264,0,24,0,48,64,"batch_decode_kernels::mfma_gemm(float*, float const*, unsigned short const*, int, int, int, int)",1098,21,171635.0,44032.0,208896.0,1239552.0,0.0,79259648.0,256.0,4912535091169287.0,4912535091265607.0
1098,1,6400,256,1024,0,12,4,32,64,"batch_decode_kernels::rmsnorm(float*, float const*, unsigned short const*, int, int, float)",1099,33,32981.0,3200.0,3700.0,19325.0,0.0,1228775.0,100.0,4912535091344968.0,4912535091357608.0
1099,1,512,256,11264,0,24,0,48,64,"batch_decode_kernels::mfma_gemm(float*, float const*, unsigned short const*, int, int, int, int)",1100,21,174830.0,1344.0,6528.0,38704.0,0.0,2475264.0,8.0,4912535091449128.0,4912535091545929.0
1100,1,1600,64,0,0,16,0,48,64,"void moe_kernels::router_topk_wave64_kernel<64>(float*, float const*, int*, float*, int, int, int, int, int, float)",1101,57,39489.0,650.0,3000.0,10025.0,0.0,476690.0,25.0,4912535091629449.0,4912535091645609.0
1101,1,256,256,1024,0,12,4,64,64,"batch_decode_kernels::align_routes(int const*, int, int, int, int*, int*, int*)",1102,17,45264.0,43.0,336.0,517.0,0.0,9832.0,4.0,4912535091717290.0,4912535091736970.0
1102,1,394240,256,19968,0,36,4,48,64,"void batch_decode_kernels::grouped_expert_gate_up<16, 1>(float const*, char const*, unsigned long const*, unsigned long const*, int const*, int const*, float*, unsigned short*, int, int, int, int, int)",1103,36,600574.0,686400.0,1558920.0,13871880.0,0.0,874388240.0,6160.0,4912535091825610.0,4912535092195372.0
1103,1,22528,256,19968,0,32,0,48,64,"batch_decode_kernels::mfma_gate_up_swiglu(float*, float const*, unsigned short const*, unsigned short const*, int, int, int)",1104,19,179607.0,81664.0,263296.0,1975424.0,0.0,125697792.0,352.0,4912535092268492.0,4912535092371532.0
1104,1,573440,256,11264,0,24,0,48,64,"void batch_decode_kernels::grouped_expert_down<16, 1>(float const*, unsigned short const*, char const*, unsigned long const*, int const*, int const*, float*, int, int, int, int)",1105,26,351624.0,553600.0,1659520.0,10023680.0,0.0,638903040.0,8960.0,4912535092466253.0,4912535092680654.0
1105,1,6400,256,0,0,12,4,32,64,"batch_decode_kernels::reduce_routes_add(float*, float const*, float const*, int, int, int)",1106,28,56895.0,11200.0,7600.0,29000.0,0.0,1856000.0,100.0,4912535092752974.0,4912535092780014.0
1106,1,16384,256,11264,0,24,0,48,64,"batch_decode_kernels::mfma_gemm(float*, float const*, unsigned short const*, int, int, int, int)",1107,21,224325.0,59776.0,286080.0,1699200.0,0.0,108677120.0,256.0,4912535092873775.0,4912535093002415.0
1107,1,6400,256,1024,0,12,4,32,64,"batch_decode_kernels::rmsnorm(float*, float const*, unsigned short const*, int, int, float)",1108,33,32902.0,3200.0,3700.0,19325.0,0.0,1228775.0,100.0,4912535093092976.0,4912535093105296.0
1108,1,24576,256,11264,0,24,0,48,64,"batch_decode_kernels::mfma_gemm(float*, float const*, unsigned short const*, int, int, int, int)",1109,21,166786.0,64512.0,313344.0,1857792.0,0.0,118812672.0,384.0,4912535093180656.0,4912535093275056.0
1109,1,4608,256,11264,0,24,0,48,64,"batch_decode_kernels::mfma_gemm(float*, float const*, unsigned short const*, int, int, int, int)",1110,21,165186.0,12096.0,58752.0,348336.0,0.0,22277376.0,72.0,4912535093352977.0,4912535093444497.0
1110,1,6400,256,1024,0,24,0,32,64,"batch_decode_kernels::prefill_kv_norm_rope(unsigned short*, float const*, unsigned short const*, int, int, int, int, int, int, float const*, int, float)",1111,42,28163.0,900.0,2750.0,11675.0,0.0,673675.0,100.0,4912535093528818.0,4912535093538738.0
1111,1,65536,256,11264,0,24,0,48,64,"batch_decode_kernels::mfma_head_gemm(float*, float const*, unsigned short const*, int, int, int, int, int, int, unsigned long)",1112,30,35237.0,14592.0,59648.0,382464.0,0.0,23961600.0,1024.0,4912535093616178.0,4912535093630418.0
1112,1,25600,256,0,0,24,0,32,64,"batch_decode_kernels::prefill_q_rope(float*, float const*, int, int, int, int, int, float const*, int)",1113,45,24584.0,1600.0,3600.0,59200.0,0.0,1958400.0,400.0,4912535093701458.0,4912535093709298.0
1113,1,25600,256,0,0,64,0,96,64,"void batch_decode_kernels::flash_prefill<8>(float*, float const*, float const*, unsigned short const*, int, int, int, int, int, int, int, float)",1114,27,66363.0,16700.0,55100.0,208300.0,0.0,13331200.0,400.0,4912535093785939.0,4912535093818739.0
1114,1,16384,256,11264,0,24,0,48,64,"batch_decode_kernels::mfma_head_gemm(float*, float const*, unsigned short const*, int, int, int, int, int, int, unsigned long)",1115,30,60587.0,11520.0,53504.0,330240.0,0.0,21006336.0,256.0,4912535093896339.0,4912535093925779.0
1115,1,16384,256,11264,0,24,0,48,64,"batch_decode_kernels::mfma_gemm(float*, float const*, unsigned short const*, int, int, int, int)",1116,21,169583.0,44032.0,208896.0,1239552.0,0.0,79259648.0,256.0,4912535093988820.0,4912535094084340.0
1116,1,6400,256,1024,0,12,4,32,64,"batch_decode_kernels::rmsnorm(float*, float const*, unsigned short const*, int, int, float)",1117,33,32132.0,3200.0,3700.0,19325.0,0.0,1228775.0,100.0,4912535094176501.0,4912535094188181.0
1117,1,512,256,11264,0,24,0,48,64,"batch_decode_kernels::mfma_gemm(float*, float const*, unsigned short const*, int, int, int, int)",1118,21,175011.0,1344.0,6528.0,38704.0,0.0,2475264.0,8.0,4912535094267861.0,4912535094364821.0
1118,1,1600,64,0,0,16,0,48,64,"void moe_kernels::router_topk_wave64_kernel<64>(float*, float const*, int*, float*, int, int, int, int, int, float)",1119,57,37567.0,650.0,3000.0,10025.0,0.0,476715.0,25.0,4912535094451702.0,4912535094467382.0
1119,1,256,256,1024,0,12,4,64,64,"batch_decode_kernels::align_routes(int const*, int, int, int, int*, int*, int*)",1120,17,44525.0,42.0,333.0,516.0,0.0,9753.0,4.0,4912535094560822.0,4912535094580182.0
1120,1,394240,256,19968,0,36,4,48,64,"void batch_decode_kernels::grouped_expert_gate_up<16, 1>(float const*, char const*, unsigned long const*, unsigned long const*, int const*, int const*, float*, unsigned short*, int, int, int, int, int)",1121,36,597604.0,663168.0,1501280.0,13445696.0,0.0,847946000.0,6160.0,4912535094652983.0,4912535095020824.0
1121,1,22528,256,19968,0,32,0,48,64,"batch_decode_kernels::mfma_gate_up_swiglu(float*, float const*, unsigned short const*, unsigned short const*, int, int, int)",1122,19,179836.0,81664.0,263296.0,1975424.0,0.0,125697792.0,352.0,4912535095128825.0,4912535095231705.0
1122,1,573440,256,11264,0,24,0,48,64,"void batch_decode_kernels::grouped_expert_down<16, 1>(float const*, unsigned short const*, char const*, unsigned long const*, int const*, int const*, float*, int, int, int, int)",1123,26,347871.0,535680.0,1602304.0,9676288.0,0.0,616801024.0,8960.0,4912535095329786.0,4912535095541627.0
1123,1,6400,256,0,0,12,4,32,64,"batch_decode_kernels::reduce_routes_add(float*, float const*, float const*, int, int, int)",1124,28,57744.0,11200.0,7600.0,29000.0,0.0,1856000.0,100.0,4912535095649787.0,4912535095677147.0
1124,1,16384,256,11264,0,24,0,48,64,"batch_decode_kernels::mfma_gemm(float*, float const*, unsigned short const*, int, int, int, int)",1125,21,226743.0,59776.0,286080.0,1699200.0,0.0,108677120.0,256.0,4912535095777468.0,4912535095907388.0
1125,1,6400,256,1024,0,12,4,32,64,"batch_decode_kernels::rmsnorm(float*, float const*, unsigned short const*, int, int, float)",1126,33,34525.0,3200.0,3700.0,19325.0,0.0,1228775.0,100.0,4912535095990429.0,4912535096004029.0
1126,1,24576,256,11264,0,24,0,48,64,"batch_decode_kernels::mfma_gemm(float*, float const*, unsigned short const*, int, int, int, int)",1127,21,166681.0,64512.0,313344.0,1857792.0,0.0,118812672.0,384.0,4912535096070109.0,4912535096164509.0
1127,1,4608,256,11264,0,24,0,48,64,"batch_decode_kernels::mfma_gemm(float*, float const*, unsigned short const*, int, int, int, int)",1128,21,164813.0,12096.0,58752.0,348336.0,0.0,22277376.0,72.0,4912535096260990.0,4912535096352510.0
1128,1,6400,256,1024,0,24,0,32,64,"batch_decode_kernels::prefill_kv_norm_rope(unsigned short*, float const*, unsigned short const*, int, int, int, int, int, int, float const*, int, float)",1129,42,27406.0,900.0,2750.0,11675.0,0.0,673675.0,100.0,4912535096423551.0,4912535096432991.0
1129,1,65536,256,11264,0,24,0,48,64,"batch_decode_kernels::mfma_head_gemm(float*, float const*, unsigned short const*, int, int, int, int, int, int, unsigned long)",1130,30,35667.0,14592.0,59648.0,382464.0,0.0,23961600.0,1024.0,4912535096498271.0,4912535096512831.0
1130,1,25600,256,0,0,24,0,32,64,"batch_decode_kernels::prefill_q_rope(float*, float const*, int, int, int, int, int, float const*, int)",1131,45,25314.0,1600.0,3600.0,59200.0,0.0,1958400.0,400.0,4912535096604991.0,4912535096612831.0
1131,1,25600,256,0,0,64,0,96,64,"void batch_decode_kernels::flash_prefill<8>(float*, float const*, float const*, unsigned short const*, int, int, int, int, int, int, int, float)",1132,27,65025.0,16700.0,55100.0,208300.0,0.0,13331200.0,400.0,4912535096685632.0,4912535096717632.0
1132,1,16384,256,11264,0,24,0,48,64,"batch_decode_kernels::mfma_head_gemm(float*, float const*, unsigned short const*, int, int, int, int, int, int, unsigned long)",1133,30,59412.0,11520.0,53504.0,330240.0,0.0,21006336.0,256.0,4912535096789952.0,4912535096818592.0
1133,1,16384,256,11264,0,24,0,48,64,"batch_decode_kernels::mfma_gemm(float*, float const*, unsigned short const*, int, int, int, int)",1134,21,167893.0,44032.0,208896.0,1239552.0,0.0,79259648.0,256.0,4912535096899393.0,4912535096993953.0
1134,1,6400,256,1024,0,12,4,32,64,"batch_decode_kernels::rmsnorm(float*, float const*, unsigned short const*, int, int, float)",1135,33,31998.0,3200.0,3700.0,19325.0,0.0,1228775.0,100.0,4912535097070913.0,4912535097082754.0
1135,1,512,256,11264,0,24,0,48,64,"batch_decode_kernels::mfma_gemm(float*, float const*, unsigned short const*, int, int, int, int)",1136,21,174281.0,1344.0,6528.0,38704.0,0.0,2475264.0,8.0,4912535097179554.0,4912535097276034.0
1136,1,1600,64,0,0,16,0,48,64,"void moe_kernels::router_topk_wave64_kernel<64>(float*, float const*, int*, float*, int, int, int, int, int, float)",1137,57,38495.0,650.0,3000.0,10025.0,0.0,476780.0,25.0,4912535097348835.0,4912535097364835.0
1137,1,256,256,1024,0,12,4,64,64,"batch_decode_kernels::align_routes(int const*, int, int, int, int*, int*, int*)",1138,17,44304.0,42.0,333.0,516.0,0.0,9753.0,4.0,4912535097428835.0,4912535097448355.0
1138,1,394240,256,19968,0,36,4,48,64,"void batch_decode_kernels::grouped_expert_gate_up<16, 1>(float const*, char const*, unsigned long const*, unsigned long const*, int const*, int const*, float*, unsigned short*, int, int, int, int, int)",1139,36,595080.0,663168.0,1501280.0,13445696.0,0.0,847946000.0,6160.0,4912535097541316.0,4912535097907237.0
1139,1,22528,256,19968,0,32,0,48,64,"batch_decode_kernels::mfma_gate_up_swiglu(float*, float const*, unsigned short const*, unsigned short const*, int, int, int)",1140,19,176911.0,81664.0,263296.0,1975424.0,0.0,125697792.0,352.0,4912535097999878.0,4912535098100998.0
1140,1,573440,256,11264,0,24,0,48,64,"void batch_decode_kernels::grouped_expert_down<16, 1>(float const*, unsigned short const*, char const*, unsigned long const*, int const*, int const*, float*, int, int, int, int)",1141,26,351620.0,535680.0,1602304.0,9676288.0,0.0,616801024.0,8960.0,4912535098189958.0,4912535098404039.0
1141,1,6400,256,0,0,12,4,32,64,"batch_decode_kernels::reduce_routes_add(float*, float const*, float const*, int, int, int)",1142,28,58406.0,11200.0,7600.0,29000.0,0.0,1856000.0,100.0,4912535098473800.0,4912535098501480.0
1142,1,16384,256,11264,0,24,0,48,64,"batch_decode_kernels::mfma_gemm(float*, float const*, unsigned short const*, int, int, int, int)",1143,21,227468.0,59776.0,286080.0,1699200.0,0.0,108677120.0,256.0,4912535098622280.0,4912535098752681.0
1143,1,6400,256,1024,0,12,4,32,64,"batch_decode_kernels::rmsnorm(float*, float const*, unsigned short const*, int, int, float)",1144,33,34299.0,3200.0,3700.0,19325.0,0.0,1228775.0,100.0,4912535098845961.0,4912535098859401.0
1144,1,24576,256,11264,0,24,0,48,64,"batch_decode_kernels::mfma_gemm(float*, float const*, unsigned short const*, int, int, int, int)",1145,21,166594.0,64512.0,313344.0,1857792.0,0.0,118812672.0,384.0,4912535098934122.0,4912535099028682.0
1145,1,4608,256,11264,0,24,0,48,64,"batch_decode_kernels::mfma_gemm(float*, float const*, unsigned short const*, int, int, int, int)",1146,21,163943.0,12096.0,58752.0,348336.0,0.0,22277376.0,72.0,4912535099129963.0,4912535099220843.0
1146,1,6400,256,1024,0,24,0,32,64,"batch_decode_kernels::prefill_kv_norm_rope(unsigned short*, float const*, unsigned short const*, int, int, int, int, int, int, float const*, int, float)",1147,42,28907.0,900.0,2750.0,11675.0,0.0,673675.0,100.0,4912535099289803.0,4912535099300043.0
1147,1,65536,256,11264,0,24,0,48,64,"batch_decode_kernels::mfma_head_gemm(float*, float const*, unsigned short const*, int, int, int, int, int, int, unsigned long)",1148,30,36742.0,14592.0,59648.0,382464.0,0.0,23961600.0,1024.0,4912535099377964.0,4912535099393164.0
1148,1,25600,256,0,0,24,0,32,64,"batch_decode_kernels::prefill_q_rope(float*, float const*, int, int, int, int, int, float const*, int)",1149,45,25340.0,1600.0,3600.0,59200.0,0.0,1958400.0,400.0,4912535099469164.0,4912535099476844.0
1149,1,25600,256,0,0,64,0,96,64,"void batch_decode_kernels::flash_prefill<8>(float*, float const*, float const*, unsigned short const*, int, int, int, int, int, int, int, float)",1150,27,66559.0,16700.0,55100.0,208300.0,0.0,13331200.0,400.0,4912535099560685.0,4912535099593485.0
1150,1,16384,256,11264,0,24,0,48,64,"batch_decode_kernels::mfma_head_gemm(float*, float const*, unsigned short const*, int, int, int, int, int, int, unsigned long)",1151,30,59938.0,11520.0,53504.0,330240.0,0.0,21006336.0,256.0,4912535099701805.0,4912535099730765.0
1151,1,16384,256,11264,0,24,0,48,64,"batch_decode_kernels::mfma_gemm(float*, float const*, unsigned short const*, int, int, int, int)",1152,21,169070.0,44032.0,208896.0,1239552.0,0.0,79259648.0,256.0,4912535099795246.0,4912535099890606.0
1152,1,6400,256,1024,0,12,4,32,64,"batch_decode_kernels::rmsnorm(float*, float const*, unsigned short const*, int, int, float)",1153,33,32748.0,3200.0,3700.0,19325.0,0.0,1228775.0,100.0,4912535099955726.0,4912535099968206.0
1153,1,512,256,11264,0,24,0,48,64,"batch_decode_kernels::mfma_gemm(float*, float const*, unsigned short const*, int, int, int, int)",1154,21,173263.0,1344.0,6528.0,38704.0,0.0,2475264.0,8.0,4912535100057487.0,4912535100153007.0
1154,1,1600,64,0,0,16,0,48,64,"void moe_kernels::router_topk_wave64_kernel<64>(float*, float const*, int*, float*, int, int, int, int, int, float)",1155,57,39125.0,650.0,3000.0,10025.0,0.0,476745.0,25.0,4912535100216688.0,4912535100232528.0
1155,1,256,256,1024,0,12,4,64,64,"batch_decode_kernels::align_routes(int const*, int, int, int, int*, int*, int*)",1156,17,44875.0,41.0,330.0,515.0,0.0,9680.0,4.0,4912535100342448.0,4912535100362128.0
1156,1,394240,256,19968,0,36,4,48,64,"void batch_decode_kernels::grouped_expert_gate_up<16, 1>(float const*, char const*, unsigned long const*, unsigned long const*, int const*, int const*, float*, unsigned short*, int, int, int, int, int)",1157,36,576993.0,639936.0,1443640.0,13019512.0,0.0,821503760.0,6160.0,4912535100436849.0,4912535100791570.0
1157,1,22528,256,19968,0,32,0,48,64,"batch_decode_kernels::mfma_gate_up_swiglu(float*, float const*, unsigned short const*, unsigned short const*, int, int, int)",1158,19,178511.0,81664.0,263296.0,1975424.0,0.0,125697792.0,352.0,4912535100863410.0,4912535100965811.0
1158,1,573440,256,11264,0,24,0,48,64,"void batch_decode_kernels::grouped_expert_down<16, 1>(float const*, unsigned short const*, char const*, unsigned long const*, int const*, int const*, float*, int, int, int, int)",1159,26,337143.0,517760.0,1545088.0,9328896.0,0.0,594699008.0,8960.0,4912535101043571.0,4912535101248532.0
1159,1,6400,256,0,0,12,4,32,64,"batch_decode_kernels::reduce_routes_add(float*, float const*, float const*, int, int, int)",1160,28,58550.0,11200.0,7600.0,29000.0,0.0,1856000.0,100.0,4912535101330933.0,4912535101358613.0
1160,1,16384,256,11264,0,24,0,48,64,"batch_decode_kernels::mfma_gemm(float*, float const*, unsigned short const*, int, int, int, int)",1161,21,226007.0,59776.0,286080.0,1699200.0,0.0,108677120.0,256.0,4912535101425653.0,4912535101555254.0
1161,1,6400,256,1024,0,12,4,32,64,"batch_decode_kernels::rmsnorm(float*, float const*, unsigned short const*, int, int, float)",1162,33,33062.0,3200.0,3700.0,19325.0,0.0,1228775.0,100.0,4912535101642454.0,4912535101654774.0
1162,1,24576,256,11264,0,24,0,48,64,"batch_decode_kernels::mfma_gemm(float*, float const*, unsigned short const*, int, int, int, int)",1163,21,165542.0,64512.0,313344.0,1857792.0,0.0,118812672.0,384.0,4912535101777975.0,4912535101871735.0
1163,1,4608,256,11264,0,24,0,48,64,"batch_decode_kernels::mfma_gemm(float*, float const*, unsigned short const*, int, int, int, int)",1164,21,164645.0,12096.0,58752.0,348336.0,0.0,22277376.0,72.0,4912535101997976.0,4912535102089656.0
1164,1,6400,256,1024,0,24,0,32,64,"batch_decode_kernels::prefill_kv_norm_rope(unsigned short*, float const*, unsigned short const*, int, int, int, int, int, int, float const*, int, float)",1165,42,29363.0,900.0,2750.0,11675.0,0.0,673675.0,100.0,4912535102191896.0,4912535102201976.0
1165,1,65536,256,11264,0,24,0,48,64,"batch_decode_kernels::mfma_head_gemm(float*, float const*, unsigned short const*, int, int, int, int, int, int, unsigned long)",1166,30,34790.0,14592.0,59648.0,382464.0,0.0,23961600.0,1024.0,4912535102292697.0,4912535102307097.0
1166,1,25600,256,0,0,24,0,32,64,"batch_decode_kernels::prefill_q_rope(float*, float const*, int, int, int, int, int, float const*, int)",1167,45,24359.0,1600.0,3600.0,59200.0,0.0,1958400.0,400.0,4912535102398617.0,4912535102405977.0
1167,1,25600,256,0,0,64,0,96,64,"void batch_decode_kernels::flash_prefill<8>(float*, float const*, float const*, unsigned short const*, int, int, int, int, int, int, int, float)",1168,27,69515.0,16700.0,55100.0,208300.0,0.0,13331200.0,400.0,4912535102499258.0,4912535102533658.0
1168,1,16384,256,11264,0,24,0,48,64,"batch_decode_kernels::mfma_head_gemm(float*, float const*, unsigned short const*, int, int, int, int, int, int, unsigned long)",1169,30,61199.0,11520.0,53504.0,330240.0,0.0,21006336.0,256.0,4912535102617338.0,4912535102647098.0
1169,1,16384,256,11264,0,24,0,48,64,"batch_decode_kernels::mfma_gemm(float*, float const*, unsigned short const*, int, int, int, int)",1170,21,170443.0,44032.0,208896.0,1239552.0,0.0,79259648.0,256.0,4912535102725019.0,4912535102821019.0
1170,1,6400,256,1024,0,12,4,32,64,"batch_decode_kernels::rmsnorm(float*, float const*, unsigned short const*, int, int, float)",1171,33,32431.0,3200.0,3700.0,19325.0,0.0,1228775.0,100.0,4912535102916540.0,4912535102929180.0
1171,1,512,256,11264,0,24,0,48,64,"batch_decode_kernels::mfma_gemm(float*, float const*, unsigned short const*, int, int, int, int)",1172,21,177637.0,1344.0,6528.0,38704.0,0.0,2475264.0,8.0,4912535103024380.0,4912535103123421.0
1172,1,1600,64,0,0,16,0,48,64,"void moe_kernels::router_topk_wave64_kernel<64>(float*, float const*, int*, float*, int, int, int, int, int, float)",1173,57,39025.0,650.0,3000.0,10025.0,0.0,476665.0,25.0,4912535103222941.0,4912535103238941.0
1173,1,256,256,1024,0,12,4,64,64,"batch_decode_kernels::align_routes(int const*, int, int, int, int*, int*, int*)",1174,17,45277.0,43.0,336.0,517.0,0.0,9832.0,4.0,4912535103371742.0,4912535103391422.0
1174,1,394240,256,19968,0,36,4,48,64,"void batch_decode_kernels::grouped_expert_gate_up<16, 1>(float const*, char const*, unsigned long const*, unsigned long const*, int const*, int const*, float*, unsigned short*, int, int, int, int, int)",1175,36,625984.0,686400.0,1558920.0,13871880.0,0.0,874388240.0,6160.0,4912535103481022.0,4912535103866144.0
1175,1,22528,256,19968,0,32,0,48,64,"batch_decode_kernels::mfma_gate_up_swiglu(float*, float const*, unsigned short const*, unsigned short const*, int, int, int)",1176,19,177090.0,81664.0,263296.0,1975424.0,0.0,125697792.0,352.0,4912535103945024.0,4912535104046625.0
1176,1,573440,256,11264,0,24,0,48,64,"void batch_decode_kernels::grouped_expert_down<16, 1>(float const*, unsigned short const*, char const*, unsigned long const*, int const*, int const*, float*, int, int, int, int)",1177,26,375323.0,553600.0,1659520.0,10023680.0,0.0,638903040.0,8960.0,4912535104152865.0,4912535104381506.0
1177,1,6400,256,0,0,12,4,32,64,"batch_decode_kernels::reduce_routes_add(float*, float const*, float const*, int, int, int)",1178,28,58718.0,11200.0,7600.0,29000.0,0.0,1856000.0,100.0,4912535104496707.0,4912535104524547.0
1178,1,16384,256,11264,0,24,0,48,64,"batch_decode_kernels::mfma_gemm(float*, float const*, unsigned short const*, int, int, int, int)",1179,21,223677.0,59776.0,286080.0,1699200.0,0.0,108677120.0,256.0,4912535104612867.0,4912535104740868.0
1179,1,6400,256,1024,0,12,4,32,64,"batch_decode_kernels::rmsnorm(float*, float const*, unsigned short const*, int, int, float)",1180,33,33063.0,3200.0,3700.0,19325.0,0.0,1228775.0,100.0,4912535104826468.0,4912535104839268.0
1180,1,24576,256,11264,0,24,0,48,64,"batch_decode_kernels::mfma_gemm(float*, float const*, unsigned short const*, int, int, int, int)",1181,21,165406.0,64512.0,313344.0,1857792.0,0.0,118812672.0,384.0,4912535104938469.0,4912535105032229.0
1181,1,4608,256,11264,0,24,0,48,64,"batch_decode_kernels::mfma_gemm(float*, float const*, unsigned short const*, int, int, int, int)",1182,21,164282.0,12096.0,58752.0,348336.0,0.0,22277376.0,72.0,4912535105111589.0,4912535105202630.0
1182,1,6400,256,1024,0,24,0,32,64,"batch_decode_kernels::prefill_kv_norm_rope(unsigned short*, float const*, unsigned short const*, int, int, int, int, int, int, float const*, int, float)",1183,42,28932.0,900.0,2750.0,11675.0,0.0,673675.0,100.0,4912535105275750.0,4912535105285990.0
1183,1,65536,256,11264,0,24,0,48,64,"batch_decode_kernels::mfma_head_gemm(float*, float const*, unsigned short const*, int, int, int, int, int, int, unsigned long)",1184,30,35489.0,14592.0,59648.0,382464.0,0.0,23961600.0,1024.0,4912535105348070.0,4912535105362471.0
1184,1,25600,256,0,0,24,0,32,64,"batch_decode_kernels::prefill_q_rope(float*, float const*, int, int, int, int, int, float const*, int)",1185,45,23885.0,1600.0,3600.0,59200.0,0.0,1958400.0,400.0,4912535105466151.0,4912535105473671.0
1185,1,25600,256,0,0,64,0,96,64,"void batch_decode_kernels::flash_prefill<8>(float*, float const*, float const*, unsigned short const*, int, int, int, int, int, int, int, float)",1186,27,68454.0,16700.0,55100.0,208300.0,0.0,13331200.0,400.0,4912535105583112.0,4912535105617032.0
1186,1,16384,256,11264,0,24,0,48,64,"batch_decode_kernels::mfma_head_gemm(float*, float const*, unsigned short const*, int, int, int, int, int, int, unsigned long)",1187,30,60081.0,11520.0,53504.0,330240.0,0.0,21006336.0,256.0,4912535105703752.0,4912535105732872.0
1187,1,16384,256,11264,0,24,0,48,64,"batch_decode_kernels::mfma_gemm(float*, float const*, unsigned short const*, int, int, int, int)",1188,21,170675.0,44032.0,208896.0,1239552.0,0.0,79259648.0,256.0,4912535105826793.0,4912535105923113.0
1188,1,6400,256,1024,0,12,4,32,64,"batch_decode_kernels::rmsnorm(float*, float const*, unsigned short const*, int, int, float)",1189,33,33846.0,3200.0,3700.0,19325.0,0.0,1228775.0,100.0,4912535105993513.0,4912535106006633.0
1189,1,512,256,11264,0,24,0,48,64,"batch_decode_kernels::mfma_gemm(float*, float const*, unsigned short const*, int, int, int, int)",1190,21,174020.0,1344.0,6528.0,38704.0,0.0,2475264.0,8.0,4912535106072394.0,4912535106168554.0
1190,1,1600,64,0,0,16,0,48,64,"void moe_kernels::router_topk_wave64_kernel<64>(float*, float const*, int*, float*, int, int, int, int, int, float)",1191,57,38132.0,650.0,3000.0,10025.0,0.0,476675.0,25.0,4912535106238154.0,4912535106253995.0
1191,1,256,256,1024,0,12,4,64,64,"batch_decode_kernels::align_routes(int const*, int, int, int, int*, int*, int*)",1192,17,43699.0,39.0,320.0,518.0,0.0,9433.0,4.0,4912535106361195.0,4912535106380235.0
1192,1,394240,256,19968,0,36,4,48,64,"void batch_decode_kernels::grouped_expert_gate_up<16, 1>(float const*, char const*, unsigned long const*, unsigned long const*, int const*, int const*, float*, unsigned short*, int, int, int, int, int)",1193,36,528063.0,570240.0,1270720.0,11740960.0,0.0,742177040.0,6160.0,4912535106483276.0,4912535106806477.0
1193,1,22528,256,19968,0,32,0,48,64,"batch_decode_kernels::mfma_gate_up_swiglu(float*, float const*, unsigned short const*, unsigned short const*, int, int, int)",1194,19,179419.0,81664.0,263296.0,1975424.0,0.0,125697792.0,352.0,4912535106913518.0,4912535107016238.0
1194,1,573440,256,11264,0,24,0,48,64,"void batch_decode_kernels::grouped_expert_down<16, 1>(float const*, unsigned short const*, char const*, unsigned long const*, int const*, int const*, float*, int, int, int, int)",1195,26,322300.0,464000.0,1373440.0,8286720.0,0.0,528392960.0,8960.0,4912535107095918.0,4912535107290319.0
1195,1,6400,256,0,0,12,4,32,64,"batch_decode_kernels::reduce_routes_add(float*, float const*, float const*, int, int, int)",1196,28,58489.0,11200.0,7600.0,29000.0,0.0,1856000.0,100.0,4912535107378160.0,4912535107406000.0
1196,1,16384,256,11264,0,24,0,48,64,"batch_decode_kernels::mfma_gemm(float*, float const*, unsigned short const*, int, int, int, int)",1197,21,224184.0,59776.0,286080.0,1699200.0,0.0,108677120.0,256.0,4912535107504080.0,4912535107632561.0
1197,1,6400,256,1024,0,12,4,32,64,"batch_decode_kernels::rmsnorm(float*, float const*, unsigned short const*, int, int, float)",1198,33,32138.0,3200.0,3700.0,19325.0,0.0,1228775.0,100.0,4912535107736401.0,4912535107748561.0
1198,1,24576,256,11264,0,24,0,48,64,"batch_decode_kernels::mfma_gemm(float*, float const*, unsigned short const*, int, int, int, int)",1199,21,166401.0,64512.0,313344.0,1857792.0,0.0,118812672.0,384.0,4912535107814482.0,4912535107909042.0
1199,1,4608,256,11264,0,24,0,48,64,"batch_decode_kernels::mfma_gemm(float*, float const*, unsigned short const*, int, int, int, int)",1200,21,166140.0,12096.0,58752.0,348336.0,0.0,22277376.0,72.0,4912535108006482.0,4912535108098483.0
1200,1,6400,256,1024,0,24,0,32,64,"batch_decode_kernels::prefill_kv_norm_rope(unsigned short*, float const*, unsigned short const*, int, int, int, int, int, int, float const*, int, float)",1201,42,27499.0,900.0,2750.0,11675.0,0.0,673675.0,100.0,4912535108198163.0,4912535108207763.0
1201,1,65536,256,11264,0,24,0,48,64,"batch_decode_kernels::mfma_head_gemm(float*, float const*, unsigned short const*, int, int, int, int, int, int, unsigned long)",1202,30,35137.0,14592.0,59648.0,382464.0,0.0,23961600.0,1024.0,4912535108274324.0,4912535108288724.0
1202,1,25600,256,0,0,24,0,32,64,"batch_decode_kernels::prefill_q_rope(float*, float const*, int, int, int, int, int, float const*, int)",1203,45,24611.0,1600.0,3600.0,59200.0,0.0,1958400.0,400.0,4912535108354804.0,4912535108362164.0
1203,1,25600,256,0,0,64,0,96,64,"void batch_decode_kernels::flash_prefill<8>(float*, float const*, float const*, unsigned short const*, int, int, int, int, int, int, int, float)",1204,27,68178.0,16700.0,55100.0,208300.0,0.0,13331200.0,400.0,4912535108428084.0,4912535108461844.0
1204,1,16384,256,11264,0,24,0,48,64,"batch_decode_kernels::mfma_head_gemm(float*, float const*, unsigned short const*, int, int, int, int, int, int, unsigned long)",1205,30,59510.0,11520.0,53504.0,330240.0,0.0,21006336.0,256.0,4912535108558325.0,4912535108586965.0
1205,1,16384,256,11264,0,24,0,48,64,"batch_decode_kernels::mfma_gemm(float*, float const*, unsigned short const*, int, int, int, int)",1206,21,168462.0,44032.0,208896.0,1239552.0,0.0,79259648.0,256.0,4912535108684085.0,4912535108779126.0
1206,1,6400,256,1024,0,12,4,32,64,"batch_decode_kernels::rmsnorm(float*, float const*, unsigned short const*, int, int, float)",1207,33,31766.0,3200.0,3700.0,19325.0,0.0,1228775.0,100.0,4912535108872086.0,4912535108884246.0
1207,1,512,256,11264,0,24,0,48,64,"batch_decode_kernels::mfma_gemm(float*, float const*, unsigned short const*, int, int, int, int)",1208,21,174071.0,1344.0,6528.0,38704.0,0.0,2475264.0,8.0,4912535108950327.0,4912535109047127.0
1208,1,1600,64,0,0,16,0,48,64,"void moe_kernels::router_topk_wave64_kernel<64>(float*, float const*, int*, float*, int, int, int, int, int, float)",1209,57,38358.0,650.0,3000.0,10025.0,0.0,476800.0,25.0,4912535109143767.0,4912535109159448.0
1209,1,256,256,1024,0,12,4,64,64,"batch_decode_kernels::align_routes(int const*, int, int, int, int*, int*, int*)",1210,17,44616.0,36.0,315.0,510.0,0.0,9297.0,4.0,4912535109223128.0,4912535109242648.0
1210,1,394240,256,19968,0,36,4,48,64,"void batch_decode_kernels::grouped_expert_gate_up<16, 1>(float const*, char const*, unsigned long const*, unsigned long const*, int const*, int const*, float*, unsigned short*, int, int, int, int, int)",1211,36,505982.0,523776.0,1155440.0,10888592.0,0.0,689292560.0,6160.0,4912535109356568.0,4912535109665370.0
1211,1,22528,256,19968,0,32,0,48,64,"batch_decode_kernels::mfma_gate_up_swiglu(float*, float const*, unsigned short const*, unsigned short const*, int, int, int)",1212,19,180316.0,81664.0,263296.0,1975424.0,0.0,125697792.0,352.0,4912535109782330.0,4912535109885851.0
1212,1,573440,256,11264,0,24,0,48,64,"void batch_decode_kernels::grouped_expert_down<16, 1>(float const*, unsigned short const*, char const*, unsigned long const*, int const*, int const*, float*, int, int, int, int)",1213,26,300115.0,428160.0,1259008.0,7591936.0,0.0,484188928.0,8960.0,4912535109969211.0,4912535110150012.0
1213,1,6400,256,0,0,12,4,32,64,"batch_decode_kernels::reduce_routes_add(float*, float const*, float const*, int, int, int)",1214,28,58235.0,11200.0,7600.0,29000.0,0.0,1856000.0,100.0,4912535110224092.0,4912535110251932.0
1214,1,16384,256,11264,0,24,0,48,64,"batch_decode_kernels::mfma_gemm(float*, float const*, unsigned short const*, int, int, int, int)",1215,21,223818.0,59776.0,286080.0,1699200.0,0.0,108677120.0,256.0,4912535110359133.0,4912535110487293.0
1215,1,6400,256,1024,0,12,4,32,64,"batch_decode_kernels::rmsnorm(float*, float const*, unsigned short const*, int, int, float)",1216,33,32163.0,3200.0,3700.0,19325.0,0.0,1228775.0,100.0,4912535110607454.0,4912535110619774.0
1216,1,24576,256,11264,0,24,0,48,64,"batch_decode_kernels::mfma_gemm(float*, float const*, unsigned short const*, int, int, int, int)",1217,21,166870.0,64512.0,313344.0,1857792.0,0.0,118812672.0,384.0,4912535110685214.0,4912535110780095.0
1217,1,4608,256,11264,0,24,0,48,64,"batch_decode_kernels::mfma_gemm(float*, float const*, unsigned short const*, int, int, int, int)",1218,21,164268.0,12096.0,58752.0,348336.0,0.0,22277376.0,72.0,4912535110873055.0,4912535110964096.0
1218,1,6400,256,1024,0,24,0,32,64,"batch_decode_kernels::prefill_kv_norm_rope(unsigned short*, float const*, unsigned short const*, int, int, int, int, int, int, float const*, int, float)",1219,42,29013.0,900.0,2750.0,11675.0,0.0,673675.0,100.0,4912535111071296.0,4912535111081536.0
1219,1,65536,256,11264,0,24,0,48,64,"batch_decode_kernels::mfma_head_gemm(float*, float const*, unsigned short const*, int, int, int, int, int, int, unsigned long)",1220,30,34995.0,14592.0,59648.0,382464.0,0.0,23961600.0,1024.0,4912535111150336.0,4912535111164737.0
1220,1,25600,256,0,0,24,0,32,64,"batch_decode_kernels::prefill_q_rope(float*, float const*, int, int, int, int, int, float const*, int)",1221,45,24051.0,1600.0,3600.0,59200.0,0.0,1958400.0,400.0,4912535111289377.0,4912535111297057.0
1221,1,25600,256,0,0,64,0,96,64,"void batch_decode_kernels::flash_prefill<8>(float*, float const*, float const*, unsigned short const*, int, int, int, int, int, int, int, float)",1222,27,67379.0,16700.0,55100.0,208300.0,0.0,13331200.0,400.0,4912535111367137.0,4912535111400418.0
1222,1,16384,256,11264,0,24,0,48,64,"batch_decode_kernels::mfma_head_gemm(float*, float const*, unsigned short const*, int, int, int, int, int, int, unsigned long)",1223,30,59138.0,11520.0,53504.0,330240.0,0.0,21006336.0,256.0,4912535111500258.0,4912535111529058.0
1223,1,16384,256,11264,0,24,0,48,64,"batch_decode_kernels::mfma_gemm(float*, float const*, unsigned short const*, int, int, int, int)",1224,21,166506.0,44032.0,208896.0,1239552.0,0.0,79259648.0,256.0,4912535111640259.0,4912535111733859.0
1224,1,6400,256,1024,0,12,4,32,64,"batch_decode_kernels::rmsnorm(float*, float const*, unsigned short const*, int, int, float)",1225,33,33655.0,3200.0,3700.0,19325.0,0.0,1228775.0,100.0,4912535111831620.0,4912535111844420.0
1225,1,512,256,11264,0,24,0,48,64,"batch_decode_kernels::mfma_gemm(float*, float const*, unsigned short const*, int, int, int, int)",1226,21,175801.0,1344.0,6528.0,38704.0,0.0,2475264.0,8.0,4912535111910340.0,4912535112007940.0
1226,1,1600,64,0,0,16,0,48,64,"void moe_kernels::router_topk_wave64_kernel<64>(float*, float const*, int*, float*, int, int, int, int, int, float)",1227,57,38415.0,650.0,3000.0,10025.0,0.0,476790.0,25.0,4912535112110821.0,4912535112126661.0
1227,1,256,256,1024,0,12,4,64,64,"batch_decode_kernels::align_routes(int const*, int, int, int, int*, int*, int*)",1228,17,46135.0,41.0,326.0,520.0,0.0,9585.0,4.0,4912535112189701.0,4912535112209701.0
1228,1,394240,256,19968,0,36,4,48,64,"void batch_decode_kernels::grouped_expert_gate_up<16, 1>(float const*, char const*, unsigned long const*, unsigned long const*, int const*, int const*, float*, unsigned short*, int, int, int, int, int)",1229,36,575347.0,616704.0,1386000.0,12593328.0,0.0,795061520.0,6160.0,4912535112327622.0,4912535112680743.0
1229,1,22528,256,19968,0,32,0,48,64,"batch_decode_kernels::mfma_gate_up_swiglu(float*, float const*, unsigned short const*, unsigned short const*, int, int, int)",1230,19,179482.0,81664.0,263296.0,1975424.0,0.0,125697792.0,352.0,4912535112797064.0,4912535112899784.0
1230,1,573440,256,11264,0,24,0,48,64,"void batch_decode_kernels::grouped_expert_down<16, 1>(float const*, unsigned short const*, char const*, unsigned long const*, int const*, int const*, float*, int, int, int, int)",1231,26,342994.0,499840.0,1487872.0,8981504.0,0.0,572596992.0,8960.0,4912535112987945.0,4912535113195946.0
1231,1,6400,256,0,0,12,4,32,64,"batch_decode_kernels::reduce_routes_add(float*, float const*, float const*, int, int, int)",1232,28,57899.0,11200.0,7600.0,29000.0,0.0,1856000.0,100.0,4912535113304266.0,4912535113331786.0
1232,1,16384,256,11264,0,24,0,48,64,"batch_decode_kernels::mfma_gemm(float*, float const*, unsigned short const*, int, int, int, int)",1233,21,223320.0,59776.0,286080.0,1699200.0,0.0,108677120.0,256.0,4912535113446507.0,4912535113574667.0
1233,1,6400,256,1024,0,12,4,32,64,"batch_decode_kernels::rmsnorm(float*, float const*, unsigned short const*, int, int, float)",1234,33,32502.0,3200.0,3700.0,19325.0,0.0,1228775.0,100.0,4912535113636908.0,4912535113648908.0
1234,1,24576,256,11264,0,24,0,48,64,"batch_decode_kernels::mfma_gemm(float*, float const*, unsigned short const*, int, int, int, int)",1235,21,165913.0,64512.0,313344.0,1857792.0,0.0,118812672.0,384.0,4912535113721548.0,4912535113815628.0
1235,1,4608,256,11264,0,24,0,48,64,"batch_decode_kernels::mfma_gemm(float*, float const*, unsigned short const*, int, int, int, int)",1236,21,165329.0,12096.0,58752.0,348336.0,0.0,22277376.0,72.0,4912535113917389.0,4912535114009389.0
1236,1,6400,256,1024,0,24,0,32,64,"batch_decode_kernels::prefill_kv_norm_rope(unsigned short*, float const*, unsigned short const*, int, int, int, int, int, int, float const*, int, float)",1237,42,28852.0,900.0,2750.0,11675.0,0.0,673675.0,100.0,4912535114117870.0,4912535114128270.0
1237,1,65536,256,11264,0,24,0,48,64,"batch_decode_kernels::mfma_head_gemm(float*, float const*, unsigned short const*, int, int, int, int, int, int, unsigned long)",1238,30,35712.0,14592.0,59648.0,382464.0,0.0,23961600.0,1024.0,4912535114198030.0,4912535114212750.0
1238,1,25600,256,0,0,24,0,32,64,"batch_decode_kernels::prefill_q_rope(float*, float const*, int, int, int, int, int, float const*, int)",1239,45,24738.0,1600.0,3600.0,59200.0,0.0,1958400.0,400.0,4912535114276910.0,4912535114284750.0
1239,1,25600,256,0,0,64,0,96,64,"void batch_decode_kernels::flash_prefill<8>(float*, float const*, float const*, unsigned short const*, int, int, int, int, int, int, int, float)",1240,27,65705.0,16700.0,55100.0,208300.0,0.0,13331200.0,400.0,4912535114357551.0,4912535114389871.0
1240,1,16384,256,11264,0,24,0,48,64,"batch_decode_kernels::mfma_head_gemm(float*, float const*, unsigned short const*, int, int, int, int, int, int, unsigned long)",1241,30,60515.0,11520.0,53504.0,330240.0,0.0,21006336.0,256.0,4912535114501551.0,4912535114531152.0
1241,1,16384,256,11264,0,24,0,48,64,"batch_decode_kernels::mfma_gemm(float*, float const*, unsigned short const*, int, int, int, int)",1242,21,169364.0,44032.0,208896.0,1239552.0,0.0,79259648.0,256.0,4912535114698352.0,4912535114793713.0
1242,1,6400,256,1024,0,12,4,32,64,"batch_decode_kernels::rmsnorm(float*, float const*, unsigned short const*, int, int, float)",1243,33,31212.0,3200.0,3700.0,19325.0,0.0,1228775.0,100.0,4912535114900753.0,4912535114912433.0
1243,1,512,256,11264,0,24,0,48,64,"batch_decode_kernels::mfma_gemm(float*, float const*, unsigned short const*, int, int, int, int)",1244,21,174765.0,1344.0,6528.0,38704.0,0.0,2475264.0,8.0,4912535114981554.0,4912535115078674.0
1244,1,1600,64,0,0,16,0,48,64,"void moe_kernels::router_topk_wave64_kernel<64>(float*, float const*, int*, float*, int, int, int, int, int, float)",1245,57,38135.0,650.0,3000.0,10025.0,0.0,476690.0,25.0,4912535115180914.0,4912535115196595.0
1245,1,256,256,1024,0,12,4,64,64,"batch_decode_kernels::align_routes(int const*, int, int, int, int*, int*, int*)",1246,17,44125.0,40.0,327.0,514.0,0.0,9595.0,4.0,4912535115263635.0,4912535115282675.0
1246,1,394240,256,19968,0,36,4,48,64,"void batch_decode_kernels::grouped_expert_gate_up<16, 1>(float const*, char const*, unsigned long const*, unsigned long const*, int const*, int const*, float*, unsigned short*, int, int, int, int, int)",1247,36,556415.0,616704.0,1386000.0,12593328.0,0.0,795061520.0,6160.0,4912535115346515.0,4912535115687957.0
1247,1,22528,256,19968,0,32,0,48,64,"batch_decode_kernels::mfma_gate_up_swiglu(float*, float const*, unsigned short const*, unsigned short const*, int, int, int)",1248,19,182521.0,81664.0,263296.0,1975424.0,0.0,125697792.0,352.0,4912535115775477.0,4912535115880438.0
1248,1,573440,256,11264,0,24,0,48,64,"void batch_decode_kernels::grouped_expert_down<16, 1>(float const*, unsigned short const*, char const*, unsigned long const*, int const*, int const*, float*, int, int, int, int)",1249,26,333070.0,499840.0,1487872.0,8981504.0,0.0,572596992.0,8960.0,4912535115971478.0,4912535116173719.0
1249,1,6400,256,0,0,12,4,32,64,"batch_decode_kernels::reduce_routes_add(float*, float const*, float const*, int, int, int)",1250,28,59042.0,11200.0,7600.0,29000.0,0.0,1856000.0,100.0,4912535116293239.0,4912535116321240.0
1250,1,16384,256,11264,0,24,0,48,64,"batch_decode_kernels::mfma_gemm(float*, float const*, unsigned short const*, int, int, int, int)",1251,21,223907.0,59776.0,286080.0,1699200.0,0.0,108677120.0,256.0,4912535116432440.0,4912535116560601.0
1251,1,6400,256,1024,0,12,4,32,64,"batch_decode_kernels::rmsnorm(float*, float const*, unsigned short const*, int, int, float)",1252,33,33309.0,3200.0,3700.0,19325.0,0.0,1228775.0,100.0,4912535116635801.0,4912535116648441.0
1252,1,24576,256,11264,0,24,0,48,64,"batch_decode_kernels::mfma_gemm(float*, float const*, unsigned short const*, int, int, int, int)",1253,21,167989.0,64512.0,313344.0,1857792.0,0.0,118812672.0,384.0,4912535116717561.0,4912535116813082.0
1253,1,4608,256,11264,0,24,0,48,64,"batch_decode_kernels::mfma_gemm(float*, float const*, unsigned short const*, int, int, int, int)",1254,21,165046.0,12096.0,58752.0,348336.0,0.0,22277376.0,72.0,4912535116912602.0,4912535117004283.0
1254,1,6400,256,1024,0,24,0,32,64,"batch_decode_kernels::prefill_kv_norm_rope(unsigned short*, float const*, unsigned short const*, int, int, int, int, int, int, float const*, int, float)",1255,42,28699.0,900.0,2750.0,11675.0,0.0,673675.0,100.0,4912535117118843.0,4912535117128923.0
1255,1,65536,256,11264,0,24,0,48,64,"batch_decode_kernels::mfma_head_gemm(float*, float const*, unsigned short const*, int, int, int, int, int, int, unsigned long)",1256,30,35412.0,14592.0,59648.0,382464.0,0.0,23961600.0,1024.0,4912535117199484.0,4912535117214204.0
1256,1,25600,256,0,0,24,0,32,64,"batch_decode_kernels::prefill_q_rope(float*, float const*, int, int, int, int, int, float const*, int)",1257,45,24012.0,1600.0,3600.0,59200.0,0.0,1958400.0,400.0,4912535117279644.0,4912535117287004.0
1257,1,25600,256,0,0,64,0,96,64,"void batch_decode_kernels::flash_prefill<8>(float*, float const*, float const*, unsigned short const*, int, int, int, int, int, int, int, float)",1258,27,70390.0,16700.0,55100.0,208300.0,0.0,13331200.0,400.0,4912535117360124.0,4912535117395164.0
1258,1,16384,256,11264,0,24,0,48,64,"batch_decode_kernels::mfma_head_gemm(float*, float const*, unsigned short const*, int, int, int, int, int, int, unsigned long)",1259,30,59525.0,11520.0,53504.0,330240.0,0.0,21006336.0,256.0,4912535117500125.0,4912535117529085.0
1259,1,16384,256,11264,0,24,0,48,64,"batch_decode_kernels::mfma_gemm(float*, float const*, unsigned short const*, int, int, int, int)",1260,21,169671.0,44032.0,208896.0,1239552.0,0.0,79259648.0,256.0,4912535117658046.0,4912535117753566.0
1260,1,6400,256,1024,0,12,4,32,64,"batch_decode_kernels::rmsnorm(float*, float const*, unsigned short const*, int, int, float)",1261,33,32792.0,3200.0,3700.0,19325.0,0.0,1228775.0,100.0,4912535117862206.0,4912535117874687.0
1261,1,512,256,11264,0,24,0,48,64,"batch_decode_kernels::mfma_gemm(float*, float const*, unsigned short const*, int, int, int, int)",1262,21,176225.0,1344.0,6528.0,38704.0,0.0,2475264.0,8.0,4912535117943007.0,4912535118040927.0
1262,1,1600,64,0,0,16,0,48,64,"void moe_kernels::router_topk_wave64_kernel<64>(float*, float const*, int*, float*, int, int, int, int, int, float)",1263,57,38496.0,650.0,3000.0,10025.0,0.0,476705.0,25.0,4912535118154368.0,4912535118170048.0
1263,1,256,256,1024,0,12,4,64,64,"batch_decode_kernels::align_routes(int const*, int, int, int, int*, int*, int*)",1264,17,44648.0,41.0,330.0,515.0,0.0,9686.0,4.0,4912535118238688.0,4912535118258208.0
1264,1,394240,256,19968,0,36,4,48,64,"void batch_decode_kernels::grouped_expert_gate_up<16, 1>(float const*, char const*, unsigned long const*, unsigned long const*, int const*, int const*, float*, unsigned short*, int, int, int, int, int)",1265,36,580332.0,639936.0,1443640.0,13019512.0,0.0,821503760.0,6160.0,4912535118323329.0,4912535118680290.0
1265,1,22528,256,19968,0,32,0,48,64,"batch_decode_kernels::mfma_gate_up_swiglu(float*, float const*, unsigned short const*, unsigned short const*, int, int, int)",1266,19,183092.0,81664.0,263296.0,1975424.0,0.0,125697792.0,352.0,4912535118758371.0,4912535118863331.0
1266,1,573440,256,11264,0,24,0,48,64,"void batch_decode_kernels::grouped_expert_down<16, 1>(float const*, unsigned short const*, char const*, unsigned long const*, int const*, int const*, float*, int, int, int, int)",1267,26,332629.0,517760.0,1545088.0,9328896.0,0.0,594699008.0,8960.0,4912535118963651.0,4912535119166212.0
1267,1,6400,256,0,0,12,4,32,64,"batch_decode_kernels::reduce_routes_add(float*, float const*, float const*, int, int, int)",1268,28,59929.0,11200.0,7600.0,29000.0,0.0,1856000.0,100.0,4912535119290053.0,4912535119318533.0
1268,1,16384,256,11264,0,24,0,48,64,"batch_decode_kernels::mfma_gemm(float*, float const*, unsigned short const*, int, int, int, int)",1269,21,225955.0,59776.0,286080.0,1699200.0,0.0,108677120.0,256.0,4912535119434054.0,4912535119563814.0
1269,1,6400,256,1024,0,12,4,32,64,"batch_decode_kernels::rmsnorm(float*, float const*, unsigned short const*, int, int, float)",1270,33,32553.0,3200.0,3700.0,19325.0,0.0,1228775.0,100.0,4912535119642854.0,4912535119655175.0
1270,1,24576,256,11264,0,24,0,48,64,"batch_decode_kernels::mfma_gemm(float*, float const*, unsigned short const*, int, int, int, int)",1271,21,165346.0,64512.0,313344.0,1857792.0,0.0,118812672.0,384.0,4912535119728935.0,4912535119822855.0
1271,1,4608,256,11264,0,24,0,48,64,"batch_decode_kernels::mfma_gemm(float*, float const*, unsigned short const*, int, int, int, int)",1272,21,164863.0,12096.0,58752.0,348336.0,0.0,22277376.0,72.0,4912535119930536.0,4912535120022056.0
1272,1,6400,256,1024,0,24,0,32,64,"batch_decode_kernels::prefill_kv_norm_rope(unsigned short*, float const*, unsigned short const*, int, int, int, int, int, int, float const*, int, float)",1273,42,28405.0,900.0,2750.0,11675.0,0.0,673675.0,100.0,4912535120143177.0,4912535120153097.0
1273,1,65536,256,11264,0,24,0,48,64,"batch_decode_kernels::mfma_head_gemm(float*, float const*, unsigned short const*, int, int, int, int, int, int, unsigned long)",1274,30,36104.0,14592.0,59648.0,382464.0,0.0,23961600.0,1024.0,4912535120227817.0,4912535120242057.0
1274,1,25600,256,0,0,24,0,32,64,"batch_decode_kernels::prefill_q_rope(float*, float const*, int, int, int, int, int, float const*, int)",1275,45,24693.0,1600.0,3600.0,59200.0,0.0,1958400.0,400.0,4912535120311977.0,4912535120319497.0
1275,1,25600,256,0,0,64,0,96,64,"void batch_decode_kernels::flash_prefill<8>(float*, float const*, float const*, unsigned short const*, int, int, int, int, int, int, int, float)",1276,27,69322.0,16700.0,55100.0,208300.0,0.0,13331200.0,400.0,4912535120395498.0,4912535120429738.0
1276,1,16384,256,11264,0,24,0,48,64,"batch_decode_kernels::mfma_head_gemm(float*, float const*, unsigned short const*, int, int, int, int, int, int, unsigned long)",1277,30,60046.0,11520.0,53504.0,330240.0,0.0,21006336.0,256.0,4912535120543658.0,4912535120572459.0
1277,1,16384,256,11264,0,24,0,48,64,"batch_decode_kernels::mfma_gemm(float*, float const*, unsigned short const*, int, int, int, int)",1278,21,171250.0,44032.0,208896.0,1239552.0,0.0,79259648.0,256.0,4912535120694219.0,4912535120790700.0
1278,1,6400,256,1024,0,12,4,32,64,"batch_decode_kernels::rmsnorm(float*, float const*, unsigned short const*, int, int, float)",1279,33,32475.0,3200.0,3700.0,19325.0,0.0,1228775.0,100.0,4912535120899820.0,4912535120911660.0
1279,1,512,256,11264,0,24,0,48,64,"batch_decode_kernels::mfma_gemm(float*, float const*, unsigned short const*, int, int, int, int)",1280,21,174563.0,1344.0,6528.0,38704.0,0.0,2475264.0,8.0,4912535120981900.0,4912535121078701.0
1280,1,1600,64,0,0,16,0,48,64,"void moe_kernels::router_topk_wave64_kernel<64>(float*, float const*, int*, float*, int, int, int, int, int, float)",1281,57,39025.0,650.0,3000.0,10025.0,0.0,476650.0,25.0,4912535121200621.0,4912535121216622.0
1281,1,256,256,1024,0,12,4,64,64,"batch_decode_kernels::align_routes(int const*, int, int, int, int*, int*, int*)",1282,17,44107.0,40.0,327.0,514.0,0.0,9601.0,4.0,4912535121284942.0,4912535121303822.0
1282,1,394240,256,19968,0,36,4,48,64,"void batch_decode_kernels::grouped_expert_gate_up<16, 1>(float const*, char const*, unsigned long const*, unsigned long const*, int const*, int const*, float*, unsigned short*, int, int, int, int, int)",1283,36,561271.0,616704.0,1386000.0,12593328.0,0.0,795061520.0,6160.0,4912535121370542.0,4912535121715184.0
1283,1,22528,256,19968,0,32,0,48,64,"batch_decode_kernels::mfma_gate_up_swiglu(float*, float const*, unsigned short const*, unsigned short const*, int, int, int)",1284,19,178259.0,81664.0,263296.0,1975424.0,0.0,125697792.0,352.0,4912535121825904.0,4912535121928305.0
1284,1,573440,256,11264,0,24,0,48,64,"void batch_decode_kernels::grouped_expert_down<16, 1>(float const*, unsigned short const*, char const*, unsigned long const*, int const*, int const*, float*, int, int, int, int)",1285,26,333077.0,499840.0,1487872.0,8981504.0,0.0,572596992.0,8960.0,4912535122035665.0,4912535122237906.0
1285,1,6400,256,0,0,12,4,32,64,"batch_decode_kernels::reduce_routes_add(float*, float const*, float const*, int, int, int)",1286,28,57403.0,11200.0,7600.0,29000.0,0.0,1856000.0,100.0,4912535122312626.0,4912535122339827.0
1286,1,16384,256,11264,0,24,0,48,64,"batch_decode_kernels::mfma_gemm(float*, float const*, unsigned short const*, int, int, int, int)",1287,21,226245.0,59776.0,286080.0,1699200.0,0.0,108677120.0,256.0,4912535122458387.0,4912535122588148.0
1287,1,6400,256,1024,0,12,4,32,64,"batch_decode_kernels::rmsnorm(float*, float const*, unsigned short const*, int, int, float)",1288,33,33101.0,3200.0,3700.0,19325.0,0.0,1228775.0,100.0,4912535122671508.0,4912535122684148.0
1288,1,24576,256,11264,0,24,0,48,64,"batch_decode_kernels::mfma_gemm(float*, float const*, unsigned short const*, int, int, int, int)",1289,21,166079.0,64512.0,313344.0,1857792.0,0.0,118812672.0,384.0,4912535122755348.0,4912535122849429.0
1289,1,4608,256,11264,0,24,0,48,64,"batch_decode_kernels::mfma_gemm(float*, float const*, unsigned short const*, int, int, int, int)",1290,21,164166.0,12096.0,58752.0,348336.0,0.0,22277376.0,72.0,4912535122977749.0,4912535123068790.0
1290,1,6400,256,1024,0,24,0,32,64,"batch_decode_kernels::prefill_kv_norm_rope(unsigned short*, float const*, unsigned short const*, int, int, int, int, int, int, float const*, int, float)",1291,42,29736.0,900.0,2750.0,11675.0,0.0,673675.0,100.0,4912535123138230.0,4912535123148950.0
1291,1,65536,256,11264,0,24,0,48,64,"batch_decode_kernels::mfma_head_gemm(float*, float const*, unsigned short const*, int, int, int, int, int, int, unsigned long)",1292,30,35439.0,14592.0,59648.0,382464.0,0.0,23961600.0,1024.0,4912535123227351.0,4912535123241591.0
1292,1,25600,256,0,0,24,0,32,64,"batch_decode_kernels::prefill_q_rope(float*, float const*, int, int, int, int, int, float const*, int)",1293,45,24179.0,1600.0,3600.0,59200.0,0.0,1958400.0,400.0,4912535123314231.0,4912535123321591.0
1293,1,25600,256,0,0,64,0,96,64,"void batch_decode_kernels::flash_prefill<8>(float*, float const*, float const*, unsigned short const*, int, int, int, int, int, int, int, float)",1294,27,69084.0,16700.0,55100.0,208300.0,0.0,13331200.0,400.0,4912535123402071.0,4912535123436311.0
1294,1,16384,256,11264,0,24,0,48,64,"batch_decode_kernels::mfma_head_gemm(float*, float const*, unsigned short const*, int, int, int, int, int, int, unsigned long)",1295,30,60179.0,11520.0,53504.0,330240.0,0.0,21006336.0,256.0,4912535123557272.0,4912535123586552.0
1295,1,16384,256,11264,0,24,0,48,64,"batch_decode_kernels::mfma_gemm(float*, float const*, unsigned short const*, int, int, int, int)",1296,21,168263.0,44032.0,208896.0,1239552.0,0.0,79259648.0,256.0,4912535123647672.0,4912535123742553.0
1296,1,6400,256,1024,0,12,4,32,64,"batch_decode_kernels::rmsnorm(float*, float const*, unsigned short const*, int, int, float)",1297,33,32562.0,3200.0,3700.0,19325.0,0.0,1228775.0,100.0,4912535123859193.0,4912535123871353.0
1297,1,512,256,11264,0,24,0,48,64,"batch_decode_kernels::mfma_gemm(float*, float const*, unsigned short const*, int, int, int, int)",1298,21,175496.0,1344.0,6528.0,38704.0,0.0,2475264.0,8.0,4912535123952954.0,4912535124049914.0
1298,1,1600,64,0,0,16,0,48,64,"void moe_kernels::router_topk_wave64_kernel<64>(float*, float const*, int*, float*, int, int, int, int, int, float)",1299,57,39245.0,650.0,3000.0,10025.0,0.0,476705.0,25.0,4912535124172475.0,4912535124188475.0
1299,1,256,256,1024,0,12,4,64,64,"batch_decode_kernels::align_routes(int const*, int, int, int, int*, int*, int*)",1300,17,44385.0,38.0,321.0,512.0,0.0,9455.0,4.0,4912535124255995.0,4912535124275355.0
1300,1,394240,256,19968,0,36,4,48,64,"void batch_decode_kernels::grouped_expert_gate_up<16, 1>(float const*, char const*, unsigned long const*, unsigned long const*, int const*, int const*, float*, unsigned short*, int, int, int, int, int)",1301,36,561382.0,570240.0,1270720.0,11740960.0,0.0,742177040.0,6160.0,4912535124348156.0,4912535124691677.0
1301,1,22528,256,19968,0,32,0,48,64,"batch_decode_kernels::mfma_gate_up_swiglu(float*, float const*, unsigned short const*, unsigned short const*, int, int, int)",1302,19,178622.0,81664.0,263296.0,1975424.0,0.0,125697792.0,352.0,4912535124820318.0,4912535124922558.0
1302,1,573440,256,11264,0,24,0,48,64,"void batch_decode_kernels::grouped_expert_down<16, 1>(float const*, unsigned short const*, char const*, unsigned long const*, int const*, int const*, float*, int, int, int, int)",1303,26,320975.0,464000.0,1373440.0,8286720.0,0.0,528392960.0,8960.0,4912535125036639.0,4912535125230879.0
1303,1,6400,256,0,0,12,4,32,64,"batch_decode_kernels::reduce_routes_add(float*, float const*, float const*, int, int, int)",1304,28,59042.0,11200.0,7600.0,29000.0,0.0,1856000.0,100.0,4912535125316320.0,4912535125344320.0
1304,1,16384,256,11264,0,24,0,48,64,"batch_decode_kernels::mfma_gemm(float*, float const*, unsigned short const*, int, int, int, int)",1305,21,224763.0,59776.0,286080.0,1699200.0,0.0,108677120.0,256.0,4912535125468161.0,4912535125596801.0
1305,1,6400,256,1024,0,12,4,32,64,"batch_decode_kernels::rmsnorm(float*, float const*, unsigned short const*, int, int, float)",1306,33,32257.0,3200.0,3700.0,19325.0,0.0,1228775.0,100.0,4912535125689922.0,4912535125701922.0
1306,1,24576,256,11264,0,24,0,48,64,"batch_decode_kernels::mfma_gemm(float*, float const*, unsigned short const*, int, int, int, int)",1307,21,167717.0,64512.0,313344.0,1857792.0,0.0,118812672.0,384.0,4912535125778402.0,4912535125873122.0
1307,1,4608,256,11264,0,24,0,48,64,"batch_decode_kernels::mfma_gemm(float*, float const*, unsigned short const*, int, int, int, int)",1308,21,165129.0,12096.0,58752.0,348336.0,0.0,22277376.0,72.0,4912535125996963.0,4912535126088803.0
1308,1,6400,256,1024,0,24,0,32,64,"batch_decode_kernels::prefill_kv_norm_rope(unsigned short*, float const*, unsigned short const*, int, int, int, int, int, int, float const*, int, float)",1309,42,29006.0,900.0,2750.0,11675.0,0.0,673675.0,100.0,4912535126158724.0,4912535126168804.0
1309,1,65536,256,11264,0,24,0,48,64,"batch_decode_kernels::mfma_head_gemm(float*, float const*, unsigned short const*, int, int, int, int, int, int, unsigned long)",1310,30,34925.0,14592.0,59648.0,382464.0,0.0,23961600.0,1024.0,4912535126248804.0,4912535126263364.0
1310,1,25600,256,0,0,24,0,32,64,"batch_decode_kernels::prefill_q_rope(float*, float const*, int, int, int, int, int, float const*, int)",1311,45,24056.0,1600.0,3600.0,59200.0,0.0,1958400.0,400.0,4912535126336804.0,4912535126344164.0
1311,1,25600,256,0,0,64,0,96,64,"void batch_decode_kernels::flash_prefill<8>(float*, float const*, float const*, unsigned short const*, int, int, int, int, int, int, int, float)",1312,27,66369.0,16700.0,55100.0,208300.0,0.0,13331200.0,400.0,4912535126422725.0,4912535126456005.0
1312,1,16384,256,11264,0,24,0,48,64,"batch_decode_kernels::mfma_head_gemm(float*, float const*, unsigned short const*, int, int, int, int, int, int, unsigned long)",1313,30,59868.0,11520.0,53504.0,330240.0,0.0,21006336.0,256.0,4912535126579205.0,4912535126608326.0
1313,1,16384,256,11264,0,24,0,48,64,"batch_decode_kernels::mfma_gemm(float*, float const*, unsigned short const*, int, int, int, int)",1314,21,168713.0,44032.0,208896.0,1239552.0,0.0,79259648.0,256.0,4912535126670726.0,4912535126765606.0
1314,1,6400,256,1024,0,12,4,32,64,"batch_decode_kernels::rmsnorm(float*, float const*, unsigned short const*, int, int, float)",1315,33,33798.0,3200.0,3700.0,19325.0,0.0,1228775.0,100.0,4912535126892007.0,4912535126904807.0
1315,1,512,256,11264,0,24,0,48,64,"batch_decode_kernels::mfma_gemm(float*, float const*, unsigned short const*, int, int, int, int)",1316,21,173300.0,1344.0,6528.0,38704.0,0.0,2475264.0,8.0,4912535126980007.0,4912535127076008.0
1316,1,1600,64,0,0,16,0,48,64,"void moe_kernels::router_topk_wave64_kernel<64>(float*, float const*, int*, float*, int, int, int, int, int, float)",1317,57,38463.0,650.0,3000.0,10025.0,0.0,476705.0,25.0,4912535127139848.0,4912535127155688.0
1317,1,256,256,1024,0,12,4,64,64,"batch_decode_kernels::align_routes(int const*, int, int, int, int*, int*, int*)",1318,17,44097.0,39.0,324.0,513.0,0.0,9528.0,4.0,4912535127228968.0,4912535127248168.0
1318,1,394240,256,19968,0,36,4,48,64,"void batch_decode_kernels::grouped_expert_gate_up<16, 1>(float const*, char const*, unsigned long const*, unsigned long const*, int const*, int const*, float*, unsigned short*, int, int, int, int, int)",1319,36,537677.0,593472.0,1328360.0,12167144.0,0.0,768619280.0,6160.0,4912535127319369.0,4912535127649290.0
1319,1,22528,256,19968,0,32,0,48,64,"batch_decode_kernels::mfma_gate_up_swiglu(float*, float const*, unsigned short const*, unsigned short const*, int, int, int)",1320,19,178713.0,81664.0,263296.0,1975424.0,0.0,125697792.0,352.0,4912535127732651.0,4912535127835211.0
1320,1,573440,256,11264,0,24,0,48,64,"void batch_decode_kernels::grouped_expert_down<16, 1>(float const*, unsigned short const*, char const*, unsigned long const*, int const*, int const*, float*, int, int, int, int)",1321,26,339781.0,481920.0,1430656.0,8634112.0,0.0,550494976.0,8960.0,4912535127903851.0,4912535128109292.0
1321,1,6400,256,0,0,12,4,32,64,"batch_decode_kernels::reduce_routes_add(float*, float const*, float const*, int, int, int)",1322,28,57411.0,11200.0,7600.0,29000.0,0.0,1856000.0,100.0,4912535128198093.0,4912535128225613.0
1322,1,16384,256,11264,0,24,0,48,64,"batch_decode_kernels::mfma_gemm(float*, float const*, unsigned short const*, int, int, int, int)",1323,21,225028.0,59776.0,286080.0,1699200.0,0.0,108677120.0,256.0,4912535128350093.0,4912535128479054.0
1323,1,6400,256,1024,0,12,4,32,64,"batch_decode_kernels::rmsnorm(float*, float const*, unsigned short const*, int, int, float)",1324,33,33564.0,3200.0,3700.0,19325.0,0.0,1228775.0,100.0,4912535128570734.0,4912535128583374.0
1324,1,24576,256,11264,0,24,0,48,64,"batch_decode_kernels::mfma_gemm(float*, float const*, unsigned short const*, int, int, int, int)",1325,21,166902.0,64512.0,313344.0,1857792.0,0.0,118812672.0,384.0,4912535128659855.0,4912535128754575.0
1325,1,4608,256,11264,0,24,0,48,64,"batch_decode_kernels::mfma_gemm(float*, float const*, unsigned short const*, int, int, int, int)",1326,21,164659.0,12096.0,58752.0,348336.0,0.0,22277376.0,72.0,4912535128879376.0,4912535128970736.0
1326,1,6400,256,1024,0,24,0,32,64,"batch_decode_kernels::prefill_kv_norm_rope(unsigned short*, float const*, unsigned short const*, int, int, int, int, int, int, float const*, int, float)",1327,42,28970.0,900.0,2750.0,11675.0,0.0,673675.0,100.0,4912535129043857.0,4912535129053777.0
1327,1,65536,256,11264,0,24,0,48,64,"batch_decode_kernels::mfma_head_gemm(float*, float const*, unsigned short const*, int, int, int, int, int, int, unsigned long)",1328,30,35661.0,14592.0,59648.0,382464.0,0.0,23961600.0,1024.0,4912535129126097.0,4912535129140817.0
1328,1,25600,256,0,0,24,0,32,64,"batch_decode_kernels::prefill_q_rope(float*, float const*, int, int, int, int, int, float const*, int)",1329,45,24305.0,1600.0,3600.0,59200.0,0.0,1958400.0,400.0,4912535129216017.0,4912535129223537.0
1329,1,25600,256,0,0,64,0,96,64,"void batch_decode_kernels::flash_prefill<8>(float*, float const*, float const*, unsigned short const*, int, int, int, int, int, int, int, float)",1330,27,69551.0,16700.0,55100.0,208300.0,0.0,13331200.0,400.0,4912535129303538.0,4912535129338098.0
1330,1,16384,256,11264,0,24,0,48,64,"batch_decode_kernels::mfma_head_gemm(float*, float const*, unsigned short const*, int, int, int, int, int, int, unsigned long)",1331,30,59991.0,11520.0,53504.0,330240.0,0.0,21006336.0,256.0,4912535129460978.0,4912535129489939.0
1331,1,16384,256,11264,0,24,0,48,64,"batch_decode_kernels::mfma_gemm(float*, float const*, unsigned short const*, int, int, int, int)",1332,21,170390.0,44032.0,208896.0,1239552.0,0.0,79259648.0,256.0,4912535129570739.0,4912535129666579.0
1332,1,6400,256,1024,0,12,4,32,64,"batch_decode_kernels::rmsnorm(float*, float const*, unsigned short const*, int, int, float)",1333,33,32037.0,3200.0,3700.0,19325.0,0.0,1228775.0,100.0,4912535129792660.0,4912535129804980.0
1333,1,512,256,11264,0,24,0,48,64,"batch_decode_kernels::mfma_gemm(float*, float const*, unsigned short const*, int, int, int, int)",1334,21,177381.0,1344.0,6528.0,38704.0,0.0,2475264.0,8.0,4912535129882580.0,4912535129981301.0
1334,1,1600,64,0,0,16,0,48,64,"void moe_kernels::router_topk_wave64_kernel<64>(float*, float const*, int*, float*, int, int, int, int, int, float)",1335,57,38596.0,650.0,3000.0,10025.0,0.0,476720.0,25.0,4912535130052181.0,4912535130068021.0
1335,1,256,256,1024,0,12,4,64,64,"batch_decode_kernels::align_routes(int const*, int, int, int, int*, int*, int*)",1336,17,43705.0,39.0,324.0,513.0,0.0,9516.0,4.0,4912535130144341.0,4912535130163222.0
1336,1,394240,256,19968,0,36,4,48,64,"void batch_decode_kernels::grouped_expert_gate_up<16, 1>(float const*, char const*, unsigned long const*, unsigned long const*, int const*, int const*, float*, unsigned short*, int, int, int, int, int)",1337,36,565323.0,593472.0,1328360.0,12167144.0,0.0,768619280.0,6160.0,4912535130238102.0,4912535130584343.0
1337,1,22528,256,19968,0,32,0,48,64,"batch_decode_kernels::mfma_gate_up_swiglu(float*, float const*, unsigned short const*, unsigned short const*, int, int, int)",1338,19,178414.0,81664.0,263296.0,1975424.0,0.0,125697792.0,352.0,4912535130679864.0,4912535130782104.0
1338,1,573440,256,11264,0,24,0,48,64,"void batch_decode_kernels::grouped_expert_down<16, 1>(float const*, unsigned short const*, char const*, unsigned long const*, int const*, int const*, float*, int, int, int, int)",1339,26,331955.0,481920.0,1430656.0,8634112.0,0.0,550494976.0,8960.0,4912535130912505.0,4912535131113466.0
1339,1,6400,256,0,0,12,4,32,64,"batch_decode_kernels::reduce_routes_add(float*, float const*, float const*, int, int, int)",1340,28,58151.0,11200.0,7600.0,29000.0,0.0,1856000.0,100.0,4912535131207066.0,4912535131234746.0
1340,1,16384,256,11264,0,24,0,48,64,"batch_decode_kernels::mfma_gemm(float*, float const*, unsigned short const*, int, int, int, int)",1341,21,223372.0,59776.0,286080.0,1699200.0,0.0,108677120.0,256.0,4912535131302107.0,4912535131430427.0
1341,1,6400,256,1024,0,12,4,32,64,"batch_decode_kernels::rmsnorm(float*, float const*, unsigned short const*, int, int, float)",1342,33,33848.0,3200.0,3700.0,19325.0,0.0,1228775.0,100.0,4912535131539548.0,4912535131552348.0
1342,1,24576,256,11264,0,24,0,48,64,"batch_decode_kernels::mfma_gemm(float*, float const*, unsigned short const*, int, int, int, int)",1343,21,167429.0,64512.0,313344.0,1857792.0,0.0,118812672.0,384.0,4912535131647068.0,4912535131741949.0
1343,1,4608,256,11264,0,24,0,48,64,"batch_decode_kernels::mfma_gemm(float*, float const*, unsigned short const*, int, int, int, int)",1344,21,165178.0,12096.0,58752.0,348336.0,0.0,22277376.0,72.0,4912535131806589.0,4912535131898269.0
1344,1,6400,256,1024,0,24,0,32,64,"batch_decode_kernels::prefill_kv_norm_rope(unsigned short*, float const*, unsigned short const*, int, int, int, int, int, int, float const*, int, float)",1345,42,29689.0,900.0,2750.0,11675.0,0.0,673675.0,100.0,4912535131972190.0,4912535131982750.0
1345,1,65536,256,11264,0,24,0,48,64,"batch_decode_kernels::mfma_head_gemm(float*, float const*, unsigned short const*, int, int, int, int, int, int, unsigned long)",1346,30,35925.0,14592.0,59648.0,382464.0,0.0,23961600.0,1024.0,4912535132073950.0,4912535132088830.0
1346,1,25600,256,0,0,24,0,32,64,"batch_decode_kernels::prefill_q_rope(float*, float const*, int, int, int, int, int, float const*, int)",1347,45,25248.0,1600.0,3600.0,59200.0,0.0,1958400.0,400.0,4912535132164350.0,4912535132172031.0
1347,1,25600,256,0,0,64,0,96,64,"void batch_decode_kernels::flash_prefill<8>(float*, float const*, float const*, unsigned short const*, int, int, int, int, int, int, int, float)",1348,27,66537.0,16700.0,55100.0,208300.0,0.0,13331200.0,400.0,4912535132253311.0,4912535132286271.0
1348,1,16384,256,11264,0,24,0,48,64,"batch_decode_kernels::mfma_head_gemm(float*, float const*, unsigned short const*, int, int, int, int, int, int, unsigned long)",1349,30,59684.0,11520.0,53504.0,330240.0,0.0,21006336.0,256.0,4912535132411552.0,4912535132440512.0
1349,1,16384,256,11264,0,24,0,48,64,"batch_decode_kernels::mfma_gemm(float*, float const*, unsigned short const*, int, int, int, int)",1350,21,168829.0,44032.0,208896.0,1239552.0,0.0,79259648.0,256.0,4912535132506432.0,4912535132601152.0
1350,1,6400,256,1024,0,12,4,32,64,"batch_decode_kernels::rmsnorm(float*, float const*, unsigned short const*, int, int, float)",1351,33,33246.0,3200.0,3700.0,19325.0,0.0,1228775.0,100.0,4912535132668513.0,4912535132681153.0
1351,1,512,256,11264,0,24,0,48,64,"batch_decode_kernels::mfma_gemm(float*, float const*, unsigned short const*, int, int, int, int)",1352,21,178269.0,1344.0,6528.0,38704.0,0.0,2475264.0,8.0,4912535132759233.0,4912535132858274.0
1352,1,1600,64,0,0,16,0,48,64,"void moe_kernels::router_topk_wave64_kernel<64>(float*, float const*, int*, float*, int, int, int, int, int, float)",1353,57,38305.0,650.0,3000.0,10025.0,0.0,476745.0,25.0,4912535132983234.0,4912535132998914.0
1353,1,256,256,1024,0,12,4,64,64,"batch_decode_kernels::align_routes(int const*, int, int, int, int*, int*, int*)",1354,17,46228.0,42.0,329.0,521.0,0.0,9658.0,4.0,4912535133094595.0,4912535133114755.0
1354,1,394240,256,19968,0,36,4,48,64,"void batch_decode_kernels::grouped_expert_gate_up<16, 1>(float const*, char const*, unsigned long const*, unsigned long const*, int const*, int const*, float*, unsigned short*, int, int, int, int, int)",1355,36,558823.0,639936.0,1443640.0,13019512.0,0.0,821503760.0,6160.0,4912535133184675.0,4912535133528677.0
1355,1,22528,256,19968,0,32,0,48,64,"batch_decode_kernels::mfma_gate_up_swiglu(float*, float const*, unsigned short const*, unsigned short const*, int, int, int)",1356,19,181288.0,81664.0,263296.0,1975424.0,0.0,125697792.0,352.0,4912535133608677.0,4912535133712357.0
1356,1,573440,256,11264,0,24,0,48,64,"void batch_decode_kernels::grouped_expert_down<16, 1>(float const*, unsigned short const*, char const*, unsigned long const*, int const*, int const*, float*, int, int, int, int)",1357,26,340254.0,517760.0,1545088.0,9328896.0,0.0,594699008.0,8960.0,4912535133837318.0,4912535134043879.0
1357,1,6400,256,0,0,12,4,32,64,"batch_decode_kernels::reduce_routes_add(float*, float const*, float const*, int, int, int)",1358,28,58116.0,11200.0,7600.0,29000.0,0.0,1856000.0,100.0,4912535134134759.0,4912535134162119.0
1358,1,16384,256,11264,0,24,0,48,64,"batch_decode_kernels::mfma_gemm(float*, float const*, unsigned short const*, int, int, int, int)",1359,21,226879.0,59776.0,286080.0,1699200.0,0.0,108677120.0,256.0,4912535134227880.0,4912535134358120.0
1359,1,6400,256,1024,0,12,4,32,64,"batch_decode_kernels::rmsnorm(float*, float const*, unsigned short const*, int, int, float)",1360,33,32346.0,3200.0,3700.0,19325.0,0.0,1228775.0,100.0,4912535134459561.0,4912535134471881.0
1360,1,24576,256,11264,0,24,0,48,64,"batch_decode_kernels::mfma_gemm(float*, float const*, unsigned short const*, int, int, int, int)",1361,21,167713.0,64512.0,313344.0,1857792.0,0.0,118812672.0,384.0,4912535134553961.0,4912535134649322.0
1361,1,4608,256,11264,0,24,0,48,64,"batch_decode_kernels::mfma_gemm(float*, float const*, unsigned short const*, int, int, int, int)",1362,21,164464.0,12096.0,58752.0,348336.0,0.0,22277376.0,72.0,4912535134714762.0,4912535134805962.0
1362,1,6400,256,1024,0,24,0,32,64,"batch_decode_kernels::prefill_kv_norm_rope(unsigned short*, float const*, unsigned short const*, int, int, int, int, int, int, float const*, int, float)",1363,42,28317.0,900.0,2750.0,11675.0,0.0,673675.0,100.0,4912535134885643.0,4912535134895883.0
1363,1,65536,256,11264,0,24,0,48,64,"batch_decode_kernels::mfma_head_gemm(float*, float const*, unsigned short const*, int, int, int, int, int, int, unsigned long)",1364,30,35146.0,14592.0,59648.0,382464.0,0.0,23961600.0,1024.0,4912535134976683.0,4912535134991243.0
1364,1,25600,256,0,0,24,0,32,64,"batch_decode_kernels::prefill_q_rope(float*, float const*, int, int, int, int, int, float const*, int)",1365,45,25012.0,1600.0,3600.0,59200.0,0.0,1958400.0,400.0,4912535135071884.0,4912535135079884.0
1365,1,25600,256,0,0,64,0,96,64,"void batch_decode_kernels::flash_prefill<8>(float*, float const*, float const*, unsigned short const*, int, int, int, int, int, int, int, float)",1366,27,65684.0,16700.0,55100.0,208300.0,0.0,13331200.0,400.0,4912535135164044.0,4912535135196524.0
1366,1,16384,256,11264,0,24,0,48,64,"batch_decode_kernels::mfma_head_gemm(float*, float const*, unsigned short const*, int, int, int, int, int, int, unsigned long)",1367,30,59616.0,11520.0,53504.0,330240.0,0.0,21006336.0,256.0,4912535135321645.0,4912535135350765.0
1367,1,16384,256,11264,0,24,0,48,64,"batch_decode_kernels::mfma_gemm(float*, float const*, unsigned short const*, int, int, int, int)",1368,21,168551.0,44032.0,208896.0,1239552.0,0.0,79259648.0,256.0,4912535135419085.0,4912535135514125.0
1368,1,6400,256,1024,0,12,4,32,64,"batch_decode_kernels::rmsnorm(float*, float const*, unsigned short const*, int, int, float)",1369,33,31933.0,3200.0,3700.0,19325.0,0.0,1228775.0,100.0,4912535135591726.0,4912535135603726.0
1369,1,512,256,11264,0,24,0,48,64,"batch_decode_kernels::mfma_gemm(float*, float const*, unsigned short const*, int, int, int, int)",1370,21,173763.0,1344.0,6528.0,38704.0,0.0,2475264.0,8.0,4912535135682766.0,4912535135779247.0
1370,1,1600,64,0,0,16,0,48,64,"void moe_kernels::router_topk_wave64_kernel<64>(float*, float const*, int*, float*, int, int, int, int, int, float)",1371,57,37879.0,650.0,3000.0,10025.0,0.0,476805.0,25.0,4912535135844847.0,4912535135860367.0
1371,1,256,256,1024,0,12,4,64,64,"batch_decode_kernels::align_routes(int const*, int, int, int, int*, int*, int*)",1372,17,45905.0,42.0,329.0,521.0,0.0,9664.0,4.0,4912535135938607.0,4912535135958927.0
1372,1,394240,256,19968,0,36,4,48,64,"void batch_decode_kernels::grouped_expert_gate_up<16, 1>(float const*, char const*, unsigned long const*, unsigned long const*, int const*, int const*, float*, unsigned short*, int, int, int, int, int)",1373,36,588967.0,639936.0,1443640.0,13019512.0,0.0,821503760.0,6160.0,4912535136043248.0,4912535136405169.0
1373,1,22528,256,19968,0,32,0,48,64,"batch_decode_kernels::mfma_gate_up_swiglu(float*, float const*, unsigned short const*, unsigned short const*, int, int, int)",1374,19,179345.0,81664.0,263296.0,1975424.0,0.0,125697792.0,352.0,4912535136486930.0,4912535136589810.0
1374,1,573440,256,11264,0,24,0,48,64,"void batch_decode_kernels::grouped_expert_down<16, 1>(float const*, unsigned short const*, char const*, unsigned long const*, int const*, int const*, float*, int, int, int, int)",1375,26,349846.0,517760.0,1545088.0,9328896.0,0.0,594699008.0,8960.0,4912535136722771.0,4912535136935412.0
1375,1,6400,256,0,0,12,4,32,64,"batch_decode_kernels::reduce_routes_add(float*, float const*, float const*, int, int, int)",1376,28,57248.0,11200.0,7600.0,29000.0,0.0,1856000.0,100.0,4912535137033172.0,4912535137060212.0
1376,1,16384,256,11264,0,24,0,48,64,"batch_decode_kernels::mfma_gemm(float*, float const*, unsigned short const*, int, int, int, int)",1377,21,224929.0,59776.0,286080.0,1699200.0,0.0,108677120.0,256.0,4912535137127253.0,4912535137256213.0
1377,1,6400,256,1024,0,12,4,32,64,"batch_decode_kernels::rmsnorm(float*, float const*, unsigned short const*, int, int, float)",1378,33,33184.0,3200.0,3700.0,19325.0,0.0,1228775.0,100.0,4912535137367254.0,4912535137379894.0
1378,1,24576,256,11264,0,24,0,48,64,"batch_decode_kernels::mfma_gemm(float*, float const*, unsigned short const*, int, int, int, int)",1379,21,167105.0,64512.0,313344.0,1857792.0,0.0,118812672.0,384.0,4912535137460854.0,4912535137555735.0
1379,1,4608,256,11264,0,24,0,48,64,"batch_decode_kernels::mfma_gemm(float*, float const*, unsigned short const*, int, int, int, int)",1380,21,164426.0,12096.0,58752.0,348336.0,0.0,22277376.0,72.0,4912535137624695.0,4912535137715735.0
1380,1,6400,256,1024,0,24,0,32,64,"batch_decode_kernels::prefill_kv_norm_rope(unsigned short*, float const*, unsigned short const*, int, int, int, int, int, int, float const*, int, float)",1381,42,29097.0,900.0,2750.0,11675.0,0.0,673675.0,100.0,4912535137793016.0,4912535137803096.0
1381,1,65536,256,11264,0,24,0,48,64,"batch_decode_kernels::mfma_head_gemm(float*, float const*, unsigned short const*, int, int, int, int, int, int, unsigned long)",1382,30,35327.0,14592.0,59648.0,382464.0,0.0,23961600.0,1024.0,4912535137887096.0,4912535137901656.0
1382,1,25600,256,0,0,24,0,32,64,"batch_decode_kernels::prefill_q_rope(float*, float const*, int, int, int, int, int, float const*, int)",1383,45,24239.0,1600.0,3600.0,59200.0,0.0,1958400.0,400.0,4912535137980377.0,4912535137987897.0
1383,1,25600,256,0,0,64,0,96,64,"void batch_decode_kernels::flash_prefill<8>(float*, float const*, float const*, unsigned short const*, int, int, int, int, int, int, int, float)",1384,27,69207.0,16700.0,55100.0,208300.0,0.0,13331200.0,400.0,4912535138075257.0,4912535138109657.0
1384,1,16384,256,11264,0,24,0,48,64,"batch_decode_kernels::mfma_head_gemm(float*, float const*, unsigned short const*, int, int, int, int, int, int, unsigned long)",1385,30,60029.0,11520.0,53504.0,330240.0,0.0,21006336.0,256.0,4912535138172697.0,4912535138201818.0
1385,1,16384,256,11264,0,24,0,48,64,"batch_decode_kernels::mfma_gemm(float*, float const*, unsigned short const*, int, int, int, int)",1386,21,167448.0,44032.0,208896.0,1239552.0,0.0,79259648.0,256.0,4912535138274138.0,4912535138368378.0
1386,1,6400,256,1024,0,12,4,32,64,"batch_decode_kernels::rmsnorm(float*, float const*, unsigned short const*, int, int, float)",1387,33,32764.0,3200.0,3700.0,19325.0,0.0,1228775.0,100.0,4912535138446459.0,4912535138459099.0
1387,1,512,256,11264,0,24,0,48,64,"batch_decode_kernels::mfma_gemm(float*, float const*, unsigned short const*, int, int, int, int)",1388,21,176514.0,1344.0,6528.0,38704.0,0.0,2475264.0,8.0,4912535138539419.0,4912535138637499.0
1388,1,1600,64,0,0,16,0,48,64,"void moe_kernels::router_topk_wave64_kernel<64>(float*, float const*, int*, float*, int, int, int, int, int, float)",1389,57,38313.0,650.0,3000.0,10025.0,0.0,476690.0,25.0,4912535138702780.0,4912535138718460.0
1389,1,256,256,1024,0,12,4,64,64,"batch_decode_kernels::align_routes(int const*, int, int, int, int*, int*, int*)",1390,17,46204.0,44.0,335.0,523.0,0.0,9822.0,4.0,4912535138797340.0,4912535138817660.0
1390,1,394240,256,19968,0,36,4,48,64,"void batch_decode_kernels::grouped_expert_gate_up<16, 1>(float const*, char const*, unsigned long const*, unsigned long const*, int const*, int const*, float*, unsigned short*, int, int, int, int, int)",1391,36,592782.0,686400.0,1558920.0,13871880.0,0.0,874388240.0,6160.0,4912535138896381.0,4912535139261182.0
1391,1,22528,256,19968,0,32,0,48,64,"batch_decode_kernels::mfma_gate_up_swiglu(float*, float const*, unsigned short const*, unsigned short const*, int, int, int)",1392,19,179376.0,81664.0,263296.0,1975424.0,0.0,125697792.0,352.0,4912535139348863.0,4912535139451423.0
1392,1,573440,256,11264,0,24,0,48,64,"void batch_decode_kernels::grouped_expert_down<16, 1>(float const*, unsigned short const*, char const*, unsigned long const*, int const*, int const*, float*, int, int, int, int)",1393,26,349115.0,553600.0,1659520.0,10023680.0,0.0,638903040.0,8960.0,4912535139520703.0,4912535139733664.0
1393,1,6400,256,0,0,12,4,32,64,"batch_decode_kernels::reduce_routes_add(float*, float const*, float const*, int, int, int)",1394,28,57539.0,11200.0,7600.0,29000.0,0.0,1856000.0,100.0,4912535139848545.0,4912535139875905.0
1394,1,16384,256,11264,0,24,0,48,64,"batch_decode_kernels::mfma_gemm(float*, float const*, unsigned short const*, int, int, int, int)",1395,21,223251.0,59776.0,286080.0,1699200.0,0.0,108677120.0,256.0,4912535139944385.0,4912535140072386.0
1395,1,6400,256,1024,0,12,4,32,64,"batch_decode_kernels::rmsnorm(float*, float const*, unsigned short const*, int, int, float)",1396,33,32188.0,3200.0,3700.0,19325.0,0.0,1228775.0,100.0,4912535140198146.0,4912535140210146.0
1396,1,24576,256,11264,0,24,0,48,64,"batch_decode_kernels::mfma_gemm(float*, float const*, unsigned short const*, int, int, int, int)",1397,21,167520.0,64512.0,313344.0,1857792.0,0.0,118812672.0,384.0,4912535140292707.0,4912535140387747.0
1397,1,4608,256,11264,0,24,0,48,64,"batch_decode_kernels::mfma_gemm(float*, float const*, unsigned short const*, int, int, int, int)",1398,21,165960.0,12096.0,58752.0,348336.0,0.0,22277376.0,72.0,4912535140461668.0,4912535140553828.0
1398,1,6400,256,1024,0,24,0,32,64,"batch_decode_kernels::prefill_kv_norm_rope(unsigned short*, float const*, unsigned short const*, int, int, int, int, int, int, float const*, int, float)",1399,42,29118.0,900.0,2750.0,11675.0,0.0,673675.0,100.0,4912535140634948.0,4912535140645028.0
1399,1,65536,256,11264,0,24,0,48,64,"batch_decode_kernels::mfma_head_gemm(float*, float const*, unsigned short const*, int, int, int, int, int, int, unsigned long)",1400,30,34723.0,14592.0,59648.0,382464.0,0.0,23961600.0,1024.0,4912535140729989.0,4912535140744549.0
1400,1,25600,256,0,0,24,0,32,64,"batch_decode_kernels::prefill_q_rope(float*, float const*, int, int, int, int, int, float const*, int)",1401,45,25678.0,1600.0,3600.0,59200.0,0.0,1958400.0,400.0,4912535140824229.0,4912535140832549.0
1401,1,25600,256,0,0,64,0,96,64,"void batch_decode_kernels::flash_prefill<8>(float*, float const*, float const*, unsigned short const*, int, int, int, int, int, int, int, float)",1402,27,68450.0,16700.0,55100.0,208300.0,0.0,13331200.0,400.0,4912535140918310.0,4912535140952230.0
1402,1,16384,256,11264,0,24,0,48,64,"batch_decode_kernels::mfma_head_gemm(float*, float const*, unsigned short const*, int, int, int, int, int, int, unsigned long)",1403,30,59477.0,11520.0,53504.0,330240.0,0.0,21006336.0,256.0,4912535141085830.0,4912535141114631.0
1403,1,16384,256,11264,0,24,0,48,64,"batch_decode_kernels::mfma_gemm(float*, float const*, unsigned short const*, int, int, int, int)",1404,21,170920.0,44032.0,208896.0,1239552.0,0.0,79259648.0,256.0,4912535141189831.0,4912535141285991.0
1404,1,6400,256,1024,0,12,4,32,64,"batch_decode_kernels::rmsnorm(float*, float const*, unsigned short const*, int, int, float)",1405,33,31879.0,3200.0,3700.0,19325.0,0.0,1228775.0,100.0,4912535141357672.0,4912535141369672.0
1405,1,512,256,11264,0,24,0,48,64,"batch_decode_kernels::mfma_gemm(float*, float const*, unsigned short const*, int, int, int, int)",1406,21,179312.0,1344.0,6528.0,38704.0,0.0,2475264.0,8.0,4912535141455112.0,4912535141554793.0
1406,1,1600,64,0,0,16,0,48,64,"void moe_kernels::router_topk_wave64_kernel<64>(float*, float const*, int*, float*, int, int, int, int, int, float)",1407,57,38301.0,650.0,3000.0,10025.0,0.0,476790.0,25.0,4912535141630953.0,4912535141646953.0
1407,1,256,256,1024,0,12,4,64,64,"batch_decode_kernels::align_routes(int const*, int, int, int, int*, int*, int*)",1408,17,44146.0,41.0,330.0,515.0,0.0,9674.0,4.0,4912535141725993.0,4912535141745353.0
1408,1,394240,256,19968,0,36,4,48,64,"void batch_decode_kernels::grouped_expert_gate_up<16, 1>(float const*, char const*, unsigned long const*, unsigned long const*, int const*, int const*, float*, unsigned short*, int, int, int, int, int)",1409,36,589307.0,639936.0,1443640.0,13019512.0,0.0,821503760.0,6160.0,4912535141821034.0,4912535142182955.0
1409,1,22528,256,19968,0,32,0,48,64,"batch_decode_kernels::mfma_gate_up_swiglu(float*, float const*, unsigned short const*, unsigned short const*, int, int, int)",1410,19,180409.0,81664.0,263296.0,1975424.0,0.0,125697792.0,352.0,4912535142285836.0,4912535142388716.0
1410,1,573440,256,11264,0,24,0,48,64,"void batch_decode_kernels::grouped_expert_down<16, 1>(float const*, unsigned short const*, char const*, unsigned long const*, int const*, int const*, float*, int, int, int, int)",1411,26,345627.0,517760.0,1545088.0,9328896.0,0.0,594699008.0,8960.0,4912535142457677.0,4912535142667597.0
1411,1,6400,256,0,0,12,4,32,64,"batch_decode_kernels::reduce_routes_add(float*, float const*, float const*, int, int, int)",1412,28,58411.0,11200.0,7600.0,29000.0,0.0,1856000.0,100.0,4912535142767118.0,4912535142795118.0
1412,1,16384,256,11264,0,24,0,48,64,"batch_decode_kernels::mfma_gemm(float*, float const*, unsigned short const*, int, int, int, int)",1413,21,225609.0,59776.0,286080.0,1699200.0,0.0,108677120.0,256.0,4912535142860718.0,4912535142990159.0
1413,1,6400,256,1024,0,12,4,32,64,"batch_decode_kernels::rmsnorm(float*, float const*, unsigned short const*, int, int, float)",1414,33,34086.0,3200.0,3700.0,19325.0,0.0,1228775.0,100.0,4912535143110799.0,4912535143123760.0
1414,1,24576,256,11264,0,24,0,48,64,"batch_decode_kernels::mfma_gemm(float*, float const*, unsigned short const*, int, int, int, int)",1415,21,168358.0,64512.0,313344.0,1857792.0,0.0,118812672.0,384.0,4912535143207760.0,4912535143303280.0
1415,1,4608,256,11264,0,24,0,48,64,"batch_decode_kernels::mfma_gemm(float*, float const*, unsigned short const*, int, int, int, int)",1416,21,163998.0,12096.0,58752.0,348336.0,0.0,22277376.0,72.0,4912535143376561.0,4912535143467761.0
1416,1,6400,256,1024,0,24,0,32,64,"batch_decode_kernels::prefill_kv_norm_rope(unsigned short*, float const*, unsigned short const*, int, int, int, int, int, int, float const*, int, float)",1417,42,29529.0,900.0,2750.0,11675.0,0.0,673675.0,100.0,4912535143550801.0,4912535143561361.0
1417,1,65536,256,11264,0,24,0,48,64,"batch_decode_kernels::mfma_head_gemm(float*, float const*, unsigned short const*, int, int, int, int, int, int, unsigned long)",1418,30,36379.0,14592.0,59648.0,382464.0,0.0,23961600.0,1024.0,4912535143656082.0,4912535143671122.0
1418,1,25600,256,0,0,24,0,32,64,"batch_decode_kernels::prefill_q_rope(float*, float const*, int, int, int, int, int, float const*, int)",1419,45,24319.0,1600.0,3600.0,59200.0,0.0,1958400.0,400.0,4912535143751122.0,4912535143758642.0
1419,1,25600,256,0,0,64,0,96,64,"void batch_decode_kernels::flash_prefill<8>(float*, float const*, float const*, unsigned short const*, int, int, int, int, int, int, int, float)",1420,27,67265.0,16700.0,55100.0,208300.0,0.0,13331200.0,400.0,4912535143839923.0,4912535143873203.0
1420,1,16384,256,11264,0,24,0,48,64,"batch_decode_kernels::mfma_head_gemm(float*, float const*, unsigned short const*, int, int, int, int, int, int, unsigned long)",1421,30,60257.0,11520.0,53504.0,330240.0,0.0,21006336.0,256.0,4912535143940723.0,4912535143970163.0
1421,1,16384,256,11264,0,24,0,48,64,"batch_decode_kernels::mfma_gemm(float*, float const*, unsigned short const*, int, int, int, int)",1422,21,169735.0,44032.0,208896.0,1239552.0,0.0,79259648.0,256.0,4912535144046964.0,4912535144142324.0
1422,1,6400,256,1024,0,12,4,32,64,"batch_decode_kernels::rmsnorm(float*, float const*, unsigned short const*, int, int, float)",1423,33,32656.0,3200.0,3700.0,19325.0,0.0,1228775.0,100.0,4912535144220884.0,4912535144233364.0
1423,1,512,256,11264,0,24,0,48,64,"batch_decode_kernels::mfma_gemm(float*, float const*, unsigned short const*, int, int, int, int)",1424,21,171366.0,1344.0,6528.0,38704.0,0.0,2475264.0,8.0,4912535144317365.0,4912535144412565.0
1424,1,1600,64,0,0,16,0,48,64,"void moe_kernels::router_topk_wave64_kernel<64>(float*, float const*, int*, float*, int, int, int, int, int, float)",1425,57,36753.0,650.0,3000.0,10025.0,0.0,476775.0,25.0,4912535144487446.0,4912535144502166.0
1425,1,256,256,1024,0,12,4,64,64,"batch_decode_kernels::align_routes(int const*, int, int, int, int*, int*, int*)",1426,17,45169.0,44.0,335.0,523.0,0.0,9822.0,4.0,4912535144583606.0,4912535144603126.0
1426,1,394240,256,19968,0,36,4,48,64,"void batch_decode_kernels::grouped_expert_gate_up<16, 1>(float const*, char const*, unsigned long const*, unsigned long const*, int const*, int const*, float*, unsigned short*, int, int, int, int, int)",1427,36,609096.0,686400.0,1558920.0,13871880.0,0.0,874388240.0,6160.0,4912535144683287.0,4912535145057848.0
1427,1,22528,256,19968,0,32,0,48,64,"batch_decode_kernels::mfma_gate_up_swiglu(float*, float const*, unsigned short const*, unsigned short const*, int, int, int)",1428,19,181763.0,81664.0,263296.0,1975424.0,0.0,125697792.0,352.0,4912535145153689.0,4912535145257849.0
1428,1,573440,256,11264,0,24,0,48,64,"void batch_decode_kernels::grouped_expert_down<16, 1>(float const*, unsigned short const*, char const*, unsigned long const*, int const*, int const*, float*, int, int, int, int)",1429,26,338541.0,553600.0,1659520.0,10023680.0,0.0,638903040.0,8960.0,4912535145326009.0,4912535145532730.0
1429,1,6400,256,0,0,12,4,32,64,"batch_decode_kernels::reduce_routes_add(float*, float const*, float const*, int, int, int)",1430,28,57478.0,11200.0,7600.0,29000.0,0.0,1856000.0,100.0,4912535145648411.0,4912535145675931.0
1430,1,16384,256,11264,0,24,0,48,64,"batch_decode_kernels::mfma_gemm(float*, float const*, unsigned short const*, int, int, int, int)",1431,21,223397.0,59776.0,286080.0,1699200.0,0.0,108677120.0,256.0,4912535145749851.0,4912535145878012.0
1431,1,6400,256,1024,0,12,4,32,64,"batch_decode_kernels::rmsnorm(float*, float const*, unsigned short const*, int, int, float)",1432,33,33039.0,3200.0,3700.0,19325.0,0.0,1228775.0,100.0,4912535146000572.0,4912535146012572.0
1432,1,24576,256,11264,0,24,0,48,64,"batch_decode_kernels::mfma_gemm(float*, float const*, unsigned short const*, int, int, int, int)",1433,21,167342.0,64512.0,313344.0,1857792.0,0.0,118812672.0,384.0,4912535146107293.0,4912535146202333.0
1433,1,4608,256,11264,0,24,0,48,64,"batch_decode_kernels::mfma_gemm(float*, float const*, unsigned short const*, int, int, int, int)",1434,21,164581.0,12096.0,58752.0,348336.0,0.0,22277376.0,72.0,4912535146275294.0,4912535146366654.0
1434,1,6400,256,1024,0,24,0,32,64,"batch_decode_kernels::prefill_kv_norm_rope(unsigned short*, float const*, unsigned short const*, int, int, int, int, int, int, float const*, int, float)",1435,42,29379.0,900.0,2750.0,11675.0,0.0,673675.0,100.0,4912535146455134.0,4912535146465374.0
1435,1,65536,256,11264,0,24,0,48,64,"batch_decode_kernels::mfma_head_gemm(float*, float const*, unsigned short const*, int, int, int, int, int, int, unsigned long)",1436,30,36926.0,14592.0,59648.0,382464.0,0.0,23961600.0,1024.0,4912535146551775.0,4912535146567135.0
1436,1,25600,256,0,0,24,0,32,64,"batch_decode_kernels::prefill_q_rope(float*, float const*, int, int, int, int, int, float const*, int)",1437,45,24956.0,1600.0,3600.0,59200.0,0.0,1958400.0,400.0,4912535146650335.0,4912535146657695.0
1437,1,25600,256,0,0,64,0,96,64,"void batch_decode_kernels::flash_prefill<8>(float*, float const*, float const*, unsigned short const*, int, int, int, int, int, int, int, float)",1438,27,65318.0,16700.0,55100.0,208300.0,0.0,13331200.0,400.0,4912535146742016.0,4912535146774176.0
1438,1,16384,256,11264,0,24,0,48,64,"batch_decode_kernels::mfma_head_gemm(float*, float const*, unsigned short const*, int, int, int, int, int, int, unsigned long)",1439,30,60155.0,11520.0,53504.0,330240.0,0.0,21006336.0,256.0,4912535146845216.0,4912535146874496.0
1439,1,16384,256,11264,0,24,0,48,64,"batch_decode_kernels::mfma_gemm(float*, float const*, unsigned short const*, int, int, int, int)",1440,21,171599.0,44032.0,208896.0,1239552.0,0.0,79259648.0,256.0,4912535146943937.0,4912535147040737.0
1440,1,6400,256,1024,0,12,4,32,64,"batch_decode_kernels::rmsnorm(float*, float const*, unsigned short const*, int, int, float)",1441,33,31802.0,3200.0,3700.0,19325.0,0.0,1228775.0,100.0,4912535147133697.0,4912535147145698.0
1441,1,512,256,11264,0,24,0,48,64,"batch_decode_kernels::mfma_gemm(float*, float const*, unsigned short const*, int, int, int, int)",1442,21,174659.0,1344.0,6528.0,38704.0,0.0,2475264.0,8.0,4912535147231138.0,4912535147327938.0
1442,1,1600,64,0,0,16,0,48,64,"void moe_kernels::router_topk_wave64_kernel<64>(float*, float const*, int*, float*, int, int, int, int, int, float)",1443,57,38234.0,650.0,3000.0,10025.0,0.0,476750.0,25.0,4912535147411619.0,4912535147426979.0
1443,1,256,256,1024,0,12,4,64,64,"batch_decode_kernels::align_routes(int const*, int, int, int, int*, int*, int*)",1444,17,46243.0,41.0,326.0,520.0,0.0,9579.0,4.0,4912535147507779.0,4912535147527939.0
1444,1,394240,256,19968,0,36,4,48,64,"void batch_decode_kernels::grouped_expert_gate_up<16, 1>(float const*, char const*, unsigned long const*, unsigned long const*, int const*, int const*, float*, unsigned short*, int, int, int, int, int)",1445,36,553703.0,616704.0,1386000.0,12593328.0,0.0,795061520.0,6160.0,4912535147606500.0,4912535147946661.0
1445,1,22528,256,19968,0,32,0,48,64,"batch_decode_kernels::mfma_gate_up_swiglu(float*, float const*, unsigned short const*, unsigned short const*, int, int, int)",1446,19,183306.0,81664.0,263296.0,1975424.0,0.0,125697792.0,352.0,4912535148086502.0,4912535148191782.0
1446,1,573440,256,11264,0,24,0,48,64,"void batch_decode_kernels::grouped_expert_down<16, 1>(float const*, unsigned short const*, char const*, unsigned long const*, int const*, int const*, float*, int, int, int, int)",1447,26,319687.0,499840.0,1487872.0,8981504.0,0.0,572596992.0,8960.0,4912535148267143.0,4912535148461063.0
1447,1,6400,256,0,0,12,4,32,64,"batch_decode_kernels::reduce_routes_add(float*, float const*, float const*, int, int, int)",1448,28,56561.0,11200.0,7600.0,29000.0,0.0,1856000.0,100.0,4912535148590024.0,4912535148617224.0
1448,1,16384,256,11264,0,24,0,48,64,"batch_decode_kernels::mfma_gemm(float*, float const*, unsigned short const*, int, int, int, int)",1449,21,225791.0,59776.0,286080.0,1699200.0,0.0,108677120.0,256.0,4912535148690824.0,4912535148819625.0
1449,1,6400,256,1024,0,12,4,32,64,"batch_decode_kernels::rmsnorm(float*, float const*, unsigned short const*, int, int, float)",1450,33,32176.0,3200.0,3700.0,19325.0,0.0,1228775.0,100.0,4912535148945546.0,4912535148957546.0
1450,1,24576,256,11264,0,24,0,48,64,"batch_decode_kernels::mfma_gemm(float*, float const*, unsigned short const*, int, int, int, int)",1451,21,170622.0,64512.0,313344.0,1857792.0,0.0,118812672.0,384.0,4912535149061365.0,4912535149158005.0
1451,1,4608,256,11264,0,24,0,48,64,"batch_decode_kernels::mfma_gemm(float*, float const*, unsigned short const*, int, int, int, int)",1452,21,163261.0,12096.0,58752.0,348336.0,0.0,22277376.0,72.0,4912535149238965.0,4912535149329845.0
1452,1,6400,256,1024,0,24,0,32,64,"batch_decode_kernels::prefill_kv_norm_rope(unsigned short*, float const*, unsigned short const*, int, int, int, int, int, int, float const*, int, float)",1453,42,28360.0,900.0,2750.0,11675.0,0.0,673675.0,100.0,4912535149417845.0,4912535149427765.0
1453,1,65536,256,11264,0,24,0,48,64,"batch_decode_kernels::mfma_head_gemm(float*, float const*, unsigned short const*, int, int, int, int, int, int, unsigned long)",1454,30,36931.0,14592.0,59648.0,382464.0,0.0,23961600.0,1024.0,4912535149515606.0,4912535149530806.0
1454,1,25600,256,0,0,24,0,32,64,"batch_decode_kernels::prefill_q_rope(float*, float const*, int, int, int, int, int, float const*, int)",1455,45,25503.0,1600.0,3600.0,59200.0,0.0,1958400.0,400.0,4912535149620246.0,4912535149628246.0
1455,1,25600,256,0,0,64,0,96,64,"void batch_decode_kernels::flash_prefill<8>(float*, float const*, float const*, unsigned short const*, int, int, int, int, int, int, int, float)",1456,27,65481.0,16700.0,55100.0,208300.0,0.0,13331200.0,400.0,4912535149720727.0,4912535149753047.0
1456,1,16384,256,11264,0,24,0,48,64,"batch_decode_kernels::mfma_head_gemm(float*, float const*, unsigned short const*, int, int, int, int, int, int, unsigned long)",1457,30,60596.0,11520.0,53504.0,330240.0,0.0,21006336.0,256.0,4912535149820087.0,4912535149849687.0
1457,1,16384,256,11264,0,24,0,48,64,"batch_decode_kernels::mfma_gemm(float*, float const*, unsigned short const*, int, int, int, int)",1458,21,168654.0,44032.0,208896.0,1239552.0,0.0,79259648.0,256.0,4912535149921848.0,4912535150017048.0
1458,1,6400,256,1024,0,12,4,32,64,"batch_decode_kernels::rmsnorm(float*, float const*, unsigned short const*, int, int, float)",1459,33,32583.0,3200.0,3700.0,19325.0,0.0,1228775.0,100.0,4912535150103129.0,4912535150115609.0
1459,1,512,256,11264,0,24,0,48,64,"batch_decode_kernels::mfma_gemm(float*, float const*, unsigned short const*, int, int, int, int)",1460,21,174527.0,1344.0,6528.0,38704.0,0.0,2475264.0,8.0,4912535150226969.0,4912535150323929.0
1460,1,1600,64,0,0,16,0,48,64,"void moe_kernels::router_topk_wave64_kernel<64>(float*, float const*, int*, float*, int, int, int, int, int, float)",1461,57,38161.0,650.0,3000.0,10025.0,0.0,476730.0,25.0,4912535150406010.0,4912535150422010.0
1461,1,256,256,1024,0,12,4,64,64,"batch_decode_kernels::align_routes(int const*, int, int, int, int*, int*, int*)",1462,17,45607.0,40.0,327.0,514.0,0.0,9601.0,4.0,4912535150511290.0,4912535150531290.0
1462,1,394240,256,19968,0,36,4,48,64,"void batch_decode_kernels::grouped_expert_gate_up<16, 1>(float const*, char const*, unsigned long const*, unsigned long const*, int const*, int const*, float*, unsigned short*, int, int, int, int, int)",1463,36,589692.0,616704.0,1386000.0,12593328.0,0.0,795061520.0,6160.0,4912535150610011.0,4912535150971452.0
1463,1,22528,256,19968,0,32,0,48,64,"batch_decode_kernels::mfma_gate_up_swiglu(float*, float const*, unsigned short const*, unsigned short const*, int, int, int)",1464,19,183219.0,81664.0,263296.0,1975424.0,0.0,125697792.0,352.0,4912535151104093.0,4912535151209373.0
1464,1,573440,256,11264,0,24,0,48,64,"void batch_decode_kernels::grouped_expert_down<16, 1>(float const*, unsigned short const*, char const*, unsigned long const*, int const*, int const*, float*, int, int, int, int)",1465,26,345445.0,499840.0,1487872.0,8981504.0,0.0,572596992.0,8960.0,4912535151282334.0,4912535151491455.0
1465,1,6400,256,0,0,12,4,32,64,"batch_decode_kernels::reduce_routes_add(float*, float const*, float const*, int, int, int)",1466,28,59229.0,11200.0,7600.0,29000.0,0.0,1856000.0,100.0,4912535151619775.0,4912535151648095.0
1466,1,16384,256,11264,0,24,0,48,64,"batch_decode_kernels::mfma_gemm(float*, float const*, unsigned short const*, int, int, int, int)",1467,21,224702.0,59776.0,286080.0,1699200.0,0.0,108677120.0,256.0,4912535151720896.0,4912535151849536.0
1467,1,6400,256,1024,0,12,4,32,64,"batch_decode_kernels::rmsnorm(float*, float const*, unsigned short const*, int, int, float)",1468,33,32754.0,3200.0,3700.0,19325.0,0.0,1228775.0,100.0,4912535151975457.0,4912535151987937.0
1468,1,24576,256,11264,0,24,0,48,64,"batch_decode_kernels::mfma_gemm(float*, float const*, unsigned short const*, int, int, int, int)",1469,21,166268.0,64512.0,313344.0,1857792.0,0.0,118812672.0,384.0,4912535152081537.0,4912535152175938.0
1469,1,4608,256,11264,0,24,0,48,64,"batch_decode_kernels::mfma_gemm(float*, float const*, unsigned short const*, int, int, int, int)",1470,21,164125.0,12096.0,58752.0,348336.0,0.0,22277376.0,72.0,4912535152259938.0,4912535152350979.0
1470,1,6400,256,1024,0,24,0,32,64,"batch_decode_kernels::prefill_kv_norm_rope(unsigned short*, float const*, unsigned short const*, int, int, int, int, int, int, float const*, int, float)",1471,42,28912.0,900.0,2750.0,11675.0,0.0,673675.0,100.0,4912535152447139.0,4912535152457219.0
1471,1,65536,256,11264,0,24,0,48,64,"batch_decode_kernels::mfma_head_gemm(float*, float const*, unsigned short const*, int, int, int, int, int, int, unsigned long)",1472,30,36983.0,14592.0,59648.0,382464.0,0.0,23961600.0,1024.0,4912535152549219.0,4912535152564420.0
1472,1,25600,256,0,0,24,0,32,64,"batch_decode_kernels::prefill_q_rope(float*, float const*, int, int, int, int, int, float const*, int)",1473,45,24139.0,1600.0,3600.0,59200.0,0.0,1958400.0,400.0,4912535152649220.0,4912535152656580.0
1473,1,25600,256,0,0,64,0,96,64,"void batch_decode_kernels::flash_prefill<8>(float*, float const*, float const*, unsigned short const*, int, int, int, int, int, int, int, float)",1474,27,69761.0,16700.0,55100.0,208300.0,0.0,13331200.0,400.0,4912535152746980.0,4912535152782180.0
1474,1,16384,256,11264,0,24,0,48,64,"batch_decode_kernels::mfma_head_gemm(float*, float const*, unsigned short const*, int, int, int, int, int, int, unsigned long)",1475,30,60420.0,11520.0,53504.0,330240.0,0.0,21006336.0,256.0,4912535152858341.0,4912535152887781.0
1475,1,16384,256,11264,0,24,0,48,64,"batch_decode_kernels::mfma_gemm(float*, float const*, unsigned short const*, int, int, int, int)",1476,21,168791.0,44032.0,208896.0,1239552.0,0.0,79259648.0,256.0,4912535152959781.0,4912535153054822.0
1476,1,6400,256,1024,0,12,4,32,64,"batch_decode_kernels::rmsnorm(float*, float const*, unsigned short const*, int, int, float)",1477,33,35446.0,3200.0,3700.0,19325.0,0.0,1228775.0,100.0,4912535153153702.0,4912535153167782.0
1477,1,512,256,11264,0,24,0,48,64,"batch_decode_kernels::mfma_gemm(float*, float const*, unsigned short const*, int, int, int, int)",1478,21,171901.0,1344.0,6528.0,38704.0,0.0,2475264.0,8.0,4912535153258823.0,4912535153354503.0
1478,1,1600,64,0,0,16,0,48,64,"void moe_kernels::router_topk_wave64_kernel<64>(float*, float const*, int*, float*, int, int, int, int, int, float)",1479,57,38427.0,650.0,3000.0,10025.0,0.0,476690.0,25.0,4912535153446183.0,4912535153462024.0
1479,1,256,256,1024,0,12,4,64,64,"batch_decode_kernels::align_routes(int const*, int, int, int, int*, int*, int*)",1480,17,44748.0,39.0,324.0,513.0,0.0,9516.0,4.0,4912535153546984.0,4912535153566664.0
1480,1,394240,256,19968,0,36,4,48,64,"void batch_decode_kernels::grouped_expert_gate_up<16, 1>(float const*, char const*, unsigned long const*, unsigned long const*, int const*, int const*, float*, unsigned short*, int, int, int, int, int)",1481,36,565495.0,593472.0,1328360.0,12167144.0,0.0,768619280.0,6160.0,4912535153648104.0,4912535153994826.0
1481,1,22528,256,19968,0,32,0,48,64,"batch_decode_kernels::mfma_gate_up_swiglu(float*, float const*, unsigned short const*, unsigned short const*, int, int, int)",1482,19,183555.0,81664.0,263296.0,1975424.0,0.0,125697792.0,352.0,4912535154068906.0,4912535154174507.0
1482,1,573440,256,11264,0,24,0,48,64,"void batch_decode_kernels::grouped_expert_down<16, 1>(float const*, unsigned short const*, char const*, unsigned long const*, int const*, int const*, float*, int, int, int, int)",1483,26,328048.0,481920.0,1430656.0,8634112.0,0.0,550494976.0,8960.0,4912535154256907.0,4912535154455628.0
1483,1,6400,256,0,0,12,4,32,64,"batch_decode_kernels::reduce_routes_add(float*, float const*, float const*, int, int, int)",1484,28,57827.0,11200.0,7600.0,29000.0,0.0,1856000.0,100.0,4912535154591309.0,4912535154618829.0
1484,1,16384,256,11264,0,24,0,48,64,"batch_decode_kernels::mfma_gemm(float*, float const*, unsigned short const*, int, int, int, int)",1485,21,221957.0,59776.0,286080.0,1699200.0,0.0,108677120.0,256.0,4912535154692749.0,4912535154820110.0
1485,1,6400,256,1024,0,12,4,32,64,"batch_decode_kernels::rmsnorm(float*, float const*, unsigned short const*, int, int, float)",1486,33,35448.0,3200.0,3700.0,19325.0,0.0,1228775.0,100.0,4912535154954510.0,4912535154968270.0
1486,1,24576,256,11264,0,24,0,48,64,"batch_decode_kernels::mfma_gemm(float*, float const*, unsigned short const*, int, int, int, int)",1487,21,166312.0,64512.0,313344.0,1857792.0,0.0,118812672.0,384.0,4912535155061711.0,4912535155156431.0
1487,1,4608,256,11264,0,24,0,48,64,"batch_decode_kernels::mfma_gemm(float*, float const*, unsigned short const*, int, int, int, int)",1488,21,166214.0,12096.0,58752.0,348336.0,0.0,22277376.0,72.0,4912535155243951.0,4912535155336112.0
1488,1,6400,256,1024,0,24,0,32,64,"batch_decode_kernels::prefill_kv_norm_rope(unsigned short*, float const*, unsigned short const*, int, int, int, int, int, int, float const*, int, float)",1489,42,29010.0,900.0,2750.0,11675.0,0.0,673675.0,100.0,4912535155432112.0,4912535155442192.0
1489,1,65536,256,11264,0,24,0,48,64,"batch_decode_kernels::mfma_head_gemm(float*, float const*, unsigned short const*, int, int, int, int, int, int, unsigned long)",1490,30,34938.0,14592.0,59648.0,382464.0,0.0,23961600.0,1024.0,4912535155532913.0,4912535155547153.0
1490,1,25600,256,0,0,24,0,32,64,"batch_decode_kernels::prefill_q_rope(float*, float const*, int, int, int, int, int, float const*, int)",1491,45,24888.0,1600.0,3600.0,59200.0,0.0,1958400.0,400.0,4912535155635473.0,4912535155643153.0
1491,1,25600,256,0,0,64,0,96,64,"void batch_decode_kernels::flash_prefill<8>(float*, float const*, float const*, unsigned short const*, int, int, int, int, int, int, int, float)",1492,27,69292.0,16700.0,55100.0,208300.0,0.0,13331200.0,400.0,4912535155745074.0,4912535155779474.0
1492,1,16384,256,11264,0,24,0,48,64,"batch_decode_kernels::mfma_head_gemm(float*, float const*, unsigned short const*, int, int, int, int, int, int, unsigned long)",1493,30,60629.0,11520.0,53504.0,330240.0,0.0,21006336.0,256.0,4912535155844594.0,4912535155873714.0
1493,1,16384,256,11264,0,24,0,48,64,"batch_decode_kernels::mfma_gemm(float*, float const*, unsigned short const*, int, int, int, int)",1494,21,168937.0,44032.0,208896.0,1239552.0,0.0,79259648.0,256.0,4912535155946355.0,4912535156041715.0
1494,1,6400,256,1024,0,12,4,32,64,"batch_decode_kernels::rmsnorm(float*, float const*, unsigned short const*, int, int, float)",1495,33,32455.0,3200.0,3700.0,19325.0,0.0,1228775.0,100.0,4912535156157716.0,4912535156169716.0
1495,1,512,256,11264,0,24,0,48,64,"batch_decode_kernels::mfma_gemm(float*, float const*, unsigned short const*, int, int, int, int)",1496,21,173507.0,1344.0,6528.0,38704.0,0.0,2475264.0,8.0,4912535156260916.0,4912535156357236.0
1496,1,1600,64,0,0,16,0,48,64,"void moe_kernels::router_topk_wave64_kernel<64>(float*, float const*, int*, float*, int, int, int, int, int, float)",1497,57,39456.0,650.0,3000.0,10025.0,0.0,476705.0,25.0,4912535156450357.0,4912535156466677.0
1497,1,256,256,1024,0,12,4,64,64,"batch_decode_kernels::align_routes(int const*, int, int, int, int*, int*, int*)",1498,17,44252.0,41.0,330.0,515.0,0.0,9674.0,4.0,4912535156559477.0,4912535156578517.0
1498,1,394240,256,19968,0,36,4,48,64,"void batch_decode_kernels::grouped_expert_gate_up<16, 1>(float const*, char const*, unsigned long const*, unsigned long const*, int const*, int const*, float*, unsigned short*, int, int, int, int, int)",1499,36,570784.0,639936.0,1443640.0,13019512.0,0.0,821503760.0,6160.0,4912535156658198.0,4912535157009399.0
1499,1,22528,256,19968,0,32,0,48,64,"batch_decode_kernels::mfma_gate_up_swiglu(float*, float const*, unsigned short const*, unsigned short const*, int, int, int)",1500,19,178839.0,81664.0,263296.0,1975424.0,0.0,125697792.0,352.0,4912535157087320.0,4912535157189880.0
1500,1,573440,256,11264,0,24,0,48,64,"void batch_decode_kernels::grouped_expert_down<16, 1>(float const*, unsigned short const*, char const*, unsigned long const*, int const*, int const*, float*, int, int, int, int)",1501,26,344861.0,517760.0,1545088.0,9328896.0,0.0,594699008.0,8960.0,4912535157279961.0,4912535157489562.0
1501,1,6400,256,0,0,12,4,32,64,"batch_decode_kernels::reduce_routes_add(float*, float const*, float const*, int, int, int)",1502,28,59370.0,11200.0,7600.0,29000.0,0.0,1856000.0,100.0,4912535157621242.0,4912535157649562.0
1502,1,16384,256,11264,0,24,0,48,64,"batch_decode_kernels::mfma_gemm(float*, float const*, unsigned short const*, int, int, int, int)",1503,21,226327.0,59776.0,286080.0,1699200.0,0.0,108677120.0,256.0,4912535157724763.0,4912535157854363.0
1503,1,6400,256,1024,0,12,4,32,64,"batch_decode_kernels::rmsnorm(float*, float const*, unsigned short const*, int, int, float)",1504,33,33136.0,3200.0,3700.0,19325.0,0.0,1228775.0,100.0,4912535157993244.0,4912535158005564.0
1504,1,24576,256,11264,0,24,0,48,64,"batch_decode_kernels::mfma_gemm(float*, float const*, unsigned short const*, int, int, int, int)",1505,21,166348.0,64512.0,313344.0,1857792.0,0.0,118812672.0,384.0,4912535158104924.0,4912535158199485.0
1505,1,4608,256,11264,0,24,0,48,64,"batch_decode_kernels::mfma_gemm(float*, float const*, unsigned short const*, int, int, int, int)",1506,21,165166.0,12096.0,58752.0,348336.0,0.0,22277376.0,72.0,4912535158290685.0,4912535158382526.0
1506,1,6400,256,1024,0,24,0,32,64,"batch_decode_kernels::prefill_kv_norm_rope(unsigned short*, float const*, unsigned short const*, int, int, int, int, int, int, float const*, int, float)",1507,42,29092.0,900.0,2750.0,11675.0,0.0,673675.0,100.0,4912535158484926.0,4912535158495166.0
1507,1,65536,256,11264,0,24,0,48,64,"batch_decode_kernels::mfma_head_gemm(float*, float const*, unsigned short const*, int, int, int, int, int, int, unsigned long)",1508,30,36415.0,14592.0,59648.0,382464.0,0.0,23961600.0,1024.0,4912535158589246.0,4912535158604287.0
1508,1,25600,256,0,0,24,0,32,64,"batch_decode_kernels::prefill_q_rope(float*, float const*, int, int, int, int, int, float const*, int)",1509,45,24370.0,1600.0,3600.0,59200.0,0.0,1958400.0,400.0,4912535158693887.0,4912535158701247.0
1509,1,25600,256,0,0,64,0,96,64,"void batch_decode_kernels::flash_prefill<8>(float*, float const*, float const*, unsigned short const*, int, int, int, int, int, int, int, float)",1510,27,67829.0,16700.0,55100.0,208300.0,0.0,13331200.0,400.0,4912535158800127.0,4912535158833568.0
1510,1,16384,256,11264,0,24,0,48,64,"batch_decode_kernels::mfma_head_gemm(float*, float const*, unsigned short const*, int, int, int, int, int, int, unsigned long)",1511,30,59629.0,11520.0,53504.0,330240.0,0.0,21006336.0,256.0,4912535158903968.0,4912535158932928.0
1511,1,16384,256,11264,0,24,0,48,64,"batch_decode_kernels::mfma_gemm(float*, float const*, unsigned short const*, int, int, int, int)",1512,21,167541.0,44032.0,208896.0,1239552.0,0.0,79259648.0,256.0,4912535159011808.0,4912535159106049.0
1512,1,6400,256,1024,0,12,4,32,64,"batch_decode_kernels::rmsnorm(float*, float const*, unsigned short const*, int, int, float)",1513,33,33795.0,3200.0,3700.0,19325.0,0.0,1228775.0,100.0,4912535159205729.0,4912535159218849.0
1513,1,512,256,11264,0,24,0,48,64,"batch_decode_kernels::mfma_gemm(float*, float const*, unsigned short const*, int, int, int, int)",1514,21,178371.0,1344.0,6528.0,38704.0,0.0,2475264.0,8.0,4912535159311490.0,4912535159410210.0
1514,1,1600,64,0,0,16,0,48,64,"void moe_kernels::router_topk_wave64_kernel<64>(float*, float const*, int*, float*, int, int, int, int, int, float)",1515,57,39659.0,650.0,3000.0,10025.0,0.0,476680.0,25.0,4912535159501091.0,4912535159517571.0
1515,1,256,256,1024,0,12,4,64,64,"batch_decode_kernels::align_routes(int const*, int, int, int, int*, int*, int*)",1516,17,45845.0,43.0,336.0,517.0,0.0,9832.0,4.0,4912535159610691.0,4912535159630851.0
1516,1,394240,256,19968,0,36,4,48,64,"void batch_decode_kernels::grouped_expert_gate_up<16, 1>(float const*, char const*, unsigned long const*, unsigned long const*, int const*, int const*, float*, unsigned short*, int, int, int, int, int)",1517,36,588193.0,686400.0,1558920.0,13871880.0,0.0,874388240.0,6160.0,4912535159717252.0,4912535160079973.0
1517,1,22528,256,19968,0,32,0,48,64,"batch_decode_kernels::mfma_gate_up_swiglu(float*, float const*, unsigned short const*, unsigned short const*, int, int, int)",1518,19,179449.0,81664.0,263296.0,1975424.0,0.0,125697792.0,352.0,4912535160157093.0,4912535160259974.0
1518,1,573440,256,11264,0,24,0,48,64,"void batch_decode_kernels::grouped_expert_down<16, 1>(float const*, unsigned short const*, char const*, unsigned long const*, int const*, int const*, float*, int, int, int, int)",1519,26,350295.0,553600.0,1659520.0,10023680.0,0.0,638903040.0,8960.0,4912535160351334.0,4912535160564615.0
1519,1,6400,256,0,0,12,4,32,64,"batch_decode_kernels::reduce_routes_add(float*, float const*, float const*, int, int, int)",1520,28,58235.0,11200.0,7600.0,29000.0,0.0,1856000.0,100.0,4912535160700616.0,4912535160728296.0
1520,1,16384,256,11264,0,24,0,48,64,"batch_decode_kernels::mfma_gemm(float*, float const*, unsigned short const*, int, int, int, int)",1521,21,226623.0,59776.0,286080.0,1699200.0,0.0,108677120.0,256.0,4912535160805576.0,4912535160935657.0
1521,1,6400,256,1024,0,12,4,32,64,"batch_decode_kernels::rmsnorm(float*, float const*, unsigned short const*, int, int, float)",1522,33,32935.0,3200.0,3700.0,19325.0,0.0,1228775.0,100.0,4912535161086538.0,4912535161099178.0
1522,1,24576,256,11264,0,24,0,48,64,"batch_decode_kernels::mfma_gemm(float*, float const*, unsigned short const*, int, int, int, int)",1523,21,167423.0,64512.0,313344.0,1857792.0,0.0,118812672.0,384.0,4912535161192298.0,4912535161287339.0
1523,1,4608,256,11264,0,24,0,48,64,"batch_decode_kernels::mfma_gemm(float*, float const*, unsigned short const*, int, int, int, int)",1524,21,166855.0,12096.0,58752.0,348336.0,0.0,22277376.0,72.0,4912535161384299.0,4912535161477099.0
1524,1,6400,256,1024,0,24,0,32,64,"batch_decode_kernels::prefill_kv_norm_rope(unsigned short*, float const*, unsigned short const*, int, int, int, int, int, int, float const*, int, float)",1525,42,28315.0,900.0,2750.0,11675.0,0.0,673675.0,100.0,4912535161580460.0,4912535161590380.0
1525,1,65536,256,11264,0,24,0,48,64,"batch_decode_kernels::mfma_head_gemm(float*, float const*, unsigned short const*, int, int, int, int, int, int, unsigned long)",1526,30,36084.0,14592.0,59648.0,382464.0,0.0,23961600.0,1024.0,4912535161688620.0,4912535161703500.0
1526,1,25600,256,0,0,24,0,32,64,"batch_decode_kernels::prefill_q_rope(float*, float const*, int, int, int, int, int, float const*, int)",1527,45,25573.0,1600.0,3600.0,59200.0,0.0,1958400.0,400.0,4912535161795021.0,4912535161803181.0
1527,1,25600,256,0,0,64,0,96,64,"void batch_decode_kernels::flash_prefill<8>(float*, float const*, float const*, unsigned short const*, int, int, int, int, int, int, int, float)",1528,27,67579.0,16700.0,55100.0,208300.0,0.0,13331200.0,400.0,4912535161914061.0,4912535161947501.0
1528,1,16384,256,11264,0,24,0,48,64,"batch_decode_kernels::mfma_head_gemm(float*, float const*, unsigned short const*, int, int, int, int, int, int, unsigned long)",1529,30,59174.0,11520.0,53504.0,330240.0,0.0,21006336.0,256.0,4912535162026062.0,4912535162054862.0
1529,1,16384,256,11264,0,24,0,48,64,"batch_decode_kernels::mfma_gemm(float*, float const*, unsigned short const*, int, int, int, int)",1530,21,167676.0,44032.0,208896.0,1239552.0,0.0,79259648.0,256.0,4912535162141262.0,4912535162235663.0
1530,1,6400,256,1024,0,12,4,32,64,"batch_decode_kernels::rmsnorm(float*, float const*, unsigned short const*, int, int, float)",1531,33,33193.0,3200.0,3700.0,19325.0,0.0,1228775.0,100.0,4912535162334703.0,4912535162347343.0
1531,1,512,256,11264,0,24,0,48,64,"batch_decode_kernels::mfma_gemm(float*, float const*, unsigned short const*, int, int, int, int)",1532,21,175763.0,1344.0,6528.0,38704.0,0.0,2475264.0,8.0,4912535162439984.0,4912535162537424.0
1532,1,1600,64,0,0,16,0,48,64,"void moe_kernels::router_topk_wave64_kernel<64>(float*, float const*, int*, float*, int, int, int, int, int, float)",1533,57,37625.0,650.0,3000.0,10025.0,0.0,476735.0,25.0,4912535162639025.0,4912535162654545.0
1533,1,256,256,1024,0,12,4,64,64,"batch_decode_kernels::align_routes(int const*, int, int, int, int*, int*, int*)",1534,17,44704.0,40.0,327.0,514.0,0.0,9595.0,4.0,4912535162747185.0,4912535162766545.0
1534,1,394240,256,19968,0,36,4,48,64,"void batch_decode_kernels::grouped_expert_gate_up<16, 1>(float const*, char const*, unsigned long const*, unsigned long const*, int const*, int const*, float*, unsigned short*, int, int, int, int, int)",1535,36,562252.0,616704.0,1386000.0,12593328.0,0.0,795061520.0,6160.0,4912535162854226.0,4912535163199347.0
1535,1,22528,256,19968,0,32,0,48,64,"batch_decode_kernels::mfma_gate_up_swiglu(float*, float const*, unsigned short const*, unsigned short const*, int, int, int)",1536,19,178007.0,81664.0,263296.0,1975424.0,0.0,125697792.0,352.0,4912535163306388.0,4912535163408468.0
1536,1,573440,256,11264,0,24,0,48,64,"void batch_decode_kernels::grouped_expert_down<16, 1>(float const*, unsigned short const*, char const*, unsigned long const*, int const*, int const*, float*, int, int, int, int)",1537,26,338200.0,499840.0,1487872.0,8981504.0,0.0,572596992.0,8960.0,4912535163503028.0,4912535163708309.0
1537,1,6400,256,0,0,12,4,32,64,"batch_decode_kernels::reduce_routes_add(float*, float const*, float const*, int, int, int)",1538,28,59525.0,11200.0,7600.0,29000.0,0.0,1856000.0,100.0,4912535163786070.0,4912535163814550.0
1538,1,16384,256,11264,0,24,0,48,64,"batch_decode_kernels::mfma_gemm(float*, float const*, unsigned short const*, int, int, int, int)",1539,21,226870.0,59776.0,286080.0,1699200.0,0.0,108677120.0,256.0,4912535163895510.0,4912535164024951.0
1539,1,10240,256,0,0,4,4,16,64,"batch_decode_kernels::gather_last_hidden(float*, float const*, int, int, int)",1540,34,21255.0,320.0,320.0,1600.0,0.0,102400.0,160.0,4912535164097911.0,4912535164103511.0
1540,1,1280,256,1024,0,12,4,32,64,"batch_decode_kernels::rmsnorm(float*, float const*, unsigned short const*, int, int, float)",1541,33,34921.0,640.0,740.0,3865.0,0.0,245755.0,20.0,4912535164210872.0,4912535164224792.0
1541,1,409600,256,11264,0,24,0,48,64,"batch_decode_kernels::mfma_gemm(float*, float const*, unsigned short const*, int, int, int, int)",1542,21,802322.0,691200.0,4838400.0,25971200.0,0.0,1657651200.0,6400.0,4912535164319832.0,4912535164822714.0
1542,1,1280,256,2048,0,8,0,32,64,"batch_decode_kernels::argmax(float const*, int, int*, int)",1543,20,318006.0,8005.0,17760.0,66855.0,0.0,4122250.0,20.0,4912535164934235.0,4912535165116636.0
1543,1,10240,256,0,0,8,0,32,64,"batch_decode_kernels::embedding(float*, unsigned short const*, int const*, int*, int, int, int, int)",1544,44,18940.0,325.0,480.0,2250.0,0.0,143370.0,160.0,4912535165223516.0,4912535165227836.0
1544,1,1280,256,1024,0,12,4,32,64,"batch_decode_kernels::rmsnorm(float*, float const*, unsigned short const*, int, int, float)",1545,33,32087.0,640.0,740.0,3865.0,0.0,245755.0,20.0,4912535165332957.0,4912535165345117.0
1545,1,12288,256,11264,0,24,0,48,64,"batch_decode_kernels::mfma_gemm(float*, float const*, unsigned short const*, int, int, int, int)",1546,21,143369.0,20736.0,145152.0,779136.0,0.0,49729536.0,192.0,4912535165440157.0,4912535165519197.0
1546,1,2304,256,11264,0,24,0,48,64,"batch_decode_kernels::mfma_gemm(float*, float const*, unsigned short const*, int, int, int, int)",1547,21,146063.0,3888.0,27216.0,146088.0,0.0,9324288.0,36.0,4912535165632798.0,4912535165712798.0
1547,1,1280,256,1024,0,24,0,32,64,"batch_decode_kernels::kv_norm_rope(unsigned short*, float const*, unsigned short const*, int, int, int, int, int, int, float const*, int, float)",1548,39,30199.0,180.0,550.0,2175.0,0.0,125755.0,20.0,4912535165827519.0,4912535165838559.0
1548,1,32768,256,11264,0,24,0,48,64,"batch_decode_kernels::mfma_head_gemm(float*, float const*, unsigned short const*, int, int, int, int, int, int, unsigned long)",1549,30,35709.0,5376.0,27904.0,164352.0,0.0,9707520.0,512.0,4912535165936799.0,4912535165951039.0
1549,1,5120,256,0,0,24,0,32,64,"batch_decode_kernels::q_rope(float*, float const*, int, int, int, int, int, int, float const*, int)",1550,40,24109.0,320.0,720.0,7760.0,0.0,261120.0,80.0,4912535166050880.0,4912535166058240.0
1550,1,30720,256,0,0,16,0,32,64,"batch_decode_kernels::attention_score(float*, float const*, float const*, unsigned short const*, int, int, int, int, int, int, int, float)",1551,41,28441.0,9120.0,6720.0,102240.0,0.0,6120000.0,480.0,4912535166162400.0,4912535166172320.0
1551,1,20480,256,1024,0,20,4,48,64,"void attention_kernels::softmax_rows_kernel<256>(float*, int, int, int, int)",1552,51,25475.0,400.0,13360.0,12560.0,0.0,380960.0,320.0,4912535166272001.0,4912535166280481.0
1552,1,2621440,256,0,0,16,0,32,64,"batch_decode_kernels::latent_context(float*, float const*, unsigned short const*, int, int, int, int, int, int)",1553,23,68036.0,122880.0,204800.0,4669440.0,0.0,182353920.0,40960.0,4912535166382241.0,4912535166417921.0
1553,1,8192,256,11264,0,24,0,48,64,"batch_decode_kernels::mfma_head_gemm(float*, float const*, unsigned short const*, int, int, int, int, int, int, unsigned long)",1554,30,54155.0,3840.0,24832.0,138240.0,0.0,8644608.0,128.0,4912535166492322.0,4912535166517922.0
1554,1,8192,256,11264,0,24,0,48,64,"batch_decode_kernels::mfma_gemm(float*, float const*, unsigned short const*, int, int, int, int)",1555,21,146063.0,14336.0,96768.0,519936.0,0.0,33163264.0,128.0,4912535166603522.0,4912535166684323.0
1555,1,1280,256,1024,0,12,4,32,64,"batch_decode_kernels::rmsnorm(float*, float const*, unsigned short const*, int, int, float)",1556,33,33166.0,640.0,740.0,3865.0,0.0,245755.0,20.0,4912535166801923.0,4912535166814563.0
1556,1,43776,256,19968,0,32,0,48,64,"batch_decode_kernels::mfma_gate_up_swiglu(float*, float const*, unsigned short const*, unsigned short const*, int, int, int)",1557,19,202582.0,117648.0,470592.0,3305088.0,0.0,207071424.0,684.0,4912535166910884.0,4912535167029924.0
1557,1,8192,256,11264,0,24,0,48,64,"batch_decode_kernels::mfma_gemm(float*, float const*, unsigned short const*, int, int, int, int)",1558,21,672151.0,72160.0,510432.0,2748384.0,0.0,175783936.0,128.0,4912535167118405.0,4912535167514726.0
1558,1,1280,256,1024,0,12,4,32,64,"batch_decode_kernels::rmsnorm(float*, float const*, unsigned short const*, int, int, float)",1559,33,31931.0,640.0,740.0,3865.0,0.0,245755.0,20.0,4912535167665447.0,4912535167677287.0
1559,1,12288,256,11264,0,24,0,48,64,"batch_decode_kernels::mfma_gemm(float*, float const*, unsigned short const*, int, int, int, int)",1560,21,143411.0,20736.0,145152.0,779136.0,0.0,49729536.0,192.0,4912535167776648.0,4912535167855688.0
1560,1,2304,256,11264,0,24,0,48,64,"batch_decode_kernels::mfma_gemm(float*, float const*, unsigned short const*, int, int, int, int)",1561,21,147161.0,3888.0,27216.0,146088.0,0.0,9324288.0,36.0,4912535167975688.0,4912535168056489.0
1561,1,1280,256,1024,0,24,0,32,64,"batch_decode_kernels::kv_norm_rope(unsigned short*, float const*, unsigned short const*, int, int, int, int, int, int, float const*, int, float)",1562,39,28895.0,180.0,550.0,2175.0,0.0,125755.0,20.0,4912535168193129.0,4912535168203369.0
1562,1,32768,256,11264,0,24,0,48,64,"batch_decode_kernels::mfma_head_gemm(float*, float const*, unsigned short const*, int, int, int, int, int, int, unsigned long)",1563,30,33634.0,5376.0,27904.0,164352.0,0.0,9707520.0,512.0,4912535168304330.0,4912535168317450.0
1563,1,5120,256,0,0,24,0,32,64,"batch_decode_kernels::q_rope(float*, float const*, int, int, int, int, int, int, float const*, int)",1564,40,23956.0,320.0,720.0,7760.0,0.0,261120.0,80.0,4912535168421930.0,4912535168429130.0
1564,1,30720,256,0,0,16,0,32,64,"batch_decode_kernels::attention_score(float*, float const*, float const*, unsigned short const*, int, int, int, int, int, int, int, float)",1565,41,28481.0,9120.0,6720.0,102240.0,0.0,6120000.0,480.0,4912535168538411.0,4912535168548491.0
1565,1,20480,256,1024,0,20,4,48,64,"void attention_kernels::softmax_rows_kernel<256>(float*, int, int, int, int)",1566,51,27022.0,400.0,13360.0,12560.0,0.0,380960.0,320.0,4912535168649291.0,4912535168658412.0
1566,1,2621440,256,0,0,16,0,32,64,"batch_decode_kernels::latent_context(float*, float const*, unsigned short const*, int, int, int, int, int, int)",1567,23,66203.0,122880.0,204800.0,4669440.0,0.0,182353920.0,40960.0,4912535168757132.0,4912535168791852.0
1567,1,8192,256,11264,0,24,0,48,64,"batch_decode_kernels::mfma_head_gemm(float*, float const*, unsigned short const*, int, int, int, int, int, int, unsigned long)",1568,30,55187.0,3840.0,24832.0,138240.0,0.0,8644608.0,128.0,4912535168871692.0,4912535168897773.0
1568,1,8192,256,11264,0,24,0,48,64,"batch_decode_kernels::mfma_gemm(float*, float const*, unsigned short const*, int, int, int, int)",1569,21,146661.0,14336.0,96768.0,519936.0,0.0,33163264.0,128.0,4912535168981133.0,4912535169061933.0
1569,1,1280,256,1024,0,12,4,32,64,"batch_decode_kernels::rmsnorm(float*, float const*, unsigned short const*, int, int, float)",1570,33,32427.0,640.0,740.0,3865.0,0.0,245755.0,20.0,4912535169193134.0,4912535169205614.0
1570,1,256,256,11264,0,24,0,48,64,"batch_decode_kernels::mfma_gemm(float*, float const*, unsigned short const*, int, int, int, int)",1571,21,159571.0,432.0,3024.0,16232.0,0.0,1036032.0,4.0,4912535169305614.0,4912535169393135.0
1571,1,320,64,0,0,16,0,48,64,"void moe_kernels::router_topk_wave64_kernel<64>(float*, float const*, int*, float*, int, int, int, int, int, float)",1572,57,40533.0,130.0,600.0,2005.0,0.0,95340.0,5.0,4912535169515695.0,4912535169532815.0
1572,1,256,256,1024,0,12,4,64,64,"batch_decode_kernels::align_routes(int const*, int, int, int, int*, int*, int*)",1573,17,40003.0,17.0,272.0,429.0,0.0,5541.0,4.0,4912535169628496.0,4912535169645296.0
1573,1,349184,256,19968,0,36,4,48,64,"void batch_decode_kernels::grouped_expert_gate_up<16, 1>(float const*, char const*, unsigned long const*, unsigned long const*, int const*, int const*, float*, unsigned short*, int, int, int, int, int)",1574,36,231356.0,160512.0,377872.0,3234352.0,0.0,203216464.0,5456.0,4912535169740976.0,4912535169876337.0
1574,1,11264,256,19968,0,32,0,48,64,"batch_decode_kernels::mfma_gate_up_swiglu(float*, float const*, unsigned short const*, unsigned short const*, int, int, int)",1575,19,157566.0,30272.0,121088.0,850432.0,0.0,53281536.0,176.0,4912535169952017.0,4912535170039858.0
1575,1,507904,256,11264,0,24,0,48,64,"void batch_decode_kernels::grouped_expert_down<16, 1>(float const*, unsigned short const*, char const*, unsigned long const*, int const*, int const*, float*, int, int, int, int)",1576,26,141483.0,128640.0,401408.0,2422400.0,0.0,153992960.0,7936.0,4912535170158418.0,4912535170238899.0
1576,1,1280,256,0,0,12,4,32,64,"batch_decode_kernels::reduce_routes_add(float*, float const*, float const*, int, int, int)",1577,28,61747.0,2240.0,1520.0,5800.0,0.0,371200.0,20.0,4912535170362739.0,4912535170392499.0
1577,1,8192,256,11264,0,24,0,48,64,"batch_decode_kernels::mfma_gemm(float*, float const*, unsigned short const*, int, int, int, int)",1578,21,193442.0,19328.0,132480.0,712320.0,0.0,45475840.0,128.0,4912535170475220.0,4912535170584500.0
1578,1,1280,256,1024,0,12,4,32,64,"batch_decode_kernels::rmsnorm(float*, float const*, unsigned short const*, int, int, float)",1579,33,32073.0,640.0,740.0,3865.0,0.0,245755.0,20.0,4912535170679861.0,4912535170691861.0
1579,1,12288,256,11264,0,24,0,48,64,"batch_decode_kernels::mfma_gemm(float*, float const*, unsigned short const*, int, int, int, int)",1580,21,142535.0,20736.0,145152.0,779136.0,0.0,49729536.0,192.0,4912535170795701.0,4912535170874581.0
1580,1,2304,256,11264,0,24,0,48,64,"batch_decode_kernels::mfma_gemm(float*, float const*, unsigned short const*, int, int, int, int)",1581,21,146441.0,3888.0,27216.0,146088.0,0.0,9324288.0,36.0,4912535170996822.0,4912535171077142.0
1581,1,1280,256,1024,0,24,0,32,64,"batch_decode_kernels::kv_norm_rope(unsigned short*, float const*, unsigned short const*, int, int, int, int, int, int, float const*, int, float)",1582,39,29793.0,180.0,550.0,2175.0,0.0,125755.0,20.0,4912535171212983.0,4912535171223703.0
1582,1,32768,256,11264,0,24,0,48,64,"batch_decode_kernels::mfma_head_gemm(float*, float const*, unsigned short const*, int, int, int, int, int, int, unsigned long)",1583,30,33582.0,5376.0,27904.0,164352.0,0.0,9707520.0,512.0,4912535171327383.0,4912535171340504.0
1583,1,5120,256,0,0,24,0,32,64,"batch_decode_kernels::q_rope(float*, float const*, int, int, int, int, int, int, float const*, int)",1584,40,23325.0,320.0,720.0,7760.0,0.0,261120.0,80.0,4912535171442904.0,4912535171449784.0
1584,1,30720,256,0,0,16,0,32,64,"batch_decode_kernels::attention_score(float*, float const*, float const*, unsigned short const*, int, int, int, int, int, int, int, float)",1585,41,27687.0,9120.0,6720.0,102240.0,0.0,6120000.0,480.0,4912535171553784.0,4912535171563225.0
1585,1,20480,256,1024,0,20,4,48,64,"void attention_kernels::softmax_rows_kernel<256>(float*, int, int, int, int)",1586,51,25398.0,400.0,13360.0,12560.0,0.0,380960.0,320.0,4912535171672025.0,4912535171680025.0
1586,1,2621440,256,0,0,16,0,32,64,"batch_decode_kernels::latent_context(float*, float const*, unsigned short const*, int, int, int, int, int, int)",1587,23,66811.0,122880.0,204800.0,4669440.0,0.0,182353920.0,40960.0,4912535171787706.0,4912535171822586.0
1587,1,8192,256,11264,0,24,0,48,64,"batch_decode_kernels::mfma_head_gemm(float*, float const*, unsigned short const*, int, int, int, int, int, int, unsigned long)",1588,30,54724.0,3840.0,24832.0,138240.0,0.0,8644608.0,128.0,4912535171902106.0,4912535171927706.0
1588,1,8192,256,11264,0,24,0,48,64,"batch_decode_kernels::mfma_gemm(float*, float const*, unsigned short const*, int, int, int, int)",1589,21,145072.0,14336.0,96768.0,519936.0,0.0,33163264.0,128.0,4912535172023067.0,4912535172102907.0
1589,1,1280,256,1024,0,12,4,32,64,"batch_decode_kernels::rmsnorm(float*, float const*, unsigned short const*, int, int, float)",1590,33,32979.0,640.0,740.0,3865.0,0.0,245755.0,20.0,4912535172244508.0,4912535172257148.0
1590,1,256,256,11264,0,24,0,48,64,"batch_decode_kernels::mfma_gemm(float*, float const*, unsigned short const*, int, int, int, int)",1591,21,159302.0,432.0,3024.0,16232.0,0.0,1036032.0,4.0,4912535172359868.0,4912535172447548.0
1591,1,320,64,0,0,16,0,48,64,"void moe_kernels::router_topk_wave64_kernel<64>(float*, float const*, int*, float*, int, int, int, int, int, float)",1592,57,38715.0,130.0,600.0,2005.0,0.0,95330.0,5.0,4912535172564189.0,4912535172580029.0
1592,1,256,256,1024,0,12,4,64,64,"batch_decode_kernels::align_routes(int const*, int, int, int, int*, int*, int*)",1593,17,40805.0,17.0,272.0,429.0,0.0,5541.0,4.0,4912535172690750.0,4912535172707710.0
1593,1,349184,256,19968,0,36,4,48,64,"void batch_decode_kernels::grouped_expert_gate_up<16, 1>(float const*, char const*, unsigned long const*, unsigned long const*, int const*, int const*, float*, unsigned short*, int, int, int, int, int)",1594,36,232419.0,160512.0,377872.0,3234352.0,0.0,203216464.0,5456.0,4912535172803390.0,4912535172939551.0
1594,1,11264,256,19968,0,32,0,48,64,"batch_decode_kernels::mfma_gate_up_swiglu(float*, float const*, unsigned short const*, unsigned short const*, int, int, int)",1595,19,160741.0,30272.0,121088.0,850432.0,0.0,53281536.0,176.0,4912535173022911.0,4912535173112831.0
1595,1,507904,256,11264,0,24,0,48,64,"void batch_decode_kernels::grouped_expert_down<16, 1>(float const*, unsigned short const*, char const*, unsigned long const*, int const*, int const*, float*, int, int, int, int)",1596,26,142671.0,128640.0,401408.0,2422400.0,0.0,153992960.0,7936.0,4912535173233472.0,4912535173314592.0
1596,1,1280,256,0,0,12,4,32,64,"batch_decode_kernels::reduce_routes_add(float*, float const*, float const*, int, int, int)",1597,28,63860.0,2240.0,1520.0,5800.0,0.0,371200.0,20.0,4912535173443873.0,4912535173474753.0
1597,1,8192,256,11264,0,24,0,48,64,"batch_decode_kernels::mfma_gemm(float*, float const*, unsigned short const*, int, int, int, int)",1598,21,194641.0,19328.0,132480.0,712320.0,0.0,45475840.0,128.0,4912535173560673.0,4912535173670594.0
1598,1,1280,256,1024,0,12,4,32,64,"batch_decode_kernels::rmsnorm(float*, float const*, unsigned short const*, int, int, float)",1599,33,33099.0,640.0,740.0,3865.0,0.0,245755.0,20.0,4912535173771394.0,4912535173783874.0
1599,1,12288,256,11264,0,24,0,48,64,"batch_decode_kernels::mfma_gemm(float*, float const*, unsigned short const*, int, int, int, int)",1600,21,143048.0,20736.0,145152.0,779136.0,0.0,49729536.0,192.0,4912535173886755.0,4912535173965955.0
1600,1,2304,256,11264,0,24,0,48,64,"batch_decode_kernels::mfma_gemm(float*, float const*, unsigned short const*, int, int, int, int)",1601,21,145961.0,3888.0,27216.0,146088.0,0.0,9324288.0,36.0,4912535174097476.0,4912535174177476.0
1601,1,1280,256,1024,0,24,0,32,64,"batch_decode_kernels::kv_norm_rope(unsigned short*, float const*, unsigned short const*, int, int, int, int, int, int, float const*, int, float)",1602,39,29001.0,180.0,550.0,2175.0,0.0,125755.0,20.0,4912535174302757.0,4912535174312997.0
1602,1,32768,256,11264,0,24,0,48,64,"batch_decode_kernels::mfma_head_gemm(float*, float const*, unsigned short const*, int, int, int, int, int, int, unsigned long)",1603,30,32416.0,5376.0,27904.0,164352.0,0.0,9707520.0,512.0,4912535174418757.0,4912535174431397.0
1603,1,5120,256,0,0,24,0,32,64,"batch_decode_kernels::q_rope(float*, float const*, int, int, int, int, int, int, float const*, int)",1604,40,25474.0,320.0,720.0,7760.0,0.0,261120.0,80.0,4912535174534918.0,4912535174543078.0
1604,1,30720,256,0,0,16,0,32,64,"batch_decode_kernels::attention_score(float*, float const*, float const*, unsigned short const*, int, int, int, int, int, int, int, float)",1605,41,28374.0,9120.0,6720.0,102240.0,0.0,6120000.0,480.0,4912535174649798.0,4912535174660038.0
1605,1,20480,256,1024,0,20,4,48,64,"void attention_kernels::softmax_rows_kernel<256>(float*, int, int, int, int)",1606,51,26837.0,400.0,13360.0,12560.0,0.0,380960.0,320.0,4912535174766759.0,4912535174776039.0
1606,1,2621440,256,0,0,16,0,32,64,"batch_decode_kernels::latent_context(float*, float const*, unsigned short const*, int, int, int, int, int, int)",1607,23,66464.0,122880.0,204800.0,4669440.0,0.0,182353920.0,40960.0,4912535174879879.0,4912535174914439.0
1607,1,8192,256,11264,0,24,0,48,64,"batch_decode_kernels::mfma_head_gemm(float*, float const*, unsigned short const*, int, int, int, int, int, int, unsigned long)",1608,30,54826.0,3840.0,24832.0,138240.0,0.0,8644608.0,128.0,4912535174996840.0,4912535175022600.0
1608,1,8192,256,11264,0,24,0,48,64,"batch_decode_kernels::mfma_gemm(float*, float const*, unsigned short const*, int, int, int, int)",1609,21,145554.0,14336.0,96768.0,519936.0,0.0,33163264.0,128.0,4912535175119080.0,4912535175199401.0
1609,1,1280,256,1024,0,12,4,32,64,"batch_decode_kernels::rmsnorm(float*, float const*, unsigned short const*, int, int, float)",1610,33,33057.0,640.0,740.0,3865.0,0.0,245755.0,20.0,4912535175325481.0,4912535175338121.0
1610,1,256,256,11264,0,24,0,48,64,"batch_decode_kernels::mfma_gemm(float*, float const*, unsigned short const*, int, int, int, int)",1611,21,158885.0,432.0,3024.0,16232.0,0.0,1036032.0,4.0,4912535175441962.0,4912535175529482.0
1611,1,320,64,0,0,16,0,48,64,"void moe_kernels::router_topk_wave64_kernel<64>(float*, float const*, int*, float*, int, int, int, int, int, float)",1612,57,39988.0,130.0,600.0,2005.0,0.0,95340.0,5.0,4912535175649323.0,4912535175665643.0
1612,1,256,256,1024,0,12,4,64,64,"batch_decode_kernels::align_routes(int const*, int, int, int, int*, int*, int*)",1613,17,40323.0,17.0,272.0,429.0,0.0,5541.0,4.0,4912535175765643.0,4912535175782603.0
1613,1,349184,256,19968,0,36,4,48,64,"void batch_decode_kernels::grouped_expert_gate_up<16, 1>(float const*, char const*, unsigned long const*, unsigned long const*, int const*, int const*, float*, unsigned short*, int, int, int, int, int)",1614,36,230998.0,160512.0,377872.0,3234352.0,0.0,203216464.0,5456.0,4912535175886284.0,4912535176021484.0
1614,1,11264,256,19968,0,32,0,48,64,"batch_decode_kernels::mfma_gate_up_swiglu(float*, float const*, unsigned short const*, unsigned short const*, int, int, int)",1615,19,157943.0,30272.0,121088.0,850432.0,0.0,53281536.0,176.0,4912535176102445.0,4912535176190925.0
1615,1,507904,256,11264,0,24,0,48,64,"void batch_decode_kernels::grouped_expert_down<16, 1>(float const*, unsigned short const*, char const*, unsigned long const*, int const*, int const*, float*, int, int, int, int)",1616,26,141912.0,128640.0,401408.0,2422400.0,0.0,153992960.0,7936.0,4912535176312206.0,4912535176392366.0
1616,1,1280,256,0,0,12,4,32,64,"batch_decode_kernels::reduce_routes_add(float*, float const*, float const*, int, int, int)",1617,28,59825.0,2240.0,1520.0,5800.0,0.0,371200.0,20.0,4912535176524687.0,4912535176553167.0
1617,1,8192,256,11264,0,24,0,48,64,"batch_decode_kernels::mfma_gemm(float*, float const*, unsigned short const*, int, int, int, int)",1618,21,193268.0,19328.0,132480.0,712320.0,0.0,45475840.0,128.0,4912535176640367.0,4912535176749008.0
1618,1,1280,256,1024,0,12,4,32,64,"batch_decode_kernels::rmsnorm(float*, float const*, unsigned short const*, int, int, float)",1619,33,33771.0,640.0,740.0,3865.0,0.0,245755.0,20.0,4912535176847248.0,4912535176860208.0
1619,1,12288,256,11264,0,24,0,48,64,"batch_decode_kernels::mfma_gemm(float*, float const*, unsigned short const*, int, int, int, int)",1620,21,142914.0,20736.0,145152.0,779136.0,0.0,49729536.0,192.0,4912535176966609.0,4912535177045649.0
1620,1,2304,256,11264,0,24,0,48,64,"batch_decode_kernels::mfma_gemm(float*, float const*, unsigned short const*, int, int, int, int)",1621,21,146623.0,3888.0,27216.0,146088.0,0.0,9324288.0,36.0,4912535177184370.0,4912535177264850.0
1621,1,1280,256,1024,0,24,0,32,64,"batch_decode_kernels::kv_norm_rope(unsigned short*, float const*, unsigned short const*, int, int, int, int, int, int, float const*, int, float)",1622,39,28120.0,180.0,550.0,2175.0,0.0,125755.0,20.0,4912535177395891.0,4912535177405651.0
1622,1,32768,256,11264,0,24,0,48,64,"batch_decode_kernels::mfma_head_gemm(float*, float const*, unsigned short const*, int, int, int, int, int, int, unsigned long)",1623,30,33166.0,5376.0,27904.0,164352.0,0.0,9707520.0,512.0,4912535177510131.0,4912535177523251.0
1623,1,5120,256,0,0,24,0,32,64,"batch_decode_kernels::q_rope(float*, float const*, int, int, int, int, int, int, float const*, int)",1624,40,24021.0,320.0,720.0,7760.0,0.0,261120.0,80.0,4912535177633492.0,4912535177640852.0
1624,1,30720,256,0,0,16,0,32,64,"batch_decode_kernels::attention_score(float*, float const*, float const*, unsigned short const*, int, int, int, int, int, int, int, float)",1625,41,28170.0,9120.0,6720.0,102240.0,0.0,6120000.0,480.0,4912535177750612.0,4912535177760532.0
1625,1,20480,256,1024,0,20,4,48,64,"void attention_kernels::softmax_rows_kernel<256>(float*, int, int, int, int)",1626,51,25261.0,400.0,13360.0,12560.0,0.0,380960.0,320.0,4912535177872053.0,4912535177880213.0
1626,1,2621440,256,0,0,16,0,32,64,"batch_decode_kernels::latent_context(float*, float const*, unsigned short const*, int, int, int, int, int, int)",1627,23,66094.0,122880.0,204800.0,4669440.0,0.0,182353920.0,40960.0,4912535177989973.0,4912535178024693.0
1627,1,8192,256,11264,0,24,0,48,64,"batch_decode_kernels::mfma_head_gemm(float*, float const*, unsigned short const*, int, int, int, int, int, int, unsigned long)",1628,30,55432.0,3840.0,24832.0,138240.0,0.0,8644608.0,128.0,4912535178119094.0,4912535178145014.0
1628,1,8192,256,11264,0,24,0,48,64,"batch_decode_kernels::mfma_gemm(float*, float const*, unsigned short const*, int, int, int, int)",1629,21,146044.0,14336.0,96768.0,519936.0,0.0,33163264.0,128.0,4912535178237014.0,4912535178317495.0
1629,1,1280,256,1024,0,12,4,32,64,"batch_decode_kernels::rmsnorm(float*, float const*, unsigned short const*, int, int, float)",1630,33,32552.0,640.0,740.0,3865.0,0.0,245755.0,20.0,4912535178459415.0,4912535178471895.0
1630,1,256,256,11264,0,24,0,48,64,"batch_decode_kernels::mfma_gemm(float*, float const*, unsigned short const*, int, int, int, int)",1631,21,156176.0,432.0,3024.0,16232.0,0.0,1036032.0,4.0,4912535178574776.0,4912535178660856.0
1631,1,320,64,0,0,16,0,48,64,"void moe_kernels::router_topk_wave64_kernel<64>(float*, float const*, int*, float*, int, int, int, int, int, float)",1632,57,38515.0,130.0,600.0,2005.0,0.0,95340.0,5.0,4912535178785497.0,4912535178801817.0
1632,1,256,256,1024,0,12,4,64,64,"batch_decode_kernels::align_routes(int const*, int, int, int, int*, int*, int*)",1633,17,40981.0,17.0,272.0,429.0,0.0,5541.0,4.0,4912535178908857.0,4912535178925977.0
1633,1,349184,256,19968,0,36,4,48,64,"void batch_decode_kernels::grouped_expert_gate_up<16, 1>(float const*, char const*, unsigned long const*, unsigned long const*, int const*, int const*, float*, unsigned short*, int, int, int, int, int)",1634,36,234748.0,160512.0,377872.0,3234352.0,0.0,203216464.0,5456.0,4912535179035098.0,4912535179172539.0
1634,1,11264,256,19968,0,32,0,48,64,"batch_decode_kernels::mfma_gate_up_swiglu(float*, float const*, unsigned short const*, unsigned short const*, int, int, int)",1635,19,157789.0,30272.0,121088.0,850432.0,0.0,53281536.0,176.0,4912535179241819.0,4912535179330139.0
1635,1,507904,256,11264,0,24,0,48,64,"void batch_decode_kernels::grouped_expert_down<16, 1>(float const*, unsigned short const*, char const*, unsigned long const*, int const*, int const*, float*, int, int, int, int)",1636,26,142329.0,128640.0,401408.0,2422400.0,0.0,153992960.0,7936.0,4912535179459100.0,4912535179540060.0
1636,1,1280,256,0,0,12,4,32,64,"batch_decode_kernels::reduce_routes_add(float*, float const*, float const*, int, int, int)",1637,28,61807.0,2240.0,1520.0,5800.0,0.0,371200.0,20.0,4912535179672221.0,4912535179701981.0
1637,1,8192,256,11264,0,24,0,48,64,"batch_decode_kernels::mfma_gemm(float*, float const*, unsigned short const*, int, int, int, int)",1638,21,194006.0,19328.0,132480.0,712320.0,0.0,45475840.0,128.0,4912535179807261.0,4912535179916702.0
1638,1,1280,256,1024,0,12,4,32,64,"batch_decode_kernels::rmsnorm(float*, float const*, unsigned short const*, int, int, float)",1639,33,32881.0,640.0,740.0,3865.0,0.0,245755.0,20.0,4912535180026302.0,4912535180038942.0
1639,1,12288,256,11264,0,24,0,48,64,"batch_decode_kernels::mfma_gemm(float*, float const*, unsigned short const*, int, int, int, int)",1640,21,144451.0,20736.0,145152.0,779136.0,0.0,49729536.0,192.0,4912535180149343.0,4912535180229343.0
1640,1,2304,256,11264,0,24,0,48,64,"batch_decode_kernels::mfma_gemm(float*, float const*, unsigned short const*, int, int, int, int)",1641,21,146377.0,3888.0,27216.0,146088.0,0.0,9324288.0,36.0,4912535180365984.0,4912535180446304.0
1641,1,1280,256,1024,0,24,0,32,64,"batch_decode_kernels::kv_norm_rope(unsigned short*, float const*, unsigned short const*, int, int, int, int, int, int, float const*, int, float)",1642,39,28632.0,180.0,550.0,2175.0,0.0,125755.0,20.0,4912535180585985.0,4912535180596065.0
1642,1,32768,256,11264,0,24,0,48,64,"batch_decode_kernels::mfma_head_gemm(float*, float const*, unsigned short const*, int, int, int, int, int, int, unsigned long)",1643,30,32572.0,5376.0,27904.0,164352.0,0.0,9707520.0,512.0,4912535180703745.0,4912535180716225.0
1643,1,5120,256,0,0,24,0,32,64,"batch_decode_kernels::q_rope(float*, float const*, int, int, int, int, int, int, float const*, int)",1644,40,23588.0,320.0,720.0,7760.0,0.0,261120.0,80.0,4912535180824866.0,4912535180831746.0
1644,1,30720,256,0,0,16,0,32,64,"batch_decode_kernels::attention_score(float*, float const*, float const*, unsigned short const*, int, int, int, int, int, int, int, float)",1645,41,28613.0,9120.0,6720.0,102240.0,0.0,6120000.0,480.0,4912535180943266.0,4912535180953347.0
1645,1,20480,256,1024,0,20,4,48,64,"void attention_kernels::softmax_rows_kernel<256>(float*, int, int, int, int)",1646,51,25733.0,400.0,13360.0,12560.0,0.0,380960.0,320.0,4912535181075267.0,4912535181083747.0
1646,1,2621440,256,0,0,16,0,32,64,"batch_decode_kernels::latent_context(float*, float const*, unsigned short const*, int, int, int, int, int, int)",1647,23,66228.0,122880.0,204800.0,4669440.0,0.0,182353920.0,40960.0,4912535181194308.0,4912535181228868.0
1647,1,8192,256,11264,0,24,0,48,64,"batch_decode_kernels::mfma_head_gemm(float*, float const*, unsigned short const*, int, int, int, int, int, int, unsigned long)",1648,30,53817.0,3840.0,24832.0,138240.0,0.0,8644608.0,128.0,4912535181316868.0,4912535181342148.0
1648,1,8192,256,11264,0,24,0,48,64,"batch_decode_kernels::mfma_gemm(float*, float const*, unsigned short const*, int, int, int, int)",1649,21,149067.0,14336.0,96768.0,519936.0,0.0,33163264.0,128.0,4912535181433509.0,4912535181515909.0
1649,1,1280,256,1024,0,12,4,32,64,"batch_decode_kernels::rmsnorm(float*, float const*, unsigned short const*, int, int, float)",1650,33,32540.0,640.0,740.0,3865.0,0.0,245755.0,20.0,4912535181659590.0,4912535181672070.0
1650,1,256,256,11264,0,24,0,48,64,"batch_decode_kernels::mfma_gemm(float*, float const*, unsigned short const*, int, int, int, int)",1651,21,154258.0,432.0,3024.0,16232.0,0.0,1036032.0,4.0,4912535181782470.0,4912535181867431.0
1651,1,320,64,0,0,16,0,48,64,"void moe_kernels::router_topk_wave64_kernel<64>(float*, float const*, int*, float*, int, int, int, int, int, float)",1652,57,40458.0,130.0,600.0,2005.0,0.0,95320.0,5.0,4912535182009671.0,4912535182026471.0
1652,1,256,256,1024,0,12,4,64,64,"batch_decode_kernels::align_routes(int const*, int, int, int, int*, int*, int*)",1653,17,39373.0,17.0,272.0,429.0,0.0,5541.0,4.0,4912535182134472.0,4912535182150792.0
1653,1,349184,256,19968,0,36,4,48,64,"void batch_decode_kernels::grouped_expert_gate_up<16, 1>(float const*, char const*, unsigned long const*, unsigned long const*, int const*, int const*, float*, unsigned short*, int, int, int, int, int)",1654,36,230421.0,160512.0,377872.0,3234352.0,0.0,203216464.0,5456.0,4912535182257352.0,4912535182392233.0
1654,1,11264,256,19968,0,32,0,48,64,"batch_decode_kernels::mfma_gate_up_swiglu(float*, float const*, unsigned short const*, unsigned short const*, int, int, int)",1655,19,156711.0,30272.0,121088.0,850432.0,0.0,53281536.0,176.0,4912535182479593.0,4912535182566954.0
1655,1,507904,256,11264,0,24,0,48,64,"void batch_decode_kernels::grouped_expert_down<16, 1>(float const*, unsigned short const*, char const*, unsigned long const*, int const*, int const*, float*, int, int, int, int)",1656,26,141249.0,128640.0,401408.0,2422400.0,0.0,153992960.0,7936.0,4912535182692394.0,4912535182772555.0
1656,1,1280,256,0,0,12,4,32,64,"batch_decode_kernels::reduce_routes_add(float*, float const*, float const*, int, int, int)",1657,28,63694.0,2240.0,1520.0,5800.0,0.0,371200.0,20.0,4912535182908395.0,4912535182939275.0
1657,1,8192,256,11264,0,24,0,48,64,"batch_decode_kernels::mfma_gemm(float*, float const*, unsigned short const*, int, int, int, int)",1658,21,195329.0,19328.0,132480.0,712320.0,0.0,45475840.0,128.0,4912535183048556.0,4912535183158636.0
1658,1,1280,256,1024,0,12,4,32,64,"batch_decode_kernels::rmsnorm(float*, float const*, unsigned short const*, int, int, float)",1659,33,33531.0,640.0,740.0,3865.0,0.0,245755.0,20.0,4912535183267437.0,4912535183280237.0
1659,1,12288,256,11264,0,24,0,48,64,"batch_decode_kernels::mfma_gemm(float*, float const*, unsigned short const*, int, int, int, int)",1660,21,143847.0,20736.0,145152.0,779136.0,0.0,49729536.0,192.0,4912535183389837.0,4912535183469518.0
1660,1,2304,256,11264,0,24,0,48,64,"batch_decode_kernels::mfma_gemm(float*, float const*, unsigned short const*, int, int, int, int)",1661,21,145364.0,3888.0,27216.0,146088.0,0.0,9324288.0,36.0,4912535183610318.0,4912535183689999.0
1661,1,1280,256,1024,0,24,0,32,64,"batch_decode_kernels::kv_norm_rope(unsigned short*, float const*, unsigned short const*, int, int, int, int, int, int, float const*, int, float)",1662,39,30460.0,180.0,550.0,2175.0,0.0,125755.0,20.0,4912535183840719.0,4912535183851759.0
1662,1,32768,256,11264,0,24,0,48,64,"batch_decode_kernels::mfma_head_gemm(float*, float const*, unsigned short const*, int, int, int, int, int, int, unsigned long)",1663,30,32738.0,5376.0,27904.0,164352.0,0.0,9707520.0,512.0,4912535183961040.0,4912535183973680.0
1663,1,5120,256,0,0,24,0,32,64,"batch_decode_kernels::q_rope(float*, float const*, int, int, int, int, int, int, float const*, int)",1664,40,23532.0,320.0,720.0,7760.0,0.0,261120.0,80.0,4912535184103281.0,4912535184110321.0
1664,1,30720,256,0,0,16,0,32,64,"batch_decode_kernels::attention_score(float*, float const*, float const*, unsigned short const*, int, int, int, int, int, int, int, float)",1665,41,28336.0,9120.0,6720.0,102240.0,0.0,6120000.0,480.0,4912535184223281.0,4912535184233041.0
1665,1,20480,256,1024,0,20,4,48,64,"void attention_kernels::softmax_rows_kernel<256>(float*, int, int, int, int)",1666,51,25958.0,400.0,13360.0,12560.0,0.0,380960.0,320.0,4912535184348562.0,4912535184356882.0
1666,1,2621440,256,0,0,16,0,32,64,"batch_decode_kernels::latent_context(float*, float const*, unsigned short const*, int, int, int, int, int, int)",1667,23,66355.0,122880.0,204800.0,4669440.0,0.0,182353920.0,40960.0,4912535184466962.0,4912535184501682.0
1667,1,8192,256,11264,0,24,0,48,64,"batch_decode_kernels::mfma_head_gemm(float*, float const*, unsigned short const*, int, int, int, int, int, int, unsigned long)",1668,30,53985.0,3840.0,24832.0,138240.0,0.0,8644608.0,128.0,4912535184591123.0,4912535184616563.0
1668,1,8192,256,11264,0,24,0,48,64,"batch_decode_kernels::mfma_gemm(float*, float const*, unsigned short const*, int, int, int, int)",1669,21,146478.0,14336.0,96768.0,519936.0,0.0,33163264.0,128.0,4912535184711283.0,4912535184792404.0
1669,1,1280,256,1024,0,12,4,32,64,"batch_decode_kernels::rmsnorm(float*, float const*, unsigned short const*, int, int, float)",1670,33,31930.0,640.0,740.0,3865.0,0.0,245755.0,20.0,4912535184930324.0,4912535184942324.0
1670,1,256,256,11264,0,24,0,48,64,"batch_decode_kernels::mfma_gemm(float*, float const*, unsigned short const*, int, int, int, int)",1671,21,154674.0,432.0,3024.0,16232.0,0.0,1036032.0,4.0,4912535185064565.0,4912535185149685.0
1671,1,320,64,0,0,16,0,48,64,"void moe_kernels::router_topk_wave64_kernel<64>(float*, float const*, int*, float*, int, int, int, int, int, float)",1672,57,40334.0,130.0,600.0,2005.0,0.0,95330.0,5.0,4912535185305686.0,4912535185322486.0
1672,1,256,256,1024,0,12,4,64,64,"batch_decode_kernels::align_routes(int const*, int, int, int, int*, int*, int*)",1673,17,40042.0,17.0,272.0,429.0,0.0,5541.0,4.0,4912535185428407.0,4912535185445207.0
1673,1,349184,256,19968,0,36,4,48,64,"void batch_decode_kernels::grouped_expert_gate_up<16, 1>(float const*, char const*, unsigned long const*, unsigned long const*, int const*, int const*, float*, unsigned short*, int, int, int, int, int)",1674,36,232320.0,160512.0,377872.0,3234352.0,0.0,203216464.0,5456.0,4912535185562007.0,4912535185697528.0
1674,1,11264,256,19968,0,32,0,48,64,"batch_decode_kernels::mfma_gate_up_swiglu(float*, float const*, unsigned short const*, unsigned short const*, int, int, int)",1675,19,157938.0,30272.0,121088.0,850432.0,0.0,53281536.0,176.0,4912535185792568.0,4912535185880729.0
1675,1,507904,256,11264,0,24,0,48,64,"void batch_decode_kernels::grouped_expert_down<16, 1>(float const*, unsigned short const*, char const*, unsigned long const*, int const*, int const*, float*, int, int, int, int)",1676,26,140237.0,128640.0,401408.0,2422400.0,0.0,153992960.0,7936.0,4912535186030809.0,4912535186110490.0
1676,1,1280,256,0,0,12,4,32,64,"batch_decode_kernels::reduce_routes_add(float*, float const*, float const*, int, int, int)",1677,28,62872.0,2240.0,1520.0,5800.0,0.0,371200.0,20.0,4912535186263290.0,4912535186293530.0
1677,1,8192,256,11264,0,24,0,48,64,"batch_decode_kernels::mfma_gemm(float*, float const*, unsigned short const*, int, int, int, int)",1678,21,194440.0,19328.0,132480.0,712320.0,0.0,45475840.0,128.0,4912535186385371.0,4912535186494971.0
1678,1,1280,256,1024,0,12,4,32,64,"batch_decode_kernels::rmsnorm(float*, float const*, unsigned short const*, int, int, float)",1679,33,33766.0,640.0,740.0,3865.0,0.0,245755.0,20.0,4912535186618652.0,4912535186631932.0
1679,1,12288,256,11264,0,24,0,48,64,"batch_decode_kernels::mfma_gemm(float*, float const*, unsigned short const*, int, int, int, int)",1680,21,142873.0,20736.0,145152.0,779136.0,0.0,49729536.0,192.0,4912535186744572.0,4912535186823453.0
1680,1,2304,256,11264,0,24,0,48,64,"batch_decode_kernels::mfma_gemm(float*, float const*, unsigned short const*, int, int, int, int)",1681,21,146482.0,3888.0,27216.0,146088.0,0.0,9324288.0,36.0,4912535186969693.0,4912535187050014.0
1681,1,1280,256,1024,0,24,0,32,64,"batch_decode_kernels::kv_norm_rope(unsigned short*, float const*, unsigned short const*, int, int, int, int, int, int, float const*, int, float)",1682,39,28489.0,180.0,550.0,2175.0,0.0,125755.0,20.0,4912535187201374.0,4912535187211615.0
1682,1,32768,256,11264,0,24,0,48,64,"batch_decode_kernels::mfma_head_gemm(float*, float const*, unsigned short const*, int, int, int, int, int, int, unsigned long)",1683,30,33172.0,5376.0,27904.0,164352.0,0.0,9707520.0,512.0,4912535187325375.0,4912535187338015.0
1683,1,5120,256,0,0,24,0,32,64,"batch_decode_kernels::q_rope(float*, float const*, int, int, int, int, int, int, float const*, int)",1684,40,24794.0,320.0,720.0,7760.0,0.0,261120.0,80.0,4912535187453696.0,4912535187461536.0
1684,1,30720,256,0,0,16,0,32,64,"batch_decode_kernels::attention_score(float*, float const*, float const*, unsigned short const*, int, int, int, int, int, int, int, float)",1685,41,28409.0,9120.0,6720.0,102240.0,0.0,6120000.0,480.0,4912535187580416.0,4912535187590496.0
1685,1,20480,256,1024,0,20,4,48,64,"void attention_kernels::softmax_rows_kernel<256>(float*, int, int, int, int)",1686,51,25476.0,400.0,13360.0,12560.0,0.0,380960.0,320.0,4912535187707617.0,4912535187715617.0
1686,1,2621440,256,0,0,16,0,32,64,"batch_decode_kernels::latent_context(float*, float const*, unsigned short const*, int, int, int, int, int, int)",1687,23,65250.0,122880.0,204800.0,4669440.0,0.0,182353920.0,40960.0,4912535187832897.0,4912535187866817.0
1687,1,8192,256,11264,0,24,0,48,64,"batch_decode_kernels::mfma_head_gemm(float*, float const*, unsigned short const*, int, int, int, int, int, int, unsigned long)",1688,30,54244.0,3840.0,24832.0,138240.0,0.0,8644608.0,128.0,4912535187958018.0,4912535187983458.0
1688,1,8192,256,11264,0,24,0,48,64,"batch_decode_kernels::mfma_gemm(float*, float const*, unsigned short const*, int, int, int, int)",1689,21,145687.0,14336.0,96768.0,519936.0,0.0,33163264.0,128.0,4912535188086658.0,4912535188166979.0
1689,1,1280,256,1024,0,12,4,32,64,"batch_decode_kernels::rmsnorm(float*, float const*, unsigned short const*, int, int, float)",1690,33,31812.0,640.0,740.0,3865.0,0.0,245755.0,20.0,4912535188315939.0,4912535188327779.0
1690,1,256,256,11264,0,24,0,48,64,"batch_decode_kernels::mfma_gemm(float*, float const*, unsigned short const*, int, int, int, int)",1691,21,157253.0,432.0,3024.0,16232.0,0.0,1036032.0,4.0,4912535188439940.0,4912535188526500.0
1691,1,320,64,0,0,16,0,48,64,"void moe_kernels::router_topk_wave64_kernel<64>(float*, float const*, int*, float*, int, int, int, int, int, float)",1692,57,40353.0,130.0,600.0,2005.0,0.0,95325.0,5.0,4912535188664101.0,4912535188681061.0
1692,1,256,256,1024,0,12,4,64,64,"batch_decode_kernels::align_routes(int const*, int, int, int, int*, int*, int*)",1693,17,39661.0,17.0,272.0,429.0,0.0,5541.0,4.0,4912535188791142.0,4912535188807782.0
1693,1,349184,256,19968,0,36,4,48,64,"void batch_decode_kernels::grouped_expert_gate_up<16, 1>(float const*, char const*, unsigned long const*, unsigned long const*, int const*, int const*, float*, unsigned short*, int, int, int, int, int)",1694,36,234930.0,160512.0,377872.0,3234352.0,0.0,203216464.0,5456.0,4912535188917062.0,4912535189054663.0
1694,1,11264,256,19968,0,32,0,48,64,"batch_decode_kernels::mfma_gate_up_swiglu(float*, float const*, unsigned short const*, unsigned short const*, int, int, int)",1695,19,158059.0,30272.0,121088.0,850432.0,0.0,53281536.0,176.0,4912535189150503.0,4912535189238984.0
1695,1,507904,256,11264,0,24,0,48,64,"void batch_decode_kernels::grouped_expert_down<16, 1>(float const*, unsigned short const*, char const*, unsigned long const*, int const*, int const*, float*, int, int, int, int)",1696,26,140998.0,128640.0,401408.0,2422400.0,0.0,153992960.0,7936.0,4912535189377864.0,4912535189457865.0
1696,1,1280,256,0,0,12,4,32,64,"batch_decode_kernels::reduce_routes_add(float*, float const*, float const*, int, int, int)",1697,28,61789.0,2240.0,1520.0,5800.0,0.0,371200.0,20.0,4912535189610025.0,4912535189639785.0
1697,1,8192,256,11264,0,24,0,48,64,"batch_decode_kernels::mfma_gemm(float*, float const*, unsigned short const*, int, int, int, int)",1698,21,197004.0,19328.0,132480.0,712320.0,0.0,45475840.0,128.0,4912535189734346.0,4912535189845386.0
1698,1,1280,256,1024,0,12,4,32,64,"batch_decode_kernels::rmsnorm(float*, float const*, unsigned short const*, int, int, float)",1699,33,32760.0,640.0,740.0,3865.0,0.0,245755.0,20.0,4912535189965227.0,4912535189977867.0
1699,1,12288,256,11264,0,24,0,48,64,"batch_decode_kernels::mfma_gemm(float*, float const*, unsigned short const*, int, int, int, int)",1700,21,139389.0,20736.0,145152.0,779136.0,0.0,49729536.0,192.0,4912535190097227.0,4912535190174348.0
1700,1,2304,256,11264,0,24,0,48,64,"batch_decode_kernels::mfma_gemm(float*, float const*, unsigned short const*, int, int, int, int)",1701,21,145976.0,3888.0,27216.0,146088.0,0.0,9324288.0,36.0,4912535190322828.0,4912535190402829.0
1701,1,1280,256,1024,0,24,0,32,64,"batch_decode_kernels::kv_norm_rope(unsigned short*, float const*, unsigned short const*, int, int, int, int, int, int, float const*, int, float)",1702,39,28295.0,180.0,550.0,2175.0,0.0,125755.0,20.0,4912535190564910.0,4912535190574990.0
1702,1,32768,256,11264,0,24,0,48,64,"batch_decode_kernels::mfma_head_gemm(float*, float const*, unsigned short const*, int, int, int, int, int, int, unsigned long)",1703,30,33570.0,5376.0,27904.0,164352.0,0.0,9707520.0,512.0,4912535190696750.0,4912535190709710.0
1703,1,5120,256,0,0,24,0,32,64,"batch_decode_kernels::q_rope(float*, float const*, int, int, int, int, int, int, float const*, int)",1704,40,24043.0,320.0,720.0,7760.0,0.0,261120.0,80.0,4912535190819471.0,4912535190826671.0
1704,1,30720,256,0,0,16,0,32,64,"batch_decode_kernels::attention_score(float*, float const*, float const*, unsigned short const*, int, int, int, int, int, int, int, float)",1705,41,28923.0,9120.0,6720.0,102240.0,0.0,6120000.0,480.0,4912535190946031.0,4912535190956271.0
1705,1,20480,256,1024,0,20,4,48,64,"void attention_kernels::softmax_rows_kernel<256>(float*, int, int, int, int)",1706,51,25846.0,400.0,13360.0,12560.0,0.0,380960.0,320.0,4912535191078512.0,4912535191086672.0
1706,1,2621440,256,0,0,16,0,32,64,"batch_decode_kernels::latent_context(float*, float const*, unsigned short const*, int, int, int, int, int, int)",1707,23,66158.0,122880.0,204800.0,4669440.0,0.0,182353920.0,40960.0,4912535191205232.0,4912535191239953.0
1707,1,8192,256,11264,0,24,0,48,64,"batch_decode_kernels::mfma_head_gemm(float*, float const*, unsigned short const*, int, int, int, int, int, int, unsigned long)",1708,30,55182.0,3840.0,24832.0,138240.0,0.0,8644608.0,128.0,4912535191337073.0,4912535191362833.0
1708,1,8192,256,11264,0,24,0,48,64,"batch_decode_kernels::mfma_gemm(float*, float const*, unsigned short const*, int, int, int, int)",1709,21,146219.0,14336.0,96768.0,519936.0,0.0,33163264.0,128.0,4912535191463154.0,4912535191543954.0
1709,1,1280,256,1024,0,12,4,32,64,"batch_decode_kernels::rmsnorm(float*, float const*, unsigned short const*, int, int, float)",1710,33,32032.0,640.0,740.0,3865.0,0.0,245755.0,20.0,4912535191688755.0,4912535191700595.0
1710,1,256,256,11264,0,24,0,48,64,"batch_decode_kernels::mfma_gemm(float*, float const*, unsigned short const*, int, int, int, int)",1711,21,156893.0,432.0,3024.0,16232.0,0.0,1036032.0,4.0,4912535191820115.0,4912535191906356.0
1711,1,320,64,0,0,16,0,48,64,"void moe_kernels::router_topk_wave64_kernel<64>(float*, float const*, int*, float*, int, int, int, int, int, float)",1712,57,37562.0,130.0,600.0,2005.0,0.0,95370.0,5.0,4912535192060596.0,4912535192075796.0
1712,1,256,256,1024,0,12,4,64,64,"batch_decode_kernels::align_routes(int const*, int, int, int, int*, int*, int*)",1713,17,41115.0,17.0,272.0,429.0,0.0,5541.0,4.0,4912535192185077.0,4912535192202197.0
1713,1,349184,256,19968,0,36,4,48,64,"void batch_decode_kernels::grouped_expert_gate_up<16, 1>(float const*, char const*, unsigned long const*, unsigned long const*, int const*, int const*, float*, unsigned short*, int, int, int, int, int)",1714,36,231828.0,160512.0,377872.0,3234352.0,0.0,203216464.0,5456.0,4912535192314517.0,4912535192450358.0
1714,1,11264,256,19968,0,32,0,48,64,"batch_decode_kernels::mfma_gate_up_swiglu(float*, float const*, unsigned short const*, unsigned short const*, int, int, int)",1715,19,157436.0,30272.0,121088.0,850432.0,0.0,53281536.0,176.0,4912535192546038.0,4912535192634039.0
1715,1,507904,256,11264,0,24,0,48,64,"void batch_decode_kernels::grouped_expert_down<16, 1>(float const*, unsigned short const*, char const*, unsigned long const*, int const*, int const*, float*, int, int, int, int)",1716,26,140265.0,128640.0,401408.0,2422400.0,0.0,153992960.0,7936.0,4912535192782519.0,4912535192862040.0
1716,1,1280,256,0,0,12,4,32,64,"batch_decode_kernels::reduce_routes_add(float*, float const*, float const*, int, int, int)",1717,28,59836.0,2240.0,1520.0,5800.0,0.0,371200.0,20.0,4912535193008440.0,4912535193037241.0
1717,1,8192,256,11264,0,24,0,48,64,"batch_decode_kernels::mfma_gemm(float*, float const*, unsigned short const*, int, int, int, int)",1718,21,195569.0,19328.0,132480.0,712320.0,0.0,45475840.0,128.0,4912535193139801.0,4912535193250202.0
1718,1,1280,256,1024,0,12,4,32,64,"batch_decode_kernels::rmsnorm(float*, float const*, unsigned short const*, int, int, float)",1719,33,32311.0,640.0,740.0,3865.0,0.0,245755.0,20.0,4912535193374522.0,4912535193386682.0
1719,1,12288,256,11264,0,24,0,48,64,"batch_decode_kernels::mfma_gemm(float*, float const*, unsigned short const*, int, int, int, int)",1720,21,142684.0,20736.0,145152.0,779136.0,0.0,49729536.0,192.0,4912535193503323.0,4912535193582363.0
1720,1,2304,256,11264,0,24,0,48,64,"batch_decode_kernels::mfma_gemm(float*, float const*, unsigned short const*, int, int, int, int)",1721,21,146508.0,3888.0,27216.0,146088.0,0.0,9324288.0,36.0,4912535193739644.0,4912535193820124.0
1721,1,1280,256,1024,0,24,0,32,64,"batch_decode_kernels::kv_norm_rope(unsigned short*, float const*, unsigned short const*, int, int, int, int, int, int, float const*, int, float)",1722,39,28123.0,180.0,550.0,2175.0,0.0,125755.0,20.0,4912535193976125.0,4912535193985725.0
1722,1,32768,256,11264,0,24,0,48,64,"batch_decode_kernels::mfma_head_gemm(float*, float const*, unsigned short const*, int, int, int, int, int, int, unsigned long)",1723,30,32861.0,5376.0,27904.0,164352.0,0.0,9707520.0,512.0,4912535194107965.0,4912535194120765.0
1723,1,5120,256,0,0,24,0,32,64,"batch_decode_kernels::q_rope(float*, float const*, int, int, int, int, int, int, float const*, int)",1724,40,23267.0,320.0,720.0,7760.0,0.0,261120.0,80.0,4912535194238206.0,4912535194245246.0
1724,1,30720,256,0,0,16,0,32,64,"batch_decode_kernels::attention_score(float*, float const*, float const*, unsigned short const*, int, int, int, int, int, int, int, float)",1725,41,28783.0,9120.0,6720.0,102240.0,0.0,6120000.0,480.0,4912535194366047.0,4912535194376287.0
1725,1,20480,256,1024,0,20,4,48,64,"void attention_kernels::softmax_rows_kernel<256>(float*, int, int, int, int)",1726,51,27664.0,400.0,13360.0,12560.0,0.0,380960.0,320.0,4912535194491967.0,4912535194501087.0
1726,1,2621440,256,0,0,16,0,32,64,"batch_decode_kernels::latent_context(float*, float const*, unsigned short const*, int, int, int, int, int, int)",1727,23,66316.0,122880.0,204800.0,4669440.0,0.0,182353920.0,40960.0,4912535194630208.0,4912535194664608.0
1727,1,8192,256,11264,0,24,0,48,64,"batch_decode_kernels::mfma_head_gemm(float*, float const*, unsigned short const*, int, int, int, int, int, int, unsigned long)",1728,30,54375.0,3840.0,24832.0,138240.0,0.0,8644608.0,128.0,4912535194758048.0,4912535194783808.0
1728,1,8192,256,11264,0,24,0,48,64,"batch_decode_kernels::mfma_gemm(float*, float const*, unsigned short const*, int, int, int, int)",1729,21,145110.0,14336.0,96768.0,519936.0,0.0,33163264.0,128.0,4912535194883809.0,4912535194963969.0
1729,1,1280,256,1024,0,12,4,32,64,"batch_decode_kernels::rmsnorm(float*, float const*, unsigned short const*, int, int, float)",1730,33,32640.0,640.0,740.0,3865.0,0.0,245755.0,20.0,4912535195125250.0,4912535195137410.0
1730,1,256,256,11264,0,24,0,48,64,"batch_decode_kernels::mfma_gemm(float*, float const*, unsigned short const*, int, int, int, int)",1731,21,154974.0,432.0,3024.0,16232.0,0.0,1036032.0,4.0,4912535195252770.0,4912535195337891.0
1731,1,320,64,0,0,16,0,48,64,"void moe_kernels::router_topk_wave64_kernel<64>(float*, float const*, int*, float*, int, int, int, int, int, float)",1732,57,37673.0,130.0,600.0,2005.0,0.0,95315.0,5.0,4912535195489252.0,4912535195504452.0
1732,1,256,256,1024,0,12,4,64,64,"batch_decode_kernels::align_routes(int const*, int, int, int, int*, int*, int*)",1733,17,39775.0,17.0,272.0,429.0,0.0,5541.0,4.0,4912535195617092.0,4912535195633572.0
1733,1,349184,256,19968,0,36,4,48,64,"void batch_decode_kernels::grouped_expert_gate_up<16, 1>(float const*, char const*, unsigned long const*, unsigned long const*, int const*, int const*, float*, unsigned short*, int, int, int, int, int)",1734,36,231682.0,160512.0,377872.0,3234352.0,0.0,203216464.0,5456.0,4912535195745733.0,4912535195881573.0
1734,1,11264,256,19968,0,32,0,48,64,"batch_decode_kernels::mfma_gate_up_swiglu(float*, float const*, unsigned short const*, unsigned short const*, int, int, int)",1735,19,156557.0,30272.0,121088.0,850432.0,0.0,53281536.0,176.0,4912535195987494.0,4912535196074854.0
1735,1,507904,256,11264,0,24,0,48,64,"void batch_decode_kernels::grouped_expert_down<16, 1>(float const*, unsigned short const*, char const*, unsigned long const*, int const*, int const*, float*, int, int, int, int)",1736,26,142181.0,128640.0,401408.0,2422400.0,0.0,153992960.0,7936.0,4912535196233255.0,4912535196313735.0
1736,1,1280,256,0,0,12,4,32,64,"batch_decode_kernels::reduce_routes_add(float*, float const*, float const*, int, int, int)",1737,28,63781.0,2240.0,1520.0,5800.0,0.0,371200.0,20.0,4912535196470856.0,4912535196501736.0
1737,1,8192,256,11264,0,24,0,48,64,"batch_decode_kernels::mfma_gemm(float*, float const*, unsigned short const*, int, int, int, int)",1738,21,194718.0,19328.0,132480.0,712320.0,0.0,45475840.0,128.0,4912535196614537.0,4912535196724617.0
1738,1,1280,256,1024,0,12,4,32,64,"batch_decode_kernels::rmsnorm(float*, float const*, unsigned short const*, int, int, float)",1739,33,31410.0,640.0,740.0,3865.0,0.0,245755.0,20.0,4912535196857418.0,4912535196869098.0
1739,1,12288,256,11264,0,24,0,48,64,"batch_decode_kernels::mfma_gemm(float*, float const*, unsigned short const*, int, int, int, int)",1740,21,141259.0,20736.0,145152.0,779136.0,0.0,49729536.0,192.0,4912535196987818.0,4912535197065739.0
1740,1,2304,256,11264,0,24,0,48,64,"batch_decode_kernels::mfma_gemm(float*, float const*, unsigned short const*, int, int, int, int)",1741,21,142346.0,3888.0,27216.0,146088.0,0.0,9324288.0,36.0,4912535197224939.0,4912535197302860.0
1741,1,1280,256,1024,0,24,0,32,64,"batch_decode_kernels::kv_norm_rope(unsigned short*, float const*, unsigned short const*, int, int, int, int, int, int, float const*, int, float)",1742,39,28629.0,180.0,550.0,2175.0,0.0,125755.0,20.0,4912535197464940.0,4912535197475340.0
1742,1,32768,256,11264,0,24,0,48,64,"batch_decode_kernels::mfma_head_gemm(float*, float const*, unsigned short const*, int, int, int, int, int, int, unsigned long)",1743,30,33753.0,5376.0,27904.0,164352.0,0.0,9707520.0,512.0,4912535197599661.0,4912535197613101.0
1743,1,5120,256,0,0,24,0,32,64,"batch_decode_kernels::q_rope(float*, float const*, int, int, int, int, int, int, float const*, int)",1744,40,25647.0,320.0,720.0,7760.0,0.0,261120.0,80.0,4912535197728142.0,4912535197736142.0
1744,1,30720,256,0,0,16,0,32,64,"batch_decode_kernels::attention_score(float*, float const*, float const*, unsigned short const*, int, int, int, int, int, int, int, float)",1745,41,29192.0,9120.0,6720.0,102240.0,0.0,6120000.0,480.0,4912535197857262.0,4912535197867502.0
1745,1,20480,256,1024,0,20,4,48,64,"void attention_kernels::softmax_rows_kernel<256>(float*, int, int, int, int)",1746,51,25214.0,400.0,13360.0,12560.0,0.0,380960.0,320.0,4912535198003983.0,4912535198012143.0
1746,1,2621440,256,0,0,16,0,32,64,"batch_decode_kernels::latent_context(float*, float const*, unsigned short const*, int, int, int, int, int, int)",1747,23,66497.0,122880.0,204800.0,4669440.0,0.0,182353920.0,40960.0,4912535198143983.0,4912535198178704.0
1747,1,8192,256,11264,0,24,0,48,64,"batch_decode_kernels::mfma_head_gemm(float*, float const*, unsigned short const*, int, int, int, int, int, int, unsigned long)",1748,30,56258.0,3840.0,24832.0,138240.0,0.0,8644608.0,128.0,4912535198273424.0,4912535198299984.0
1748,1,8192,256,11264,0,24,0,48,64,"batch_decode_kernels::mfma_gemm(float*, float const*, unsigned short const*, int, int, int, int)",1749,21,146143.0,14336.0,96768.0,519936.0,0.0,33163264.0,128.0,4912535198404465.0,4912535198485105.0
1749,1,1280,256,1024,0,12,4,32,64,"batch_decode_kernels::rmsnorm(float*, float const*, unsigned short const*, int, int, float)",1750,33,32771.0,640.0,740.0,3865.0,0.0,245755.0,20.0,4912535198657426.0,4912535198669906.0
1750,1,256,256,11264,0,24,0,48,64,"batch_decode_kernels::mfma_gemm(float*, float const*, unsigned short const*, int, int, int, int)",1751,21,157615.0,432.0,3024.0,16232.0,0.0,1036032.0,4.0,4912535198791506.0,4912535198878387.0
1751,1,320,64,0,0,16,0,48,64,"void moe_kernels::router_topk_wave64_kernel<64>(float*, float const*, int*, float*, int, int, int, int, int, float)",1752,57,38465.0,130.0,600.0,2005.0,0.0,95360.0,5.0,4912535199041907.0,4912535199057907.0
1752,1,256,256,1024,0,12,4,64,64,"batch_decode_kernels::align_routes(int const*, int, int, int, int*, int*, int*)",1753,17,41047.0,17.0,272.0,429.0,0.0,5541.0,4.0,4912535199170068.0,4912535199186868.0
1753,1,349184,256,19968,0,36,4,48,64,"void batch_decode_kernels::grouped_expert_gate_up<16, 1>(float const*, char const*, unsigned long const*, unsigned long const*, int const*, int const*, float*, unsigned short*, int, int, int, int, int)",1754,36,234876.0,160512.0,377872.0,3234352.0,0.0,203216464.0,5456.0,4912535199299349.0,4912535199437109.0
1754,1,11264,256,19968,0,32,0,48,64,"batch_decode_kernels::mfma_gate_up_swiglu(float*, float const*, unsigned short const*, unsigned short const*, int, int, int)",1755,19,156800.0,30272.0,121088.0,850432.0,0.0,53281536.0,176.0,4912535199544630.0,4912535199632470.0
1755,1,507904,256,11264,0,24,0,48,64,"void batch_decode_kernels::grouped_expert_down<16, 1>(float const*, unsigned short const*, char const*, unsigned long const*, int const*, int const*, float*, int, int, int, int)",1756,26,140371.0,128640.0,401408.0,2422400.0,0.0,153992960.0,7936.0,4912535199787511.0,4912535199866871.0
1756,1,1280,256,0,0,12,4,32,64,"batch_decode_kernels::reduce_routes_add(float*, float const*, float const*, int, int, int)",1757,28,62699.0,2240.0,1520.0,5800.0,0.0,371200.0,20.0,4912535200035032.0,4912535200065272.0
1757,1,8192,256,11264,0,24,0,48,64,"batch_decode_kernels::mfma_gemm(float*, float const*, unsigned short const*, int, int, int, int)",1758,21,192477.0,19328.0,132480.0,712320.0,0.0,45475840.0,128.0,4912535200169112.0,4912535200277753.0
1758,1,1280,256,1024,0,12,4,32,64,"batch_decode_kernels::rmsnorm(float*, float const*, unsigned short const*, int, int, float)",1759,33,32491.0,640.0,740.0,3865.0,0.0,245755.0,20.0,4912535200414394.0,4912535200426394.0
1759,1,12288,256,11264,0,24,0,48,64,"batch_decode_kernels::mfma_gemm(float*, float const*, unsigned short const*, int, int, int, int)",1760,21,141191.0,20736.0,145152.0,779136.0,0.0,49729536.0,192.0,4912535200545914.0,4912535200624155.0
1760,1,2304,256,11264,0,24,0,48,64,"batch_decode_kernels::mfma_gemm(float*, float const*, unsigned short const*, int, int, int, int)",1761,21,143266.0,3888.0,27216.0,146088.0,0.0,9324288.0,36.0,4912535200793115.0,4912535200871676.0
1761,1,1280,256,1024,0,24,0,32,64,"batch_decode_kernels::kv_norm_rope(unsigned short*, float const*, unsigned short const*, int, int, int, int, int, int, float const*, int, float)",1762,39,29082.0,180.0,550.0,2175.0,0.0,125755.0,20.0,4912535201043676.0,4912535201053916.0
1762,1,32768,256,11264,0,24,0,48,64,"batch_decode_kernels::mfma_head_gemm(float*, float const*, unsigned short const*, int, int, int, int, int, int, unsigned long)",1763,30,32600.0,5376.0,27904.0,164352.0,0.0,9707520.0,512.0,4912535201176157.0,4912535201188637.0
1763,1,5120,256,0,0,24,0,32,64,"batch_decode_kernels::q_rope(float*, float const*, int, int, int, int, int, int, float const*, int)",1764,40,23247.0,320.0,720.0,7760.0,0.0,261120.0,80.0,4912535201305918.0,4912535201312958.0
1764,1,30720,256,0,0,16,0,32,64,"batch_decode_kernels::attention_score(float*, float const*, float const*, unsigned short const*, int, int, int, int, int, int, int, float)",1765,41,29212.0,9120.0,6720.0,102240.0,0.0,6120000.0,480.0,4912535201445758.0,4912535201456158.0
1765,1,20480,256,1024,0,20,4,48,64,"void attention_kernels::softmax_rows_kernel<256>(float*, int, int, int, int)",1766,51,25823.0,400.0,13360.0,12560.0,0.0,380960.0,320.0,4912535201591519.0,4912535201599999.0
1766,1,2621440,256,0,0,16,0,32,64,"batch_decode_kernels::latent_context(float*, float const*, unsigned short const*, int, int, int, int, int, int)",1767,23,66581.0,122880.0,204800.0,4669440.0,0.0,182353920.0,40960.0,4912535201725599.0,4912535201760000.0
1767,1,8192,256,11264,0,24,0,48,64,"batch_decode_kernels::mfma_head_gemm(float*, float const*, unsigned short const*, int, int, int, int, int, int, unsigned long)",1768,30,54364.0,3840.0,24832.0,138240.0,0.0,8644608.0,128.0,4912535201859520.0,4912535201884960.0
1768,1,8192,256,11264,0,24,0,48,64,"batch_decode_kernels::mfma_gemm(float*, float const*, unsigned short const*, int, int, int, int)",1769,21,145056.0,14336.0,96768.0,519936.0,0.0,33163264.0,128.0,4912535201995841.0,4912535202075841.0
1769,1,1280,256,1024,0,12,4,32,64,"batch_decode_kernels::rmsnorm(float*, float const*, unsigned short const*, int, int, float)",1770,33,33676.0,640.0,740.0,3865.0,0.0,245755.0,20.0,4912535202141601.0,4912535202154401.0
1770,1,256,256,11264,0,24,0,48,64,"batch_decode_kernels::mfma_gemm(float*, float const*, unsigned short const*, int, int, int, int)",1771,21,152346.0,432.0,3024.0,16232.0,0.0,1036032.0,4.0,4912535202278242.0,4912535202362082.0
1771,1,320,64,0,0,16,0,48,64,"void moe_kernels::router_topk_wave64_kernel<64>(float*, float const*, int*, float*, int, int, int, int, int, float)",1772,57,40029.0,130.0,600.0,2005.0,0.0,95325.0,5.0,4912535202527523.0,4912535202544003.0
1772,1,256,256,1024,0,12,4,64,64,"batch_decode_kernels::align_routes(int const*, int, int, int, int*, int*, int*)",1773,17,40839.0,17.0,272.0,429.0,0.0,5541.0,4.0,4912535202661284.0,4912535202678244.0
1773,1,349184,256,19968,0,36,4,48,64,"void batch_decode_kernels::grouped_expert_gate_up<16, 1>(float const*, char const*, unsigned long const*, unsigned long const*, int const*, int const*, float*, unsigned short*, int, int, int, int, int)",1774,36,228401.0,160512.0,377872.0,3234352.0,0.0,203216464.0,5456.0,4912535202793124.0,4912535202926565.0
1774,1,11264,256,19968,0,32,0,48,64,"batch_decode_kernels::mfma_gate_up_swiglu(float*, float const*, unsigned short const*, unsigned short const*, int, int, int)",1775,19,160967.0,30272.0,121088.0,850432.0,0.0,53281536.0,176.0,4912535203050085.0,4912535203139686.0
1775,1,507904,256,11264,0,24,0,48,64,"void batch_decode_kernels::grouped_expert_down<16, 1>(float const*, unsigned short const*, char const*, unsigned long const*, int const*, int const*, float*, int, int, int, int)",1776,26,139688.0,128640.0,401408.0,2422400.0,0.0,153992960.0,7936.0,4912535203301446.0,4912535203380807.0
1776,1,1280,256,0,0,12,4,32,64,"batch_decode_kernels::reduce_routes_add(float*, float const*, float const*, int, int, int)",1777,28,63856.0,2240.0,1520.0,5800.0,0.0,371200.0,20.0,4912535203443847.0,4912535203474727.0
1777,1,8192,256,11264,0,24,0,48,64,"batch_decode_kernels::mfma_gemm(float*, float const*, unsigned short const*, int, int, int, int)",1778,21,194595.0,19328.0,132480.0,712320.0,0.0,45475840.0,128.0,4912535203577608.0,4912535203687208.0
1778,1,1280,256,1024,0,12,4,32,64,"batch_decode_kernels::rmsnorm(float*, float const*, unsigned short const*, int, int, float)",1779,33,32163.0,640.0,740.0,3865.0,0.0,245755.0,20.0,4912535203835369.0,4912535203847369.0
1779,1,12288,256,11264,0,24,0,48,64,"batch_decode_kernels::mfma_gemm(float*, float const*, unsigned short const*, int, int, int, int)",1780,21,141776.0,20736.0,145152.0,779136.0,0.0,49729536.0,192.0,4912535203972329.0,4912535204051050.0
1780,1,2304,256,11264,0,24,0,48,64,"batch_decode_kernels::mfma_gemm(float*, float const*, unsigned short const*, int, int, int, int)",1781,21,146349.0,3888.0,27216.0,146088.0,0.0,9324288.0,36.0,4912535204212491.0,4912535204292971.0
1781,1,1280,256,1024,0,24,0,32,64,"batch_decode_kernels::kv_norm_rope(unsigned short*, float const*, unsigned short const*, int, int, int, int, int, int, float const*, int, float)",1782,39,27215.0,180.0,550.0,2175.0,0.0,125755.0,20.0,4912535204364011.0,4912535204373451.0
1782,1,32768,256,11264,0,24,0,48,64,"batch_decode_kernels::mfma_head_gemm(float*, float const*, unsigned short const*, int, int, int, int, int, int, unsigned long)",1783,30,33163.0,5376.0,27904.0,164352.0,0.0,9707520.0,512.0,4912535204511052.0,4912535204524172.0
1783,1,5120,256,0,0,24,0,32,64,"batch_decode_kernels::q_rope(float*, float const*, int, int, int, int, int, int, float const*, int)",1784,40,24903.0,320.0,720.0,7760.0,0.0,261120.0,80.0,4912535204645292.0,4912535204652813.0
1784,1,30720,256,0,0,16,0,32,64,"batch_decode_kernels::attention_score(float*, float const*, float const*, unsigned short const*, int, int, int, int, int, int, int, float)",1785,41,27722.0,9120.0,6720.0,102240.0,0.0,6120000.0,480.0,4912535204783053.0,4912535204792653.0
1785,1,20480,256,1024,0,20,4,48,64,"void attention_kernels::softmax_rows_kernel<256>(float*, int, int, int, int)",1786,51,26359.0,400.0,13360.0,12560.0,0.0,380960.0,320.0,4912535204916494.0,4912535204925294.0
1786,1,2621440,256,0,0,16,0,32,64,"batch_decode_kernels::latent_context(float*, float const*, unsigned short const*, int, int, int, int, int, int)",1787,23,66725.0,122880.0,204800.0,4669440.0,0.0,182353920.0,40960.0,4912535205074734.0,4912535205109615.0
1787,1,8192,256,11264,0,24,0,48,64,"batch_decode_kernels::mfma_head_gemm(float*, float const*, unsigned short const*, int, int, int, int, int, int, unsigned long)",1788,30,54621.0,3840.0,24832.0,138240.0,0.0,8644608.0,128.0,4912535205211215.0,4912535205237135.0
1788,1,8192,256,11264,0,24,0,48,64,"batch_decode_kernels::mfma_gemm(float*, float const*, unsigned short const*, int, int, int, int)",1789,21,145759.0,14336.0,96768.0,519936.0,0.0,33163264.0,128.0,4912535205347696.0,4912535205428176.0
1789,1,1280,256,1024,0,12,4,32,64,"batch_decode_kernels::rmsnorm(float*, float const*, unsigned short const*, int, int, float)",1790,33,32467.0,640.0,740.0,3865.0,0.0,245755.0,20.0,4912535205497456.0,4912535205509616.0
1790,1,256,256,11264,0,24,0,48,64,"batch_decode_kernels::mfma_gemm(float*, float const*, unsigned short const*, int, int, int, int)",1791,21,155607.0,432.0,3024.0,16232.0,0.0,1036032.0,4.0,4912535205637297.0,4912535205722897.0
1791,1,320,64,0,0,16,0,48,64,"void moe_kernels::router_topk_wave64_kernel<64>(float*, float const*, int*, float*, int, int, int, int, int, float)",1792,57,37791.0,130.0,600.0,2005.0,0.0,95340.0,5.0,4912535205891858.0,4912535205907058.0
1792,1,256,256,1024,0,12,4,64,64,"batch_decode_kernels::align_routes(int const*, int, int, int, int*, int*, int*)",1793,17,40099.0,17.0,272.0,429.0,0.0,5541.0,4.0,4912535206034419.0,4912535206051059.0
1793,1,349184,256,19968,0,36,4,48,64,"void batch_decode_kernels::grouped_expert_gate_up<16, 1>(float const*, char const*, unsigned long const*, unsigned long const*, int const*, int const*, float*, unsigned short*, int, int, int, int, int)",1794,36,233562.0,160512.0,377872.0,3234352.0,0.0,203216464.0,5456.0,4912535206169779.0,4912535206306420.0
1794,1,11264,256,19968,0,32,0,48,64,"batch_decode_kernels::mfma_gate_up_swiglu(float*, float const*, unsigned short const*, unsigned short const*, int, int, int)",1795,19,157369.0,30272.0,121088.0,850432.0,0.0,53281536.0,176.0,4912535206426580.0,4912535206514421.0
1795,1,507904,256,11264,0,24,0,48,64,"void batch_decode_kernels::grouped_expert_down<16, 1>(float const*, unsigned short const*, char const*, unsigned long const*, int const*, int const*, float*, int, int, int, int)",1796,26,141366.0,128640.0,401408.0,2422400.0,0.0,153992960.0,7936.0,4912535206681942.0,4912535206762262.0
1796,1,1280,256,0,0,12,4,32,64,"batch_decode_kernels::reduce_routes_add(float*, float const*, float const*, int, int, int)",1797,28,61784.0,2240.0,1520.0,5800.0,0.0,371200.0,20.0,4912535206834422.0,4912535206864022.0
1797,1,8192,256,11264,0,24,0,48,64,"batch_decode_kernels::mfma_gemm(float*, float const*, unsigned short const*, int, int, int, int)",1798,21,193904.0,19328.0,132480.0,712320.0,0.0,45475840.0,128.0,4912535206971543.0,4912535207080503.0
1798,1,1280,256,1024,0,12,4,32,64,"batch_decode_kernels::rmsnorm(float*, float const*, unsigned short const*, int, int, float)",1799,33,32629.0,640.0,740.0,3865.0,0.0,245755.0,20.0,4912535207232184.0,4912535207244344.0
1799,1,12288,256,11264,0,24,0,48,64,"batch_decode_kernels::mfma_gemm(float*, float const*, unsigned short const*, int, int, int, int)",1800,21,143988.0,20736.0,145152.0,779136.0,0.0,49729536.0,192.0,4912535207369945.0,4912535207449305.0
1800,1,2304,256,11264,0,24,0,48,64,"batch_decode_kernels::mfma_gemm(float*, float const*, unsigned short const*, int, int, int, int)",1801,21,146694.0,3888.0,27216.0,146088.0,0.0,9324288.0,36.0,4912535207620186.0,4912535207700826.0
1801,1,1280,256,1024,0,24,0,32,64,"batch_decode_kernels::kv_norm_rope(unsigned short*, float const*, unsigned short const*, int, int, int, int, int, int, float const*, int, float)",1802,39,27182.0,180.0,550.0,2175.0,0.0,125755.0,20.0,4912535207765626.0,4912535207774906.0
1802,1,32768,256,11264,0,24,0,48,64,"batch_decode_kernels::mfma_head_gemm(float*, float const*, unsigned short const*, int, int, int, int, int, int, unsigned long)",1803,30,31925.0,5376.0,27904.0,164352.0,0.0,9707520.0,512.0,4912535207901787.0,4912535207914267.0
1803,1,5120,256,0,0,24,0,32,64,"batch_decode_kernels::q_rope(float*, float const*, int, int, int, int, int, int, float const*, int)",1804,40,24805.0,320.0,720.0,7760.0,0.0,261120.0,80.0,4912535208050588.0,4912535208058108.0
1804,1,30720,256,0,0,16,0,32,64,"batch_decode_kernels::attention_score(float*, float const*, float const*, unsigned short const*, int, int, int, int, int, int, int, float)",1805,41,29393.0,9120.0,6720.0,102240.0,0.0,6120000.0,480.0,4912535208186908.0,4912535208197628.0
1805,1,20480,256,1024,0,20,4,48,64,"void attention_kernels::softmax_rows_kernel<256>(float*, int, int, int, int)",1806,51,26343.0,400.0,13360.0,12560.0,0.0,380960.0,320.0,4912535208323709.0,4912535208332349.0
1806,1,2621440,256,0,0,16,0,32,64,"batch_decode_kernels::latent_context(float*, float const*, unsigned short const*, int, int, int, int, int, int)",1807,23,65898.0,122880.0,204800.0,4669440.0,0.0,182353920.0,40960.0,4912535208465150.0,4912535208499550.0
1807,1,8192,256,11264,0,24,0,48,64,"batch_decode_kernels::mfma_head_gemm(float*, float const*, unsigned short const*, int, int, int, int, int, int, unsigned long)",1808,30,54741.0,3840.0,24832.0,138240.0,0.0,8644608.0,128.0,4912535208604030.0,4912535208629790.0
1808,1,8192,256,11264,0,24,0,48,64,"batch_decode_kernels::mfma_gemm(float*, float const*, unsigned short const*, int, int, int, int)",1809,21,147457.0,14336.0,96768.0,519936.0,0.0,33163264.0,128.0,4912535208743071.0,4912535208824351.0
1809,1,1280,256,1024,0,12,4,32,64,"batch_decode_kernels::rmsnorm(float*, float const*, unsigned short const*, int, int, float)",1810,33,32800.0,640.0,740.0,3865.0,0.0,245755.0,20.0,4912535208892831.0,4912535208905312.0
1810,1,256,256,11264,0,24,0,48,64,"batch_decode_kernels::mfma_gemm(float*, float const*, unsigned short const*, int, int, int, int)",1811,21,160858.0,432.0,3024.0,16232.0,0.0,1036032.0,4.0,4912535209039072.0,4912535209127713.0
1811,1,320,64,0,0,16,0,48,64,"void moe_kernels::router_topk_wave64_kernel<64>(float*, float const*, int*, float*, int, int, int, int, int, float)",1812,57,38970.0,130.0,600.0,2005.0,0.0,95325.0,5.0,4912535209300193.0,4912535209316193.0
1812,1,256,256,1024,0,12,4,64,64,"batch_decode_kernels::align_routes(int const*, int, int, int, int*, int*, int*)",1813,17,40163.0,17.0,272.0,429.0,0.0,5541.0,4.0,4912535209440514.0,4912535209456994.0
1813,1,349184,256,19968,0,36,4,48,64,"void batch_decode_kernels::grouped_expert_gate_up<16, 1>(float const*, char const*, unsigned long const*, unsigned long const*, int const*, int const*, float*, unsigned short*, int, int, int, int, int)",1814,36,226782.0,160512.0,377872.0,3234352.0,0.0,203216464.0,5456.0,4912535209579555.0,4912535209712035.0
1814,1,11264,256,19968,0,32,0,48,64,"batch_decode_kernels::mfma_gate_up_swiglu(float*, float const*, unsigned short const*, unsigned short const*, int, int, int)",1815,19,157665.0,30272.0,121088.0,850432.0,0.0,53281536.0,176.0,4912535209838116.0,4912535209926436.0
1815,1,507904,256,11264,0,24,0,48,64,"void batch_decode_kernels::grouped_expert_down<16, 1>(float const*, unsigned short const*, char const*, unsigned long const*, int const*, int const*, float*, int, int, int, int)",1816,26,139056.0,128640.0,401408.0,2422400.0,0.0,153992960.0,7936.0,4912535209994916.0,4912535210073317.0
1816,1,1280,256,0,0,12,4,32,64,"batch_decode_kernels::reduce_routes_add(float*, float const*, float const*, int, int, int)",1817,28,61275.0,2240.0,1520.0,5800.0,0.0,371200.0,20.0,4912535210149477.0,4912535210178757.0
1817,1,8192,256,11264,0,24,0,48,64,"batch_decode_kernels::mfma_gemm(float*, float const*, unsigned short const*, int, int, int, int)",1818,21,193777.0,19328.0,132480.0,712320.0,0.0,45475840.0,128.0,4912535210287878.0,4912535210397318.0
1818,1,1280,256,1024,0,12,4,32,64,"batch_decode_kernels::rmsnorm(float*, float const*, unsigned short const*, int, int, float)",1819,33,32599.0,640.0,740.0,3865.0,0.0,245755.0,20.0,4912535210555399.0,4912535210567559.0
1819,1,12288,256,11264,0,24,0,48,64,"batch_decode_kernels::mfma_gemm(float*, float const*, unsigned short const*, int, int, int, int)",1820,21,142221.0,20736.0,145152.0,779136.0,0.0,49729536.0,192.0,4912535210698600.0,4912535210777160.0
1820,1,2304,256,11264,0,24,0,48,64,"batch_decode_kernels::mfma_gemm(float*, float const*, unsigned short const*, int, int, int, int)",1821,21,147008.0,3888.0,27216.0,146088.0,0.0,9324288.0,36.0,4912535210847400.0,4912535210928041.0
1821,1,1280,256,1024,0,24,0,32,64,"batch_decode_kernels::kv_norm_rope(unsigned short*, float const*, unsigned short const*, int, int, int, int, int, int, float const*, int, float)",1822,39,29076.0,180.0,550.0,2175.0,0.0,125755.0,20.0,4912535210996841.0,4912535211007241.0
1822,1,32768,256,11264,0,24,0,48,64,"batch_decode_kernels::mfma_head_gemm(float*, float const*, unsigned short const*, int, int, int, int, int, int, unsigned long)",1823,30,32874.0,5376.0,27904.0,164352.0,0.0,9707520.0,512.0,4912535211155562.0,4912535211168362.0
1823,1,5120,256,0,0,24,0,32,64,"batch_decode_kernels::q_rope(float*, float const*, int, int, int, int, int, int, float const*, int)",1824,40,26370.0,320.0,720.0,7760.0,0.0,261120.0,80.0,4912535211294442.0,4912535211303082.0
1824,1,30720,256,0,0,16,0,32,64,"batch_decode_kernels::attention_score(float*, float const*, float const*, unsigned short const*, int, int, int, int, int, int, int, float)",1825,41,29164.0,9120.0,6720.0,102240.0,0.0,6120000.0,480.0,4912535211435243.0,4912535211445323.0
1825,1,20480,256,1024,0,20,4,48,64,"void attention_kernels::softmax_rows_kernel<256>(float*, int, int, int, int)",1826,51,26750.0,400.0,13360.0,12560.0,0.0,380960.0,320.0,4912535211577643.0,4912535211586284.0
1826,1,2621440,256,0,0,16,0,32,64,"batch_decode_kernels::latent_context(float*, float const*, unsigned short const*, int, int, int, int, int, int)",1827,23,66184.0,122880.0,204800.0,4669440.0,0.0,182353920.0,40960.0,4912535211717843.0,4912535211752403.0
1827,1,8192,256,11264,0,24,0,48,64,"batch_decode_kernels::mfma_head_gemm(float*, float const*, unsigned short const*, int, int, int, int, int, int, unsigned long)",1828,30,54409.0,3840.0,24832.0,138240.0,0.0,8644608.0,128.0,4912535211861843.0,4912535211887443.0
1828,1,8192,256,11264,0,24,0,48,64,"batch_decode_kernels::mfma_gemm(float*, float const*, unsigned short const*, int, int, int, int)",1829,21,145539.0,14336.0,96768.0,519936.0,0.0,33163264.0,128.0,4912535212009203.0,4912535212089524.0
1829,1,1280,256,1024,0,12,4,32,64,"batch_decode_kernels::rmsnorm(float*, float const*, unsigned short const*, int, int, float)",1830,33,33109.0,640.0,740.0,3865.0,0.0,245755.0,20.0,4912535212163444.0,4912535212176084.0
1830,1,256,256,11264,0,24,0,48,64,"batch_decode_kernels::mfma_gemm(float*, float const*, unsigned short const*, int, int, int, int)",1831,21,158445.0,432.0,3024.0,16232.0,0.0,1036032.0,4.0,4912535212307445.0,4912535212394645.0
1831,1,320,64,0,0,16,0,48,64,"void moe_kernels::router_topk_wave64_kernel<64>(float*, float const*, int*, float*, int, int, int, int, int, float)",1832,57,37767.0,130.0,600.0,2005.0,0.0,95355.0,5.0,4912535212569846.0,4912535212585046.0
1832,1,256,256,1024,0,12,4,64,64,"batch_decode_kernels::align_routes(int const*, int, int, int, int*, int*, int*)",1833,17,40791.0,17.0,272.0,429.0,0.0,5541.0,4.0,4912535212710966.0,4912535212728247.0
1833,1,349184,256,19968,0,36,4,48,64,"void batch_decode_kernels::grouped_expert_gate_up<16, 1>(float const*, char const*, unsigned long const*, unsigned long const*, int const*, int const*, float*, unsigned short*, int, int, int, int, int)",1834,36,229993.0,160512.0,377872.0,3234352.0,0.0,203216464.0,5456.0,4912535212852407.0,4912535212986968.0
1834,1,11264,256,19968,0,32,0,48,64,"batch_decode_kernels::mfma_gate_up_swiglu(float*, float const*, unsigned short const*, unsigned short const*, int, int, int)",1835,19,158766.0,30272.0,121088.0,850432.0,0.0,53281536.0,176.0,4912535213137048.0,4912535213225849.0
1835,1,507904,256,11264,0,24,0,48,64,"void batch_decode_kernels::grouped_expert_down<16, 1>(float const*, unsigned short const*, char const*, unsigned long const*, int const*, int const*, float*, int, int, int, int)",1836,26,138062.0,128640.0,401408.0,2422400.0,0.0,153992960.0,7936.0,4912535213391289.0,4912535213469530.0
1836,1,1280,256,0,0,12,4,32,64,"batch_decode_kernels::reduce_routes_add(float*, float const*, float const*, int, int, int)",1837,28,63727.0,2240.0,1520.0,5800.0,0.0,371200.0,20.0,4912535213538170.0,4912535213569530.0
1837,1,8192,256,11264,0,24,0,48,64,"batch_decode_kernels::mfma_gemm(float*, float const*, unsigned short const*, int, int, int, int)",1838,21,193615.0,19328.0,132480.0,712320.0,0.0,45475840.0,128.0,4912535213677851.0,4912535213786971.0
1838,1,1280,256,1024,0,12,4,32,64,"batch_decode_kernels::rmsnorm(float*, float const*, unsigned short const*, int, int, float)",1839,33,32045.0,640.0,740.0,3865.0,0.0,245755.0,20.0,4912535213940572.0,4912535213952572.0
1839,1,12288,256,11264,0,24,0,48,64,"batch_decode_kernels::mfma_gemm(float*, float const*, unsigned short const*, int, int, int, int)",1840,21,141105.0,20736.0,145152.0,779136.0,0.0,49729536.0,192.0,4912535214090173.0,4912535214168413.0
1840,1,2304,256,11264,0,24,0,48,64,"batch_decode_kernels::mfma_gemm(float*, float const*, unsigned short const*, int, int, int, int)",1841,21,146968.0,3888.0,27216.0,146088.0,0.0,9324288.0,36.0,4912535214243933.0,4912535214324574.0
1841,1,1280,256,1024,0,24,0,32,64,"batch_decode_kernels::kv_norm_rope(unsigned short*, float const*, unsigned short const*, int, int, int, int, int, int, float const*, int, float)",1842,39,29545.0,180.0,550.0,2175.0,0.0,125755.0,20.0,4912535214394654.0,4912535214405214.0
1842,1,32768,256,11264,0,24,0,48,64,"batch_decode_kernels::mfma_head_gemm(float*, float const*, unsigned short const*, int, int, int, int, int, int, unsigned long)",1843,30,34469.0,5376.0,27904.0,164352.0,0.0,9707520.0,512.0,4912535214534815.0,4912535214548575.0
1843,1,5120,256,0,0,24,0,32,64,"batch_decode_kernels::q_rope(float*, float const*, int, int, int, int, int, int, float const*, int)",1844,40,23609.0,320.0,720.0,7760.0,0.0,261120.0,80.0,4912535214681055.0,4912535214688095.0
1844,1,30720,256,0,0,16,0,32,64,"batch_decode_kernels::attention_score(float*, float const*, float const*, unsigned short const*, int, int, int, int, int, int, int, float)",1845,41,28409.0,9120.0,6720.0,102240.0,0.0,6120000.0,480.0,4912535214825696.0,4912535214835776.0
1845,1,20480,256,1024,0,20,4,48,64,"void attention_kernels::softmax_rows_kernel<256>(float*, int, int, int, int)",1846,51,25925.0,400.0,13360.0,12560.0,0.0,380960.0,320.0,4912535214969217.0,4912535214977537.0
1846,1,2621440,256,0,0,16,0,32,64,"batch_decode_kernels::latent_context(float*, float const*, unsigned short const*, int, int, int, int, int, int)",1847,23,66453.0,122880.0,204800.0,4669440.0,0.0,182353920.0,40960.0,4912535215127777.0,4912535215162657.0
1847,1,8192,256,11264,0,24,0,48,64,"batch_decode_kernels::mfma_head_gemm(float*, float const*, unsigned short const*, int, int, int, int, int, int, unsigned long)",1848,30,53779.0,3840.0,24832.0,138240.0,0.0,8644608.0,128.0,4912535215271938.0,4912535215297218.0
1848,1,8192,256,11264,0,24,0,48,64,"batch_decode_kernels::mfma_gemm(float*, float const*, unsigned short const*, int, int, int, int)",1849,21,144104.0,14336.0,96768.0,519936.0,0.0,33163264.0,128.0,4912535215414979.0,4912535215494659.0
1849,1,1280,256,1024,0,12,4,32,64,"batch_decode_kernels::rmsnorm(float*, float const*, unsigned short const*, int, int, float)",1850,33,33611.0,640.0,740.0,3865.0,0.0,245755.0,20.0,4912535215568899.0,4912535215581859.0
1850,1,256,256,11264,0,24,0,48,64,"batch_decode_kernels::mfma_gemm(float*, float const*, unsigned short const*, int, int, int, int)",1851,21,156538.0,432.0,3024.0,16232.0,0.0,1036032.0,4.0,4912535215711940.0,4912535215798020.0
1851,1,320,64,0,0,16,0,48,64,"void moe_kernels::router_topk_wave64_kernel<64>(float*, float const*, int*, float*, int, int, int, int, int, float)",1852,57,39313.0,130.0,600.0,2005.0,0.0,95325.0,5.0,4912535215864101.0,4912535215880101.0
1852,1,256,256,1024,0,12,4,64,64,"batch_decode_kernels::align_routes(int const*, int, int, int, int*, int*, int*)",1853,17,40544.0,17.0,272.0,429.0,0.0,5541.0,4.0,4912535216027141.0,4912535216044261.0
1853,1,349184,256,19968,0,36,4,48,64,"void batch_decode_kernels::grouped_expert_gate_up<16, 1>(float const*, char const*, unsigned long const*, unsigned long const*, int const*, int const*, float*, unsigned short*, int, int, int, int, int)",1854,36,232347.0,160512.0,377872.0,3234352.0,0.0,203216464.0,5456.0,4912535216174022.0,4912535216309863.0
1854,1,11264,256,19968,0,32,0,48,64,"batch_decode_kernels::mfma_gate_up_swiglu(float*, float const*, unsigned short const*, unsigned short const*, int, int, int)",1855,19,157710.0,30272.0,121088.0,850432.0,0.0,53281536.0,176.0,4912535216437703.0,4912535216525703.0
1855,1,507904,256,11264,0,24,0,48,64,"void batch_decode_kernels::grouped_expert_down<16, 1>(float const*, unsigned short const*, char const*, unsigned long const*, int const*, int const*, float*, int, int, int, int)",1856,26,140181.0,128640.0,401408.0,2422400.0,0.0,153992960.0,7936.0,4912535216598824.0,4912535216678024.0
1856,1,1280,256,0,0,12,4,32,64,"batch_decode_kernels::reduce_routes_add(float*, float const*, float const*, int, int, int)",1857,28,61629.0,2240.0,1520.0,5800.0,0.0,371200.0,20.0,4912535216750344.0,4912535216779785.0
1857,1,8192,256,11264,0,24,0,48,64,"batch_decode_kernels::mfma_gemm(float*, float const*, unsigned short const*, int, int, int, int)",1858,21,195055.0,19328.0,132480.0,712320.0,0.0,45475840.0,128.0,4912535216899785.0,4912535217009706.0
1858,1,1280,256,1024,0,12,4,32,64,"batch_decode_kernels::rmsnorm(float*, float const*, unsigned short const*, int, int, float)",1859,33,33704.0,640.0,740.0,3865.0,0.0,245755.0,20.0,4912535217162506.0,4912535217175306.0
1859,1,12288,256,11264,0,24,0,48,64,"batch_decode_kernels::mfma_gemm(float*, float const*, unsigned short const*, int, int, int, int)",1860,21,143101.0,20736.0,145152.0,779136.0,0.0,49729536.0,192.0,4912535217304747.0,4912535217383627.0
1860,1,2304,256,11264,0,24,0,48,64,"batch_decode_kernels::mfma_gemm(float*, float const*, unsigned short const*, int, int, int, int)",1861,21,145180.0,3888.0,27216.0,146088.0,0.0,9324288.0,36.0,4912535217457228.0,4912535217536908.0
1861,1,1280,256,1024,0,24,0,32,64,"batch_decode_kernels::kv_norm_rope(unsigned short*, float const*, unsigned short const*, int, int, int, int, int, int, float const*, int, float)",1862,39,29150.0,180.0,550.0,2175.0,0.0,125755.0,20.0,4912535217607788.0,4912535217618028.0
1862,1,32768,256,11264,0,24,0,48,64,"batch_decode_kernels::mfma_head_gemm(float*, float const*, unsigned short const*, int, int, int, int, int, int, unsigned long)",1863,30,33716.0,5376.0,27904.0,164352.0,0.0,9707520.0,512.0,4912535217753229.0,4912535217766669.0
1863,1,5120,256,0,0,24,0,32,64,"batch_decode_kernels::q_rope(float*, float const*, int, int, int, int, int, int, float const*, int)",1864,40,23493.0,320.0,720.0,7760.0,0.0,261120.0,80.0,4912535217900430.0,4912535217907150.0
1864,1,30720,256,0,0,16,0,32,64,"batch_decode_kernels::attention_score(float*, float const*, float const*, unsigned short const*, int, int, int, int, int, int, int, float)",1865,41,28615.0,9120.0,6720.0,102240.0,0.0,6120000.0,480.0,4912535218058350.0,4912535218068590.0
1865,1,20480,256,1024,0,20,4,48,64,"void attention_kernels::softmax_rows_kernel<256>(float*, int, int, int, int)",1866,51,24930.0,400.0,13360.0,12560.0,0.0,380960.0,320.0,4912535218203471.0,4912535218211471.0
1866,1,2621440,256,0,0,16,0,32,64,"batch_decode_kernels::latent_context(float*, float const*, unsigned short const*, int, int, int, int, int, int)",1867,23,66447.0,122880.0,204800.0,4669440.0,0.0,182353920.0,40960.0,4912535218345712.0,4912535218380272.0
1867,1,8192,256,11264,0,24,0,48,64,"batch_decode_kernels::mfma_head_gemm(float*, float const*, unsigned short const*, int, int, int, int, int, int, unsigned long)",1868,30,54442.0,3840.0,24832.0,138240.0,0.0,8644608.0,128.0,4912535218495312.0,4912535218520752.0
1868,1,8192,256,11264,0,24,0,48,64,"batch_decode_kernels::mfma_gemm(float*, float const*, unsigned short const*, int, int, int, int)",1869,21,145468.0,14336.0,96768.0,519936.0,0.0,33163264.0,128.0,4912535218638673.0,4912535218718993.0
1869,1,1280,256,1024,0,12,4,32,64,"batch_decode_kernels::rmsnorm(float*, float const*, unsigned short const*, int, int, float)",1870,33,32497.0,640.0,740.0,3865.0,0.0,245755.0,20.0,4912535218802514.0,4912535218814994.0
1870,1,256,256,11264,0,24,0,48,64,"batch_decode_kernels::mfma_gemm(float*, float const*, unsigned short const*, int, int, int, int)",1871,21,155185.0,432.0,3024.0,16232.0,0.0,1036032.0,4.0,4912535218967794.0,4912535219052915.0
1871,1,320,64,0,0,16,0,48,64,"void moe_kernels::router_topk_wave64_kernel<64>(float*, float const*, int*, float*, int, int, int, int, int, float)",1872,57,39195.0,130.0,600.0,2005.0,0.0,95340.0,5.0,4912535219129875.0,4912535219145875.0
1872,1,256,256,1024,0,12,4,64,64,"batch_decode_kernels::align_routes(int const*, int, int, int, int*, int*, int*)",1873,17,40700.0,17.0,272.0,429.0,0.0,5541.0,4.0,4912535219276596.0,4912535219293556.0
1873,1,349184,256,19968,0,36,4,48,64,"void batch_decode_kernels::grouped_expert_gate_up<16, 1>(float const*, char const*, unsigned long const*, unsigned long const*, int const*, int const*, float*, unsigned short*, int, int, int, int, int)",1874,36,232420.0,160512.0,377872.0,3234352.0,0.0,203216464.0,5456.0,4912535219424756.0,4912535219561077.0
1874,1,11264,256,19968,0,32,0,48,64,"batch_decode_kernels::mfma_gate_up_swiglu(float*, float const*, unsigned short const*, unsigned short const*, int, int, int)",1875,19,157020.0,30272.0,121088.0,850432.0,0.0,53281536.0,176.0,4912535219696118.0,4912535219783958.0
1875,1,507904,256,11264,0,24,0,48,64,"void batch_decode_kernels::grouped_expert_down<16, 1>(float const*, unsigned short const*, char const*, unsigned long const*, int const*, int const*, float*, int, int, int, int)",1876,26,138158.0,128640.0,401408.0,2422400.0,0.0,153992960.0,7936.0,4912535219966519.0,4912535220044759.0
1876,1,1280,256,0,0,12,4,32,64,"batch_decode_kernels::reduce_routes_add(float*, float const*, float const*, int, int, int)",1877,28,62930.0,2240.0,1520.0,5800.0,0.0,371200.0,20.0,4912535220115960.0,4912535220146360.0
1877,1,8192,256,11264,0,24,0,48,64,"batch_decode_kernels::mfma_gemm(float*, float const*, unsigned short const*, int, int, int, int)",1878,21,195380.0,19328.0,132480.0,712320.0,0.0,45475840.0,128.0,4912535220261080.0,4912535220371481.0
1878,1,1280,256,1024,0,12,4,32,64,"batch_decode_kernels::rmsnorm(float*, float const*, unsigned short const*, int, int, float)",1879,33,32979.0,640.0,740.0,3865.0,0.0,245755.0,20.0,4912535220539961.0,4912535220552601.0
1879,1,12288,256,11264,0,24,0,48,64,"batch_decode_kernels::mfma_gemm(float*, float const*, unsigned short const*, int, int, int, int)",1880,21,141407.0,20736.0,145152.0,779136.0,0.0,49729536.0,192.0,4912535220690202.0,4912535220768122.0
1880,1,2304,256,11264,0,24,0,48,64,"batch_decode_kernels::mfma_gemm(float*, float const*, unsigned short const*, int, int, int, int)",1881,21,145799.0,3888.0,27216.0,146088.0,0.0,9324288.0,36.0,4912535220843483.0,4912535220923483.0
1881,1,1280,256,1024,0,24,0,32,64,"batch_decode_kernels::kv_norm_rope(unsigned short*, float const*, unsigned short const*, int, int, int, int, int, int, float const*, int, float)",1882,39,29716.0,180.0,550.0,2175.0,0.0,125755.0,20.0,4912535220996283.0,4912535221006683.0
1882,1,32768,256,11264,0,24,0,48,64,"batch_decode_kernels::mfma_head_gemm(float*, float const*, unsigned short const*, int, int, int, int, int, int, unsigned long)",1883,30,32721.0,5376.0,27904.0,164352.0,0.0,9707520.0,512.0,4912535221160764.0,4912535221173564.0
1883,1,5120,256,0,0,24,0,32,64,"batch_decode_kernels::q_rope(float*, float const*, int, int, int, int, int, int, float const*, int)",1884,40,23945.0,320.0,720.0,7760.0,0.0,261120.0,80.0,4912535221314685.0,4912535221321725.0
1884,1,30720,256,0,0,16,0,32,64,"batch_decode_kernels::attention_score(float*, float const*, float const*, unsigned short const*, int, int, int, int, int, int, int, float)",1885,41,28345.0,9120.0,6720.0,102240.0,0.0,6120000.0,480.0,4912535221458846.0,4912535221468766.0
1885,1,20480,256,1024,0,20,4,48,64,"void attention_kernels::softmax_rows_kernel<256>(float*, int, int, int, int)",1886,51,25429.0,400.0,13360.0,12560.0,0.0,380960.0,320.0,4912535221620286.0,4912535221628766.0
1886,1,2621440,256,0,0,16,0,32,64,"batch_decode_kernels::latent_context(float*, float const*, unsigned short const*, int, int, int, int, int, int)",1887,23,66086.0,122880.0,204800.0,4669440.0,0.0,182353920.0,40960.0,4912535221766367.0,4912535221801087.0
1887,1,8192,256,11264,0,24,0,48,64,"batch_decode_kernels::mfma_head_gemm(float*, float const*, unsigned short const*, int, int, int, int, int, int, unsigned long)",1888,30,54529.0,3840.0,24832.0,138240.0,0.0,8644608.0,128.0,4912535221913728.0,4912535221939328.0
1888,1,8192,256,11264,0,24,0,48,64,"batch_decode_kernels::mfma_gemm(float*, float const*, unsigned short const*, int, int, int, int)",1889,21,146575.0,14336.0,96768.0,519936.0,0.0,33163264.0,128.0,4912535222095648.0,4912535222176609.0
1889,1,1280,256,1024,0,12,4,32,64,"batch_decode_kernels::rmsnorm(float*, float const*, unsigned short const*, int, int, float)",1890,33,32007.0,640.0,740.0,3865.0,0.0,245755.0,20.0,4912535222245409.0,4912535222257569.0
1890,1,256,256,11264,0,24,0,48,64,"batch_decode_kernels::mfma_gemm(float*, float const*, unsigned short const*, int, int, int, int)",1891,21,155257.0,432.0,3024.0,16232.0,0.0,1036032.0,4.0,4912535222391970.0,4912535222477410.0
1891,1,320,64,0,0,16,0,48,64,"void moe_kernels::router_topk_wave64_kernel<64>(float*, float const*, int*, float*, int, int, int, int, int, float)",1892,57,40092.0,130.0,600.0,2005.0,0.0,95345.0,5.0,4912535222552610.0,4912535222569730.0
1892,1,256,256,1024,0,12,4,64,64,"batch_decode_kernels::align_routes(int const*, int, int, int, int*, int*, int*)",1893,17,40350.0,17.0,272.0,429.0,0.0,5541.0,4.0,4912535222699491.0,4912535222716451.0
1893,1,349184,256,19968,0,36,4,48,64,"void batch_decode_kernels::grouped_expert_gate_up<16, 1>(float const*, char const*, unsigned long const*, unsigned long const*, int const*, int const*, float*, unsigned short*, int, int, int, int, int)",1894,36,234386.0,160512.0,377872.0,3234352.0,0.0,203216464.0,5456.0,4912535222850052.0,4912535222987172.0
1894,1,11264,256,19968,0,32,0,48,64,"batch_decode_kernels::mfma_gate_up_swiglu(float*, float const*, unsigned short const*, unsigned short const*, int, int, int)",1895,19,158216.0,30272.0,121088.0,850432.0,0.0,53281536.0,176.0,4912535223130533.0,4912535223219013.0
1895,1,507904,256,11264,0,24,0,48,64,"void batch_decode_kernels::grouped_expert_down<16, 1>(float const*, unsigned short const*, char const*, unsigned long const*, int const*, int const*, float*, int, int, int, int)",1896,26,142723.0,128640.0,401408.0,2422400.0,0.0,153992960.0,7936.0,4912535223405094.0,4912535223485575.0
1896,1,1280,256,0,0,12,4,32,64,"batch_decode_kernels::reduce_routes_add(float*, float const*, float const*, int, int, int)",1897,28,61672.0,2240.0,1520.0,5800.0,0.0,371200.0,20.0,4912535223552295.0,4912535223581575.0
1897,1,8192,256,11264,0,24,0,48,64,"batch_decode_kernels::mfma_gemm(float*, float const*, unsigned short const*, int, int, int, int)",1898,21,196693.0,19328.0,132480.0,712320.0,0.0,45475840.0,128.0,4912535223701096.0,4912535223811976.0
1898,1,1280,256,1024,0,12,4,32,64,"batch_decode_kernels::rmsnorm(float*, float const*, unsigned short const*, int, int, float)",1899,33,33631.0,640.0,740.0,3865.0,0.0,245755.0,20.0,4912535223972777.0,4912535223985737.0
1899,1,12288,256,11264,0,24,0,48,64,"batch_decode_kernels::mfma_gemm(float*, float const*, unsigned short const*, int, int, int, int)",1900,21,141193.0,20736.0,145152.0,779136.0,0.0,49729536.0,192.0,4912535224127657.0,4912535224205738.0
1900,1,2304,256,11264,0,24,0,48,64,"batch_decode_kernels::mfma_gemm(float*, float const*, unsigned short const*, int, int, int, int)",1901,21,145463.0,3888.0,27216.0,146088.0,0.0,9324288.0,36.0,4912535224280618.0,4912535224360298.0
1901,1,1280,256,1024,0,24,0,32,64,"batch_decode_kernels::kv_norm_rope(unsigned short*, float const*, unsigned short const*, int, int, int, int, int, int, float const*, int, float)",1902,39,27831.0,180.0,550.0,2175.0,0.0,125755.0,20.0,4912535224438539.0,4912535224448139.0
1902,1,32768,256,11264,0,24,0,48,64,"batch_decode_kernels::mfma_head_gemm(float*, float const*, unsigned short const*, int, int, int, int, int, int, unsigned long)",1903,30,32396.0,5376.0,27904.0,164352.0,0.0,9707520.0,512.0,4912535224583819.0,4912535224596300.0
1903,1,5120,256,0,0,24,0,32,64,"batch_decode_kernels::q_rope(float*, float const*, int, int, int, int, int, int, float const*, int)",1904,40,24102.0,320.0,720.0,7760.0,0.0,261120.0,80.0,4912535224739180.0,4912535224746540.0
1904,1,30720,256,0,0,16,0,32,64,"batch_decode_kernels::attention_score(float*, float const*, float const*, unsigned short const*, int, int, int, int, int, int, int, float)",1905,41,27834.0,9120.0,6720.0,102240.0,0.0,6120000.0,480.0,4912535224890381.0,4912535224900141.0
1905,1,20480,256,1024,0,20,4,48,64,"void attention_kernels::softmax_rows_kernel<256>(float*, int, int, int, int)",1906,51,26596.0,400.0,13360.0,12560.0,0.0,380960.0,320.0,4912535225044462.0,4912535225052782.0
1906,1,2621440,256,0,0,16,0,32,64,"batch_decode_kernels::latent_context(float*, float const*, unsigned short const*, int, int, int, int, int, int)",1907,23,65599.0,122880.0,204800.0,4669440.0,0.0,182353920.0,40960.0,4912535225193902.0,4912535225228462.0
1907,1,8192,256,11264,0,24,0,48,64,"batch_decode_kernels::mfma_head_gemm(float*, float const*, unsigned short const*, int, int, int, int, int, int, unsigned long)",1908,30,53451.0,3840.0,24832.0,138240.0,0.0,8644608.0,128.0,4912535225356943.0,4912535225382063.0
1908,1,8192,256,11264,0,24,0,48,64,"batch_decode_kernels::mfma_gemm(float*, float const*, unsigned short const*, int, int, int, int)",1909,21,144679.0,14336.0,96768.0,519936.0,0.0,33163264.0,128.0,4912535225503664.0,4912535225583504.0
1909,1,1280,256,1024,0,12,4,32,64,"batch_decode_kernels::rmsnorm(float*, float const*, unsigned short const*, int, int, float)",1910,33,32727.0,640.0,740.0,3865.0,0.0,245755.0,20.0,4912535225664464.0,4912535225676784.0
1910,1,256,256,11264,0,24,0,48,64,"batch_decode_kernels::mfma_gemm(float*, float const*, unsigned short const*, int, int, int, int)",1911,21,158673.0,432.0,3024.0,16232.0,0.0,1036032.0,4.0,4912535225815985.0,4912535225903345.0
1911,1,320,64,0,0,16,0,48,64,"void moe_kernels::router_topk_wave64_kernel<64>(float*, float const*, int*, float*, int, int, int, int, int, float)",1912,57,38433.0,130.0,600.0,2005.0,0.0,95335.0,5.0,4912535225972146.0,4912535225987826.0
1912,1,256,256,1024,0,12,4,64,64,"batch_decode_kernels::align_routes(int const*, int, int, int, int*, int*, int*)",1913,17,40335.0,17.0,272.0,429.0,0.0,5541.0,4.0,4912535226130066.0,4912535226147026.0
1913,1,349184,256,19968,0,36,4,48,64,"void batch_decode_kernels::grouped_expert_gate_up<16, 1>(float const*, char const*, unsigned long const*, unsigned long const*, int const*, int const*, float*, unsigned short*, int, int, int, int, int)",1914,36,232490.0,160512.0,377872.0,3234352.0,0.0,203216464.0,5456.0,4912535226281267.0,4912535226417268.0
1914,1,11264,256,19968,0,32,0,48,64,"batch_decode_kernels::mfma_gate_up_swiglu(float*, float const*, unsigned short const*, unsigned short const*, int, int, int)",1915,19,156568.0,30272.0,121088.0,850432.0,0.0,53281536.0,176.0,4912535226562228.0,4912535226649589.0
1915,1,507904,256,11264,0,24,0,48,64,"void batch_decode_kernels::grouped_expert_down<16, 1>(float const*, unsigned short const*, char const*, unsigned long const*, int const*, int const*, float*, int, int, int, int)",1916,26,141775.0,128640.0,401408.0,2422400.0,0.0,153992960.0,7936.0,4912535226722549.0,4912535226802869.0
1916,1,1280,256,0,0,12,4,32,64,"batch_decode_kernels::reduce_routes_add(float*, float const*, float const*, int, int, int)",1917,28,62534.0,2240.0,1520.0,5800.0,0.0,371200.0,20.0,4912535226884790.0,4912535226914870.0
1917,1,8192,256,11264,0,24,0,48,64,"batch_decode_kernels::mfma_gemm(float*, float const*, unsigned short const*, int, int, int, int)",1918,21,195329.0,19328.0,132480.0,712320.0,0.0,45475840.0,128.0,4912535227048790.0,4912535227159031.0
1918,1,1280,256,1024,0,12,4,32,64,"batch_decode_kernels::rmsnorm(float*, float const*, unsigned short const*, int, int, float)",1919,33,32425.0,640.0,740.0,3865.0,0.0,245755.0,20.0,4912535227328152.0,4912535227340312.0
1919,1,12288,256,11264,0,24,0,48,64,"batch_decode_kernels::mfma_gemm(float*, float const*, unsigned short const*, int, int, int, int)",1920,21,143743.0,20736.0,145152.0,779136.0,0.0,49729536.0,192.0,4912535227475832.0,4912535227555193.0
1920,1,2304,256,11264,0,24,0,48,64,"batch_decode_kernels::mfma_gemm(float*, float const*, unsigned short const*, int, int, int, int)",1921,21,146716.0,3888.0,27216.0,146088.0,0.0,9324288.0,36.0,4912535227625273.0,4912535227706073.0
1921,1,1280,256,1024,0,24,0,32,64,"batch_decode_kernels::kv_norm_rope(unsigned short*, float const*, unsigned short const*, int, int, int, int, int, int, float const*, int, float)",1922,39,28999.0,180.0,550.0,2175.0,0.0,125755.0,20.0,4912535227779354.0,4912535227789594.0
1922,1,32768,256,11264,0,24,0,48,64,"batch_decode_kernels::mfma_head_gemm(float*, float const*, unsigned short const*, int, int, int, int, int, int, unsigned long)",1923,30,33715.0,5376.0,27904.0,164352.0,0.0,9707520.0,512.0,4912535227932474.0,4912535227945914.0
1923,1,5120,256,0,0,24,0,32,64,"batch_decode_kernels::q_rope(float*, float const*, int, int, int, int, int, int, float const*, int)",1924,40,24365.0,320.0,720.0,7760.0,0.0,261120.0,80.0,4912535228093755.0,4912535228101115.0
1924,1,30720,256,0,0,16,0,32,64,"batch_decode_kernels::attention_score(float*, float const*, float const*, unsigned short const*, int, int, int, int, int, int, int, float)",1925,41,28684.0,9120.0,6720.0,102240.0,0.0,6120000.0,480.0,4912535228243036.0,4912535228252956.0
1925,1,20480,256,1024,0,20,4,48,64,"void attention_kernels::softmax_rows_kernel<256>(float*, int, int, int, int)",1926,51,25217.0,400.0,13360.0,12560.0,0.0,380960.0,320.0,4912535228393916.0,4912535228401917.0
1926,1,2621440,256,0,0,16,0,32,64,"batch_decode_kernels::latent_context(float*, float const*, unsigned short const*, int, int, int, int, int, int)",1927,23,66767.0,122880.0,204800.0,4669440.0,0.0,182353920.0,40960.0,4912535228557597.0,4912535228592317.0
1927,1,8192,256,11264,0,24,0,48,64,"batch_decode_kernels::mfma_head_gemm(float*, float const*, unsigned short const*, int, int, int, int, int, int, unsigned long)",1928,30,54546.0,3840.0,24832.0,138240.0,0.0,8644608.0,128.0,4912535228710718.0,4912535228736318.0
1928,1,8192,256,11264,0,24,0,48,64,"batch_decode_kernels::mfma_gemm(float*, float const*, unsigned short const*, int, int, int, int)",1929,21,145164.0,14336.0,96768.0,519936.0,0.0,33163264.0,128.0,4912535228860639.0,4912535228940639.0
1929,1,1280,256,1024,0,12,4,32,64,"batch_decode_kernels::rmsnorm(float*, float const*, unsigned short const*, int, int, float)",1930,33,32045.0,640.0,740.0,3865.0,0.0,245755.0,20.0,4912535229056159.0,4912535229068159.0
1930,1,256,256,11264,0,24,0,48,64,"batch_decode_kernels::mfma_gemm(float*, float const*, unsigned short const*, int, int, int, int)",1931,21,159605.0,432.0,3024.0,16232.0,0.0,1036032.0,4.0,4912535229210720.0,4912535229298561.0
1931,1,320,64,0,0,16,0,48,64,"void moe_kernels::router_topk_wave64_kernel<64>(float*, float const*, int*, float*, int, int, int, int, int, float)",1932,57,41529.0,130.0,600.0,2005.0,0.0,95335.0,5.0,4912535229370561.0,4912535229388001.0
1932,1,256,256,1024,0,12,4,64,64,"batch_decode_kernels::align_routes(int const*, int, int, int, int*, int*, int*)",1933,17,39856.0,17.0,272.0,429.0,0.0,5541.0,4.0,4912535229525122.0,4912535229541922.0
1933,1,349184,256,19968,0,36,4,48,64,"void batch_decode_kernels::grouped_expert_gate_up<16, 1>(float const*, char const*, unsigned long const*, unsigned long const*, int const*, int const*, float*, unsigned short*, int, int, int, int, int)",1934,36,235030.0,160512.0,377872.0,3234352.0,0.0,203216464.0,5456.0,4912535229674242.0,4912535229811683.0
1934,1,11264,256,19968,0,32,0,48,64,"batch_decode_kernels::mfma_gate_up_swiglu(float*, float const*, unsigned short const*, unsigned short const*, int, int, int)",1935,19,158425.0,30272.0,121088.0,850432.0,0.0,53281536.0,176.0,4912535229954723.0,4912535230043204.0
1935,1,507904,256,11264,0,24,0,48,64,"void batch_decode_kernels::grouped_expert_down<16, 1>(float const*, unsigned short const*, char const*, unsigned long const*, int const*, int const*, float*, int, int, int, int)",1936,26,140349.0,128640.0,401408.0,2422400.0,0.0,153992960.0,7936.0,4912535230114404.0,4912535230193765.0
1936,1,1280,256,0,0,12,4,32,64,"batch_decode_kernels::reduce_routes_add(float*, float const*, float const*, int, int, int)",1937,28,63234.0,2240.0,1520.0,5800.0,0.0,371200.0,20.0,4912535230269925.0,4912535230300165.0
1937,1,8192,256,11264,0,24,0,48,64,"batch_decode_kernels::mfma_gemm(float*, float const*, unsigned short const*, int, int, int, int)",1938,21,193719.0,19328.0,132480.0,712320.0,0.0,45475840.0,128.0,4912535230421926.0,4912535230531206.0
1938,1,1280,256,1024,0,12,4,32,64,"batch_decode_kernels::rmsnorm(float*, float const*, unsigned short const*, int, int, float)",1939,33,32497.0,640.0,740.0,3865.0,0.0,245755.0,20.0,4912535230704167.0,4912535230716487.0
1939,1,12288,256,11264,0,24,0,48,64,"batch_decode_kernels::mfma_gemm(float*, float const*, unsigned short const*, int, int, int, int)",1940,21,142213.0,20736.0,145152.0,779136.0,0.0,49729536.0,192.0,4912535230854247.0,4912535230932968.0
1940,1,2304,256,11264,0,24,0,48,64,"batch_decode_kernels::mfma_gemm(float*, float const*, unsigned short const*, int, int, int, int)",1941,21,143588.0,3888.0,27216.0,146088.0,0.0,9324288.0,36.0,4912535231008648.0,4912535231087049.0
1941,1,1280,256,1024,0,24,0,32,64,"batch_decode_kernels::kv_norm_rope(unsigned short*, float const*, unsigned short const*, int, int, int, int, int, int, float const*, int, float)",1942,39,28378.0,180.0,550.0,2175.0,0.0,125755.0,20.0,4912535231169289.0,4912535231179369.0
1942,1,32768,256,11264,0,24,0,48,64,"batch_decode_kernels::mfma_head_gemm(float*, float const*, unsigned short const*, int, int, int, int, int, int, unsigned long)",1943,30,33971.0,5376.0,27904.0,164352.0,0.0,9707520.0,512.0,4912535231320490.0,4912535231333770.0
1943,1,5120,256,0,0,24,0,32,64,"batch_decode_kernels::q_rope(float*, float const*, int, int, int, int, int, int, float const*, int)",1944,40,23377.0,320.0,720.0,7760.0,0.0,261120.0,80.0,4912535231478570.0,4912535231485450.0
1944,1,30720,256,0,0,16,0,32,64,"batch_decode_kernels::attention_score(float*, float const*, float const*, unsigned short const*, int, int, int, int, int, int, int, float)",1945,41,28183.0,9120.0,6720.0,102240.0,0.0,6120000.0,480.0,4912535231637931.0,4912535231648011.0
1945,1,20480,256,1024,0,20,4,48,64,"void attention_kernels::softmax_rows_kernel<256>(float*, int, int, int, int)",1946,51,26451.0,400.0,13360.0,12560.0,0.0,380960.0,320.0,4912535231789292.0,4912535231797932.0
1946,1,2621440,256,0,0,16,0,32,64,"batch_decode_kernels::latent_context(float*, float const*, unsigned short const*, int, int, int, int, int, int)",1947,23,67027.0,122880.0,204800.0,4669440.0,0.0,182353920.0,40960.0,4912535231944652.0,4912535231979372.0
1947,1,8192,256,11264,0,24,0,48,64,"batch_decode_kernels::mfma_head_gemm(float*, float const*, unsigned short const*, int, int, int, int, int, int, unsigned long)",1948,30,54690.0,3840.0,24832.0,138240.0,0.0,8644608.0,128.0,4912535232104173.0,4912535232129773.0
1948,1,8192,256,11264,0,24,0,48,64,"batch_decode_kernels::mfma_gemm(float*, float const*, unsigned short const*, int, int, int, int)",1949,21,143002.0,14336.0,96768.0,519936.0,0.0,33163264.0,128.0,4912535232261934.0,4912535232340654.0
1949,1,1280,256,1024,0,12,4,32,64,"batch_decode_kernels::rmsnorm(float*, float const*, unsigned short const*, int, int, float)",1950,33,33289.0,640.0,740.0,3865.0,0.0,245755.0,20.0,4912535232415374.0,4912535232428174.0
1950,1,256,256,11264,0,24,0,48,64,"batch_decode_kernels::mfma_gemm(float*, float const*, unsigned short const*, int, int, int, int)",1951,21,153314.0,432.0,3024.0,16232.0,0.0,1036032.0,4.0,4912535232583535.0,4912535232667696.0
1951,1,320,64,0,0,16,0,48,64,"void moe_kernels::router_topk_wave64_kernel<64>(float*, float const*, int*, float*, int, int, int, int, int, float)",1952,57,38900.0,130.0,600.0,2005.0,0.0,95330.0,5.0,4912535232743376.0,4912535232759376.0
1952,1,256,256,1024,0,12,4,64,64,"batch_decode_kernels::align_routes(int const*, int, int, int, int*, int*, int*)",1953,17,40418.0,17.0,272.0,429.0,0.0,5541.0,4.0,4912535232900657.0,4912535232917457.0
1953,1,349184,256,19968,0,36,4,48,64,"void batch_decode_kernels::grouped_expert_gate_up<16, 1>(float const*, char const*, unsigned long const*, unsigned long const*, int const*, int const*, float*, unsigned short*, int, int, int, int, int)",1954,36,232858.0,160512.0,377872.0,3234352.0,0.0,203216464.0,5456.0,4912535233064337.0,4912535233200338.0
1954,1,11264,256,19968,0,32,0,48,64,"batch_decode_kernels::mfma_gate_up_swiglu(float*, float const*, unsigned short const*, unsigned short const*, int, int, int)",1955,19,158667.0,30272.0,121088.0,850432.0,0.0,53281536.0,176.0,4912535233348019.0,4912535233436499.0
1955,1,507904,256,11264,0,24,0,48,64,"void batch_decode_kernels::grouped_expert_down<16, 1>(float const*, unsigned short const*, char const*, unsigned long const*, int const*, int const*, float*, int, int, int, int)",1956,26,141771.0,128640.0,401408.0,2422400.0,0.0,153992960.0,7936.0,4912535233508499.0,4912535233588980.0
1956,1,1280,256,0,0,12,4,32,64,"batch_decode_kernels::reduce_routes_add(float*, float const*, float const*, int, int, int)",1957,28,62132.0,2240.0,1520.0,5800.0,0.0,371200.0,20.0,4912535233664340.0,4912535233694420.0
1957,1,8192,256,11264,0,24,0,48,64,"batch_decode_kernels::mfma_gemm(float*, float const*, unsigned short const*, int, int, int, int)",1958,21,192597.0,19328.0,132480.0,712320.0,0.0,45475840.0,128.0,4912535233820341.0,4912535233928821.0
1958,1,1280,256,1024,0,12,4,32,64,"batch_decode_kernels::rmsnorm(float*, float const*, unsigned short const*, int, int, float)",1959,33,32016.0,640.0,740.0,3865.0,0.0,245755.0,20.0,4912535234001462.0,4912535234013622.0
1959,1,12288,256,11264,0,24,0,48,64,"batch_decode_kernels::mfma_gemm(float*, float const*, unsigned short const*, int, int, int, int)",1960,21,143363.0,20736.0,145152.0,779136.0,0.0,49729536.0,192.0,4912535234181302.0,4912535234260663.0
1960,1,2304,256,11264,0,24,0,48,64,"batch_decode_kernels::mfma_gemm(float*, float const*, unsigned short const*, int, int, int, int)",1961,21,144718.0,3888.0,27216.0,146088.0,0.0,9324288.0,36.0,4912535234336983.0,4912535234416343.0
1961,1,1280,256,1024,0,24,0,32,64,"batch_decode_kernels::kv_norm_rope(unsigned short*, float const*, unsigned short const*, int, int, int, int, int, int, float const*, int, float)",1962,39,29946.0,180.0,550.0,2175.0,0.0,125755.0,20.0,4912535234494584.0,4912535234505304.0
1962,1,32768,256,11264,0,24,0,48,64,"batch_decode_kernels::mfma_head_gemm(float*, float const*, unsigned short const*, int, int, int, int, int, int, unsigned long)",1963,30,33024.0,5376.0,27904.0,164352.0,0.0,9707520.0,512.0,4912535234663864.0,4912535234676665.0
1963,1,5120,256,0,0,24,0,32,64,"batch_decode_kernels::q_rope(float*, float const*, int, int, int, int, int, int, float const*, int)",1964,40,24520.0,320.0,720.0,7760.0,0.0,261120.0,80.0,4912535234822105.0,4912535234829625.0
1964,1,30720,256,0,0,16,0,32,64,"batch_decode_kernels::attention_score(float*, float const*, float const*, unsigned short const*, int, int, int, int, int, int, int, float)",1965,41,27632.0,9120.0,6720.0,102240.0,0.0,6120000.0,480.0,4912535234977786.0,4912535234987386.0
1965,1,20480,256,1024,0,20,4,48,64,"void attention_kernels::softmax_rows_kernel<256>(float*, int, int, int, int)",1966,51,26095.0,400.0,13360.0,12560.0,0.0,380960.0,320.0,4912535235147067.0,4912535235155387.0
1966,1,2621440,256,0,0,16,0,32,64,"batch_decode_kernels::latent_context(float*, float const*, unsigned short const*, int, int, int, int, int, int)",1967,23,66703.0,122880.0,204800.0,4669440.0,0.0,182353920.0,40960.0,4912535235300987.0,4912535235335707.0
1967,1,8192,256,11264,0,24,0,48,64,"batch_decode_kernels::mfma_head_gemm(float*, float const*, unsigned short const*, int, int, int, int, int, int, unsigned long)",1968,30,53823.0,3840.0,24832.0,138240.0,0.0,8644608.0,128.0,4912535235461788.0,4912535235487068.0
1968,1,8192,256,11264,0,24,0,48,64,"batch_decode_kernels::mfma_gemm(float*, float const*, unsigned short const*, int, int, int, int)",1969,21,144590.0,14336.0,96768.0,519936.0,0.0,33163264.0,128.0,4912535235618749.0,4912535235698109.0
1969,1,1280,256,1024,0,12,4,32,64,"batch_decode_kernels::rmsnorm(float*, float const*, unsigned short const*, int, int, float)",1970,33,31211.0,640.0,740.0,3865.0,0.0,245755.0,20.0,4912535235772829.0,4912535235784509.0
1970,1,256,256,11264,0,24,0,48,64,"batch_decode_kernels::mfma_gemm(float*, float const*, unsigned short const*, int, int, int, int)",1971,21,157056.0,432.0,3024.0,16232.0,0.0,1036032.0,4.0,4912535235931870.0,4912535236018431.0
1971,1,320,64,0,0,16,0,48,64,"void moe_kernels::router_topk_wave64_kernel<64>(float*, float const*, int*, float*, int, int, int, int, int, float)",1972,57,37846.0,130.0,600.0,2005.0,0.0,95345.0,5.0,4912535236101631.0,4912535236117471.0
1972,1,256,256,1024,0,12,4,64,64,"batch_decode_kernels::align_routes(int const*, int, int, int, int*, int*, int*)",1973,17,40941.0,17.0,272.0,429.0,0.0,5541.0,4.0,4912535236259872.0,4912535236276992.0
1973,1,349184,256,19968,0,36,4,48,64,"void batch_decode_kernels::grouped_expert_gate_up<16, 1>(float const*, char const*, unsigned long const*, unsigned long const*, int const*, int const*, float*, unsigned short*, int, int, int, int, int)",1974,36,231641.0,160512.0,377872.0,3234352.0,0.0,203216464.0,5456.0,4912535236416672.0,4912535236552513.0
1974,1,11264,256,19968,0,32,0,48,64,"batch_decode_kernels::mfma_gate_up_swiglu(float*, float const*, unsigned short const*, unsigned short const*, int, int, int)",1975,19,157801.0,30272.0,121088.0,850432.0,0.0,53281536.0,176.0,4912535236709634.0,4912535236797794.0
1975,1,507904,256,11264,0,24,0,48,64,"void batch_decode_kernels::grouped_expert_down<16, 1>(float const*, unsigned short const*, char const*, unsigned long const*, int const*, int const*, float*, int, int, int, int)",1976,26,140579.0,128640.0,401408.0,2422400.0,0.0,153992960.0,7936.0,4912535236874914.0,4912535236954595.0
1976,1,1280,256,0,0,12,4,32,64,"batch_decode_kernels::reduce_routes_add(float*, float const*, float const*, int, int, int)",1977,28,61789.0,2240.0,1520.0,5800.0,0.0,371200.0,20.0,4912535237046915.0,4912535237076515.0
1977,1,8192,256,11264,0,24,0,48,64,"batch_decode_kernels::mfma_gemm(float*, float const*, unsigned short const*, int, int, int, int)",1978,21,193982.0,19328.0,132480.0,712320.0,0.0,45475840.0,128.0,4912535237204356.0,4912535237313636.0
1978,1,1280,256,1024,0,12,4,32,64,"batch_decode_kernels::rmsnorm(float*, float const*, unsigned short const*, int, int, float)",1979,33,32703.0,640.0,740.0,3865.0,0.0,245755.0,20.0,4912535237494437.0,4912535237506757.0
1979,1,12288,256,11264,0,24,0,48,64,"batch_decode_kernels::mfma_gemm(float*, float const*, unsigned short const*, int, int, int, int)",1980,21,142301.0,20736.0,145152.0,779136.0,0.0,49729536.0,192.0,4912535237650118.0,4912535237728838.0
1980,1,2304,256,11264,0,24,0,48,64,"batch_decode_kernels::mfma_gemm(float*, float const*, unsigned short const*, int, int, int, int)",1981,21,143665.0,3888.0,27216.0,146088.0,0.0,9324288.0,36.0,4912535237810919.0,4912535237889479.0
1981,1,1280,256,1024,0,24,0,32,64,"batch_decode_kernels::kv_norm_rope(unsigned short*, float const*, unsigned short const*, int, int, int, int, int, int, float const*, int, float)",1982,39,28435.0,180.0,550.0,2175.0,0.0,125755.0,20.0,4912535237967239.0,4912535237976999.0
1982,1,32768,256,11264,0,24,0,48,64,"batch_decode_kernels::mfma_head_gemm(float*, float const*, unsigned short const*, int, int, int, int, int, int, unsigned long)",1983,30,34170.0,5376.0,27904.0,164352.0,0.0,9707520.0,512.0,4912535238138120.0,4912535238151720.0
1983,1,5120,256,0,0,24,0,32,64,"batch_decode_kernels::q_rope(float*, float const*, int, int, int, int, int, int, float const*, int)",1984,40,23505.0,320.0,720.0,7760.0,0.0,261120.0,80.0,4912535238292841.0,4912535238299881.0
1984,1,30720,256,0,0,16,0,32,64,"batch_decode_kernels::attention_score(float*, float const*, float const*, unsigned short const*, int, int, int, int, int, int, int, float)",1985,41,28730.0,9120.0,6720.0,102240.0,0.0,6120000.0,480.0,4912535238450441.0,4912535238460841.0
1985,1,20480,256,1024,0,20,4,48,64,"void attention_kernels::softmax_rows_kernel<256>(float*, int, int, int, int)",1986,51,26386.0,400.0,13360.0,12560.0,0.0,380960.0,320.0,4912535238612842.0,4912535238621642.0
1986,1,2621440,256,0,0,16,0,32,64,"batch_decode_kernels::latent_context(float*, float const*, unsigned short const*, int, int, int, int, int, int)",1987,23,66974.0,122880.0,204800.0,4669440.0,0.0,182353920.0,40960.0,4912535238769643.0,4912535238804683.0
1987,1,8192,256,11264,0,24,0,48,64,"batch_decode_kernels::mfma_head_gemm(float*, float const*, unsigned short const*, int, int, int, int, int, int, unsigned long)",1988,30,54549.0,3840.0,24832.0,138240.0,0.0,8644608.0,128.0,4912535238928364.0,4912535238954284.0
1988,1,8192,256,11264,0,24,0,48,64,"batch_decode_kernels::mfma_gemm(float*, float const*, unsigned short const*, int, int, int, int)",1989,21,145921.0,14336.0,96768.0,519936.0,0.0,33163264.0,128.0,4912535239095084.0,4912535239175565.0
1989,1,1280,256,1024,0,12,4,32,64,"batch_decode_kernels::rmsnorm(float*, float const*, unsigned short const*, int, int, float)",1990,33,33170.0,640.0,740.0,3865.0,0.0,245755.0,20.0,4912535239251725.0,4912535239264525.0
1990,1,256,256,11264,0,24,0,48,64,"batch_decode_kernels::mfma_gemm(float*, float const*, unsigned short const*, int, int, int, int)",1991,21,155131.0,432.0,3024.0,16232.0,0.0,1036032.0,4.0,4912535239413646.0,4912535239498766.0
1991,1,320,64,0,0,16,0,48,64,"void moe_kernels::router_topk_wave64_kernel<64>(float*, float const*, int*, float*, int, int, int, int, int, float)",1992,57,39296.0,130.0,600.0,2005.0,0.0,95345.0,5.0,4912535239570286.0,4912535239586606.0
1992,1,256,256,1024,0,12,4,64,64,"batch_decode_kernels::align_routes(int const*, int, int, int, int*, int*, int*)",1993,17,40310.0,17.0,272.0,429.0,0.0,5541.0,4.0,4912535239729647.0,4912535239746447.0
1993,1,349184,256,19968,0,36,4,48,64,"void batch_decode_kernels::grouped_expert_gate_up<16, 1>(float const*, char const*, unsigned long const*, unsigned long const*, int const*, int const*, float*, unsigned short*, int, int, int, int, int)",1994,36,231657.0,160512.0,377872.0,3234352.0,0.0,203216464.0,5456.0,4912535239893808.0,4912535240029008.0
1994,1,11264,256,19968,0,32,0,48,64,"batch_decode_kernels::mfma_gate_up_swiglu(float*, float const*, unsigned short const*, unsigned short const*, int, int, int)",1995,19,160440.0,30272.0,121088.0,850432.0,0.0,53281536.0,176.0,4912535240205009.0,4912535240294930.0
1995,1,507904,256,11264,0,24,0,48,64,"void batch_decode_kernels::grouped_expert_down<16, 1>(float const*, unsigned short const*, char const*, unsigned long const*, int const*, int const*, float*, int, int, int, int)",1996,26,141012.0,128640.0,401408.0,2422400.0,0.0,153992960.0,7936.0,4912535240375090.0,4912535240455090.0
1996,1,1280,256,0,0,12,4,32,64,"batch_decode_kernels::reduce_routes_add(float*, float const*, float const*, int, int, int)",1997,28,63460.0,2240.0,1520.0,5800.0,0.0,371200.0,20.0,4912535240533651.0,4912535240564051.0
1997,1,8192,256,11264,0,24,0,48,64,"batch_decode_kernels::mfma_gemm(float*, float const*, unsigned short const*, int, int, int, int)",1998,21,193649.0,19328.0,132480.0,712320.0,0.0,45475840.0,128.0,4912535240692051.0,4912535240801172.0
1998,1,1280,256,1024,0,12,4,32,64,"batch_decode_kernels::rmsnorm(float*, float const*, unsigned short const*, int, int, float)",1999,33,33169.0,640.0,740.0,3865.0,0.0,245755.0,20.0,4912535240990453.0,4912535241002933.0
1999,1,12288,256,11264,0,24,0,48,64,"batch_decode_kernels::mfma_gemm(float*, float const*, unsigned short const*, int, int, int, int)",2000,21,140931.0,20736.0,145152.0,779136.0,0.0,49729536.0,192.0,4912535241170454.0,4912535241248534.0
2000,1,2304,256,11264,0,24,0,48,64,"batch_decode_kernels::mfma_gemm(float*, float const*, unsigned short const*, int, int, int, int)",2001,21,143617.0,3888.0,27216.0,146088.0,0.0,9324288.0,36.0,4912535241328854.0,4912535241407575.0
2001,1,1280,256,1024,0,24,0,32,64,"batch_decode_kernels::kv_norm_rope(unsigned short*, float const*, unsigned short const*, int, int, int, int, int, int, float const*, int, float)",2002,39,28065.0,180.0,550.0,2175.0,0.0,125755.0,20.0,4912535241499895.0,4912535241509495.0
2002,1,32768,256,11264,0,24,0,48,64,"batch_decode_kernels::mfma_head_gemm(float*, float const*, unsigned short const*, int, int, int, int, int, int, unsigned long)",2003,30,34401.0,5376.0,27904.0,164352.0,0.0,9707520.0,512.0,4912535241658936.0,4912535241672696.0
2003,1,5120,256,0,0,24,0,32,64,"batch_decode_kernels::q_rope(float*, float const*, int, int, int, int, int, int, float const*, int)",2004,40,24299.0,320.0,720.0,7760.0,0.0,261120.0,80.0,4912535241821656.0,4912535241829016.0
2004,1,30720,256,0,0,16,0,32,64,"batch_decode_kernels::attention_score(float*, float const*, float const*, unsigned short const*, int, int, int, int, int, int, int, float)",2005,41,27794.0,9120.0,6720.0,102240.0,0.0,6120000.0,480.0,4912535242021977.0,4912535242031897.0
2005,1,20480,256,1024,0,20,4,48,64,"void attention_kernels::softmax_rows_kernel<256>(float*, int, int, int, int)",2006,51,25038.0,400.0,13360.0,12560.0,0.0,380960.0,320.0,4912535242264698.0,4912535242272698.0
2006,1,2621440,256,0,0,16,0,32,64,"batch_decode_kernels::latent_context(float*, float const*, unsigned short const*, int, int, int, int, int, int)",2007,23,67559.0,122880.0,204800.0,4669440.0,0.0,182353920.0,40960.0,4912535242443419.0,4912535242478779.0
2007,1,8192,256,11264,0,24,0,48,64,"batch_decode_kernels::mfma_head_gemm(float*, float const*, unsigned short const*, int, int, int, int, int, int, unsigned long)",2008,30,54903.0,3840.0,24832.0,138240.0,0.0,8644608.0,128.0,4912535242618620.0,4912535242644220.0
2008,1,8192,256,11264,0,24,0,48,64,"batch_decode_kernels::mfma_gemm(float*, float const*, unsigned short const*, int, int, int, int)",2009,21,143655.0,14336.0,96768.0,519936.0,0.0,33163264.0,128.0,4912535242776701.0,4912535242856061.0
2009,1,1280,256,1024,0,12,4,32,64,"batch_decode_kernels::rmsnorm(float*, float const*, unsigned short const*, int, int, float)",2010,33,33407.0,640.0,740.0,3865.0,0.0,245755.0,20.0,4912535242939901.0,4912535242952701.0
2010,1,256,256,11264,0,24,0,48,64,"batch_decode_kernels::mfma_gemm(float*, float const*, unsigned short const*, int, int, int, int)",2011,21,155835.0,432.0,3024.0,16232.0,0.0,1036032.0,4.0,4912535243110622.0,4912535243196543.0
2011,1,320,64,0,0,16,0,48,64,"void moe_kernels::router_topk_wave64_kernel<64>(float*, float const*, int*, float*, int, int, int, int, int, float)",2012,57,38537.0,130.0,600.0,2005.0,0.0,95350.0,5.0,4912535243271263.0,4912535243287263.0
2012,1,256,256,1024,0,12,4,64,64,"batch_decode_kernels::align_routes(int const*, int, int, int, int*, int*, int*)",2013,17,40774.0,17.0,272.0,429.0,0.0,5541.0,4.0,4912535243433024.0,4912535243450304.0
2013,1,349184,256,19968,0,36,4,48,64,"void batch_decode_kernels::grouped_expert_gate_up<16, 1>(float const*, char const*, unsigned long const*, unsigned long const*, int const*, int const*, float*, unsigned short*, int, int, int, int, int)",2014,36,234490.0,160512.0,377872.0,3234352.0,0.0,203216464.0,5456.0,4912535243593984.0,4912535243731265.0
2014,1,11264,256,19968,0,32,0,48,64,"batch_decode_kernels::mfma_gate_up_swiglu(float*, float const*, unsigned short const*, unsigned short const*, int, int, int)",2015,19,161835.0,30272.0,121088.0,850432.0,0.0,53281536.0,176.0,4912535243901346.0,4912535243991906.0
2015,1,507904,256,11264,0,24,0,48,64,"void batch_decode_kernels::grouped_expert_down<16, 1>(float const*, unsigned short const*, char const*, unsigned long const*, int const*, int const*, float*, int, int, int, int)",2016,26,141194.0,128640.0,401408.0,2422400.0,0.0,153992960.0,7936.0,4912535244076227.0,4912535244156227.0
2016,1,1280,256,0,0,12,4,32,64,"batch_decode_kernels::reduce_routes_add(float*, float const*, float const*, int, int, int)",2017,28,61304.0,2240.0,1520.0,5800.0,0.0,371200.0,20.0,4912535244238787.0,4912535244268547.0
2017,1,8192,256,11264,0,24,0,48,64,"batch_decode_kernels::mfma_gemm(float*, float const*, unsigned short const*, int, int, int, int)",2018,21,192927.0,19328.0,132480.0,712320.0,0.0,45475840.0,128.0,4912535244402308.0,4912535244511108.0
2018,1,1280,256,1024,0,12,4,32,64,"batch_decode_kernels::rmsnorm(float*, float const*, unsigned short const*, int, int, float)",2019,33,33021.0,640.0,740.0,3865.0,0.0,245755.0,20.0,4912535244705349.0,4912535244717989.0
2019,1,12288,256,11264,0,24,0,48,64,"batch_decode_kernels::mfma_gemm(float*, float const*, unsigned short const*, int, int, int, int)",2020,21,141706.0,20736.0,145152.0,779136.0,0.0,49729536.0,192.0,4912535244867590.0,4912535244945830.0
2020,1,2304,256,11264,0,24,0,48,64,"batch_decode_kernels::mfma_gemm(float*, float const*, unsigned short const*, int, int, int, int)",2021,21,147554.0,3888.0,27216.0,146088.0,0.0,9324288.0,36.0,4912535245041191.0,4912535245122311.0
2021,1,1280,256,1024,0,24,0,32,64,"batch_decode_kernels::kv_norm_rope(unsigned short*, float const*, unsigned short const*, int, int, int, int, int, int, float const*, int, float)",2022,39,29099.0,180.0,550.0,2175.0,0.0,125755.0,20.0,4912535245208072.0,4912535245218792.0
2022,1,32768,256,11264,0,24,0,48,64,"batch_decode_kernels::mfma_head_gemm(float*, float const*, unsigned short const*, int, int, int, int, int, int, unsigned long)",2023,30,33052.0,5376.0,27904.0,164352.0,0.0,9707520.0,512.0,4912535245371912.0,4912535245384232.0
2023,1,5120,256,0,0,24,0,32,64,"batch_decode_kernels::q_rope(float*, float const*, int, int, int, int, int, int, float const*, int)",2024,40,24731.0,320.0,720.0,7760.0,0.0,261120.0,80.0,4912535245534313.0,4912535245541993.0
2024,1,30720,256,0,0,16,0,32,64,"batch_decode_kernels::attention_score(float*, float const*, float const*, unsigned short const*, int, int, int, int, int, int, int, float)",2025,41,29578.0,9120.0,6720.0,102240.0,0.0,6120000.0,480.0,4912535245695594.0,4912535245706634.0
2025,1,20480,256,1024,0,20,4,48,64,"void attention_kernels::softmax_rows_kernel<256>(float*, int, int, int, int)",2026,51,25691.0,400.0,13360.0,12560.0,0.0,380960.0,320.0,4912535245860234.0,4912535245868555.0
2026,1,2621440,256,0,0,16,0,32,64,"batch_decode_kernels::latent_context(float*, float const*, unsigned short const*, int, int, int, int, int, int)",2027,23,66907.0,122880.0,204800.0,4669440.0,0.0,182353920.0,40960.0,4912535246028555.0,4912535246063595.0
2027,1,8192,256,11264,0,24,0,48,64,"batch_decode_kernels::mfma_head_gemm(float*, float const*, unsigned short const*, int, int, int, int, int, int, unsigned long)",2028,30,55613.0,3840.0,24832.0,138240.0,0.0,8644608.0,128.0,4912535246193036.0,4912535246219276.0
2028,1,8192,256,11264,0,24,0,48,64,"batch_decode_kernels::mfma_gemm(float*, float const*, unsigned short const*, int, int, int, int)",2029,21,147447.0,14336.0,96768.0,519936.0,0.0,33163264.0,128.0,4912535246368397.0,4912535246449837.0
2029,1,1280,256,1024,0,12,4,32,64,"batch_decode_kernels::rmsnorm(float*, float const*, unsigned short const*, int, int, float)",2030,33,33636.0,640.0,740.0,3865.0,0.0,245755.0,20.0,4912535246536077.0,4912535246549038.0
2030,1,256,256,11264,0,24,0,48,64,"batch_decode_kernels::mfma_gemm(float*, float const*, unsigned short const*, int, int, int, int)",2031,21,157653.0,432.0,3024.0,16232.0,0.0,1036032.0,4.0,4912535246703118.0,4912535246790159.0
2031,1,320,64,0,0,16,0,48,64,"void moe_kernels::router_topk_wave64_kernel<64>(float*, float const*, int*, float*, int, int, int, int, int, float)",2032,57,40820.0,130.0,600.0,2005.0,0.0,95335.0,5.0,4912535246865199.0,4912535246882479.0
2032,1,256,256,1024,0,12,4,64,64,"batch_decode_kernels::align_routes(int const*, int, int, int, int*, int*, int*)",2033,17,40023.0,17.0,272.0,429.0,0.0,5541.0,4.0,4912535247037680.0,4912535247054480.0
2033,1,349184,256,19968,0,36,4,48,64,"void batch_decode_kernels::grouped_expert_gate_up<16, 1>(float const*, char const*, unsigned long const*, unsigned long const*, int const*, int const*, float*, unsigned short*, int, int, int, int, int)",2034,36,233149.0,160512.0,377872.0,3234352.0,0.0,203216464.0,5456.0,4912535247202640.0,4912535247339121.0
2034,1,11264,256,19968,0,32,0,48,64,"batch_decode_kernels::mfma_gate_up_swiglu(float*, float const*, unsigned short const*, unsigned short const*, int, int, int)",2035,19,157128.0,30272.0,121088.0,850432.0,0.0,53281536.0,176.0,4912535247528082.0,4912535247615602.0
2035,1,507904,256,11264,0,24,0,48,64,"void batch_decode_kernels::grouped_expert_down<16, 1>(float const*, unsigned short const*, char const*, unsigned long const*, int const*, int const*, float*, int, int, int, int)",2036,26,141954.0,128640.0,401408.0,2422400.0,0.0,153992960.0,7936.0,4912535247694003.0,4912535247774483.0
2036,1,1280,256,0,0,12,4,32,64,"batch_decode_kernels::reduce_routes_add(float*, float const*, float const*, int, int, int)",2037,28,61155.0,2240.0,1520.0,5800.0,0.0,371200.0,20.0,4912535247857843.0,4912535247886964.0
2037,1,8192,256,11264,0,24,0,48,64,"batch_decode_kernels::mfma_gemm(float*, float const*, unsigned short const*, int, int, int, int)",2038,21,192841.0,19328.0,132480.0,712320.0,0.0,45475840.0,128.0,4912535248048244.0,4912535248157045.0
2038,1,1280,256,1024,0,12,4,32,64,"batch_decode_kernels::rmsnorm(float*, float const*, unsigned short const*, int, int, float)",2039,33,32974.0,640.0,740.0,3865.0,0.0,245755.0,20.0,4912535248225045.0,4912535248237685.0
2039,1,12288,256,11264,0,24,0,48,64,"batch_decode_kernels::mfma_gemm(float*, float const*, unsigned short const*, int, int, int, int)",2040,21,143234.0,20736.0,145152.0,779136.0,0.0,49729536.0,192.0,4912535248389526.0,4912535248468726.0
2040,1,2304,256,11264,0,24,0,48,64,"batch_decode_kernels::mfma_gemm(float*, float const*, unsigned short const*, int, int, int, int)",2041,21,146384.0,3888.0,27216.0,146088.0,0.0,9324288.0,36.0,4912535248555127.0,4912535248635607.0
2041,1,1280,256,1024,0,24,0,32,64,"batch_decode_kernels::kv_norm_rope(unsigned short*, float const*, unsigned short const*, int, int, int, int, int, int, float const*, int, float)",2042,39,28701.0,180.0,550.0,2175.0,0.0,125755.0,20.0,4912535248723127.0,4912535248733047.0
2042,1,32768,256,11264,0,24,0,48,64,"batch_decode_kernels::mfma_head_gemm(float*, float const*, unsigned short const*, int, int, int, int, int, int, unsigned long)",2043,30,33232.0,5376.0,27904.0,164352.0,0.0,9707520.0,512.0,4912535248889208.0,4912535248902168.0
2043,1,5120,256,0,0,24,0,32,64,"batch_decode_kernels::q_rope(float*, float const*, int, int, int, int, int, int, float const*, int)",2044,40,23672.0,320.0,720.0,7760.0,0.0,261120.0,80.0,4912535249061689.0,4912535249068729.0
2044,1,30720,256,0,0,16,0,32,64,"batch_decode_kernels::attention_score(float*, float const*, float const*, unsigned short const*, int, int, int, int, int, int, int, float)",2045,41,28024.0,9120.0,6720.0,102240.0,0.0,6120000.0,480.0,4912535249227130.0,4912535249237050.0
2045,1,20480,256,1024,0,20,4,48,64,"void attention_kernels::softmax_rows_kernel<256>(float*, int, int, int, int)",2046,51,26177.0,400.0,13360.0,12560.0,0.0,380960.0,320.0,4912535249400730.0,4912535249409370.0
2046,1,2621440,256,0,0,16,0,32,64,"batch_decode_kernels::latent_context(float*, float const*, unsigned short const*, int, int, int, int, int, int)",2047,23,66951.0,122880.0,204800.0,4669440.0,0.0,182353920.0,40960.0,4912535249569051.0,4912535249603771.0
2047,1,8192,256,11264,0,24,0,48,64,"batch_decode_kernels::mfma_head_gemm(float*, float const*, unsigned short const*, int, int, int, int, int, int, unsigned long)",2048,30,55205.0,3840.0,24832.0,138240.0,0.0,8644608.0,128.0,4912535249734812.0,4912535249761052.0
2048,1,8192,256,11264,0,24,0,48,64,"batch_decode_kernels::mfma_gemm(float*, float const*, unsigned short const*, int, int, int, int)",2049,21,145590.0,14336.0,96768.0,519936.0,0.0,33163264.0,128.0,4912535249950653.0,4912535250031133.0
2049,1,1280,256,1024,0,12,4,32,64,"batch_decode_kernels::rmsnorm(float*, float const*, unsigned short const*, int, int, float)",2050,33,32429.0,640.0,740.0,3865.0,0.0,245755.0,20.0,4912535250180254.0,4912535250192734.0
2050,1,256,256,11264,0,24,0,48,64,"batch_decode_kernels::mfma_gemm(float*, float const*, unsigned short const*, int, int, int, int)",2051,21,155932.0,432.0,3024.0,16232.0,0.0,1036032.0,4.0,4912535250347775.0,4912535250433695.0
2051,1,320,64,0,0,16,0,48,64,"void moe_kernels::router_topk_wave64_kernel<64>(float*, float const*, int*, float*, int, int, int, int, int, float)",2052,57,40720.0,130.0,600.0,2005.0,0.0,95320.0,5.0,4912535250516255.0,4912535250533375.0
2052,1,256,256,1024,0,12,4,64,64,"batch_decode_kernels::align_routes(int const*, int, int, int, int*, int*, int*)",2053,17,39944.0,17.0,272.0,429.0,0.0,5541.0,4.0,4912535250682016.0,4912535250698656.0
2053,1,349184,256,19968,0,36,4,48,64,"void batch_decode_kernels::grouped_expert_gate_up<16, 1>(float const*, char const*, unsigned long const*, unsigned long const*, int const*, int const*, float*, unsigned short*, int, int, int, int, int)",2054,36,230772.0,160512.0,377872.0,3234352.0,0.0,203216464.0,5456.0,4912535250850177.0,4912535250985377.0
2054,1,11264,256,19968,0,32,0,48,64,"batch_decode_kernels::mfma_gate_up_swiglu(float*, float const*, unsigned short const*, unsigned short const*, int, int, int)",2055,19,158632.0,30272.0,121088.0,850432.0,0.0,53281536.0,176.0,4912535251165858.0,4912535251254499.0
2055,1,507904,256,11264,0,24,0,48,64,"void batch_decode_kernels::grouped_expert_down<16, 1>(float const*, unsigned short const*, char const*, unsigned long const*, int const*, int const*, float*, int, int, int, int)",2056,26,142340.0,128640.0,401408.0,2422400.0,0.0,153992960.0,7936.0,4912535251335459.0,4912535251416099.0
2056,1,1280,256,0,0,12,4,32,64,"batch_decode_kernels::reduce_routes_add(float*, float const*, float const*, int, int, int)",2057,28,63553.0,2240.0,1520.0,5800.0,0.0,371200.0,20.0,4912535251502820.0,4912535251533700.0
2057,1,8192,256,11264,0,24,0,48,64,"batch_decode_kernels::mfma_gemm(float*, float const*, unsigned short const*, int, int, int, int)",2058,21,194198.0,19328.0,132480.0,712320.0,0.0,45475840.0,128.0,4912535251673700.0,4912535251783301.0
2058,1,1280,256,1024,0,12,4,32,64,"batch_decode_kernels::rmsnorm(float*, float const*, unsigned short const*, int, int, float)",2059,33,34409.0,640.0,740.0,3865.0,0.0,245755.0,20.0,4912535254733234.0,4912535254746354.0
2059,1,12288,256,11264,0,24,0,48,64,"batch_decode_kernels::mfma_gemm(float*, float const*, unsigned short const*, int, int, int, int)",2060,21,144422.0,20736.0,145152.0,779136.0,0.0,49729536.0,192.0,4912535254947955.0,4912535255027475.0
2060,1,2304,256,11264,0,24,0,48,64,"batch_decode_kernels::mfma_gemm(float*, float const*, unsigned short const*, int, int, int, int)",2061,21,147293.0,3888.0,27216.0,146088.0,0.0,9324288.0,36.0,4912535255128436.0,4912535255208276.0
2061,1,1280,256,1024,0,24,0,32,64,"batch_decode_kernels::kv_norm_rope(unsigned short*, float const*, unsigned short const*, int, int, int, int, int, int, float const*, int, float)",2062,39,29144.0,180.0,550.0,2175.0,0.0,125755.0,20.0,4912535255321237.0,4912535255331317.0
2062,1,32768,256,11264,0,24,0,48,64,"batch_decode_kernels::mfma_head_gemm(float*, float const*, unsigned short const*, int, int, int, int, int, int, unsigned long)",2063,30,32532.0,5376.0,27904.0,164352.0,0.0,9707520.0,512.0,4912535255492117.0,4912535255504918.0
2063,1,5120,256,0,0,24,0,32,64,"batch_decode_kernels::q_rope(float*, float const*, int, int, int, int, int, int, float const*, int)",2064,40,23694.0,320.0,720.0,7760.0,0.0,261120.0,80.0,4912535255655798.0,4912535255662998.0
2064,1,30720,256,0,0,16,0,32,64,"batch_decode_kernels::attention_score(float*, float const*, float const*, unsigned short const*, int, int, int, int, int, int, int, float)",2065,41,28945.0,9120.0,6720.0,102240.0,0.0,6120000.0,480.0,4912535255814039.0,4912535255824279.0
2065,1,20480,256,1024,0,20,4,48,64,"void attention_kernels::softmax_rows_kernel<256>(float*, int, int, int, int)",2066,51,27217.0,400.0,13360.0,12560.0,0.0,380960.0,320.0,4912535255973880.0,4912535255983000.0
2066,1,2621440,256,0,0,16,0,32,64,"batch_decode_kernels::latent_context(float*, float const*, unsigned short const*, int, int, int, int, int, int)",2067,23,66438.0,122880.0,204800.0,4669440.0,0.0,182353920.0,40960.0,4912535256139480.0,4912535256174041.0
2067,1,8192,256,11264,0,24,0,48,64,"batch_decode_kernels::mfma_head_gemm(float*, float const*, unsigned short const*, int, int, int, int, int, int, unsigned long)",2068,30,54816.0,3840.0,24832.0,138240.0,0.0,8644608.0,128.0,4912535256299641.0,4912535256325401.0
2068,1,8192,256,11264,0,24,0,48,64,"batch_decode_kernels::mfma_gemm(float*, float const*, unsigned short const*, int, int, int, int)",2069,21,146444.0,14336.0,96768.0,519936.0,0.0,33163264.0,128.0,4912535256458202.0,4912535256538842.0
2069,1,1280,256,1024,0,12,4,32,64,"batch_decode_kernels::rmsnorm(float*, float const*, unsigned short const*, int, int, float)",2070,33,33415.0,640.0,740.0,3865.0,0.0,245755.0,20.0,4912535256623003.0,4912535256636123.0
2070,1,256,256,11264,0,24,0,48,64,"batch_decode_kernels::mfma_gemm(float*, float const*, unsigned short const*, int, int, int, int)",2071,21,158619.0,432.0,3024.0,16232.0,0.0,1036032.0,4.0,4912535256781243.0,4912535256868604.0
2071,1,320,64,0,0,16,0,48,64,"void moe_kernels::router_topk_wave64_kernel<64>(float*, float const*, int*, float*, int, int, int, int, int, float)",2072,57,38353.0,130.0,600.0,2005.0,0.0,95330.0,5.0,4912535256939164.0,4912535256955004.0
2072,1,256,256,1024,0,12,4,64,64,"batch_decode_kernels::align_routes(int const*, int, int, int, int*, int*, int*)",2073,17,40836.0,17.0,272.0,429.0,0.0,5541.0,4.0,4912535257105725.0,4912535257122685.0
2073,1,349184,256,19968,0,36,4,48,64,"void batch_decode_kernels::grouped_expert_gate_up<16, 1>(float const*, char const*, unsigned long const*, unsigned long const*, int const*, int const*, float*, unsigned short*, int, int, int, int, int)",2074,36,228372.0,160512.0,377872.0,3234352.0,0.0,203216464.0,5456.0,4912535257263965.0,4912535257397886.0
2074,1,11264,256,19968,0,32,0,48,64,"batch_decode_kernels::mfma_gate_up_swiglu(float*, float const*, unsigned short const*, unsigned short const*, int, int, int)",2075,19,157106.0,30272.0,121088.0,850432.0,0.0,53281536.0,176.0,4912535257548447.0,4912535257636127.0
2075,1,507904,256,11264,0,24,0,48,64,"void batch_decode_kernels::grouped_expert_down<16, 1>(float const*, unsigned short const*, char const*, unsigned long const*, int const*, int const*, float*, int, int, int, int)",2076,26,138768.0,128640.0,401408.0,2422400.0,0.0,153992960.0,7936.0,4912535257706687.0,4912535257785088.0
2076,1,1280,256,0,0,12,4,32,64,"batch_decode_kernels::reduce_routes_add(float*, float const*, float const*, int, int, int)",2077,28,64657.0,2240.0,1520.0,5800.0,0.0,371200.0,20.0,4912535257863008.0,4912535257894208.0
2077,1,8192,256,11264,0,24,0,48,64,"batch_decode_kernels::mfma_gemm(float*, float const*, unsigned short const*, int, int, int, int)",2078,21,197397.0,19328.0,132480.0,712320.0,0.0,45475840.0,128.0,4912535258024609.0,4912535258135809.0
2078,1,1280,256,1024,0,12,4,32,64,"batch_decode_kernels::rmsnorm(float*, float const*, unsigned short const*, int, int, float)",2079,33,33976.0,640.0,740.0,3865.0,0.0,245755.0,20.0,4912535258310050.0,4912535258323330.0
2079,1,409600,256,11264,0,24,0,48,64,"batch_decode_kernels::mfma_gemm(float*, float const*, unsigned short const*, int, int, int, int)",2080,21,801019.0,691200.0,4838400.0,25971200.0,0.0,1657651200.0,6400.0,4912535258467491.0,4912535258969413.0
2080,1,1280,256,2048,0,8,0,32,64,"batch_decode_kernels::argmax(float const*, int, int*, int)",2081,20,321753.0,8005.0,17450.0,66235.0,0.0,4122335.0,20.0,4912535259135974.0,4912535259320295.0
2081,1,10240,256,0,0,8,0,32,64,"batch_decode_kernels::embedding(float*, unsigned short const*, int const*, int*, int, int, int, int)",2082,44,19003.0,325.0,480.0,2250.0,0.0,143370.0,160.0,4912535259417575.0,4912535259422055.0
2082,1,1280,256,1024,0,12,4,32,64,"batch_decode_kernels::rmsnorm(float*, float const*, unsigned short const*, int, int, float)",2083,33,33761.0,640.0,740.0,3865.0,0.0,245755.0,20.0,4912535259573256.0,4912535259586216.0
2083,1,12288,256,11264,0,24,0,48,64,"batch_decode_kernels::mfma_gemm(float*, float const*, unsigned short const*, int, int, int, int)",2084,21,141115.0,20736.0,145152.0,779136.0,0.0,49729536.0,192.0,4912535259729256.0,4912535259807497.0
2084,1,2304,256,11264,0,24,0,48,64,"batch_decode_kernels::mfma_gemm(float*, float const*, unsigned short const*, int, int, int, int)",2085,21,146131.0,3888.0,27216.0,146088.0,0.0,9324288.0,36.0,4912535259883977.0,4912535259963977.0
2085,1,1280,256,1024,0,24,0,32,64,"batch_decode_kernels::kv_norm_rope(unsigned short*, float const*, unsigned short const*, int, int, int, int, int, int, float const*, int, float)",2086,39,28801.0,180.0,550.0,2175.0,0.0,125755.0,20.0,4912535260042218.0,4912535260052298.0
2086,1,32768,256,11264,0,24,0,48,64,"batch_decode_kernels::mfma_head_gemm(float*, float const*, unsigned short const*, int, int, int, int, int, int, unsigned long)",2087,30,32217.0,5376.0,27904.0,164352.0,0.0,9707520.0,512.0,4912535260196298.0,4912535260208939.0
2087,1,5120,256,0,0,24,0,32,64,"batch_decode_kernels::q_rope(float*, float const*, int, int, int, int, int, int, float const*, int)",2088,40,23764.0,320.0,720.0,7760.0,0.0,261120.0,80.0,4912535260351339.0,4912535260358059.0
2088,1,35840,256,0,0,16,0,32,64,"batch_decode_kernels::attention_score(float*, float const*, float const*, unsigned short const*, int, int, int, int, int, int, int, float)",2089,41,28623.0,10640.0,7840.0,119280.0,0.0,7140000.0,560.0,4912535260504140.0,4912535260514380.0
2089,1,20480,256,1024,0,20,4,48,64,"void attention_kernels::softmax_rows_kernel<256>(float*, int, int, int, int)",2090,51,26460.0,400.0,13360.0,12560.0,0.0,386480.0,320.0,4912535260658061.0,4912535260666861.0
2090,1,2621440,256,0,0,16,0,32,64,"batch_decode_kernels::latent_context(float*, float const*, unsigned short const*, int, int, int, int, int, int)",2091,23,65774.0,122880.0,204800.0,4669440.0,0.0,183828480.0,40960.0,4912535260813901.0,4912535260847981.0
2091,1,8192,256,11264,0,24,0,48,64,"batch_decode_kernels::mfma_head_gemm(float*, float const*, unsigned short const*, int, int, int, int, int, int, unsigned long)",2092,30,54678.0,3840.0,24832.0,138240.0,0.0,8644608.0,128.0,4912535260968622.0,4912535260994542.0
2092,1,8192,256,11264,0,24,0,48,64,"batch_decode_kernels::mfma_gemm(float*, float const*, unsigned short const*, int, int, int, int)",2093,21,144269.0,14336.0,96768.0,519936.0,0.0,33163264.0,128.0,4912535261129263.0,4912535261208623.0
2093,1,1280,256,1024,0,12,4,32,64,"batch_decode_kernels::rmsnorm(float*, float const*, unsigned short const*, int, int, float)",2094,33,34381.0,640.0,740.0,3865.0,0.0,245755.0,20.0,4912535261281583.0,4912535261295023.0
2094,1,43776,256,19968,0,32,0,48,64,"batch_decode_kernels::mfma_gate_up_swiglu(float*, float const*, unsigned short const*, unsigned short const*, int, int, int)",2095,19,203262.0,117648.0,470592.0,3305088.0,0.0,207071424.0,684.0,4912535261433744.0,4912535261553265.0
2095,1,8192,256,11264,0,24,0,48,64,"batch_decode_kernels::mfma_gemm(float*, float const*, unsigned short const*, int, int, int, int)",2096,21,682089.0,72160.0,510432.0,2748384.0,0.0,175783936.0,128.0,4912535261709585.0,4912535262112147.0
2096,1,1280,256,1024,0,12,4,32,64,"batch_decode_kernels::rmsnorm(float*, float const*, unsigned short const*, int, int, float)",2097,33,33236.0,640.0,740.0,3865.0,0.0,245755.0,20.0,4912535262234228.0,4912535262246868.0
2097,1,12288,256,11264,0,24,0,48,64,"batch_decode_kernels::mfma_gemm(float*, float const*, unsigned short const*, int, int, int, int)",2098,21,144351.0,20736.0,145152.0,779136.0,0.0,49729536.0,192.0,4912535262385428.0,4912535262465269.0
2098,1,2304,256,11264,0,24,0,48,64,"batch_decode_kernels::mfma_gemm(float*, float const*, unsigned short const*, int, int, int, int)",2099,21,145726.0,3888.0,27216.0,146088.0,0.0,9324288.0,36.0,4912535262539829.0,4912535262619989.0
2099,1,1280,256,1024,0,24,0,32,64,"batch_decode_kernels::kv_norm_rope(unsigned short*, float const*, unsigned short const*, int, int, int, int, int, int, float const*, int, float)",2100,39,28747.0,180.0,550.0,2175.0,0.0,125755.0,20.0,4912535262689270.0,4912535262699350.0
2100,1,32768,256,11264,0,24,0,48,64,"batch_decode_kernels::mfma_head_gemm(float*, float const*, unsigned short const*, int, int, int, int, int, int, unsigned long)",2101,30,33538.0,5376.0,27904.0,164352.0,0.0,9707520.0,512.0,4912535262837430.0,4912535262850390.0
2101,1,5120,256,0,0,24,0,32,64,"batch_decode_kernels::q_rope(float*, float const*, int, int, int, int, int, int, float const*, int)",2102,40,23606.0,320.0,720.0,7760.0,0.0,261120.0,80.0,4912535262991031.0,4912535262998391.0
2102,1,35840,256,0,0,16,0,32,64,"batch_decode_kernels::attention_score(float*, float const*, float const*, unsigned short const*, int, int, int, int, int, int, int, float)",2103,41,28510.0,10640.0,7840.0,119280.0,0.0,7140000.0,560.0,4912535263146552.0,4912535263156472.0
2103,1,20480,256,1024,0,20,4,48,64,"void attention_kernels::softmax_rows_kernel<256>(float*, int, int, int, int)",2104,51,25758.0,400.0,13360.0,12560.0,0.0,386480.0,320.0,4912535263294872.0,4912535263303032.0
2104,1,2621440,256,0,0,16,0,32,64,"batch_decode_kernels::latent_context(float*, float const*, unsigned short const*, int, int, int, int, int, int)",2105,23,66573.0,122880.0,204800.0,4669440.0,0.0,183828480.0,40960.0,4912535263444473.0,4912535263479193.0
2105,1,8192,256,11264,0,24,0,48,64,"batch_decode_kernels::mfma_head_gemm(float*, float const*, unsigned short const*, int, int, int, int, int, int, unsigned long)",2106,30,55267.0,3840.0,24832.0,138240.0,0.0,8644608.0,128.0,4912535263595034.0,4912535263620954.0
2106,1,8192,256,11264,0,24,0,48,64,"batch_decode_kernels::mfma_gemm(float*, float const*, unsigned short const*, int, int, int, int)",2107,21,145418.0,14336.0,96768.0,519936.0,0.0,33163264.0,128.0,4912535263741594.0,4912535263821755.0
2107,1,1280,256,1024,0,12,4,32,64,"batch_decode_kernels::rmsnorm(float*, float const*, unsigned short const*, int, int, float)",2108,33,31533.0,640.0,740.0,3865.0,0.0,245755.0,20.0,4912535263889595.0,4912535263901435.0
2108,1,256,256,11264,0,24,0,48,64,"batch_decode_kernels::mfma_gemm(float*, float const*, unsigned short const*, int, int, int, int)",2109,21,157807.0,432.0,3024.0,16232.0,0.0,1036032.0,4.0,4912535264041916.0,4912535264128316.0
2109,1,320,64,0,0,16,0,48,64,"void moe_kernels::router_topk_wave64_kernel<64>(float*, float const*, int*, float*, int, int, int, int, int, float)",2110,57,39211.0,130.0,600.0,2005.0,0.0,95340.0,5.0,4912535264311517.0,4912535264327517.0
2110,1,256,256,1024,0,12,4,64,64,"batch_decode_kernels::align_routes(int const*, int, int, int, int*, int*, int*)",2111,17,41227.0,17.0,272.0,429.0,0.0,5541.0,4.0,4912535264458078.0,4912535264475358.0
2111,1,349184,256,19968,0,36,4,48,64,"void batch_decode_kernels::grouped_expert_gate_up<16, 1>(float const*, char const*, unsigned long const*, unsigned long const*, int const*, int const*, float*, unsigned short*, int, int, int, int, int)",2112,36,232924.0,160512.0,377872.0,3234352.0,0.0,203216464.0,5456.0,4912535264605758.0,4912535264742079.0
2112,1,11264,256,19968,0,32,0,48,64,"batch_decode_kernels::mfma_gate_up_swiglu(float*, float const*, unsigned short const*, unsigned short const*, int, int, int)",2113,19,156715.0,30272.0,121088.0,850432.0,0.0,53281536.0,176.0,4912535264870079.0,4912535264957440.0
2113,1,507904,256,11264,0,24,0,48,64,"void batch_decode_kernels::grouped_expert_down<16, 1>(float const*, unsigned short const*, char const*, unsigned long const*, int const*, int const*, float*, int, int, int, int)",2114,26,144054.0,128640.0,401408.0,2422400.0,0.0,153992960.0,7936.0,4912535265144161.0,4912535265225921.0
2114,1,1280,256,0,0,12,4,32,64,"batch_decode_kernels::reduce_routes_add(float*, float const*, float const*, int, int, int)",2115,28,63349.0,2240.0,1520.0,5800.0,0.0,371200.0,20.0,4912535265288801.0,4912535265319361.0
2115,1,8192,256,11264,0,24,0,48,64,"batch_decode_kernels::mfma_gemm(float*, float const*, unsigned short const*, int, int, int, int)",2116,21,195898.0,19328.0,132480.0,712320.0,0.0,45475840.0,128.0,4912535265436002.0,4912535265546722.0
2116,1,1280,256,1024,0,12,4,32,64,"batch_decode_kernels::rmsnorm(float*, float const*, unsigned short const*, int, int, float)",2117,33,31662.0,640.0,740.0,3865.0,0.0,245755.0,20.0,4912535265700323.0,4912535265712483.0
2117,1,12288,256,11264,0,24,0,48,64,"batch_decode_kernels::mfma_gemm(float*, float const*, unsigned short const*, int, int, int, int)",2118,21,141595.0,20736.0,145152.0,779136.0,0.0,49729536.0,192.0,4912535265846404.0,4912535265924644.0
2118,1,2304,256,11264,0,24,0,48,64,"batch_decode_kernels::mfma_gemm(float*, float const*, unsigned short const*, int, int, int, int)",2119,21,145792.0,3888.0,27216.0,146088.0,0.0,9324288.0,36.0,4912535265991844.0,4912535266071845.0
2119,1,1280,256,1024,0,24,0,32,64,"batch_decode_kernels::kv_norm_rope(unsigned short*, float const*, unsigned short const*, int, int, int, int, int, int, float const*, int, float)",2120,39,29979.0,180.0,550.0,2175.0,0.0,125755.0,20.0,4912535266142725.0,4912535266153605.0
2120,1,32768,256,11264,0,24,0,48,64,"batch_decode_kernels::mfma_head_gemm(float*, float const*, unsigned short const*, int, int, int, int, int, int, unsigned long)",2121,30,32646.0,5376.0,27904.0,164352.0,0.0,9707520.0,512.0,4912535266290086.0,4912535266302726.0
2121,1,5120,256,0,0,24,0,32,64,"batch_decode_kernels::q_rope(float*, float const*, int, int, int, int, int, int, float const*, int)",2122,40,23795.0,320.0,720.0,7760.0,0.0,261120.0,80.0,4912535266434566.0,4912535266441766.0
2122,1,35840,256,0,0,16,0,32,64,"batch_decode_kernels::attention_score(float*, float const*, float const*, unsigned short const*, int, int, int, int, int, int, int, float)",2123,41,28720.0,10640.0,7840.0,119280.0,0.0,7140000.0,560.0,4912535266578887.0,4912535266589127.0
2123,1,20480,256,1024,0,20,4,48,64,"void attention_kernels::softmax_rows_kernel<256>(float*, int, int, int, int)",2124,51,25375.0,400.0,13360.0,12560.0,0.0,386480.0,320.0,4912535266722888.0,4912535266731048.0
2124,1,2621440,256,0,0,16,0,32,64,"batch_decode_kernels::latent_context(float*, float const*, unsigned short const*, int, int, int, int, int, int)",2125,23,66761.0,122880.0,204800.0,4669440.0,0.0,183828480.0,40960.0,4912535266864328.0,4912535266899208.0
2125,1,8192,256,11264,0,24,0,48,64,"batch_decode_kernels::mfma_head_gemm(float*, float const*, unsigned short const*, int, int, int, int, int, int, unsigned long)",2126,30,55609.0,3840.0,24832.0,138240.0,0.0,8644608.0,128.0,4912535267008969.0,4912535267035209.0
2126,1,8192,256,11264,0,24,0,48,64,"batch_decode_kernels::mfma_gemm(float*, float const*, unsigned short const*, int, int, int, int)",2127,21,146087.0,14336.0,96768.0,519936.0,0.0,33163264.0,128.0,4912535267156970.0,4912535267237450.0
2127,1,1280,256,1024,0,12,4,32,64,"batch_decode_kernels::rmsnorm(float*, float const*, unsigned short const*, int, int, float)",2128,33,34047.0,640.0,740.0,3865.0,0.0,245755.0,20.0,4912535267414411.0,4912535267427691.0
2128,1,256,256,11264,0,24,0,48,64,"batch_decode_kernels::mfma_gemm(float*, float const*, unsigned short const*, int, int, int, int)",2129,21,155266.0,432.0,3024.0,16232.0,0.0,1036032.0,4.0,4912535267556971.0,4912535267642412.0
2129,1,320,64,0,0,16,0,48,64,"void moe_kernels::router_topk_wave64_kernel<64>(float*, float const*, int*, float*, int, int, int, int, int, float)",2130,57,39013.0,130.0,600.0,2005.0,0.0,95350.0,5.0,4912535267813933.0,4912535267829933.0
2130,1,256,256,1024,0,12,4,64,64,"batch_decode_kernels::align_routes(int const*, int, int, int, int*, int*, int*)",2131,17,41739.0,17.0,272.0,429.0,0.0,5541.0,4.0,4912535267955693.0,4912535267973613.0
2131,1,349184,256,19968,0,36,4,48,64,"void batch_decode_kernels::grouped_expert_gate_up<16, 1>(float const*, char const*, unsigned long const*, unsigned long const*, int const*, int const*, float*, unsigned short*, int, int, int, int, int)",2132,36,232920.0,160512.0,377872.0,3234352.0,0.0,203216464.0,5456.0,4912535268102414.0,4912535268238734.0
2132,1,11264,256,19968,0,32,0,48,64,"batch_decode_kernels::mfma_gate_up_swiglu(float*, float const*, unsigned short const*, unsigned short const*, int, int, int)",2133,19,158810.0,30272.0,121088.0,850432.0,0.0,53281536.0,176.0,4912535268358575.0,4912535268447535.0
2133,1,507904,256,11264,0,24,0,48,64,"void batch_decode_kernels::grouped_expert_down<16, 1>(float const*, unsigned short const*, char const*, unsigned long const*, int const*, int const*, float*, int, int, int, int)",2134,26,139771.0,128640.0,401408.0,2422400.0,0.0,153992960.0,7936.0,4912535268614896.0,4912535268693936.0
2134,1,1280,256,0,0,12,4,32,64,"batch_decode_kernels::reduce_routes_add(float*, float const*, float const*, int, int, int)",2135,28,62832.0,2240.0,1520.0,5800.0,0.0,371200.0,20.0,4912535268867377.0,4912535268897457.0
2135,1,8192,256,11264,0,24,0,48,64,"batch_decode_kernels::mfma_gemm(float*, float const*, unsigned short const*, int, int, int, int)",2136,21,193326.0,19328.0,132480.0,712320.0,0.0,45475840.0,128.0,4912535269006898.0,4912535269116018.0
2136,1,1280,256,1024,0,12,4,32,64,"batch_decode_kernels::rmsnorm(float*, float const*, unsigned short const*, int, int, float)",2137,33,33518.0,640.0,740.0,3865.0,0.0,245755.0,20.0,4912535269266739.0,4912535269279859.0
2137,1,12288,256,11264,0,24,0,48,64,"batch_decode_kernels::mfma_gemm(float*, float const*, unsigned short const*, int, int, int, int)",2138,21,143574.0,20736.0,145152.0,779136.0,0.0,49729536.0,192.0,4912535269407700.0,4912535269486740.0
2138,1,2304,256,11264,0,24,0,48,64,"batch_decode_kernels::mfma_gemm(float*, float const*, unsigned short const*, int, int, int, int)",2139,21,146639.0,3888.0,27216.0,146088.0,0.0,9324288.0,36.0,4912535269548980.0,4912535269629461.0
2139,1,1280,256,1024,0,24,0,32,64,"batch_decode_kernels::kv_norm_rope(unsigned short*, float const*, unsigned short const*, int, int, int, int, int, int, float const*, int, float)",2140,39,30054.0,180.0,550.0,2175.0,0.0,125755.0,20.0,4912535269802901.0,4912535269813781.0
2140,1,32768,256,11264,0,24,0,48,64,"batch_decode_kernels::mfma_head_gemm(float*, float const*, unsigned short const*, int, int, int, int, int, int, unsigned long)",2141,30,31997.0,5376.0,27904.0,164352.0,0.0,9707520.0,512.0,4912535269940822.0,4912535269953142.0
2141,1,5120,256,0,0,24,0,32,64,"batch_decode_kernels::q_rope(float*, float const*, int, int, int, int, int, int, float const*, int)",2142,40,23949.0,320.0,720.0,7760.0,0.0,261120.0,80.0,4912535270088503.0,4912535270095863.0
2142,1,35840,256,0,0,16,0,32,64,"batch_decode_kernels::attention_score(float*, float const*, float const*, unsigned short const*, int, int, int, int, int, int, int, float)",2143,41,28376.0,10640.0,7840.0,119280.0,0.0,7140000.0,560.0,4912535270228023.0,4912535270237943.0
2143,1,20480,256,1024,0,20,4,48,64,"void attention_kernels::softmax_rows_kernel<256>(float*, int, int, int, int)",2144,51,25389.0,400.0,13360.0,12560.0,0.0,386480.0,320.0,4912535270366264.0,4912535270374424.0
2144,1,2621440,256,0,0,16,0,32,64,"batch_decode_kernels::latent_context(float*, float const*, unsigned short const*, int, int, int, int, int, int)",2145,23,68579.0,122880.0,204800.0,4669440.0,0.0,183828480.0,40960.0,4912535270504665.0,4912535270540345.0
2145,1,8192,256,11264,0,24,0,48,64,"batch_decode_kernels::mfma_head_gemm(float*, float const*, unsigned short const*, int, int, int, int, int, int, unsigned long)",2146,30,55483.0,3840.0,24832.0,138240.0,0.0,8644608.0,128.0,4912535270644505.0,4912535270670425.0
2146,1,8192,256,11264,0,24,0,48,64,"batch_decode_kernels::mfma_gemm(float*, float const*, unsigned short const*, int, int, int, int)",2147,21,149037.0,14336.0,96768.0,519936.0,0.0,33163264.0,128.0,4912535270780666.0,4912535270862746.0
2147,1,1280,256,1024,0,12,4,32,64,"batch_decode_kernels::rmsnorm(float*, float const*, unsigned short const*, int, int, float)",2148,33,33675.0,640.0,740.0,3865.0,0.0,245755.0,20.0,4912535271034107.0,4912535271047387.0
2148,1,256,256,11264,0,24,0,48,64,"batch_decode_kernels::mfma_gemm(float*, float const*, unsigned short const*, int, int, int, int)",2149,21,154876.0,432.0,3024.0,16232.0,0.0,1036032.0,4.0,4912535271170748.0,4912535271256028.0
2149,1,320,64,0,0,16,0,48,64,"void moe_kernels::router_topk_wave64_kernel<64>(float*, float const*, int*, float*, int, int, int, int, int, float)",2150,57,38403.0,130.0,600.0,2005.0,0.0,95335.0,5.0,4912535271418269.0,4912535271433949.0
2150,1,256,256,1024,0,12,4,64,64,"batch_decode_kernels::align_routes(int const*, int, int, int, int*, int*, int*)",2151,17,41336.0,17.0,272.0,429.0,0.0,5541.0,4.0,4912535271557309.0,4912535271574589.0
2151,1,349184,256,19968,0,36,4,48,64,"void batch_decode_kernels::grouped_expert_gate_up<16, 1>(float const*, char const*, unsigned long const*, unsigned long const*, int const*, int const*, float*, unsigned short*, int, int, int, int, int)",2152,36,231700.0,160512.0,377872.0,3234352.0,0.0,203216464.0,5456.0,4912535271691070.0,4912535271826750.0
2152,1,11264,256,19968,0,32,0,48,64,"batch_decode_kernels::mfma_gate_up_swiglu(float*, float const*, unsigned short const*, unsigned short const*, int, int, int)",2153,19,157171.0,30272.0,121088.0,850432.0,0.0,53281536.0,176.0,4912535271935551.0,4912535272023871.0
2153,1,507904,256,11264,0,24,0,48,64,"void batch_decode_kernels::grouped_expert_down<16, 1>(float const*, unsigned short const*, char const*, unsigned long const*, int const*, int const*, float*, int, int, int, int)",2154,26,141000.0,128640.0,401408.0,2422400.0,0.0,153992960.0,7936.0,4912535272186592.0,4912535272266272.0
2154,1,1280,256,0,0,12,4,32,64,"batch_decode_kernels::reduce_routes_add(float*, float const*, float const*, int, int, int)",2155,28,62733.0,2240.0,1520.0,5800.0,0.0,371200.0,20.0,4912535272433793.0,4912535272464033.0
2155,1,8192,256,11264,0,24,0,48,64,"batch_decode_kernels::mfma_gemm(float*, float const*, unsigned short const*, int, int, int, int)",2156,21,194231.0,19328.0,132480.0,712320.0,0.0,45475840.0,128.0,4912535272573314.0,4912535272682914.0
2156,1,1280,256,1024,0,12,4,32,64,"batch_decode_kernels::rmsnorm(float*, float const*, unsigned short const*, int, int, float)",2157,33,33454.0,640.0,740.0,3865.0,0.0,245755.0,20.0,4912535272817475.0,4912535272830115.0
2157,1,12288,256,11264,0,24,0,48,64,"batch_decode_kernels::mfma_gemm(float*, float const*, unsigned short const*, int, int, int, int)",2158,21,142647.0,20736.0,145152.0,779136.0,0.0,49729536.0,192.0,4912535272952195.0,4912535273030916.0
2158,1,2304,256,11264,0,24,0,48,64,"batch_decode_kernels::mfma_gemm(float*, float const*, unsigned short const*, int, int, int, int)",2159,21,146667.0,3888.0,27216.0,146088.0,0.0,9324288.0,36.0,4912535273200677.0,4912535273281157.0
2159,1,1280,256,1024,0,24,0,32,64,"batch_decode_kernels::kv_norm_rope(unsigned short*, float const*, unsigned short const*, int, int, int, int, int, int, float const*, int, float)",2160,39,29424.0,180.0,550.0,2175.0,0.0,125755.0,20.0,4912535273443238.0,4912535273453798.0
2160,1,32768,256,11264,0,24,0,48,64,"batch_decode_kernels::mfma_head_gemm(float*, float const*, unsigned short const*, int, int, int, int, int, int, unsigned long)",2161,30,32552.0,5376.0,27904.0,164352.0,0.0,9707520.0,512.0,4912535273576998.0,4912535273589478.0
2161,1,5120,256,0,0,24,0,32,64,"batch_decode_kernels::q_rope(float*, float const*, int, int, int, int, int, int, float const*, int)",2162,40,24036.0,320.0,720.0,7760.0,0.0,261120.0,80.0,4912535273712519.0,4912535273719719.0
2162,1,35840,256,0,0,16,0,32,64,"batch_decode_kernels::attention_score(float*, float const*, float const*, unsigned short const*, int, int, int, int, int, int, int, float)",2163,41,27225.0,10640.0,7840.0,119280.0,0.0,7140000.0,560.0,4912535273843079.0,4912535273852839.0
2163,1,20480,256,1024,0,20,4,48,64,"void attention_kernels::softmax_rows_kernel<256>(float*, int, int, int, int)",2164,51,26805.0,400.0,13360.0,12560.0,0.0,386480.0,320.0,4912535273975400.0,4912535273984360.0
2164,1,2621440,256,0,0,16,0,32,64,"batch_decode_kernels::latent_context(float*, float const*, unsigned short const*, int, int, int, int, int, int)",2165,23,67049.0,122880.0,204800.0,4669440.0,0.0,183828480.0,40960.0,4912535274112361.0,4912535274147401.0
2165,1,8192,256,11264,0,24,0,48,64,"batch_decode_kernels::mfma_head_gemm(float*, float const*, unsigned short const*, int, int, int, int, int, int, unsigned long)",2166,30,55416.0,3840.0,24832.0,138240.0,0.0,8644608.0,128.0,4912535274244521.0,4912535274270761.0
2166,1,8192,256,11264,0,24,0,48,64,"batch_decode_kernels::mfma_gemm(float*, float const*, unsigned short const*, int, int, int, int)",2167,21,145957.0,14336.0,96768.0,519936.0,0.0,33163264.0,128.0,4912535274375499.0,4912535274456299.0
2167,1,1280,256,1024,0,12,4,32,64,"batch_decode_kernels::rmsnorm(float*, float const*, unsigned short const*, int, int, float)",2168,33,34693.0,640.0,740.0,3865.0,0.0,245755.0,20.0,4912535274618379.0,4912535274631819.0
2168,1,256,256,11264,0,24,0,48,64,"batch_decode_kernels::mfma_gemm(float*, float const*, unsigned short const*, int, int, int, int)",2169,21,156113.0,432.0,3024.0,16232.0,0.0,1036032.0,4.0,4912535274749259.0,4912535274835020.0
2169,1,320,64,0,0,16,0,48,64,"void moe_kernels::router_topk_wave64_kernel<64>(float*, float const*, int*, float*, int, int, int, int, int, float)",2170,57,40066.0,130.0,600.0,2005.0,0.0,95330.0,5.0,4912535274992940.0,4912535275010060.0
2170,1,256,256,1024,0,12,4,64,64,"batch_decode_kernels::align_routes(int const*, int, int, int, int*, int*, int*)",2171,17,39856.0,17.0,272.0,429.0,0.0,5541.0,4.0,4912535275131821.0,4912535275148461.0
2171,1,349184,256,19968,0,36,4,48,64,"void batch_decode_kernels::grouped_expert_gate_up<16, 1>(float const*, char const*, unsigned long const*, unsigned long const*, int const*, int const*, float*, unsigned short*, int, int, int, int, int)",2172,36,231416.0,160512.0,377872.0,3234352.0,0.0,203216464.0,5456.0,4912535275261101.0,4912535275396622.0
2172,1,11264,256,19968,0,32,0,48,64,"batch_decode_kernels::mfma_gate_up_swiglu(float*, float const*, unsigned short const*, unsigned short const*, int, int, int)",2173,19,157441.0,30272.0,121088.0,850432.0,0.0,53281536.0,176.0,4912535275499183.0,4912535275587343.0
2173,1,507904,256,11264,0,24,0,48,64,"void batch_decode_kernels::grouped_expert_down<16, 1>(float const*, unsigned short const*, char const*, unsigned long const*, int const*, int const*, float*, int, int, int, int)",2174,26,141015.0,128640.0,401408.0,2422400.0,0.0,153992960.0,7936.0,4912535275734704.0,4912535275814544.0
2174,1,1280,256,0,0,12,4,32,64,"batch_decode_kernels::reduce_routes_add(float*, float const*, float const*, int, int, int)",2175,28,62827.0,2240.0,1520.0,5800.0,0.0,371200.0,20.0,4912535275970065.0,4912535276000465.0
2175,1,8192,256,11264,0,24,0,48,64,"batch_decode_kernels::mfma_gemm(float*, float const*, unsigned short const*, int, int, int, int)",2176,21,193295.0,19328.0,132480.0,712320.0,0.0,45475840.0,128.0,4912535276106705.0,4912535276215826.0
2176,1,1280,256,1024,0,12,4,32,64,"batch_decode_kernels::rmsnorm(float*, float const*, unsigned short const*, int, int, float)",2177,33,34535.0,640.0,740.0,3865.0,0.0,245755.0,20.0,4912535276340626.0,4912535276354226.0
2177,1,12288,256,11264,0,24,0,48,64,"batch_decode_kernels::mfma_gemm(float*, float const*, unsigned short const*, int, int, int, int)",2178,21,142667.0,20736.0,145152.0,779136.0,0.0,49729536.0,192.0,4912535276471027.0,4912535276550067.0
2178,1,2304,256,11264,0,24,0,48,64,"batch_decode_kernels::mfma_gemm(float*, float const*, unsigned short const*, int, int, int, int)",2179,21,146787.0,3888.0,27216.0,146088.0,0.0,9324288.0,36.0,4912535276705108.0,4912535276786068.0
2179,1,1280,256,1024,0,24,0,32,64,"batch_decode_kernels::kv_norm_rope(unsigned short*, float const*, unsigned short const*, int, int, int, int, int, int, float const*, int, float)",2180,39,29341.0,180.0,550.0,2175.0,0.0,125755.0,20.0,4912535276937749.0,4912535276948469.0
2180,1,32768,256,11264,0,24,0,48,64,"batch_decode_kernels::mfma_head_gemm(float*, float const*, unsigned short const*, int, int, int, int, int, int, unsigned long)",2181,30,33301.0,5376.0,27904.0,164352.0,0.0,9707520.0,512.0,4912535277073270.0,4912535277086390.0
2181,1,5120,256,0,0,24,0,32,64,"batch_decode_kernels::q_rope(float*, float const*, int, int, int, int, int, int, float const*, int)",2182,40,23974.0,320.0,720.0,7760.0,0.0,261120.0,80.0,4912535277201910.0,4912535277208950.0
2182,1,35840,256,0,0,16,0,32,64,"batch_decode_kernels::attention_score(float*, float const*, float const*, unsigned short const*, int, int, int, int, int, int, int, float)",2183,41,27738.0,10640.0,7840.0,119280.0,0.0,7140000.0,560.0,4912535277327351.0,4912535277337111.0
2183,1,20480,256,1024,0,20,4,48,64,"void attention_kernels::softmax_rows_kernel<256>(float*, int, int, int, int)",2184,51,25620.0,400.0,13360.0,12560.0,0.0,386480.0,320.0,4912535277457431.0,4912535277465431.0
2184,1,2621440,256,0,0,16,0,32,64,"batch_decode_kernels::latent_context(float*, float const*, unsigned short const*, int, int, int, int, int, int)",2185,23,66434.0,122880.0,204800.0,4669440.0,0.0,183828480.0,40960.0,4912535277583992.0,4912535277618552.0
2185,1,8192,256,11264,0,24,0,48,64,"batch_decode_kernels::mfma_head_gemm(float*, float const*, unsigned short const*, int, int, int, int, int, int, unsigned long)",2186,30,54913.0,3840.0,24832.0,138240.0,0.0,8644608.0,128.0,4912535277712312.0,4912535277737753.0
2186,1,8192,256,11264,0,24,0,48,64,"batch_decode_kernels::mfma_gemm(float*, float const*, unsigned short const*, int, int, int, int)",2187,21,145418.0,14336.0,96768.0,519936.0,0.0,33163264.0,128.0,4912535277839993.0,4912535277920313.0
2187,1,1280,256,1024,0,12,4,32,64,"batch_decode_kernels::rmsnorm(float*, float const*, unsigned short const*, int, int, float)",2188,33,32411.0,640.0,740.0,3865.0,0.0,245755.0,20.0,4912535278072954.0,4912535278085434.0
2188,1,256,256,11264,0,24,0,48,64,"batch_decode_kernels::mfma_gemm(float*, float const*, unsigned short const*, int, int, int, int)",2189,21,156122.0,432.0,3024.0,16232.0,0.0,1036032.0,4.0,4912535278198715.0,4912535278284635.0
2189,1,320,64,0,0,16,0,48,64,"void moe_kernels::router_topk_wave64_kernel<64>(float*, float const*, int*, float*, int, int, int, int, int, float)",2190,57,39489.0,130.0,600.0,2005.0,0.0,95320.0,5.0,4912535278428476.0,4912535278444796.0
2190,1,256,256,1024,0,12,4,64,64,"batch_decode_kernels::align_routes(int const*, int, int, int, int*, int*, int*)",2191,17,40439.0,17.0,272.0,429.0,0.0,5541.0,4.0,4912535278555996.0,4912535278572796.0
2191,1,349184,256,19968,0,36,4,48,64,"void batch_decode_kernels::grouped_expert_gate_up<16, 1>(float const*, char const*, unsigned long const*, unsigned long const*, int const*, int const*, float*, unsigned short*, int, int, int, int, int)",2192,36,233574.0,160512.0,377872.0,3234352.0,0.0,203216464.0,5456.0,4912535278679677.0,4912535278816637.0
2192,1,11264,256,19968,0,32,0,48,64,"batch_decode_kernels::mfma_gate_up_swiglu(float*, float const*, unsigned short const*, unsigned short const*, int, int, int)",2193,19,158356.0,30272.0,121088.0,850432.0,0.0,53281536.0,176.0,4912535278904478.0,4912535278992958.0
2193,1,507904,256,11264,0,24,0,48,64,"void batch_decode_kernels::grouped_expert_down<16, 1>(float const*, unsigned short const*, char const*, unsigned long const*, int const*, int const*, float*, int, int, int, int)",2194,26,139972.0,128640.0,401408.0,2422400.0,0.0,153992960.0,7936.0,4912535279135519.0,4912535279214559.0
2194,1,1280,256,0,0,12,4,32,64,"batch_decode_kernels::reduce_routes_add(float*, float const*, float const*, int, int, int)",2195,28,63904.0,2240.0,1520.0,5800.0,0.0,371200.0,20.0,4912535279360960.0,4912535279391840.0
2195,1,8192,256,11264,0,24,0,48,64,"batch_decode_kernels::mfma_gemm(float*, float const*, unsigned short const*, int, int, int, int)",2196,21,195298.0,19328.0,132480.0,712320.0,0.0,45475840.0,128.0,4912535279486080.0,4912535279596161.0
2196,1,1280,256,1024,0,12,4,32,64,"batch_decode_kernels::rmsnorm(float*, float const*, unsigned short const*, int, int, float)",2197,33,32930.0,640.0,740.0,3865.0,0.0,245755.0,20.0,4912535279710081.0,4912535279722881.0
2197,1,12288,256,11264,0,24,0,48,64,"batch_decode_kernels::mfma_gemm(float*, float const*, unsigned short const*, int, int, int, int)",2198,21,142061.0,20736.0,145152.0,779136.0,0.0,49729536.0,192.0,4912535279834562.0,4912535279913122.0
2198,1,2304,256,11264,0,24,0,48,64,"batch_decode_kernels::mfma_gemm(float*, float const*, unsigned short const*, int, int, int, int)",2199,21,147163.0,3888.0,27216.0,146088.0,0.0,9324288.0,36.0,4912535280063043.0,4912535280143843.0
2199,1,1280,256,1024,0,24,0,32,64,"batch_decode_kernels::kv_norm_rope(unsigned short*, float const*, unsigned short const*, int, int, int, int, int, int, float const*, int, float)",2200,39,29222.0,180.0,550.0,2175.0,0.0,125755.0,20.0,4912535280285924.0,4912535280296164.0
2200,1,32768,256,11264,0,24,0,48,64,"batch_decode_kernels::mfma_head_gemm(float*, float const*, unsigned short const*, int, int, int, int, int, int, unsigned long)",2201,30,33607.0,5376.0,27904.0,164352.0,0.0,9707520.0,512.0,4912535280408485.0,4912535280421765.0
2201,1,5120,256,0,0,24,0,32,64,"batch_decode_kernels::q_rope(float*, float const*, int, int, int, int, int, int, float const*, int)",2202,40,24741.0,320.0,720.0,7760.0,0.0,261120.0,80.0,4912535280530885.0,4912535280538245.0
2202,1,35840,256,0,0,16,0,32,64,"batch_decode_kernels::attention_score(float*, float const*, float const*, unsigned short const*, int, int, int, int, int, int, int, float)",2203,41,29157.0,10640.0,7840.0,119280.0,0.0,7140000.0,560.0,4912535280654566.0,4912535280664966.0
2203,1,20480,256,1024,0,20,4,48,64,"void attention_kernels::softmax_rows_kernel<256>(float*, int, int, int, int)",2204,51,25478.0,400.0,13360.0,12560.0,0.0,386480.0,320.0,4912535280777766.0,4912535280786406.0
2204,1,2621440,256,0,0,16,0,32,64,"batch_decode_kernels::latent_context(float*, float const*, unsigned short const*, int, int, int, int, int, int)",2205,23,67764.0,122880.0,204800.0,4669440.0,0.0,183828480.0,40960.0,4912535280900807.0,4912535280936007.0
2205,1,8192,256,11264,0,24,0,48,64,"batch_decode_kernels::mfma_head_gemm(float*, float const*, unsigned short const*, int, int, int, int, int, int, unsigned long)",2206,30,54614.0,3840.0,24832.0,138240.0,0.0,8644608.0,128.0,4912535281028487.0,4912535281054087.0
2206,1,8192,256,11264,0,24,0,48,64,"batch_decode_kernels::mfma_gemm(float*, float const*, unsigned short const*, int, int, int, int)",2207,21,148005.0,14336.0,96768.0,519936.0,0.0,33163264.0,128.0,4912535281150248.0,4912535281231848.0
2207,1,1280,256,1024,0,12,4,32,64,"batch_decode_kernels::rmsnorm(float*, float const*, unsigned short const*, int, int, float)",2208,33,33287.0,640.0,740.0,3865.0,0.0,245755.0,20.0,4912535281368329.0,4912535281380649.0
2208,1,256,256,11264,0,24,0,48,64,"batch_decode_kernels::mfma_gemm(float*, float const*, unsigned short const*, int, int, int, int)",2209,21,157945.0,432.0,3024.0,16232.0,0.0,1036032.0,4.0,4912535281488649.0,4912535281575850.0
2209,1,320,64,0,0,16,0,48,64,"void moe_kernels::router_topk_wave64_kernel<64>(float*, float const*, int*, float*, int, int, int, int, int, float)",2210,57,39835.0,130.0,600.0,2005.0,0.0,95335.0,5.0,4912535281707690.0,4912535281724010.0
2210,1,256,256,1024,0,12,4,64,64,"batch_decode_kernels::align_routes(int const*, int, int, int, int*, int*, int*)",2211,17,40647.0,17.0,272.0,429.0,0.0,5541.0,4.0,4912535281827371.0,4912535281844331.0
2211,1,349184,256,19968,0,36,4,48,64,"void batch_decode_kernels::grouped_expert_gate_up<16, 1>(float const*, char const*, unsigned long const*, unsigned long const*, int const*, int const*, float*, unsigned short*, int, int, int, int, int)",2212,36,234467.0,160512.0,377872.0,3234352.0,0.0,203216464.0,5456.0,4912535281948971.0,4912535282086572.0
2212,1,11264,256,19968,0,32,0,48,64,"batch_decode_kernels::mfma_gate_up_swiglu(float*, float const*, unsigned short const*, unsigned short const*, int, int, int)",2213,19,158984.0,30272.0,121088.0,850432.0,0.0,53281536.0,176.0,4912535282171692.0,4912535282260493.0
2213,1,507904,256,11264,0,24,0,48,64,"void batch_decode_kernels::grouped_expert_down<16, 1>(float const*, unsigned short const*, char const*, unsigned long const*, int const*, int const*, float*, int, int, int, int)",2214,26,141541.0,128640.0,401408.0,2422400.0,0.0,153992960.0,7936.0,4912535282389453.0,4912535282469774.0
2214,1,1280,256,0,0,12,4,32,64,"batch_decode_kernels::reduce_routes_add(float*, float const*, float const*, int, int, int)",2215,28,62051.0,2240.0,1520.0,5800.0,0.0,371200.0,20.0,4912535282607054.0,4912535282636974.0
2215,1,8192,256,11264,0,24,0,48,64,"batch_decode_kernels::mfma_gemm(float*, float const*, unsigned short const*, int, int, int, int)",2216,21,193028.0,19328.0,132480.0,712320.0,0.0,45475840.0,128.0,4912535282731375.0,4912535282840175.0
2216,1,1280,256,1024,0,12,4,32,64,"batch_decode_kernels::rmsnorm(float*, float const*, unsigned short const*, int, int, float)",2217,33,32665.0,640.0,740.0,3865.0,0.0,245755.0,20.0,4912535282945776.0,4912535282958096.0
2217,1,12288,256,11264,0,24,0,48,64,"batch_decode_kernels::mfma_gemm(float*, float const*, unsigned short const*, int, int, int, int)",2218,21,142954.0,20736.0,145152.0,779136.0,0.0,49729536.0,192.0,4912535283071856.0,4912535283150897.0
2218,1,2304,256,11264,0,24,0,48,64,"batch_decode_kernels::mfma_gemm(float*, float const*, unsigned short const*, int, int, int, int)",2219,21,145853.0,3888.0,27216.0,146088.0,0.0,9324288.0,36.0,4912535283286257.0,4912535283365938.0
2219,1,1280,256,1024,0,24,0,32,64,"batch_decode_kernels::kv_norm_rope(unsigned short*, float const*, unsigned short const*, int, int, int, int, int, int, float const*, int, float)",2220,39,28235.0,180.0,550.0,2175.0,0.0,125755.0,20.0,4912535283499698.0,4912535283509458.0
2220,1,32768,256,11264,0,24,0,48,64,"batch_decode_kernels::mfma_head_gemm(float*, float const*, unsigned short const*, int, int, int, int, int, int, unsigned long)",2221,30,32361.0,5376.0,27904.0,164352.0,0.0,9707520.0,512.0,4912535283616179.0,4912535283628659.0
2221,1,5120,256,0,0,24,0,32,64,"batch_decode_kernels::q_rope(float*, float const*, int, int, int, int, int, int, float const*, int)",2222,40,23780.0,320.0,720.0,7760.0,0.0,261120.0,80.0,4912535283735539.0,4912535283742419.0
2222,1,35840,256,0,0,16,0,32,64,"batch_decode_kernels::attention_score(float*, float const*, float const*, unsigned short const*, int, int, int, int, int, int, int, float)",2223,41,29100.0,10640.0,7840.0,119280.0,0.0,7140000.0,560.0,4912535283852660.0,4912535283863220.0
2223,1,20480,256,1024,0,20,4,48,64,"void attention_kernels::softmax_rows_kernel<256>(float*, int, int, int, int)",2224,51,25441.0,400.0,13360.0,12560.0,0.0,386480.0,320.0,4912535283969460.0,4912535283977460.0
2224,1,2621440,256,0,0,16,0,32,64,"batch_decode_kernels::latent_context(float*, float const*, unsigned short const*, int, int, int, int, int, int)",2225,23,67257.0,122880.0,204800.0,4669440.0,0.0,183828480.0,40960.0,4912535284091381.0,4912535284126261.0
2225,1,8192,256,11264,0,24,0,48,64,"batch_decode_kernels::mfma_head_gemm(float*, float const*, unsigned short const*, int, int, int, int, int, int, unsigned long)",2226,30,55797.0,3840.0,24832.0,138240.0,0.0,8644608.0,128.0,4912535284208662.0,4912535284235222.0
2226,1,8192,256,11264,0,24,0,48,64,"batch_decode_kernels::mfma_gemm(float*, float const*, unsigned short const*, int, int, int, int)",2227,21,145994.0,14336.0,96768.0,519936.0,0.0,33163264.0,128.0,4912535284325302.0,4912535284405622.0
2227,1,1280,256,1024,0,12,4,32,64,"batch_decode_kernels::rmsnorm(float*, float const*, unsigned short const*, int, int, float)",2228,33,31845.0,640.0,740.0,3865.0,0.0,245755.0,20.0,4912535284535863.0,4912535284547703.0
2228,1,256,256,11264,0,24,0,48,64,"batch_decode_kernels::mfma_gemm(float*, float const*, unsigned short const*, int, int, int, int)",2229,21,157990.0,432.0,3024.0,16232.0,0.0,1036032.0,4.0,4912535284650263.0,4912535284737304.0
2229,1,320,64,0,0,16,0,48,64,"void moe_kernels::router_topk_wave64_kernel<64>(float*, float const*, int*, float*, int, int, int, int, int, float)",2230,57,37565.0,130.0,600.0,2005.0,0.0,95350.0,5.0,4912535284856664.0,4912535284871864.0
2230,1,256,256,1024,0,12,4,64,64,"batch_decode_kernels::align_routes(int const*, int, int, int, int*, int*, int*)",2231,17,40311.0,17.0,272.0,429.0,0.0,5541.0,4.0,4912535284973625.0,4912535284990745.0
2231,1,349184,256,19968,0,36,4,48,64,"void batch_decode_kernels::grouped_expert_gate_up<16, 1>(float const*, char const*, unsigned long const*, unsigned long const*, int const*, int const*, float*, unsigned short*, int, int, int, int, int)",2232,36,230760.0,160512.0,377872.0,3234352.0,0.0,203216464.0,5456.0,4912535285094105.0,4912535285229306.0
2232,1,11264,256,19968,0,32,0,48,64,"batch_decode_kernels::mfma_gate_up_swiglu(float*, float const*, unsigned short const*, unsigned short const*, int, int, int)",2233,19,158763.0,30272.0,121088.0,850432.0,0.0,53281536.0,176.0,4912535285300186.0,4912535285389147.0
2233,1,507904,256,11264,0,24,0,48,64,"void batch_decode_kernels::grouped_expert_down<16, 1>(float const*, unsigned short const*, char const*, unsigned long const*, int const*, int const*, float*, int, int, int, int)",2234,26,141298.0,128640.0,401408.0,2422400.0,0.0,153992960.0,7936.0,4912535285506747.0,4912535285587068.0
2234,1,1280,256,0,0,12,4,32,64,"batch_decode_kernels::reduce_routes_add(float*, float const*, float const*, int, int, int)",2235,28,64240.0,2240.0,1520.0,5800.0,0.0,371200.0,20.0,4912535285712028.0,4912535285742908.0
2235,1,8192,256,11264,0,24,0,48,64,"batch_decode_kernels::mfma_gemm(float*, float const*, unsigned short const*, int, int, int, int)",2236,21,194866.0,19328.0,132480.0,712320.0,0.0,45475840.0,128.0,4912535285827229.0,4912535285936989.0
2236,1,1280,256,1024,0,12,4,32,64,"batch_decode_kernels::rmsnorm(float*, float const*, unsigned short const*, int, int, float)",2237,33,31871.0,640.0,740.0,3865.0,0.0,245755.0,20.0,4912535286037470.0,4912535286049470.0
2237,1,12288,256,11264,0,24,0,48,64,"batch_decode_kernels::mfma_gemm(float*, float const*, unsigned short const*, int, int, int, int)",2238,21,142410.0,20736.0,145152.0,779136.0,0.0,49729536.0,192.0,4912535286151710.0,4912535286230431.0
2238,1,2304,256,11264,0,24,0,48,64,"batch_decode_kernels::mfma_gemm(float*, float const*, unsigned short const*, int, int, int, int)",2239,21,146355.0,3888.0,27216.0,146088.0,0.0,9324288.0,36.0,4912535286356351.0,4912535286436511.0
2239,1,1280,256,1024,0,24,0,32,64,"batch_decode_kernels::kv_norm_rope(unsigned short*, float const*, unsigned short const*, int, int, int, int, int, int, float const*, int, float)",2240,39,28702.0,180.0,550.0,2175.0,0.0,125755.0,20.0,4912535286556352.0,4912535286566752.0
2240,1,32768,256,11264,0,24,0,48,64,"batch_decode_kernels::mfma_head_gemm(float*, float const*, unsigned short const*, int, int, int, int, int, int, unsigned long)",2241,30,33720.0,5376.0,27904.0,164352.0,0.0,9707520.0,512.0,4912535286668673.0,4912535286681953.0
2241,1,5120,256,0,0,24,0,32,64,"batch_decode_kernels::q_rope(float*, float const*, int, int, int, int, int, int, float const*, int)",2242,40,24023.0,320.0,720.0,7760.0,0.0,261120.0,80.0,4912535286782753.0,4912535286790113.0
2242,1,35840,256,0,0,16,0,32,64,"batch_decode_kernels::attention_score(float*, float const*, float const*, unsigned short const*, int, int, int, int, int, int, int, float)",2243,41,27876.0,10640.0,7840.0,119280.0,0.0,7140000.0,560.0,4912535286896514.0,4912535286905954.0
2243,1,20480,256,1024,0,20,4,48,64,"void attention_kernels::softmax_rows_kernel<256>(float*, int, int, int, int)",2244,51,25961.0,400.0,13360.0,12560.0,0.0,386480.0,320.0,4912535287008994.0,4912535287017474.0
2244,1,2621440,256,0,0,16,0,32,64,"batch_decode_kernels::latent_context(float*, float const*, unsigned short const*, int, int, int, int, int, int)",2245,23,66924.0,122880.0,204800.0,4669440.0,0.0,183828480.0,40960.0,4912535287125795.0,4912535287160675.0
2245,1,8192,256,11264,0,24,0,48,64,"batch_decode_kernels::mfma_head_gemm(float*, float const*, unsigned short const*, int, int, int, int, int, int, unsigned long)",2246,30,55643.0,3840.0,24832.0,138240.0,0.0,8644608.0,128.0,4912535287237795.0,4912535287264195.0
2246,1,8192,256,11264,0,24,0,48,64,"batch_decode_kernels::mfma_gemm(float*, float const*, unsigned short const*, int, int, int, int)",2247,21,145488.0,14336.0,96768.0,519936.0,0.0,33163264.0,128.0,4912535287350756.0,4912535287430916.0
2247,1,1280,256,1024,0,12,4,32,64,"batch_decode_kernels::rmsnorm(float*, float const*, unsigned short const*, int, int, float)",2248,33,31903.0,640.0,740.0,3865.0,0.0,245755.0,20.0,4912535287546916.0,4912535287558916.0
2248,1,256,256,11264,0,24,0,48,64,"batch_decode_kernels::mfma_gemm(float*, float const*, unsigned short const*, int, int, int, int)",2249,21,157826.0,432.0,3024.0,16232.0,0.0,1036032.0,4.0,4912535287656837.0,4912535287743717.0
2249,1,320,64,0,0,16,0,48,64,"void moe_kernels::router_topk_wave64_kernel<64>(float*, float const*, int*, float*, int, int, int, int, int, float)",2250,57,40349.0,130.0,600.0,2005.0,0.0,95330.0,5.0,4912535287855078.0,4912535287871398.0
2250,1,256,256,1024,0,12,4,64,64,"batch_decode_kernels::align_routes(int const*, int, int, int, int*, int*, int*)",2251,17,40362.0,17.0,272.0,429.0,0.0,5541.0,4.0,4912535287964518.0,4912535287981158.0
2251,1,349184,256,19968,0,36,4,48,64,"void batch_decode_kernels::grouped_expert_gate_up<16, 1>(float const*, char const*, unsigned long const*, unsigned long const*, int const*, int const*, float*, unsigned short*, int, int, int, int, int)",2252,36,230682.0,160512.0,377872.0,3234352.0,0.0,203216464.0,5456.0,4912535288081159.0,4912535288216359.0
2252,1,11264,256,19968,0,32,0,48,64,"batch_decode_kernels::mfma_gate_up_swiglu(float*, float const*, unsigned short const*, unsigned short const*, int, int, int)",2253,19,155756.0,30272.0,121088.0,850432.0,0.0,53281536.0,176.0,4912535288275560.0,4912535288362600.0
2253,1,507904,256,11264,0,24,0,48,64,"void batch_decode_kernels::grouped_expert_down<16, 1>(float const*, unsigned short const*, char const*, unsigned long const*, int const*, int const*, float*, int, int, int, int)",2254,26,139044.0,128640.0,401408.0,2422400.0,0.0,153992960.0,7936.0,4912535288473001.0,4912535288551561.0
2254,1,1280,256,0,0,12,4,32,64,"batch_decode_kernels::reduce_routes_add(float*, float const*, float const*, int, int, int)",2255,28,62785.0,2240.0,1520.0,5800.0,0.0,371200.0,20.0,4912535288667561.0,4912535288697962.0
2255,1,8192,256,11264,0,24,0,48,64,"batch_decode_kernels::mfma_gemm(float*, float const*, unsigned short const*, int, int, int, int)",2256,21,193952.0,19328.0,132480.0,712320.0,0.0,45475840.0,128.0,4912535288774442.0,4912535288884042.0
2256,1,1280,256,1024,0,12,4,32,64,"batch_decode_kernels::rmsnorm(float*, float const*, unsigned short const*, int, int, float)",2257,33,32402.0,640.0,740.0,3865.0,0.0,245755.0,20.0,4912535288968203.0,4912535288980203.0
2257,1,12288,256,11264,0,24,0,48,64,"batch_decode_kernels::mfma_gemm(float*, float const*, unsigned short const*, int, int, int, int)",2258,21,142638.0,20736.0,145152.0,779136.0,0.0,49729536.0,192.0,4912535289083083.0,4912535289161964.0
2258,1,2304,256,11264,0,24,0,48,64,"batch_decode_kernels::mfma_gemm(float*, float const*, unsigned short const*, int, int, int, int)",2259,21,146011.0,3888.0,27216.0,146088.0,0.0,9324288.0,36.0,4912535289275724.0,4912535289355885.0
2259,1,1280,256,1024,0,24,0,32,64,"batch_decode_kernels::kv_norm_rope(unsigned short*, float const*, unsigned short const*, int, int, int, int, int, int, float const*, int, float)",2260,39,29978.0,180.0,550.0,2175.0,0.0,125755.0,20.0,4912535289470445.0,4912535289481005.0
2260,1,32768,256,11264,0,24,0,48,64,"batch_decode_kernels::mfma_head_gemm(float*, float const*, unsigned short const*, int, int, int, int, int, int, unsigned long)",2261,30,32203.0,5376.0,27904.0,164352.0,0.0,9707520.0,512.0,4912535289577486.0,4912535289589806.0
2261,1,5120,256,0,0,24,0,32,64,"batch_decode_kernels::q_rope(float*, float const*, int, int, int, int, int, int, float const*, int)",2262,40,23348.0,320.0,720.0,7760.0,0.0,261120.0,80.0,4912535289684046.0,4912535289690926.0
2262,1,35840,256,0,0,16,0,32,64,"batch_decode_kernels::attention_score(float*, float const*, float const*, unsigned short const*, int, int, int, int, int, int, int, float)",2263,41,27484.0,10640.0,7840.0,119280.0,0.0,7140000.0,560.0,4912535289791726.0,4912535289801327.0
2263,1,20480,256,1024,0,20,4,48,64,"void attention_kernels::softmax_rows_kernel<256>(float*, int, int, int, int)",2264,51,25127.0,400.0,13360.0,12560.0,0.0,386480.0,320.0,4912535289901007.0,4912535289908847.0
2264,1,2621440,256,0,0,16,0,32,64,"batch_decode_kernels::latent_context(float*, float const*, unsigned short const*, int, int, int, int, int, int)",2265,23,67844.0,122880.0,204800.0,4669440.0,0.0,183828480.0,40960.0,4912535290007887.0,4912535290043088.0
2265,1,8192,256,11264,0,24,0,48,64,"batch_decode_kernels::mfma_head_gemm(float*, float const*, unsigned short const*, int, int, int, int, int, int, unsigned long)",2266,30,54111.0,3840.0,24832.0,138240.0,0.0,8644608.0,128.0,4912535290122288.0,4912535290147728.0
2266,1,8192,256,11264,0,24,0,48,64,"batch_decode_kernels::mfma_gemm(float*, float const*, unsigned short const*, int, int, int, int)",2267,21,148165.0,14336.0,96768.0,519936.0,0.0,33163264.0,128.0,4912535290226128.0,4912535290307889.0
2267,1,1280,256,1024,0,12,4,32,64,"batch_decode_kernels::rmsnorm(float*, float const*, unsigned short const*, int, int, float)",2268,33,32236.0,640.0,740.0,3865.0,0.0,245755.0,20.0,4912535290414609.0,4912535290426929.0
2268,1,256,256,11264,0,24,0,48,64,"batch_decode_kernels::mfma_gemm(float*, float const*, unsigned short const*, int, int, int, int)",2269,21,154388.0,432.0,3024.0,16232.0,0.0,1036032.0,4.0,4912535290519570.0,4912535290604370.0
2269,1,320,64,0,0,16,0,48,64,"void moe_kernels::router_topk_wave64_kernel<64>(float*, float const*, int*, float*, int, int, int, int, int, float)",2270,57,39784.0,130.0,600.0,2005.0,0.0,95365.0,5.0,4912535290706451.0,4912535290722771.0
2270,1,256,256,1024,0,12,4,64,64,"batch_decode_kernels::align_routes(int const*, int, int, int, int*, int*, int*)",2271,17,40562.0,17.0,272.0,429.0,0.0,5541.0,4.0,4912535290812531.0,4912535290829651.0
2271,1,349184,256,19968,0,36,4,48,64,"void batch_decode_kernels::grouped_expert_gate_up<16, 1>(float const*, char const*, unsigned long const*, unsigned long const*, int const*, int const*, float*, unsigned short*, int, int, int, int, int)",2272,36,232302.0,160512.0,377872.0,3234352.0,0.0,203216464.0,5456.0,4912535290917652.0,4912535291053812.0
2272,1,11264,256,19968,0,32,0,48,64,"batch_decode_kernels::mfma_gate_up_swiglu(float*, float const*, unsigned short const*, unsigned short const*, int, int, int)",2273,19,159326.0,30272.0,121088.0,850432.0,0.0,53281536.0,176.0,4912535291194133.0,4912535291283413.0
2273,1,507904,256,11264,0,24,0,48,64,"void batch_decode_kernels::grouped_expert_down<16, 1>(float const*, unsigned short const*, char const*, unsigned long const*, int const*, int const*, float*, int, int, int, int)",2274,26,140406.0,128640.0,401408.0,2422400.0,0.0,153992960.0,7936.0,4912535291383894.0,4912535291463254.0
2274,1,1280,256,0,0,12,4,32,64,"batch_decode_kernels::reduce_routes_add(float*, float const*, float const*, int, int, int)",2275,28,61264.0,2240.0,1520.0,5800.0,0.0,371200.0,20.0,4912535291568694.0,4912535291598135.0
2275,1,8192,256,11264,0,24,0,48,64,"batch_decode_kernels::mfma_gemm(float*, float const*, unsigned short const*, int, int, int, int)",2276,21,197744.0,19328.0,132480.0,712320.0,0.0,45475840.0,128.0,4912535291672695.0,4912535291783575.0
2276,1,1280,256,1024,0,12,4,32,64,"batch_decode_kernels::rmsnorm(float*, float const*, unsigned short const*, int, int, float)",2277,33,32467.0,640.0,740.0,3865.0,0.0,245755.0,20.0,4912535291855896.0,4912535291868216.0
2277,1,12288,256,11264,0,24,0,48,64,"batch_decode_kernels::mfma_gemm(float*, float const*, unsigned short const*, int, int, int, int)",2278,21,141750.0,20736.0,145152.0,779136.0,0.0,49729536.0,192.0,4912535291959576.0,4912535292038137.0
2278,1,2304,256,11264,0,24,0,48,64,"batch_decode_kernels::mfma_gemm(float*, float const*, unsigned short const*, int, int, int, int)",2279,21,142657.0,3888.0,27216.0,146088.0,0.0,9324288.0,36.0,4912535292153177.0,4912535292231417.0
2279,1,1280,256,1024,0,24,0,32,64,"batch_decode_kernels::kv_norm_rope(unsigned short*, float const*, unsigned short const*, int, int, int, int, int, int, float const*, int, float)",2280,39,29107.0,180.0,550.0,2175.0,0.0,125755.0,20.0,4912535292337018.0,4912535292347418.0
2280,1,32768,256,11264,0,24,0,48,64,"batch_decode_kernels::mfma_head_gemm(float*, float const*, unsigned short const*, int, int, int, int, int, int, unsigned long)",2281,30,32464.0,5376.0,27904.0,164352.0,0.0,9707520.0,512.0,4912535292521979.0,4912535292534299.0
2281,1,5120,256,0,0,24,0,32,64,"batch_decode_kernels::q_rope(float*, float const*, int, int, int, int, int, int, float const*, int)",2282,40,25041.0,320.0,720.0,7760.0,0.0,261120.0,80.0,4912535292623099.0,4912535292630939.0
2282,1,35840,256,0,0,16,0,32,64,"batch_decode_kernels::attention_score(float*, float const*, float const*, unsigned short const*, int, int, int, int, int, int, int, float)",2283,41,29085.0,10640.0,7840.0,119280.0,0.0,7140000.0,560.0,4912535292724540.0,4912535292734780.0
2283,1,20480,256,1024,0,20,4,48,64,"void attention_kernels::softmax_rows_kernel<256>(float*, int, int, int, int)",2284,51,26347.0,400.0,13360.0,12560.0,0.0,386480.0,320.0,4912535292826620.0,4912535292835260.0
2284,1,2621440,256,0,0,16,0,32,64,"batch_decode_kernels::latent_context(float*, float const*, unsigned short const*, int, int, int, int, int, int)",2285,23,66934.0,122880.0,204800.0,4669440.0,0.0,183828480.0,40960.0,4912535292928220.0,4912535292963101.0
2285,1,8192,256,11264,0,24,0,48,64,"batch_decode_kernels::mfma_head_gemm(float*, float const*, unsigned short const*, int, int, int, int, int, int, unsigned long)",2286,30,53950.0,3840.0,24832.0,138240.0,0.0,8644608.0,128.0,4912535293035421.0,4912535293060861.0
2286,1,8192,256,11264,0,24,0,48,64,"batch_decode_kernels::mfma_gemm(float*, float const*, unsigned short const*, int, int, int, int)",2287,21,145881.0,14336.0,96768.0,519936.0,0.0,33163264.0,128.0,4912535293136701.0,4912535293216862.0
2287,1,1280,256,1024,0,12,4,32,64,"batch_decode_kernels::rmsnorm(float*, float const*, unsigned short const*, int, int, float)",2288,33,33216.0,640.0,740.0,3865.0,0.0,245755.0,20.0,4912535293317822.0,4912535293330622.0
2288,1,256,256,11264,0,24,0,48,64,"batch_decode_kernels::mfma_gemm(float*, float const*, unsigned short const*, int, int, int, int)",2289,21,158118.0,432.0,3024.0,16232.0,0.0,1036032.0,4.0,4912535293417023.0,4912535293504223.0
2289,1,320,64,0,0,16,0,48,64,"void moe_kernels::router_topk_wave64_kernel<64>(float*, float const*, int*, float*, int, int, int, int, int, float)",2290,57,38854.0,130.0,600.0,2005.0,0.0,95325.0,5.0,4912535293595423.0,4912535293611424.0
2290,1,256,256,1024,0,12,4,64,64,"batch_decode_kernels::align_routes(int const*, int, int, int, int*, int*, int*)",2291,17,39261.0,17.0,272.0,429.0,0.0,5541.0,4.0,4912535293694944.0,4912535293711584.0
2291,1,349184,256,19968,0,36,4,48,64,"void batch_decode_kernels::grouped_expert_gate_up<16, 1>(float const*, char const*, unsigned long const*, unsigned long const*, int const*, int const*, float*, unsigned short*, int, int, int, int, int)",2292,36,230643.0,160512.0,377872.0,3234352.0,0.0,203216464.0,5456.0,4912535293794464.0,4912535293929505.0
2292,1,11264,256,19968,0,32,0,48,64,"batch_decode_kernels::mfma_gate_up_swiglu(float*, float const*, unsigned short const*, unsigned short const*, int, int, int)",2293,19,159861.0,30272.0,121088.0,850432.0,0.0,53281536.0,176.0,4912535294055106.0,4912535294144546.0
2293,1,507904,256,11264,0,24,0,48,64,"void batch_decode_kernels::grouped_expert_down<16, 1>(float const*, unsigned short const*, char const*, unsigned long const*, int const*, int const*, float*, int, int, int, int)",2294,26,142111.0,128640.0,401408.0,2422400.0,0.0,153992960.0,7936.0,4912535294231746.0,4912535294312227.0
2294,1,1280,256,0,0,12,4,32,64,"batch_decode_kernels::reduce_routes_add(float*, float const*, float const*, int, int, int)",2295,28,62879.0,2240.0,1520.0,5800.0,0.0,371200.0,20.0,4912535294408867.0,4912535294439267.0
2295,1,8192,256,11264,0,24,0,48,64,"batch_decode_kernels::mfma_gemm(float*, float const*, unsigned short const*, int, int, int, int)",2296,21,192917.0,19328.0,132480.0,712320.0,0.0,45475840.0,128.0,4912535294508388.0,4912535294616708.0
2296,1,1280,256,1024,0,12,4,32,64,"batch_decode_kernels::rmsnorm(float*, float const*, unsigned short const*, int, int, float)",2297,33,32978.0,640.0,740.0,3865.0,0.0,245755.0,20.0,4912535294684388.0,4912535294697188.0
2297,1,12288,256,11264,0,24,0,48,64,"batch_decode_kernels::mfma_gemm(float*, float const*, unsigned short const*, int, int, int, int)",2298,21,141571.0,20736.0,145152.0,779136.0,0.0,49729536.0,192.0,4912535294781509.0,4912535294859429.0
2298,1,2304,256,11264,0,24,0,48,64,"batch_decode_kernels::mfma_gemm(float*, float const*, unsigned short const*, int, int, int, int)",2299,21,143473.0,3888.0,27216.0,146088.0,0.0,9324288.0,36.0,4912535294954630.0,4912535295033350.0
2299,1,1280,256,1024,0,24,0,32,64,"batch_decode_kernels::kv_norm_rope(unsigned short*, float const*, unsigned short const*, int, int, int, int, int, int, float const*, int, float)",2300,39,29032.0,180.0,550.0,2175.0,0.0,125755.0,20.0,4912535295134950.0,4912535295145030.0
2300,1,32768,256,11264,0,24,0,48,64,"batch_decode_kernels::mfma_head_gemm(float*, float const*, unsigned short const*, int, int, int, int, int, int, unsigned long)",2301,30,32945.0,5376.0,27904.0,164352.0,0.0,9707520.0,512.0,4912535295229191.0,4912535295241991.0
2301,1,5120,256,0,0,24,0,32,64,"batch_decode_kernels::q_rope(float*, float const*, int, int, int, int, int, int, float const*, int)",2302,40,23495.0,320.0,720.0,7760.0,0.0,261120.0,80.0,4912535295326151.0,4912535295333191.0
2302,1,35840,256,0,0,16,0,32,64,"batch_decode_kernels::attention_score(float*, float const*, float const*, unsigned short const*, int, int, int, int, int, int, int, float)",2303,41,29699.0,10640.0,7840.0,119280.0,0.0,7140000.0,560.0,4912535295423752.0,4912535295434312.0
2303,1,20480,256,1024,0,20,4,48,64,"void attention_kernels::softmax_rows_kernel<256>(float*, int, int, int, int)",2304,51,26142.0,400.0,13360.0,12560.0,0.0,386480.0,320.0,4912535295595912.0,4912535295604392.0
2304,1,2621440,256,0,0,16,0,32,64,"batch_decode_kernels::latent_context(float*, float const*, unsigned short const*, int, int, int, int, int, int)",2305,23,66805.0,122880.0,204800.0,4669440.0,0.0,183828480.0,40960.0,4912535295690473.0,4912535295725513.0
2305,1,8192,256,11264,0,24,0,48,64,"batch_decode_kernels::mfma_head_gemm(float*, float const*, unsigned short const*, int, int, int, int, int, int, unsigned long)",2306,30,54561.0,3840.0,24832.0,138240.0,0.0,8644608.0,128.0,4912535295786313.0,4912535295812233.0
2306,1,8192,256,11264,0,24,0,48,64,"batch_decode_kernels::mfma_gemm(float*, float const*, unsigned short const*, int, int, int, int)",2307,21,143564.0,14336.0,96768.0,519936.0,0.0,33163264.0,128.0,4912535295880874.0,4912535295959914.0
2307,1,1280,256,1024,0,12,4,32,64,"batch_decode_kernels::rmsnorm(float*, float const*, unsigned short const*, int, int, float)",2308,33,32634.0,640.0,740.0,3865.0,0.0,245755.0,20.0,4912535296058954.0,4912535296071275.0
2308,1,256,256,11264,0,24,0,48,64,"batch_decode_kernels::mfma_gemm(float*, float const*, unsigned short const*, int, int, int, int)",2309,21,156901.0,432.0,3024.0,16232.0,0.0,1036032.0,4.0,4912535296152395.0,4912535296238955.0
2309,1,320,64,0,0,16,0,48,64,"void moe_kernels::router_topk_wave64_kernel<64>(float*, float const*, int*, float*, int, int, int, int, int, float)",2310,57,39092.0,130.0,600.0,2005.0,0.0,95360.0,5.0,4912535296319756.0,4912535296335756.0
2310,1,256,256,1024,0,12,4,64,64,"batch_decode_kernels::align_routes(int const*, int, int, int, int*, int*, int*)",2311,17,40592.0,17.0,272.0,429.0,0.0,5541.0,4.0,4912535296413356.0,4912535296430476.0
2311,1,349184,256,19968,0,36,4,48,64,"void batch_decode_kernels::grouped_expert_gate_up<16, 1>(float const*, char const*, unsigned long const*, unsigned long const*, int const*, int const*, float*, unsigned short*, int, int, int, int, int)",2312,36,233250.0,160512.0,377872.0,3234352.0,0.0,203216464.0,5456.0,4912535296507916.0,4912535296644397.0
2312,1,11264,256,19968,0,32,0,48,64,"batch_decode_kernels::mfma_gate_up_swiglu(float*, float const*, unsigned short const*, unsigned short const*, int, int, int)",2313,19,159531.0,30272.0,121088.0,850432.0,0.0,53281536.0,176.0,4912535296746478.0,4912535296835758.0
2313,1,507904,256,11264,0,24,0,48,64,"void batch_decode_kernels::grouped_expert_down<16, 1>(float const*, unsigned short const*, char const*, unsigned long const*, int const*, int const*, float*, int, int, int, int)",2314,26,141905.0,128640.0,401408.0,2422400.0,0.0,153992960.0,7936.0,4912535296914958.0,4912535296995279.0
2314,1,1280,256,0,0,12,4,32,64,"batch_decode_kernels::reduce_routes_add(float*, float const*, float const*, int, int, int)",2315,28,61129.0,2240.0,1520.0,5800.0,0.0,371200.0,20.0,4912535297085839.0,4912535297115279.0
2315,1,8192,256,11264,0,24,0,48,64,"batch_decode_kernels::mfma_gemm(float*, float const*, unsigned short const*, int, int, int, int)",2316,21,193138.0,19328.0,132480.0,712320.0,0.0,45475840.0,128.0,4912535297179120.0,4912535297287920.0
2316,1,1280,256,1024,0,12,4,32,64,"batch_decode_kernels::rmsnorm(float*, float const*, unsigned short const*, int, int, float)",2317,33,32460.0,640.0,740.0,3865.0,0.0,245755.0,20.0,4912535297490321.0,4912535297502641.0
2317,1,12288,256,11264,0,24,0,48,64,"batch_decode_kernels::mfma_gemm(float*, float const*, unsigned short const*, int, int, int, int)",2318,21,144212.0,20736.0,145152.0,779136.0,0.0,49729536.0,192.0,4912535297582161.0,4912535297661522.0
2318,1,2304,256,11264,0,24,0,48,64,"batch_decode_kernels::mfma_gemm(float*, float const*, unsigned short const*, int, int, int, int)",2319,21,145421.0,3888.0,27216.0,146088.0,0.0,9324288.0,36.0,4912535297748082.0,4912535297827762.0
2319,1,1280,256,1024,0,24,0,32,64,"batch_decode_kernels::kv_norm_rope(unsigned short*, float const*, unsigned short const*, int, int, int, int, int, int, float const*, int, float)",2320,39,27839.0,180.0,550.0,2175.0,0.0,125755.0,20.0,4912535297913363.0,4912535297922963.0
2320,1,32768,256,11264,0,24,0,48,64,"batch_decode_kernels::mfma_head_gemm(float*, float const*, unsigned short const*, int, int, int, int, int, int, unsigned long)",2321,30,32307.0,5376.0,27904.0,164352.0,0.0,9707520.0,512.0,4912535298005683.0,4912535298018003.0
2321,1,5120,256,0,0,24,0,32,64,"batch_decode_kernels::q_rope(float*, float const*, int, int, int, int, int, int, float const*, int)",2322,40,24125.0,320.0,720.0,7760.0,0.0,261120.0,80.0,4912535298175604.0,4912535298182644.0
2322,1,35840,256,0,0,16,0,32,64,"batch_decode_kernels::attention_score(float*, float const*, float const*, unsigned short const*, int, int, int, int, int, int, int, float)",2323,41,28762.0,10640.0,7840.0,119280.0,0.0,7140000.0,560.0,4912535298265204.0,4912535298275284.0
2323,1,20480,256,1024,0,20,4,48,64,"void attention_kernels::softmax_rows_kernel<256>(float*, int, int, int, int)",2324,51,28474.0,400.0,13360.0,12560.0,0.0,386480.0,320.0,4912535298354165.0,4912535298364245.0
2324,1,2621440,256,0,0,16,0,32,64,"batch_decode_kernels::latent_context(float*, float const*, unsigned short const*, int, int, int, int, int, int)",2325,23,66787.0,122880.0,204800.0,4669440.0,0.0,183828480.0,40960.0,4912535298443765.0,4912535298478645.0
2325,1,8192,256,11264,0,24,0,48,64,"batch_decode_kernels::mfma_head_gemm(float*, float const*, unsigned short const*, int, int, int, int, int, int, unsigned long)",2326,30,55472.0,3840.0,24832.0,138240.0,0.0,8644608.0,128.0,4912535298677046.0,4912535298703286.0
2326,1,8192,256,11264,0,24,0,48,64,"batch_decode_kernels::mfma_gemm(float*, float const*, unsigned short const*, int, int, int, int)",2327,21,146740.0,14336.0,96768.0,519936.0,0.0,33163264.0,128.0,4912535298767287.0,4912535298848087.0
2327,1,1280,256,1024,0,12,4,32,64,"batch_decode_kernels::rmsnorm(float*, float const*, unsigned short const*, int, int, float)",2328,33,31825.0,640.0,740.0,3865.0,0.0,245755.0,20.0,4912535298927127.0,4912535298939287.0
2328,1,256,256,11264,0,24,0,48,64,"batch_decode_kernels::mfma_gemm(float*, float const*, unsigned short const*, int, int, int, int)",2329,21,157971.0,432.0,3024.0,16232.0,0.0,1036032.0,4.0,4912535299022808.0,4912535299109688.0
2329,1,320,64,0,0,16,0,48,64,"void moe_kernels::router_topk_wave64_kernel<64>(float*, float const*, int*, float*, int, int, int, int, int, float)",2330,57,39285.0,130.0,600.0,2005.0,0.0,95385.0,5.0,4912535299181688.0,4912535299197849.0
2330,1,256,256,1024,0,12,4,64,64,"batch_decode_kernels::align_routes(int const*, int, int, int, int*, int*, int*)",2331,17,40154.0,17.0,272.0,429.0,0.0,5541.0,4.0,4912535299271129.0,4912535299287929.0
2331,1,349184,256,19968,0,36,4,48,64,"void batch_decode_kernels::grouped_expert_gate_up<16, 1>(float const*, char const*, unsigned long const*, unsigned long const*, int const*, int const*, float*, unsigned short*, int, int, int, int, int)",2332,36,232607.0,160512.0,377872.0,3234352.0,0.0,203216464.0,5456.0,4912535299361209.0,4912535299497370.0
2332,1,11264,256,19968,0,32,0,48,64,"batch_decode_kernels::mfma_gate_up_swiglu(float*, float const*, unsigned short const*, unsigned short const*, int, int, int)",2333,19,155443.0,30272.0,121088.0,850432.0,0.0,53281536.0,176.0,4912535299586330.0,4912535299673371.0
2333,1,507904,256,11264,0,24,0,48,64,"void batch_decode_kernels::grouped_expert_down<16, 1>(float const*, unsigned short const*, char const*, unsigned long const*, int const*, int const*, float*, int, int, int, int)",2334,26,139916.0,128640.0,401408.0,2422400.0,0.0,153992960.0,7936.0,4912535299744091.0,4912535299823131.0
2334,1,1280,256,0,0,12,4,32,64,"batch_decode_kernels::reduce_routes_add(float*, float const*, float const*, int, int, int)",2335,28,61988.0,2240.0,1520.0,5800.0,0.0,371200.0,20.0,4912535299900892.0,4912535299930812.0
2335,1,8192,256,11264,0,24,0,48,64,"batch_decode_kernels::mfma_gemm(float*, float const*, unsigned short const*, int, int, int, int)",2336,21,192925.0,19328.0,132480.0,712320.0,0.0,45475840.0,128.0,4912535300063132.0,4912535300172253.0
2336,1,1280,256,1024,0,12,4,32,64,"batch_decode_kernels::rmsnorm(float*, float const*, unsigned short const*, int, int, float)",2337,33,32470.0,640.0,740.0,3865.0,0.0,245755.0,20.0,4912535300286653.0,4912535300298813.0
2337,1,12288,256,11264,0,24,0,48,64,"batch_decode_kernels::mfma_gemm(float*, float const*, unsigned short const*, int, int, int, int)",2338,21,142343.0,20736.0,145152.0,779136.0,0.0,49729536.0,192.0,4912535300373854.0,4912535300452574.0
2338,1,2304,256,11264,0,24,0,48,64,"batch_decode_kernels::mfma_gemm(float*, float const*, unsigned short const*, int, int, int, int)",2339,21,146725.0,3888.0,27216.0,146088.0,0.0,9324288.0,36.0,4912535300535135.0,4912535300615615.0
2339,1,1280,256,1024,0,24,0,32,64,"batch_decode_kernels::kv_norm_rope(unsigned short*, float const*, unsigned short const*, int, int, int, int, int, int, float const*, int, float)",2340,39,28551.0,180.0,550.0,2175.0,0.0,125755.0,20.0,4912535300761856.0,4912535300771936.0
2340,1,32768,256,11264,0,24,0,48,64,"batch_decode_kernels::mfma_head_gemm(float*, float const*, unsigned short const*, int, int, int, int, int, int, unsigned long)",2341,30,32209.0,5376.0,27904.0,164352.0,0.0,9707520.0,512.0,4912535300849376.0,4912535300861856.0
2341,1,5120,256,0,0,24,0,32,64,"batch_decode_kernels::q_rope(float*, float const*, int, int, int, int, int, int, float const*, int)",2342,40,24114.0,320.0,720.0,7760.0,0.0,261120.0,80.0,4912535300936416.0,4912535300943936.0
2342,1,35840,256,0,0,16,0,32,64,"batch_decode_kernels::attention_score(float*, float const*, float const*, unsigned short const*, int, int, int, int, int, int, int, float)",2343,41,27985.0,10640.0,7840.0,119280.0,0.0,7140000.0,560.0,4912535301031457.0,4912535301041217.0
2343,1,20480,256,1024,0,20,4,48,64,"void attention_kernels::softmax_rows_kernel<256>(float*, int, int, int, int)",2344,51,26432.0,400.0,13360.0,12560.0,0.0,386480.0,320.0,4912535301116417.0,4912535301125217.0
2344,1,2621440,256,0,0,16,0,32,64,"batch_decode_kernels::latent_context(float*, float const*, unsigned short const*, int, int, int, int, int, int)",2345,23,67079.0,122880.0,204800.0,4669440.0,0.0,183828480.0,40960.0,4912535301268898.0,4912535301303778.0
2345,1,8192,256,11264,0,24,0,48,64,"batch_decode_kernels::mfma_head_gemm(float*, float const*, unsigned short const*, int, int, int, int, int, int, unsigned long)",2346,30,55229.0,3840.0,24832.0,138240.0,0.0,8644608.0,128.0,4912535301418498.0,4912535301444579.0
2346,1,8192,256,11264,0,24,0,48,64,"batch_decode_kernels::mfma_gemm(float*, float const*, unsigned short const*, int, int, int, int)",2347,21,145568.0,14336.0,96768.0,519936.0,0.0,33163264.0,128.0,4912535301568739.0,4912535301649059.0
2347,1,1280,256,1024,0,12,4,32,64,"batch_decode_kernels::rmsnorm(float*, float const*, unsigned short const*, int, int, float)",2348,33,33639.0,640.0,740.0,3865.0,0.0,245755.0,20.0,4912535301720740.0,4912535301733540.0
2348,1,256,256,11264,0,24,0,48,64,"batch_decode_kernels::mfma_gemm(float*, float const*, unsigned short const*, int, int, int, int)",2349,21,156750.0,432.0,3024.0,16232.0,0.0,1036032.0,4.0,4912535301806500.0,4912535301892421.0
2349,1,320,64,0,0,16,0,48,64,"void moe_kernels::router_topk_wave64_kernel<64>(float*, float const*, int*, float*, int, int, int, int, int, float)",2350,57,38917.0,130.0,600.0,2005.0,0.0,95335.0,5.0,4912535301954981.0,4912535301971301.0
2350,1,256,256,1024,0,12,4,64,64,"batch_decode_kernels::align_routes(int const*, int, int, int, int*, int*, int*)",2351,17,39728.0,17.0,272.0,429.0,0.0,5541.0,4.0,4912535302045861.0,4912535302062501.0
2351,1,349184,256,19968,0,36,4,48,64,"void batch_decode_kernels::grouped_expert_gate_up<16, 1>(float const*, char const*, unsigned long const*, unsigned long const*, int const*, int const*, float*, unsigned short*, int, int, int, int, int)",2352,36,232726.0,160512.0,377872.0,3234352.0,0.0,203216464.0,5456.0,4912535302130982.0,4912535302266982.0
2352,1,11264,256,19968,0,32,0,48,64,"batch_decode_kernels::mfma_gate_up_swiglu(float*, float const*, unsigned short const*, unsigned short const*, int, int, int)",2353,19,157207.0,30272.0,121088.0,850432.0,0.0,53281536.0,176.0,4912535302343463.0,4912535302431623.0
2353,1,507904,256,11264,0,24,0,48,64,"void batch_decode_kernels::grouped_expert_down<16, 1>(float const*, unsigned short const*, char const*, unsigned long const*, int const*, int const*, float*, int, int, int, int)",2354,26,140803.0,128640.0,401408.0,2422400.0,0.0,153992960.0,7936.0,4912535302618344.0,4912535302698024.0
2354,1,1280,256,0,0,12,4,32,64,"batch_decode_kernels::reduce_routes_add(float*, float const*, float const*, int, int, int)",2355,28,61658.0,2240.0,1520.0,5800.0,0.0,371200.0,20.0,4912535302765064.0,4912535302794505.0
2355,1,8192,256,11264,0,24,0,48,64,"batch_decode_kernels::mfma_gemm(float*, float const*, unsigned short const*, int, int, int, int)",2356,21,196003.0,19328.0,132480.0,712320.0,0.0,45475840.0,128.0,4912535302911625.0,4912535303022186.0
2356,1,1280,256,1024,0,12,4,32,64,"batch_decode_kernels::rmsnorm(float*, float const*, unsigned short const*, int, int, float)",2357,33,34054.0,640.0,740.0,3865.0,0.0,245755.0,20.0,4912535303126186.0,4912535303138826.0
2357,1,12288,256,11264,0,24,0,48,64,"batch_decode_kernels::mfma_gemm(float*, float const*, unsigned short const*, int, int, int, int)",2358,21,141431.0,20736.0,145152.0,779136.0,0.0,49729536.0,192.0,4912535303208586.0,4912535303286507.0
2358,1,2304,256,11264,0,24,0,48,64,"batch_decode_kernels::mfma_gemm(float*, float const*, unsigned short const*, int, int, int, int)",2359,21,147201.0,3888.0,27216.0,146088.0,0.0,9324288.0,36.0,4912535303417867.0,4912535303498508.0
2359,1,1280,256,1024,0,24,0,32,64,"batch_decode_kernels::kv_norm_rope(unsigned short*, float const*, unsigned short const*, int, int, int, int, int, int, float const*, int, float)",2360,39,27777.0,180.0,550.0,2175.0,0.0,125755.0,20.0,4912535303561388.0,4912535303571468.0
2360,1,32768,256,11264,0,24,0,48,64,"batch_decode_kernels::mfma_head_gemm(float*, float const*, unsigned short const*, int, int, int, int, int, int, unsigned long)",2361,30,32987.0,5376.0,27904.0,164352.0,0.0,9707520.0,512.0,4912535303643788.0,4912535303656428.0
2361,1,5120,256,0,0,24,0,32,64,"batch_decode_kernels::q_rope(float*, float const*, int, int, int, int, int, int, float const*, int)",2362,40,24565.0,320.0,720.0,7760.0,0.0,261120.0,80.0,4912535303724749.0,4912535303732429.0
2362,1,35840,256,0,0,16,0,32,64,"batch_decode_kernels::attention_score(float*, float const*, float const*, unsigned short const*, int, int, int, int, int, int, int, float)",2363,41,29173.0,10640.0,7840.0,119280.0,0.0,7140000.0,560.0,4912535303868749.0,4912535303878989.0
2363,1,20480,256,1024,0,20,4,48,64,"void attention_kernels::softmax_rows_kernel<256>(float*, int, int, int, int)",2364,51,25625.0,400.0,13360.0,12560.0,0.0,386480.0,320.0,4912535303948430.0,4912535303956590.0
2364,1,2621440,256,0,0,16,0,32,64,"batch_decode_kernels::latent_context(float*, float const*, unsigned short const*, int, int, int, int, int, int)",2365,23,66573.0,122880.0,204800.0,4669440.0,0.0,183828480.0,40960.0,4912535304035150.0,4912535304070030.0
2365,1,8192,256,11264,0,24,0,48,64,"batch_decode_kernels::mfma_head_gemm(float*, float const*, unsigned short const*, int, int, int, int, int, int, unsigned long)",2366,30,54729.0,3840.0,24832.0,138240.0,0.0,8644608.0,128.0,4912535304238511.0,4912535304264591.0
2366,1,8192,256,11264,0,24,0,48,64,"batch_decode_kernels::mfma_gemm(float*, float const*, unsigned short const*, int, int, int, int)",2367,21,147057.0,14336.0,96768.0,519936.0,0.0,33163264.0,128.0,4912535304440272.0,4912535304521712.0
2367,1,1280,256,1024,0,12,4,32,64,"batch_decode_kernels::rmsnorm(float*, float const*, unsigned short const*, int, int, float)",2368,33,32526.0,640.0,740.0,3865.0,0.0,245755.0,20.0,4912535304701393.0,4912535304713553.0
2368,1,256,256,11264,0,24,0,48,64,"batch_decode_kernels::mfma_gemm(float*, float const*, unsigned short const*, int, int, int, int)",2369,21,159318.0,432.0,3024.0,16232.0,0.0,1036032.0,4.0,4912535304780273.0,4912535304868114.0
2369,1,320,64,0,0,16,0,48,64,"void moe_kernels::router_topk_wave64_kernel<64>(float*, float const*, int*, float*, int, int, int, int, int, float)",2370,57,38896.0,130.0,600.0,2005.0,0.0,95320.0,5.0,4912535304979474.0,4912535304995474.0
2370,1,256,256,1024,0,12,4,64,64,"batch_decode_kernels::align_routes(int const*, int, int, int, int*, int*, int*)",2371,17,40557.0,17.0,272.0,429.0,0.0,5541.0,4.0,4912535305065075.0,4912535305081875.0
2371,1,349184,256,19968,0,36,4,48,64,"void batch_decode_kernels::grouped_expert_gate_up<16, 1>(float const*, char const*, unsigned long const*, unsigned long const*, int const*, int const*, float*, unsigned short*, int, int, int, int, int)",2372,36,232148.0,160512.0,377872.0,3234352.0,0.0,203216464.0,5456.0,4912535305141555.0,4912535305277556.0
2372,1,11264,256,19968,0,32,0,48,64,"batch_decode_kernels::mfma_gate_up_swiglu(float*, float const*, unsigned short const*, unsigned short const*, int, int, int)",2373,19,158397.0,30272.0,121088.0,850432.0,0.0,53281536.0,176.0,4912535305335956.0,4912535305424436.0
2373,1,507904,256,11264,0,24,0,48,64,"void batch_decode_kernels::grouped_expert_down<16, 1>(float const*, unsigned short const*, char const*, unsigned long const*, int const*, int const*, float*, int, int, int, int)",2374,26,139749.0,128640.0,401408.0,2422400.0,0.0,153992960.0,7936.0,4912535305531157.0,4912535305610357.0
2374,1,1280,256,0,0,12,4,32,64,"batch_decode_kernels::reduce_routes_add(float*, float const*, float const*, int, int, int)",2375,28,63180.0,2240.0,1520.0,5800.0,0.0,371200.0,20.0,4912535305786998.0,4912535305817398.0
2375,1,8192,256,11264,0,24,0,48,64,"batch_decode_kernels::mfma_gemm(float*, float const*, unsigned short const*, int, int, int, int)",2376,21,196247.0,19328.0,132480.0,712320.0,0.0,45475840.0,128.0,4912535305982039.0,4912535306092599.0
2376,1,1280,256,1024,0,12,4,32,64,"batch_decode_kernels::rmsnorm(float*, float const*, unsigned short const*, int, int, float)",2377,33,32228.0,640.0,740.0,3865.0,0.0,245755.0,20.0,4912535306179160.0,4912535306191160.0
2377,1,12288,256,11264,0,24,0,48,64,"batch_decode_kernels::mfma_gemm(float*, float const*, unsigned short const*, int, int, int, int)",2378,21,142779.0,20736.0,145152.0,779136.0,0.0,49729536.0,192.0,4912535306257080.0,4912535306335960.0
2378,1,2304,256,11264,0,24,0,48,64,"batch_decode_kernels::mfma_gemm(float*, float const*, unsigned short const*, int, int, int, int)",2379,21,147457.0,3888.0,27216.0,146088.0,0.0,9324288.0,36.0,4912535306507641.0,4912535306588602.0
2379,1,1280,256,1024,0,24,0,32,64,"batch_decode_kernels::kv_norm_rope(unsigned short*, float const*, unsigned short const*, int, int, int, int, int, int, float const*, int, float)",2380,39,29983.0,180.0,550.0,2175.0,0.0,125755.0,20.0,4912535306757242.0,4912535306768122.0
2380,1,32768,256,11264,0,24,0,48,64,"batch_decode_kernels::mfma_head_gemm(float*, float const*, unsigned short const*, int, int, int, int, int, int, unsigned long)",2381,30,32295.0,5376.0,27904.0,164352.0,0.0,9707520.0,512.0,4912535306833563.0,4912535306846043.0
2381,1,5120,256,0,0,24,0,32,64,"batch_decode_kernels::q_rope(float*, float const*, int, int, int, int, int, int, float const*, int)",2382,40,23953.0,320.0,720.0,7760.0,0.0,261120.0,80.0,4912535306912283.0,4912535306919643.0
2382,1,35840,256,0,0,16,0,32,64,"batch_decode_kernels::attention_score(float*, float const*, float const*, unsigned short const*, int, int, int, int, int, int, int, float)",2383,41,29274.0,10640.0,7840.0,119280.0,0.0,7140000.0,560.0,4912535306986363.0,4912535306996923.0
2383,1,20480,256,1024,0,20,4,48,64,"void attention_kernels::softmax_rows_kernel<256>(float*, int, int, int, int)",2384,51,25548.0,400.0,13360.0,12560.0,0.0,386480.0,320.0,4912535307068924.0,4912535307077244.0
2384,1,2621440,256,0,0,16,0,32,64,"batch_decode_kernels::latent_context(float*, float const*, unsigned short const*, int, int, int, int, int, int)",2385,23,68515.0,122880.0,204800.0,4669440.0,0.0,183828480.0,40960.0,4912535307145244.0,4912535307180444.0
2385,1,8192,256,11264,0,24,0,48,64,"batch_decode_kernels::mfma_head_gemm(float*, float const*, unsigned short const*, int, int, int, int, int, int, unsigned long)",2386,30,55452.0,3840.0,24832.0,138240.0,0.0,8644608.0,128.0,4912535307276765.0,4912535307302845.0
2386,1,8192,256,11264,0,24,0,48,64,"batch_decode_kernels::mfma_gemm(float*, float const*, unsigned short const*, int, int, int, int)",2387,21,146640.0,14336.0,96768.0,519936.0,0.0,33163264.0,128.0,4912535307463005.0,4912535307543966.0
2387,1,1280,256,1024,0,12,4,32,64,"batch_decode_kernels::rmsnorm(float*, float const*, unsigned short const*, int, int, float)",2388,33,33575.0,640.0,740.0,3865.0,0.0,245755.0,20.0,4912535307705567.0,4912535307718367.0
2388,1,256,256,11264,0,24,0,48,64,"batch_decode_kernels::mfma_gemm(float*, float const*, unsigned short const*, int, int, int, int)",2389,21,156651.0,432.0,3024.0,16232.0,0.0,1036032.0,4.0,4912535307778847.0,4912535307864927.0
2389,1,320,64,0,0,16,0,48,64,"void moe_kernels::router_topk_wave64_kernel<64>(float*, float const*, int*, float*, int, int, int, int, int, float)",2390,57,39519.0,130.0,600.0,2005.0,0.0,95325.0,5.0,4912535308024128.0,4912535308040768.0
2390,1,256,256,1024,0,12,4,64,64,"batch_decode_kernels::align_routes(int const*, int, int, int, int*, int*, int*)",2391,17,40433.0,17.0,272.0,429.0,0.0,5541.0,4.0,4912535308208129.0,4912535308225089.0
2391,1,349184,256,19968,0,36,4,48,64,"void batch_decode_kernels::grouped_expert_gate_up<16, 1>(float const*, char const*, unsigned long const*, unsigned long const*, int const*, int const*, float*, unsigned short*, int, int, int, int, int)",2392,36,230798.0,160512.0,377872.0,3234352.0,0.0,203216464.0,5456.0,4912535308390850.0,4912535308525730.0
2392,1,11264,256,19968,0,32,0,48,64,"batch_decode_kernels::mfma_gate_up_swiglu(float*, float const*, unsigned short const*, unsigned short const*, int, int, int)",2393,19,157961.0,30272.0,121088.0,850432.0,0.0,53281536.0,176.0,4912535308626051.0,4912535308714211.0
2393,1,507904,256,11264,0,24,0,48,64,"void batch_decode_kernels::grouped_expert_down<16, 1>(float const*, unsigned short const*, char const*, unsigned long const*, int const*, int const*, float*, int, int, int, int)",2394,26,139147.0,128640.0,401408.0,2422400.0,0.0,153992960.0,7936.0,4912535308806531.0,4912535308885572.0
2394,1,1280,256,0,0,12,4,32,64,"batch_decode_kernels::reduce_routes_add(float*, float const*, float const*, int, int, int)",2395,28,63445.0,2240.0,1520.0,5800.0,0.0,371200.0,20.0,4912535309045893.0,4912535309076453.0
2395,1,8192,256,11264,0,24,0,48,64,"batch_decode_kernels::mfma_gemm(float*, float const*, unsigned short const*, int, int, int, int)",2396,21,195338.0,19328.0,132480.0,712320.0,0.0,45475840.0,128.0,4912535309226853.0,4912535309336934.0
2396,1,1280,256,1024,0,12,4,32,64,"batch_decode_kernels::rmsnorm(float*, float const*, unsigned short const*, int, int, float)",2397,33,33963.0,640.0,740.0,3865.0,0.0,245755.0,20.0,4912535309402534.0,4912535309415494.0
2397,1,12288,256,11264,0,24,0,48,64,"batch_decode_kernels::mfma_gemm(float*, float const*, unsigned short const*, int, int, int, int)",2398,21,142864.0,20736.0,145152.0,779136.0,0.0,49729536.0,192.0,4912535309528135.0,4912535309607175.0
2398,1,2304,256,11264,0,24,0,48,64,"batch_decode_kernels::mfma_gemm(float*, float const*, unsigned short const*, int, int, int, int)",2399,21,146384.0,3888.0,27216.0,146088.0,0.0,9324288.0,36.0,4912535309759976.0,4912535309839656.0
2399,1,1280,256,1024,0,24,0,32,64,"batch_decode_kernels::kv_norm_rope(unsigned short*, float const*, unsigned short const*, int, int, int, int, int, int, float const*, int, float)",2400,39,29660.0,180.0,550.0,2175.0,0.0,125755.0,20.0,4912535309988457.0,4912535309999017.0
2400,1,32768,256,11264,0,24,0,48,64,"batch_decode_kernels::mfma_head_gemm(float*, float const*, unsigned short const*, int, int, int, int, int, int, unsigned long)",2401,30,32519.0,5376.0,27904.0,164352.0,0.0,9707520.0,512.0,4912535310063177.0,4912535310075977.0
2401,1,5120,256,0,0,24,0,32,64,"batch_decode_kernels::q_rope(float*, float const*, int, int, int, int, int, int, float const*, int)",2402,40,23598.0,320.0,720.0,7760.0,0.0,261120.0,80.0,4912535310133737.0,4912535310140777.0
2402,1,35840,256,0,0,16,0,32,64,"batch_decode_kernels::attention_score(float*, float const*, float const*, unsigned short const*, int, int, int, int, int, int, int, float)",2403,41,28454.0,10640.0,7840.0,119280.0,0.0,7140000.0,560.0,4912535310205578.0,4912535310215498.0
2403,1,20480,256,1024,0,20,4,48,64,"void attention_kernels::softmax_rows_kernel<256>(float*, int, int, int, int)",2404,51,26191.0,400.0,13360.0,12560.0,0.0,386480.0,320.0,4912535310329098.0,4912535310337898.0
2404,1,2621440,256,0,0,16,0,32,64,"batch_decode_kernels::latent_context(float*, float const*, unsigned short const*, int, int, int, int, int, int)",2405,23,66920.0,122880.0,204800.0,4669440.0,0.0,183828480.0,40960.0,4912535310451819.0,4912535310486859.0
2405,1,8192,256,11264,0,24,0,48,64,"batch_decode_kernels::mfma_head_gemm(float*, float const*, unsigned short const*, int, int, int, int, int, int, unsigned long)",2406,30,54707.0,3840.0,24832.0,138240.0,0.0,8644608.0,128.0,4912535310623500.0,4912535310649580.0
2406,1,8192,256,11264,0,24,0,48,64,"batch_decode_kernels::mfma_gemm(float*, float const*, unsigned short const*, int, int, int, int)",2407,21,144558.0,14336.0,96768.0,519936.0,0.0,33163264.0,128.0,4912535310795820.0,4912535310875501.0
2407,1,1280,256,1024,0,12,4,32,64,"batch_decode_kernels::rmsnorm(float*, float const*, unsigned short const*, int, int, float)",2408,33,32571.0,640.0,740.0,3865.0,0.0,245755.0,20.0,4912535311025581.0,4912535311037901.0
2408,1,256,256,11264,0,24,0,48,64,"batch_decode_kernels::mfma_gemm(float*, float const*, unsigned short const*, int, int, int, int)",2409,21,155850.0,432.0,3024.0,16232.0,0.0,1036032.0,4.0,4912535311195822.0,4912535311281583.0
2409,1,320,64,0,0,16,0,48,64,"void moe_kernels::router_topk_wave64_kernel<64>(float*, float const*, int*, float*, int, int, int, int, int, float)",2410,57,37541.0,130.0,600.0,2005.0,0.0,95385.0,5.0,4912535311365423.0,4912535311380623.0
2410,1,256,256,1024,0,12,4,64,64,"batch_decode_kernels::align_routes(int const*, int, int, int, int*, int*, int*)",2411,17,40092.0,17.0,272.0,429.0,0.0,5541.0,4.0,4912535311535984.0,4912535311552624.0
2411,1,349184,256,19968,0,36,4,48,64,"void batch_decode_kernels::grouped_expert_gate_up<16, 1>(float const*, char const*, unsigned long const*, unsigned long const*, int const*, int const*, float*, unsigned short*, int, int, int, int, int)",2412,36,229522.0,160512.0,377872.0,3234352.0,0.0,203216464.0,5456.0,4912535311707344.0,4912535311841585.0
2412,1,11264,256,19968,0,32,0,48,64,"batch_decode_kernels::mfma_gate_up_swiglu(float*, float const*, unsigned short const*, unsigned short const*, int, int, int)",2413,19,158791.0,30272.0,121088.0,850432.0,0.0,53281536.0,176.0,4912535311973106.0,4912535312061746.0
2413,1,507904,256,11264,0,24,0,48,64,"void batch_decode_kernels::grouped_expert_down<16, 1>(float const*, unsigned short const*, char const*, unsigned long const*, int const*, int const*, float*, int, int, int, int)",2414,26,142998.0,128640.0,401408.0,2422400.0,0.0,153992960.0,7936.0,4912535312195027.0,4912535312275987.0
2414,1,1280,256,0,0,12,4,32,64,"batch_decode_kernels::reduce_routes_add(float*, float const*, float const*, int, int, int)",2415,28,63185.0,2240.0,1520.0,5800.0,0.0,371200.0,20.0,4912535312410868.0,4912535312441588.0
2415,1,8192,256,11264,0,24,0,48,64,"batch_decode_kernels::mfma_gemm(float*, float const*, unsigned short const*, int, int, int, int)",2416,21,195493.0,19328.0,132480.0,712320.0,0.0,45475840.0,128.0,4912535312576148.0,4912535312686069.0
2416,1,1280,256,1024,0,12,4,32,64,"batch_decode_kernels::rmsnorm(float*, float const*, unsigned short const*, int, int, float)",2417,33,32740.0,640.0,740.0,3865.0,0.0,245755.0,20.0,4912535312839030.0,4912535312851510.0
2417,1,12288,256,11264,0,24,0,48,64,"batch_decode_kernels::mfma_gemm(float*, float const*, unsigned short const*, int, int, int, int)",2418,21,142960.0,20736.0,145152.0,779136.0,0.0,49729536.0,192.0,4912535313005590.0,4912535313084951.0
2418,1,2304,256,11264,0,24,0,48,64,"batch_decode_kernels::mfma_gemm(float*, float const*, unsigned short const*, int, int, int, int)",2419,21,145280.0,3888.0,27216.0,146088.0,0.0,9324288.0,36.0,4912535313224471.0,4912535313304152.0
2419,1,1280,256,1024,0,24,0,32,64,"batch_decode_kernels::kv_norm_rope(unsigned short*, float const*, unsigned short const*, int, int, int, int, int, int, float const*, int, float)",2420,39,29461.0,180.0,550.0,2175.0,0.0,125755.0,20.0,4912535313435032.0,4912535313445752.0
2420,1,32768,256,11264,0,24,0,48,64,"batch_decode_kernels::mfma_head_gemm(float*, float const*, unsigned short const*, int, int, int, int, int, int, unsigned long)",2421,30,34249.0,5376.0,27904.0,164352.0,0.0,9707520.0,512.0,4912535313598393.0,4912535313611993.0
2421,1,5120,256,0,0,24,0,32,64,"batch_decode_kernels::q_rope(float*, float const*, int, int, int, int, int, int, float const*, int)",2422,40,23511.0,320.0,720.0,7760.0,0.0,261120.0,80.0,4912535313760634.0,4912535313767674.0
2422,1,35840,256,0,0,16,0,32,64,"batch_decode_kernels::attention_score(float*, float const*, float const*, unsigned short const*, int, int, int, int, int, int, int, float)",2423,41,28591.0,10640.0,7840.0,119280.0,0.0,7140000.0,560.0,4912535313922074.0,4912535313932154.0
2423,1,20480,256,1024,0,20,4,48,64,"void attention_kernels::softmax_rows_kernel<256>(float*, int, int, int, int)",2424,51,24851.0,400.0,13360.0,12560.0,0.0,386480.0,320.0,4912535314088955.0,4912535314096795.0
2424,1,2621440,256,0,0,16,0,32,64,"batch_decode_kernels::latent_context(float*, float const*, unsigned short const*, int, int, int, int, int, int)",2425,23,64970.0,122880.0,204800.0,4669440.0,0.0,183828480.0,40960.0,4912535314248796.0,4912535314282876.0
2425,1,8192,256,11264,0,24,0,48,64,"batch_decode_kernels::mfma_head_gemm(float*, float const*, unsigned short const*, int, int, int, int, int, int, unsigned long)",2426,30,54412.0,3840.0,24832.0,138240.0,0.0,8644608.0,128.0,4912535314409437.0,4912535314434877.0
2426,1,8192,256,11264,0,24,0,48,64,"batch_decode_kernels::mfma_gemm(float*, float const*, unsigned short const*, int, int, int, int)",2427,21,145425.0,14336.0,96768.0,519936.0,0.0,33163264.0,128.0,4912535314520157.0,4912535314600477.0
2427,1,1280,256,1024,0,12,4,32,64,"batch_decode_kernels::rmsnorm(float*, float const*, unsigned short const*, int, int, float)",2428,33,31831.0,640.0,740.0,3865.0,0.0,245755.0,20.0,4912535314677438.0,4912535314689278.0
2428,1,256,256,11264,0,24,0,48,64,"batch_decode_kernels::mfma_gemm(float*, float const*, unsigned short const*, int, int, int, int)",2429,21,158903.0,432.0,3024.0,16232.0,0.0,1036032.0,4.0,4912535314835678.0,4912535314923199.0
2429,1,320,64,0,0,16,0,48,64,"void moe_kernels::router_topk_wave64_kernel<64>(float*, float const*, int*, float*, int, int, int, int, int, float)",2430,57,38667.0,130.0,600.0,2005.0,0.0,95355.0,5.0,4912535315043199.0,4912535315059039.0
2430,1,256,256,1024,0,12,4,64,64,"batch_decode_kernels::align_routes(int const*, int, int, int, int*, int*, int*)",2431,17,39778.0,17.0,272.0,429.0,0.0,5541.0,4.0,4912535315154080.0,4912535315170400.0
2431,1,349184,256,19968,0,36,4,48,64,"void batch_decode_kernels::grouped_expert_gate_up<16, 1>(float const*, char const*, unsigned long const*, unsigned long const*, int const*, int const*, float*, unsigned short*, int, int, int, int, int)",2432,36,231525.0,160512.0,377872.0,3234352.0,0.0,203216464.0,5456.0,4912535315311841.0,4912535315447361.0
2432,1,11264,256,19968,0,32,0,48,64,"batch_decode_kernels::mfma_gate_up_swiglu(float*, float const*, unsigned short const*, unsigned short const*, int, int, int)",2433,19,158111.0,30272.0,121088.0,850432.0,0.0,53281536.0,176.0,4912535315557442.0,4912535315645762.0
2433,1,507904,256,11264,0,24,0,48,64,"void batch_decode_kernels::grouped_expert_down<16, 1>(float const*, unsigned short const*, char const*, unsigned long const*, int const*, int const*, float*, int, int, int, int)",2434,26,141199.0,128640.0,401408.0,2422400.0,0.0,153992960.0,7936.0,4912535315754563.0,4912535315834723.0
2434,1,1280,256,0,0,12,4,32,64,"batch_decode_kernels::reduce_routes_add(float*, float const*, float const*, int, int, int)",2435,28,63166.0,2240.0,1520.0,5800.0,0.0,371200.0,20.0,4912535315953603.0,4912535315984164.0
2435,1,8192,256,11264,0,24,0,48,64,"batch_decode_kernels::mfma_gemm(float*, float const*, unsigned short const*, int, int, int, int)",2436,21,194155.0,19328.0,132480.0,712320.0,0.0,45475840.0,128.0,4912535316112484.0,4912535316221765.0
2436,1,1280,256,1024,0,12,4,32,64,"batch_decode_kernels::rmsnorm(float*, float const*, unsigned short const*, int, int, float)",2437,33,32648.0,640.0,740.0,3865.0,0.0,245755.0,20.0,4912535316352485.0,4912535316364805.0
2437,1,12288,256,11264,0,24,0,48,64,"batch_decode_kernels::mfma_gemm(float*, float const*, unsigned short const*, int, int, int, int)",2438,21,141592.0,20736.0,145152.0,779136.0,0.0,49729536.0,192.0,4912535316501926.0,4912535316580326.0
2438,1,2304,256,11264,0,24,0,48,64,"batch_decode_kernels::mfma_gemm(float*, float const*, unsigned short const*, int, int, int, int)",2439,21,146917.0,3888.0,27216.0,146088.0,0.0,9324288.0,36.0,4912535316649287.0,4912535316729607.0
2439,1,1280,256,1024,0,24,0,32,64,"batch_decode_kernels::kv_norm_rope(unsigned short*, float const*, unsigned short const*, int, int, int, int, int, int, float const*, int, float)",2440,39,27327.0,180.0,550.0,2175.0,0.0,125755.0,20.0,4912535316844327.0,4912535316853927.0
2440,1,32768,256,11264,0,24,0,48,64,"batch_decode_kernels::mfma_head_gemm(float*, float const*, unsigned short const*, int, int, int, int, int, int, unsigned long)",2441,30,33225.0,5376.0,27904.0,164352.0,0.0,9707520.0,512.0,4912535316950568.0,4912535316963528.0
2441,1,5120,256,0,0,24,0,32,64,"batch_decode_kernels::q_rope(float*, float const*, int, int, int, int, int, int, float const*, int)",2442,40,24605.0,320.0,720.0,7760.0,0.0,261120.0,80.0,4912535317104649.0,4912535317112329.0
2442,1,35840,256,0,0,16,0,32,64,"batch_decode_kernels::attention_score(float*, float const*, float const*, unsigned short const*, int, int, int, int, int, int, int, float)",2443,41,27943.0,10640.0,7840.0,119280.0,0.0,7140000.0,560.0,4912535317253289.0,4912535317263049.0
2443,1,20480,256,1024,0,20,4,48,64,"void attention_kernels::softmax_rows_kernel<256>(float*, int, int, int, int)",2444,51,25057.0,400.0,13360.0,12560.0,0.0,386480.0,320.0,4912535317398890.0,4912535317406890.0
2444,1,2621440,256,0,0,16,0,32,64,"batch_decode_kernels::latent_context(float*, float const*, unsigned short const*, int, int, int, int, int, int)",2445,23,66693.0,122880.0,204800.0,4669440.0,0.0,183828480.0,40960.0,4912535317544331.0,4912535317578891.0
2445,1,8192,256,11264,0,24,0,48,64,"batch_decode_kernels::mfma_head_gemm(float*, float const*, unsigned short const*, int, int, int, int, int, int, unsigned long)",2446,30,56230.0,3840.0,24832.0,138240.0,0.0,8644608.0,128.0,4912535317648651.0,4912535317675051.0
2446,1,8192,256,11264,0,24,0,48,64,"batch_decode_kernels::mfma_gemm(float*, float const*, unsigned short const*, int, int, int, int)",2447,21,146102.0,14336.0,96768.0,519936.0,0.0,33163264.0,128.0,4912535317792012.0,4912535317872972.0
2447,1,1280,256,1024,0,12,4,32,64,"batch_decode_kernels::rmsnorm(float*, float const*, unsigned short const*, int, int, float)",2448,33,31997.0,640.0,740.0,3865.0,0.0,245755.0,20.0,4912535317978413.0,4912535317990573.0
2448,1,256,256,11264,0,24,0,48,64,"batch_decode_kernels::mfma_gemm(float*, float const*, unsigned short const*, int, int, int, int)",2449,21,155131.0,432.0,3024.0,16232.0,0.0,1036032.0,4.0,4912535318126893.0,4912535318212174.0
2449,1,320,64,0,0,16,0,48,64,"void moe_kernels::router_topk_wave64_kernel<64>(float*, float const*, int*, float*, int, int, int, int, int, float)",2450,57,38378.0,130.0,600.0,2005.0,0.0,95345.0,5.0,4912535318351054.0,4912535318366734.0
2450,1,256,256,1024,0,12,4,64,64,"batch_decode_kernels::align_routes(int const*, int, int, int, int*, int*, int*)",2451,17,40343.0,17.0,272.0,429.0,0.0,5541.0,4.0,4912535318493455.0,4912535318510415.0
2451,1,349184,256,19968,0,36,4,48,64,"void batch_decode_kernels::grouped_expert_gate_up<16, 1>(float const*, char const*, unsigned long const*, unsigned long const*, int const*, int const*, float*, unsigned short*, int, int, int, int, int)",2452,36,232041.0,160512.0,377872.0,3234352.0,0.0,203216464.0,5456.0,4912535318632335.0,4912535318768016.0
2452,1,11264,256,19968,0,32,0,48,64,"batch_decode_kernels::mfma_gate_up_swiglu(float*, float const*, unsigned short const*, unsigned short const*, int, int, int)",2453,19,157728.0,30272.0,121088.0,850432.0,0.0,53281536.0,176.0,4912535318894257.0,4912535318982417.0
2453,1,507904,256,11264,0,24,0,48,64,"void batch_decode_kernels::grouped_expert_down<16, 1>(float const*, unsigned short const*, char const*, unsigned long const*, int const*, int const*, float*, int, int, int, int)",2454,26,141688.0,128640.0,401408.0,2422400.0,0.0,153992960.0,7936.0,4912535319120338.0,4912535319200498.0
2454,1,1280,256,0,0,12,4,32,64,"batch_decode_kernels::reduce_routes_add(float*, float const*, float const*, int, int, int)",2455,28,62218.0,2240.0,1520.0,5800.0,0.0,371200.0,20.0,4912535319341779.0,4912535319371699.0
2455,1,8192,256,11264,0,24,0,48,64,"batch_decode_kernels::mfma_gemm(float*, float const*, unsigned short const*, int, int, int, int)",2456,21,194953.0,19328.0,132480.0,712320.0,0.0,45475840.0,128.0,4912535319479059.0,4912535319588980.0
2456,1,1280,256,1024,0,12,4,32,64,"batch_decode_kernels::rmsnorm(float*, float const*, unsigned short const*, int, int, float)",2457,33,32391.0,640.0,740.0,3865.0,0.0,245755.0,20.0,4912535319654260.0,4912535319666580.0
2457,1,12288,256,11264,0,24,0,48,64,"batch_decode_kernels::mfma_gemm(float*, float const*, unsigned short const*, int, int, int, int)",2458,21,142606.0,20736.0,145152.0,779136.0,0.0,49729536.0,192.0,4912535319793141.0,4912535319871861.0
2458,1,2304,256,11264,0,24,0,48,64,"batch_decode_kernels::mfma_gemm(float*, float const*, unsigned short const*, int, int, int, int)",2459,21,146810.0,3888.0,27216.0,146088.0,0.0,9324288.0,36.0,4912535320005782.0,4912535320086582.0
2459,1,1280,256,1024,0,24,0,32,64,"batch_decode_kernels::kv_norm_rope(unsigned short*, float const*, unsigned short const*, int, int, int, int, int, int, float const*, int, float)",2460,39,28456.0,180.0,550.0,2175.0,0.0,125755.0,20.0,4912535320185782.0,4912535320196022.0
2460,1,32768,256,11264,0,24,0,48,64,"batch_decode_kernels::mfma_head_gemm(float*, float const*, unsigned short const*, int, int, int, int, int, int, unsigned long)",2461,30,34473.0,5376.0,27904.0,164352.0,0.0,9707520.0,512.0,4912535320319543.0,4912535320332983.0
2461,1,5120,256,0,0,24,0,32,64,"batch_decode_kernels::q_rope(float*, float const*, int, int, int, int, int, int, float const*, int)",2462,40,23551.0,320.0,720.0,7760.0,0.0,261120.0,80.0,4912535320453784.0,4912535320460984.0
2462,1,35840,256,0,0,16,0,32,64,"batch_decode_kernels::attention_score(float*, float const*, float const*, unsigned short const*, int, int, int, int, int, int, int, float)",2463,41,28908.0,10640.0,7840.0,119280.0,0.0,7140000.0,560.0,4912535320587704.0,4912535320597944.0
2463,1,20480,256,1024,0,20,4,48,64,"void attention_kernels::softmax_rows_kernel<256>(float*, int, int, int, int)",2464,51,26582.0,400.0,13360.0,12560.0,0.0,386480.0,320.0,4912535320721145.0,4912535320729945.0
2464,1,2621440,256,0,0,16,0,32,64,"batch_decode_kernels::latent_context(float*, float const*, unsigned short const*, int, int, int, int, int, int)",2465,23,68412.0,122880.0,204800.0,4669440.0,0.0,183828480.0,40960.0,4912535320852025.0,4912535320887386.0
2465,1,8192,256,11264,0,24,0,48,64,"batch_decode_kernels::mfma_head_gemm(float*, float const*, unsigned short const*, int, int, int, int, int, int, unsigned long)",2466,30,55015.0,3840.0,24832.0,138240.0,0.0,8644608.0,128.0,4912535321026906.0,4912535321052986.0
2466,1,8192,256,11264,0,24,0,48,64,"batch_decode_kernels::mfma_gemm(float*, float const*, unsigned short const*, int, int, int, int)",2467,21,148472.0,14336.0,96768.0,519936.0,0.0,33163264.0,128.0,4912535321119387.0,4912535321201307.0
2467,1,1280,256,1024,0,12,4,32,64,"batch_decode_kernels::rmsnorm(float*, float const*, unsigned short const*, int, int, float)",2468,33,32774.0,640.0,740.0,3865.0,0.0,245755.0,20.0,4912535321324187.0,4912535321336668.0
2468,1,256,256,11264,0,24,0,48,64,"batch_decode_kernels::mfma_gemm(float*, float const*, unsigned short const*, int, int, int, int)",2469,21,155532.0,432.0,3024.0,16232.0,0.0,1036032.0,4.0,4912535321451868.0,4912535321537308.0
2469,1,320,64,0,0,16,0,48,64,"void moe_kernels::router_topk_wave64_kernel<64>(float*, float const*, int*, float*, int, int, int, int, int, float)",2470,57,38210.0,130.0,600.0,2005.0,0.0,95365.0,5.0,4912535321654749.0,4912535321670429.0
2470,1,256,256,1024,0,12,4,64,64,"batch_decode_kernels::align_routes(int const*, int, int, int, int*, int*, int*)",2471,17,40919.0,17.0,272.0,429.0,0.0,5541.0,4.0,4912535321744989.0,4912535321762269.0
2471,1,349184,256,19968,0,36,4,48,64,"void batch_decode_kernels::grouped_expert_gate_up<16, 1>(float const*, char const*, unsigned long const*, unsigned long const*, int const*, int const*, float*, unsigned short*, int, int, int, int, int)",2472,36,234159.0,160512.0,377872.0,3234352.0,0.0,203216464.0,5456.0,4912535321872030.0,4912535322009151.0
2472,1,11264,256,19968,0,32,0,48,64,"batch_decode_kernels::mfma_gate_up_swiglu(float*, float const*, unsigned short const*, unsigned short const*, int, int, int)",2473,19,156501.0,30272.0,121088.0,850432.0,0.0,53281536.0,176.0,4912535322110591.0,4912535322198271.0
2473,1,507904,256,11264,0,24,0,48,64,"void batch_decode_kernels::grouped_expert_down<16, 1>(float const*, unsigned short const*, char const*, unsigned long const*, int const*, int const*, float*, int, int, int, int)",2474,26,140001.0,128640.0,401408.0,2422400.0,0.0,153992960.0,7936.0,4912535322305312.0,4912535322384672.0
2474,1,1280,256,0,0,12,4,32,64,"batch_decode_kernels::reduce_routes_add(float*, float const*, float const*, int, int, int)",2475,28,62007.0,2240.0,1520.0,5800.0,0.0,371200.0,20.0,4912535322501473.0,4912535322531073.0
2475,1,8192,256,11264,0,24,0,48,64,"batch_decode_kernels::mfma_gemm(float*, float const*, unsigned short const*, int, int, int, int)",2476,21,194755.0,19328.0,132480.0,712320.0,0.0,45475840.0,128.0,4912535322662113.0,4912535322772194.0
2476,1,1280,256,1024,0,12,4,32,64,"batch_decode_kernels::rmsnorm(float*, float const*, unsigned short const*, int, int, float)",2477,33,32903.0,640.0,740.0,3865.0,0.0,245755.0,20.0,4912535322890114.0,4912535322902755.0
2477,1,12288,256,11264,0,24,0,48,64,"batch_decode_kernels::mfma_gemm(float*, float const*, unsigned short const*, int, int, int, int)",2478,21,142826.0,20736.0,145152.0,779136.0,0.0,49729536.0,192.0,4912535323012035.0,4912535323090915.0
2478,1,2304,256,11264,0,24,0,48,64,"batch_decode_kernels::mfma_gemm(float*, float const*, unsigned short const*, int, int, int, int)",2479,21,142184.0,3888.0,27216.0,146088.0,0.0,9324288.0,36.0,4912535323211076.0,4912535323289316.0
2479,1,1280,256,1024,0,24,0,32,64,"batch_decode_kernels::kv_norm_rope(unsigned short*, float const*, unsigned short const*, int, int, int, int, int, int, float const*, int, float)",2480,39,29963.0,180.0,550.0,2175.0,0.0,125755.0,20.0,4912535323402757.0,4912535323413477.0
2480,1,32768,256,11264,0,24,0,48,64,"batch_decode_kernels::mfma_head_gemm(float*, float const*, unsigned short const*, int, int, int, int, int, int, unsigned long)",2481,30,34137.0,5376.0,27904.0,164352.0,0.0,9707520.0,512.0,4912535323522277.0,4912535323535877.0
2481,1,5120,256,0,0,24,0,32,64,"batch_decode_kernels::q_rope(float*, float const*, int, int, int, int, int, int, float const*, int)",2482,40,23293.0,320.0,720.0,7760.0,0.0,261120.0,80.0,4912535323642918.0,4912535323649958.0
2482,1,35840,256,0,0,16,0,32,64,"batch_decode_kernels::attention_score(float*, float const*, float const*, unsigned short const*, int, int, int, int, int, int, int, float)",2483,41,29233.0,10640.0,7840.0,119280.0,0.0,7140000.0,560.0,4912535323759238.0,4912535323769798.0
2483,1,20480,256,1024,0,20,4,48,64,"void attention_kernels::softmax_rows_kernel<256>(float*, int, int, int, int)",2484,51,25232.0,400.0,13360.0,12560.0,0.0,386480.0,320.0,4912535323876839.0,4912535323885159.0
2484,1,2621440,256,0,0,16,0,32,64,"batch_decode_kernels::latent_context(float*, float const*, unsigned short const*, int, int, int, int, int, int)",2485,23,66829.0,122880.0,204800.0,4669440.0,0.0,183828480.0,40960.0,4912535323992999.0,4912535324027880.0
2485,1,8192,256,11264,0,24,0,48,64,"batch_decode_kernels::mfma_head_gemm(float*, float const*, unsigned short const*, int, int, int, int, int, int, unsigned long)",2486,30,53550.0,3840.0,24832.0,138240.0,0.0,8644608.0,128.0,4912535324146760.0,4912535324171560.0
2486,1,8192,256,11264,0,24,0,48,64,"batch_decode_kernels::mfma_gemm(float*, float const*, unsigned short const*, int, int, int, int)",2487,21,144251.0,14336.0,96768.0,519936.0,0.0,33163264.0,128.0,4912535324293801.0,4912535324373001.0
2487,1,1280,256,1024,0,12,4,32,64,"batch_decode_kernels::rmsnorm(float*, float const*, unsigned short const*, int, int, float)",2488,33,32630.0,640.0,740.0,3865.0,0.0,245755.0,20.0,4912535324473482.0,4912535324485962.0
2488,1,256,256,11264,0,24,0,48,64,"batch_decode_kernels::mfma_gemm(float*, float const*, unsigned short const*, int, int, int, int)",2489,21,159697.0,432.0,3024.0,16232.0,0.0,1036032.0,4.0,4912535324586762.0,4912535324674762.0
2489,1,320,64,0,0,16,0,48,64,"void moe_kernels::router_topk_wave64_kernel<64>(float*, float const*, int*, float*, int, int, int, int, int, float)",2490,57,39799.0,130.0,600.0,2005.0,0.0,95340.0,5.0,4912535324794283.0,4912535324810443.0
2490,1,256,256,1024,0,12,4,64,64,"batch_decode_kernels::align_routes(int const*, int, int, int, int*, int*, int*)",2491,17,40226.0,17.0,272.0,429.0,0.0,5541.0,4.0,4912535324873163.0,4912535324890123.0
2491,1,349184,256,19968,0,36,4,48,64,"void batch_decode_kernels::grouped_expert_gate_up<16, 1>(float const*, char const*, unsigned long const*, unsigned long const*, int const*, int const*, float*, unsigned short*, int, int, int, int, int)",2492,36,234877.0,160512.0,377872.0,3234352.0,0.0,203216464.0,5456.0,4912535324985964.0,4912535325123564.0
2492,1,11264,256,19968,0,32,0,48,64,"batch_decode_kernels::mfma_gate_up_swiglu(float*, float const*, unsigned short const*, unsigned short const*, int, int, int)",2493,19,159392.0,30272.0,121088.0,850432.0,0.0,53281536.0,176.0,4912535325226765.0,4912535325315885.0
2493,1,507904,256,11264,0,24,0,48,64,"void batch_decode_kernels::grouped_expert_down<16, 1>(float const*, unsigned short const*, char const*, unsigned long const*, int const*, int const*, float*, int, int, int, int)",2494,26,141877.0,128640.0,401408.0,2422400.0,0.0,153992960.0,7936.0,4912535325428526.0,4912535325508846.0
2494,1,1280,256,0,0,12,4,32,64,"batch_decode_kernels::reduce_routes_add(float*, float const*, float const*, int, int, int)",2495,28,62174.0,2240.0,1520.0,5800.0,0.0,371200.0,20.0,4912535325630127.0,4912535325660047.0
2495,1,8192,256,11264,0,24,0,48,64,"batch_decode_kernels::mfma_gemm(float*, float const*, unsigned short const*, int, int, int, int)",2496,21,192495.0,19328.0,132480.0,712320.0,0.0,45475840.0,128.0,4912535325767087.0,4912535325875568.0
2496,1,1280,256,1024,0,12,4,32,64,"batch_decode_kernels::rmsnorm(float*, float const*, unsigned short const*, int, int, float)",2497,33,32111.0,640.0,740.0,3865.0,0.0,245755.0,20.0,4912535325992528.0,4912535326004368.0
2497,1,12288,256,11264,0,24,0,48,64,"batch_decode_kernels::mfma_gemm(float*, float const*, unsigned short const*, int, int, int, int)",2498,21,141808.0,20736.0,145152.0,779136.0,0.0,49729536.0,192.0,4912535326105489.0,4912535326183889.0
2498,1,2304,256,11264,0,24,0,48,64,"batch_decode_kernels::mfma_gemm(float*, float const*, unsigned short const*, int, int, int, int)",2499,21,143097.0,3888.0,27216.0,146088.0,0.0,9324288.0,36.0,4912535326300690.0,4912535326379090.0
2499,1,1280,256,1024,0,24,0,32,64,"batch_decode_kernels::kv_norm_rope(unsigned short*, float const*, unsigned short const*, int, int, int, int, int, int, float const*, int, float)",2500,39,30112.0,180.0,550.0,2175.0,0.0,125755.0,20.0,4912535326494931.0,4912535326506131.0
2500,1,32768,256,11264,0,24,0,48,64,"batch_decode_kernels::mfma_head_gemm(float*, float const*, unsigned short const*, int, int, int, int, int, int, unsigned long)",2501,30,33582.0,5376.0,27904.0,164352.0,0.0,9707520.0,512.0,4912535326599891.0,4912535326613011.0
2501,1,5120,256,0,0,24,0,32,64,"batch_decode_kernels::q_rope(float*, float const*, int, int, int, int, int, int, float const*, int)",2502,40,22835.0,320.0,720.0,7760.0,0.0,261120.0,80.0,4912535326704052.0,4912535326710772.0
2502,1,35840,256,0,0,16,0,32,64,"batch_decode_kernels::attention_score(float*, float const*, float const*, unsigned short const*, int, int, int, int, int, int, int, float)",2503,41,27875.0,10640.0,7840.0,119280.0,0.0,7140000.0,560.0,4912535326806932.0,4912535326816692.0
2503,1,20480,256,1024,0,20,4,48,64,"void attention_kernels::softmax_rows_kernel<256>(float*, int, int, int, int)",2504,51,26297.0,400.0,13360.0,12560.0,0.0,386480.0,320.0,4912535326909972.0,4912535326918292.0
2504,1,2621440,256,0,0,16,0,32,64,"batch_decode_kernels::latent_context(float*, float const*, unsigned short const*, int, int, int, int, int, int)",2505,23,66262.0,122880.0,204800.0,4669440.0,0.0,183828480.0,40960.0,4912535327010133.0,4912535327045013.0
2505,1,8192,256,11264,0,24,0,48,64,"batch_decode_kernels::mfma_head_gemm(float*, float const*, unsigned short const*, int, int, int, int, int, int, unsigned long)",2506,30,55203.0,3840.0,24832.0,138240.0,0.0,8644608.0,128.0,4912535327145334.0,4912535327171414.0
2506,1,8192,256,11264,0,24,0,48,64,"batch_decode_kernels::mfma_gemm(float*, float const*, unsigned short const*, int, int, int, int)",2507,21,145603.0,14336.0,96768.0,519936.0,0.0,33163264.0,128.0,4912535327274134.0,4912535327354294.0
2507,1,1280,256,1024,0,12,4,32,64,"batch_decode_kernels::rmsnorm(float*, float const*, unsigned short const*, int, int, float)",2508,33,32461.0,640.0,740.0,3865.0,0.0,245755.0,20.0,4912535327455735.0,4912535327467895.0
2508,1,256,256,11264,0,24,0,48,64,"batch_decode_kernels::mfma_gemm(float*, float const*, unsigned short const*, int, int, int, int)",2509,21,155198.0,432.0,3024.0,16232.0,0.0,1036032.0,4.0,4912535327582455.0,4912535327667896.0
2509,1,320,64,0,0,16,0,48,64,"void moe_kernels::router_topk_wave64_kernel<64>(float*, float const*, int*, float*, int, int, int, int, int, float)",2510,57,41056.0,130.0,600.0,2005.0,0.0,95345.0,5.0,4912535327760536.0,4912535327777976.0
2510,1,256,256,1024,0,12,4,64,64,"batch_decode_kernels::align_routes(int const*, int, int, int, int*, int*, int*)",2511,17,40937.0,17.0,272.0,429.0,0.0,5541.0,4.0,4912535327886137.0,4912535327903097.0
2511,1,349184,256,19968,0,36,4,48,64,"void batch_decode_kernels::grouped_expert_gate_up<16, 1>(float const*, char const*, unsigned long const*, unsigned long const*, int const*, int const*, float*, unsigned short*, int, int, int, int, int)",2512,36,229483.0,160512.0,377872.0,3234352.0,0.0,203216464.0,5456.0,4912535328009817.0,4912535328144058.0
2512,1,11264,256,19968,0,32,0,48,64,"batch_decode_kernels::mfma_gate_up_swiglu(float*, float const*, unsigned short const*, unsigned short const*, int, int, int)",2513,19,160282.0,30272.0,121088.0,850432.0,0.0,53281536.0,176.0,4912535328241818.0,4912535328331899.0
2513,1,507904,256,11264,0,24,0,48,64,"void batch_decode_kernels::grouped_expert_down<16, 1>(float const*, unsigned short const*, char const*, unsigned long const*, int const*, int const*, float*, int, int, int, int)",2514,26,140892.0,128640.0,401408.0,2422400.0,0.0,153992960.0,7936.0,4912535328443739.0,4912535328523420.0
2514,1,1280,256,0,0,12,4,32,64,"batch_decode_kernels::reduce_routes_add(float*, float const*, float const*, int, int, int)",2515,28,63076.0,2240.0,1520.0,5800.0,0.0,371200.0,20.0,4912535328615420.0,4912535328645980.0
2515,1,8192,256,11264,0,24,0,48,64,"batch_decode_kernels::mfma_gemm(float*, float const*, unsigned short const*, int, int, int, int)",2516,21,195000.0,19328.0,132480.0,712320.0,0.0,45475840.0,128.0,4912535328735101.0,4912535328844861.0
2516,1,1280,256,1024,0,12,4,32,64,"batch_decode_kernels::rmsnorm(float*, float const*, unsigned short const*, int, int, float)",2517,33,32194.0,640.0,740.0,3865.0,0.0,245755.0,20.0,4912535328929821.0,4912535328941822.0
2517,1,12288,256,11264,0,24,0,48,64,"batch_decode_kernels::mfma_gemm(float*, float const*, unsigned short const*, int, int, int, int)",2518,21,143155.0,20736.0,145152.0,779136.0,0.0,49729536.0,192.0,4912535329054462.0,4912535329133822.0
2518,1,2304,256,11264,0,24,0,48,64,"batch_decode_kernels::mfma_gemm(float*, float const*, unsigned short const*, int, int, int, int)",2519,21,143445.0,3888.0,27216.0,146088.0,0.0,9324288.0,36.0,4912535329222943.0,4912535329301343.0
2519,1,1280,256,1024,0,24,0,32,64,"batch_decode_kernels::kv_norm_rope(unsigned short*, float const*, unsigned short const*, int, int, int, int, int, int, float const*, int, float)",2520,39,28445.0,180.0,550.0,2175.0,0.0,125755.0,20.0,4912535329389184.0,4912535329399104.0
2520,1,32768,256,11264,0,24,0,48,64,"batch_decode_kernels::mfma_head_gemm(float*, float const*, unsigned short const*, int, int, int, int, int, int, unsigned long)",2521,30,33113.0,5376.0,27904.0,164352.0,0.0,9707520.0,512.0,4912535329503744.0,4912535329517024.0
2521,1,5120,256,0,0,24,0,32,64,"batch_decode_kernels::q_rope(float*, float const*, int, int, int, int, int, int, float const*, int)",2522,40,22735.0,320.0,720.0,7760.0,0.0,261120.0,80.0,4912535329617025.0,4912535329623905.0
2522,1,35840,256,0,0,16,0,32,64,"batch_decode_kernels::attention_score(float*, float const*, float const*, unsigned short const*, int, int, int, int, int, int, int, float)",2523,41,28133.0,10640.0,7840.0,119280.0,0.0,7140000.0,560.0,4912535329731425.0,4912535329741025.0
2523,1,20480,256,1024,0,20,4,48,64,"void attention_kernels::softmax_rows_kernel<256>(float*, int, int, int, int)",2524,51,26025.0,400.0,13360.0,12560.0,0.0,386480.0,320.0,4912535329841506.0,4912535329849986.0
2524,1,2621440,256,0,0,16,0,32,64,"batch_decode_kernels::latent_context(float*, float const*, unsigned short const*, int, int, int, int, int, int)",2525,23,66531.0,122880.0,204800.0,4669440.0,0.0,183828480.0,40960.0,4912535329953186.0,4912535329987906.0
2525,1,8192,256,11264,0,24,0,48,64,"batch_decode_kernels::mfma_head_gemm(float*, float const*, unsigned short const*, int, int, int, int, int, int, unsigned long)",2526,30,56357.0,3840.0,24832.0,138240.0,0.0,8644608.0,128.0,4912535330091747.0,4912535330118467.0
2526,1,8192,256,11264,0,24,0,48,64,"batch_decode_kernels::mfma_gemm(float*, float const*, unsigned short const*, int, int, int, int)",2527,21,144589.0,14336.0,96768.0,519936.0,0.0,33163264.0,128.0,4912535330201027.0,4912535330280708.0
2527,1,1280,256,1024,0,12,4,32,64,"batch_decode_kernels::rmsnorm(float*, float const*, unsigned short const*, int, int, float)",2528,33,33444.0,640.0,740.0,3865.0,0.0,245755.0,20.0,4912535330378148.0,4912535330391108.0
2528,1,256,256,11264,0,24,0,48,64,"batch_decode_kernels::mfma_gemm(float*, float const*, unsigned short const*, int, int, int, int)",2529,21,152560.0,432.0,3024.0,16232.0,0.0,1036032.0,4.0,4912535330484068.0,4912535330568069.0
2529,1,320,64,0,0,16,0,48,64,"void moe_kernels::router_topk_wave64_kernel<64>(float*, float const*, int*, float*, int, int, int, int, int, float)",2530,57,38569.0,130.0,600.0,2005.0,0.0,95355.0,5.0,4912535330657669.0,4912535330673509.0
2530,1,256,256,1024,0,12,4,64,64,"batch_decode_kernels::align_routes(int const*, int, int, int, int*, int*, int*)",2531,17,40999.0,17.0,272.0,429.0,0.0,5541.0,4.0,4912535330763430.0,4912535330780550.0
2531,1,349184,256,19968,0,36,4,48,64,"void batch_decode_kernels::grouped_expert_gate_up<16, 1>(float const*, char const*, unsigned long const*, unsigned long const*, int const*, int const*, float*, unsigned short*, int, int, int, int, int)",2532,36,229513.0,160512.0,377872.0,3234352.0,0.0,203216464.0,5456.0,4912535330867750.0,4912535331001831.0
2532,1,11264,256,19968,0,32,0,48,64,"batch_decode_kernels::mfma_gate_up_swiglu(float*, float const*, unsigned short const*, unsigned short const*, int, int, int)",2533,19,161613.0,30272.0,121088.0,850432.0,0.0,53281536.0,176.0,4912535331085351.0,4912535331175912.0
2533,1,507904,256,11264,0,24,0,48,64,"void batch_decode_kernels::grouped_expert_down<16, 1>(float const*, unsigned short const*, char const*, unsigned long const*, int const*, int const*, float*, int, int, int, int)",2534,26,138225.0,128640.0,401408.0,2422400.0,0.0,153992960.0,7936.0,4912535331274312.0,4912535331352712.0
2534,1,1280,256,0,0,12,4,32,64,"batch_decode_kernels::reduce_routes_add(float*, float const*, float const*, int, int, int)",2535,28,60825.0,2240.0,1520.0,5800.0,0.0,371200.0,20.0,4912535331440873.0,4912535331470153.0
2535,1,8192,256,11264,0,24,0,48,64,"batch_decode_kernels::mfma_gemm(float*, float const*, unsigned short const*, int, int, int, int)",2536,21,192959.0,19328.0,132480.0,712320.0,0.0,45475840.0,128.0,4912535331560873.0,4912535331669834.0
2536,1,1280,256,1024,0,12,4,32,64,"batch_decode_kernels::rmsnorm(float*, float const*, unsigned short const*, int, int, float)",2537,33,33459.0,640.0,740.0,3865.0,0.0,245755.0,20.0,4912535331766794.0,4912535331779434.0
2537,1,12288,256,11264,0,24,0,48,64,"batch_decode_kernels::mfma_gemm(float*, float const*, unsigned short const*, int, int, int, int)",2538,21,143307.0,20736.0,145152.0,779136.0,0.0,49729536.0,192.0,4912535331865195.0,4912535331944235.0
2538,1,2304,256,11264,0,24,0,48,64,"batch_decode_kernels::mfma_gemm(float*, float const*, unsigned short const*, int, int, int, int)",2539,21,143224.0,3888.0,27216.0,146088.0,0.0,9324288.0,36.0,4912535332029355.0,4912535332107756.0
2539,1,1280,256,1024,0,24,0,32,64,"batch_decode_kernels::kv_norm_rope(unsigned short*, float const*, unsigned short const*, int, int, int, int, int, int, float const*, int, float)",2540,39,28335.0,180.0,550.0,2175.0,0.0,125755.0,20.0,4912535332187436.0,4912535332197356.0
2540,1,32768,256,11264,0,24,0,48,64,"batch_decode_kernels::mfma_head_gemm(float*, float const*, unsigned short const*, int, int, int, int, int, int, unsigned long)",2541,30,33860.0,5376.0,27904.0,164352.0,0.0,9707520.0,512.0,4912535332282316.0,4912535332295277.0
2541,1,5120,256,0,0,24,0,32,64,"batch_decode_kernels::q_rope(float*, float const*, int, int, int, int, int, int, float const*, int)",2542,40,23561.0,320.0,720.0,7760.0,0.0,261120.0,80.0,4912535332376877.0,4912535332383757.0
2542,1,35840,256,0,0,16,0,32,64,"batch_decode_kernels::attention_score(float*, float const*, float const*, unsigned short const*, int, int, int, int, int, int, int, float)",2543,41,28096.0,10640.0,7840.0,119280.0,0.0,7140000.0,560.0,4912535332470157.0,4912535332479917.0
2543,1,20480,256,1024,0,20,4,48,64,"void attention_kernels::softmax_rows_kernel<256>(float*, int, int, int, int)",2544,51,26984.0,400.0,13360.0,12560.0,0.0,386480.0,320.0,4912535332565838.0,4912535332574158.0
2544,1,2621440,256,0,0,16,0,32,64,"batch_decode_kernels::latent_context(float*, float const*, unsigned short const*, int, int, int, int, int, int)",2545,23,66420.0,122880.0,204800.0,4669440.0,0.0,183828480.0,40960.0,4912535332656558.0,4912535332691438.0
2545,1,8192,256,11264,0,24,0,48,64,"batch_decode_kernels::mfma_head_gemm(float*, float const*, unsigned short const*, int, int, int, int, int, int, unsigned long)",2546,30,54166.0,3840.0,24832.0,138240.0,0.0,8644608.0,128.0,4912535332769039.0,4912535332794479.0
2546,1,8192,256,11264,0,24,0,48,64,"batch_decode_kernels::mfma_gemm(float*, float const*, unsigned short const*, int, int, int, int)",2547,21,144118.0,14336.0,96768.0,519936.0,0.0,33163264.0,128.0,4912535332875279.0,4912535332954639.0
2547,1,1280,256,1024,0,12,4,32,64,"batch_decode_kernels::rmsnorm(float*, float const*, unsigned short const*, int, int, float)",2548,33,32777.0,640.0,740.0,3865.0,0.0,245755.0,20.0,4912535333046960.0,4912535333059600.0
2548,1,256,256,11264,0,24,0,48,64,"batch_decode_kernels::mfma_gemm(float*, float const*, unsigned short const*, int, int, int, int)",2549,21,159857.0,432.0,3024.0,16232.0,0.0,1036032.0,4.0,4912535333153200.0,4912535333241361.0
2549,1,320,64,0,0,16,0,48,64,"void moe_kernels::router_topk_wave64_kernel<64>(float*, float const*, int*, float*, int, int, int, int, int, float)",2550,57,38968.0,130.0,600.0,2005.0,0.0,95340.0,5.0,4912535333332721.0,4912535333348881.0
2550,1,256,256,1024,0,12,4,64,64,"batch_decode_kernels::align_routes(int const*, int, int, int, int*, int*, int*)",2551,17,40154.0,17.0,272.0,429.0,0.0,5541.0,4.0,4912535333438002.0,4912535333454802.0
2551,1,349184,256,19968,0,36,4,48,64,"void batch_decode_kernels::grouped_expert_gate_up<16, 1>(float const*, char const*, unsigned long const*, unsigned long const*, int const*, int const*, float*, unsigned short*, int, int, int, int, int)",2552,36,229879.0,160512.0,377872.0,3234352.0,0.0,203216464.0,5456.0,4912535333543442.0,4912535333677843.0
2552,1,11264,256,19968,0,32,0,48,64,"batch_decode_kernels::mfma_gate_up_swiglu(float*, float const*, unsigned short const*, unsigned short const*, int, int, int)",2553,19,158427.0,30272.0,121088.0,850432.0,0.0,53281536.0,176.0,4912535333768563.0,4912535333857524.0
2553,1,507904,256,11264,0,24,0,48,64,"void batch_decode_kernels::grouped_expert_down<16, 1>(float const*, unsigned short const*, char const*, unsigned long const*, int const*, int const*, float*, int, int, int, int)",2554,26,139633.0,128640.0,401408.0,2422400.0,0.0,153992960.0,7936.0,4912535333938324.0,4912535334017044.0
2554,1,1280,256,0,0,12,4,32,64,"batch_decode_kernels::reduce_routes_add(float*, float const*, float const*, int, int, int)",2555,28,62935.0,2240.0,1520.0,5800.0,0.0,371200.0,20.0,4912535334093685.0,4912535334124245.0
2555,1,8192,256,11264,0,24,0,48,64,"batch_decode_kernels::mfma_gemm(float*, float const*, unsigned short const*, int, int, int, int)",2556,21,192414.0,19328.0,132480.0,712320.0,0.0,45475840.0,128.0,4912535334209525.0,4912535334318006.0
2556,1,1280,256,1024,0,12,4,32,64,"batch_decode_kernels::rmsnorm(float*, float const*, unsigned short const*, int, int, float)",2557,33,32922.0,640.0,740.0,3865.0,0.0,245755.0,20.0,4912535334405526.0,4912535334418486.0
2557,1,12288,256,11264,0,24,0,48,64,"batch_decode_kernels::mfma_gemm(float*, float const*, unsigned short const*, int, int, int, int)",2558,21,143885.0,20736.0,145152.0,779136.0,0.0,49729536.0,192.0,4912535334504246.0,4912535334583767.0
2558,1,2304,256,11264,0,24,0,48,64,"batch_decode_kernels::mfma_gemm(float*, float const*, unsigned short const*, int, int, int, int)",2559,21,144249.0,3888.0,27216.0,146088.0,0.0,9324288.0,36.0,4912535334663927.0,4912535334743127.0
2559,1,1280,256,1024,0,24,0,32,64,"batch_decode_kernels::kv_norm_rope(unsigned short*, float const*, unsigned short const*, int, int, int, int, int, int, float const*, int, float)",2560,39,29645.0,180.0,550.0,2175.0,0.0,125755.0,20.0,4912535334821368.0,4912535334832248.0
2560,1,32768,256,11264,0,24,0,48,64,"batch_decode_kernels::mfma_head_gemm(float*, float const*, unsigned short const*, int, int, int, int, int, int, unsigned long)",2561,30,32529.0,5376.0,27904.0,164352.0,0.0,9707520.0,512.0,4912535334913688.0,4912535334926328.0
2561,1,5120,256,0,0,24,0,32,64,"batch_decode_kernels::q_rope(float*, float const*, int, int, int, int, int, int, float const*, int)",2562,40,25430.0,320.0,720.0,7760.0,0.0,261120.0,80.0,4912535335007289.0,4912535335015289.0
2562,1,35840,256,0,0,16,0,32,64,"batch_decode_kernels::attention_score(float*, float const*, float const*, unsigned short const*, int, int, int, int, int, int, int, float)",2563,41,29119.0,10640.0,7840.0,119280.0,0.0,7140000.0,560.0,4912535335102329.0,4912535335112889.0
2563,1,20480,256,1024,0,20,4,48,64,"void attention_kernels::softmax_rows_kernel<256>(float*, int, int, int, int)",2564,51,25943.0,400.0,13360.0,12560.0,0.0,386480.0,320.0,4912535335192569.0,4912535335201210.0
2564,1,2621440,256,0,0,16,0,32,64,"batch_decode_kernels::latent_context(float*, float const*, unsigned short const*, int, int, int, int, int, int)",2565,23,67360.0,122880.0,204800.0,4669440.0,0.0,183828480.0,40960.0,4912535335281210.0,4912535335316090.0
2565,1,8192,256,11264,0,24,0,48,64,"batch_decode_kernels::mfma_head_gemm(float*, float const*, unsigned short const*, int, int, int, int, int, int, unsigned long)",2566,30,56017.0,3840.0,24832.0,138240.0,0.0,8644608.0,128.0,4912535335398810.0,4912535335425211.0
2566,1,8192,256,11264,0,24,0,48,64,"batch_decode_kernels::mfma_gemm(float*, float const*, unsigned short const*, int, int, int, int)",2567,21,143956.0,14336.0,96768.0,519936.0,0.0,33163264.0,128.0,4912535335499131.0,4912535335578331.0
2567,1,1280,256,1024,0,12,4,32,64,"batch_decode_kernels::rmsnorm(float*, float const*, unsigned short const*, int, int, float)",2568,33,31376.0,640.0,740.0,3865.0,0.0,245755.0,20.0,4912535335655132.0,4912535335666652.0
2568,1,256,256,11264,0,24,0,48,64,"batch_decode_kernels::mfma_gemm(float*, float const*, unsigned short const*, int, int, int, int)",2569,21,153837.0,432.0,3024.0,16232.0,0.0,1036032.0,4.0,4912535335738172.0,4912535335822972.0
2569,1,320,64,0,0,16,0,48,64,"void moe_kernels::router_topk_wave64_kernel<64>(float*, float const*, int*, float*, int, int, int, int, int, float)",2570,57,38214.0,130.0,600.0,2005.0,0.0,95350.0,5.0,4912535335903613.0,4912535335919293.0
2570,1,256,256,1024,0,12,4,64,64,"batch_decode_kernels::align_routes(int const*, int, int, int, int*, int*, int*)",2571,17,40950.0,17.0,272.0,429.0,0.0,5541.0,4.0,4912535335998173.0,4912535336015293.0
2571,1,349184,256,19968,0,36,4,48,64,"void batch_decode_kernels::grouped_expert_gate_up<16, 1>(float const*, char const*, unsigned long const*, unsigned long const*, int const*, int const*, float*, unsigned short*, int, int, int, int, int)",2572,36,231219.0,160512.0,377872.0,3234352.0,0.0,203216464.0,5456.0,4912535336096094.0,4912535336231134.0
2572,1,11264,256,19968,0,32,0,48,64,"batch_decode_kernels::mfma_gate_up_swiglu(float*, float const*, unsigned short const*, unsigned short const*, int, int, int)",2573,19,159159.0,30272.0,121088.0,850432.0,0.0,53281536.0,176.0,4912535336305854.0,4912535336394655.0
2573,1,507904,256,11264,0,24,0,48,64,"void batch_decode_kernels::grouped_expert_down<16, 1>(float const*, unsigned short const*, char const*, unsigned long const*, int const*, int const*, float*, int, int, int, int)",2574,26,141196.0,128640.0,401408.0,2422400.0,0.0,153992960.0,7936.0,4912535336472095.0,4912535336552096.0
2574,1,1280,256,0,0,12,4,32,64,"batch_decode_kernels::reduce_routes_add(float*, float const*, float const*, int, int, int)",2575,28,62709.0,2240.0,1520.0,5800.0,0.0,371200.0,20.0,4912535336626336.0,4912535336656896.0
2575,1,8192,256,11264,0,24,0,48,64,"batch_decode_kernels::mfma_gemm(float*, float const*, unsigned short const*, int, int, int, int)",2576,21,192701.0,19328.0,132480.0,712320.0,0.0,45475840.0,128.0,4912535336728096.0,4912535336836897.0
2576,1,1280,256,1024,0,12,4,32,64,"batch_decode_kernels::rmsnorm(float*, float const*, unsigned short const*, int, int, float)",2577,33,33174.0,640.0,740.0,3865.0,0.0,245755.0,20.0,4912535336910177.0,4912535336922657.0
2577,1,12288,256,11264,0,24,0,48,64,"batch_decode_kernels::mfma_gemm(float*, float const*, unsigned short const*, int, int, int, int)",2578,21,144843.0,20736.0,145152.0,779136.0,0.0,49729536.0,192.0,4912535336998978.0,4912535337079298.0
2578,1,2304,256,11264,0,24,0,48,64,"batch_decode_kernels::mfma_gemm(float*, float const*, unsigned short const*, int, int, int, int)",2579,21,146622.0,3888.0,27216.0,146088.0,0.0,9324288.0,36.0,4912535337155186.0,4912535337235666.0
2579,1,1280,256,1024,0,24,0,32,64,"batch_decode_kernels::kv_norm_rope(unsigned short*, float const*, unsigned short const*, int, int, int, int, int, int, float const*, int, float)",2580,39,28971.0,180.0,550.0,2175.0,0.0,125755.0,20.0,4912535337311186.0,4912535337321266.0
2580,1,32768,256,11264,0,24,0,48,64,"batch_decode_kernels::mfma_head_gemm(float*, float const*, unsigned short const*, int, int, int, int, int, int, unsigned long)",2581,30,34514.0,5376.0,27904.0,164352.0,0.0,9707520.0,512.0,4912535337392466.0,4912535337406386.0
2581,1,5120,256,0,0,24,0,32,64,"batch_decode_kernels::q_rope(float*, float const*, int, int, int, int, int, int, float const*, int)",2582,40,23593.0,320.0,720.0,7760.0,0.0,261120.0,80.0,4912535337484146.0,4912535337491186.0
2582,1,35840,256,0,0,16,0,32,64,"batch_decode_kernels::attention_score(float*, float const*, float const*, unsigned short const*, int, int, int, int, int, int, int, float)",2583,41,29734.0,10640.0,7840.0,119280.0,0.0,7140000.0,560.0,4912535337563507.0,4912535337574227.0
2583,1,20480,256,1024,0,20,4,48,64,"void attention_kernels::softmax_rows_kernel<256>(float*, int, int, int, int)",2584,51,26171.0,400.0,13360.0,12560.0,0.0,386480.0,320.0,4912535337652147.0,4912535337660467.0
2584,1,2621440,256,0,0,16,0,32,64,"batch_decode_kernels::latent_context(float*, float const*, unsigned short const*, int, int, int, int, int, int)",2585,23,67754.0,122880.0,204800.0,4669440.0,0.0,183828480.0,40960.0,4912535337737908.0,4912535337773108.0
2585,1,8192,256,11264,0,24,0,48,64,"batch_decode_kernels::mfma_head_gemm(float*, float const*, unsigned short const*, int, int, int, int, int, int, unsigned long)",2586,30,54225.0,3840.0,24832.0,138240.0,0.0,8644608.0,128.0,4912535337840628.0,4912535337865908.0
2586,1,8192,256,11264,0,24,0,48,64,"batch_decode_kernels::mfma_gemm(float*, float const*, unsigned short const*, int, int, int, int)",2587,21,144889.0,14336.0,96768.0,519936.0,0.0,33163264.0,128.0,4912535337932148.0,4912535338012149.0
2587,1,1280,256,1024,0,12,4,32,64,"batch_decode_kernels::rmsnorm(float*, float const*, unsigned short const*, int, int, float)",2588,33,32457.0,640.0,740.0,3865.0,0.0,245755.0,20.0,4912535338084469.0,4912535338096949.0
2588,1,256,256,11264,0,24,0,48,64,"batch_decode_kernels::mfma_gemm(float*, float const*, unsigned short const*, int, int, int, int)",2589,21,157267.0,432.0,3024.0,16232.0,0.0,1036032.0,4.0,4912535338163189.0,4912535338249430.0
2589,1,320,64,0,0,16,0,48,64,"void moe_kernels::router_topk_wave64_kernel<64>(float*, float const*, int*, float*, int, int, int, int, int, float)",2590,57,38851.0,130.0,600.0,2005.0,0.0,95320.0,5.0,4912535338322870.0,4912535338339030.0
2590,1,256,256,1024,0,12,4,64,64,"batch_decode_kernels::align_routes(int const*, int, int, int, int*, int*, int*)",2591,17,41069.0,17.0,272.0,429.0,0.0,5541.0,4.0,4912535338405911.0,4912535338423031.0
2591,1,349184,256,19968,0,36,4,48,64,"void batch_decode_kernels::grouped_expert_gate_up<16, 1>(float const*, char const*, unsigned long const*, unsigned long const*, int const*, int const*, float*, unsigned short*, int, int, int, int, int)",2592,36,234488.0,160512.0,377872.0,3234352.0,0.0,203216464.0,5456.0,4912535338489751.0,4912535338627032.0
2592,1,11264,256,19968,0,32,0,48,64,"batch_decode_kernels::mfma_gate_up_swiglu(float*, float const*, unsigned short const*, unsigned short const*, int, int, int)",2593,19,156948.0,30272.0,121088.0,850432.0,0.0,53281536.0,176.0,4912535338697912.0,4912535338785432.0
2593,1,507904,256,11264,0,24,0,48,64,"void batch_decode_kernels::grouped_expert_down<16, 1>(float const*, unsigned short const*, char const*, unsigned long const*, int const*, int const*, float*, int, int, int, int)",2594,26,139871.0,128640.0,401408.0,2422400.0,0.0,153992960.0,7936.0,4912535338856313.0,4912535338935673.0
2594,1,1280,256,0,0,12,4,32,64,"batch_decode_kernels::reduce_routes_add(float*, float const*, float const*, int, int, int)",2595,28,61643.0,2240.0,1520.0,5800.0,0.0,371200.0,20.0,4912535339004953.0,4912535339034713.0
2595,1,8192,256,11264,0,24,0,48,64,"batch_decode_kernels::mfma_gemm(float*, float const*, unsigned short const*, int, int, int, int)",2596,21,194566.0,19328.0,132480.0,712320.0,0.0,45475840.0,128.0,4912535339102714.0,4912535339212154.0
2596,1,1280,256,1024,0,12,4,32,64,"batch_decode_kernels::rmsnorm(float*, float const*, unsigned short const*, int, int, float)",2597,33,34954.0,640.0,740.0,3865.0,0.0,245755.0,20.0,4912535339283514.0,4912535339297275.0
2597,1,12288,256,11264,0,24,0,48,64,"batch_decode_kernels::mfma_gemm(float*, float const*, unsigned short const*, int, int, int, int)",2598,21,142830.0,20736.0,145152.0,779136.0,0.0,49729536.0,192.0,4912535339362715.0,4912535339441595.0
2598,1,2304,256,11264,0,24,0,48,64,"batch_decode_kernels::mfma_gemm(float*, float const*, unsigned short const*, int, int, int, int)",2599,21,145260.0,3888.0,27216.0,146088.0,0.0,9324288.0,36.0,4912535339511835.0,4912535339591356.0
2599,1,1280,256,1024,0,24,0,32,64,"batch_decode_kernels::kv_norm_rope(unsigned short*, float const*, unsigned short const*, int, int, int, int, int, int, float const*, int, float)",2600,39,29792.0,180.0,550.0,2175.0,0.0,125755.0,20.0,4912535339663516.0,4912535339674396.0
2600,1,32768,256,11264,0,24,0,48,64,"batch_decode_kernels::mfma_head_gemm(float*, float const*, unsigned short const*, int, int, int, int, int, int, unsigned long)",2601,30,32602.0,5376.0,27904.0,164352.0,0.0,9707520.0,512.0,4912535339744637.0,4912535339757277.0
2601,1,5120,256,0,0,24,0,32,64,"batch_decode_kernels::q_rope(float*, float const*, int, int, int, int, int, int, float const*, int)",2602,40,24891.0,320.0,720.0,7760.0,0.0,261120.0,80.0,4912535339823197.0,4912535339831037.0
2602,1,35840,256,0,0,16,0,32,64,"batch_decode_kernels::attention_score(float*, float const*, float const*, unsigned short const*, int, int, int, int, int, int, int, float)",2603,41,29090.0,10640.0,7840.0,119280.0,0.0,7140000.0,560.0,4912535339898877.0,4912535339909117.0
2603,1,20480,256,1024,0,20,4,48,64,"void attention_kernels::softmax_rows_kernel<256>(float*, int, int, int, int)",2604,51,25617.0,400.0,13360.0,12560.0,0.0,386480.0,320.0,4912535339973118.0,4912535339981118.0
2604,1,2621440,256,0,0,16,0,32,64,"batch_decode_kernels::latent_context(float*, float const*, unsigned short const*, int, int, int, int, int, int)",2605,23,67590.0,122880.0,204800.0,4669440.0,0.0,183828480.0,40960.0,4912535340043358.0,4912535340078398.0
2605,1,8192,256,11264,0,24,0,48,64,"batch_decode_kernels::mfma_head_gemm(float*, float const*, unsigned short const*, int, int, int, int, int, int, unsigned long)",2606,30,55138.0,3840.0,24832.0,138240.0,0.0,8644608.0,128.0,4912535340145278.0,4912535340171198.0
2606,1,8192,256,11264,0,24,0,48,64,"batch_decode_kernels::mfma_gemm(float*, float const*, unsigned short const*, int, int, int, int)",2607,21,146275.0,14336.0,96768.0,519936.0,0.0,33163264.0,128.0,4912535340236319.0,4912535340316959.0
2607,1,1280,256,1024,0,12,4,32,64,"batch_decode_kernels::rmsnorm(float*, float const*, unsigned short const*, int, int, float)",2608,33,34128.0,640.0,740.0,3865.0,0.0,245755.0,20.0,4912535340379359.0,4912535340392799.0
2608,1,256,256,11264,0,24,0,48,64,"batch_decode_kernels::mfma_gemm(float*, float const*, unsigned short const*, int, int, int, int)",2609,21,155675.0,432.0,3024.0,16232.0,0.0,1036032.0,4.0,4912535340456640.0,4912535340542240.0
2609,1,320,64,0,0,16,0,48,64,"void moe_kernels::router_topk_wave64_kernel<64>(float*, float const*, int*, float*, int, int, int, int, int, float)",2610,57,38968.0,130.0,600.0,2005.0,0.0,95355.0,5.0,4912535340602240.0,4912535340618240.0
2610,1,256,256,1024,0,12,4,64,64,"batch_decode_kernels::align_routes(int const*, int, int, int, int*, int*, int*)",2611,17,40326.0,17.0,272.0,429.0,0.0,5541.0,4.0,4912535340676161.0,4912535340693281.0
2611,1,349184,256,19968,0,36,4,48,64,"void batch_decode_kernels::grouped_expert_gate_up<16, 1>(float const*, char const*, unsigned long const*, unsigned long const*, int const*, int const*, float*, unsigned short*, int, int, int, int, int)",2612,36,233007.0,160512.0,377872.0,3234352.0,0.0,203216464.0,5456.0,4912535340750241.0,4912535340886402.0
2612,1,11264,256,19968,0,32,0,48,64,"batch_decode_kernels::mfma_gate_up_swiglu(float*, float const*, unsigned short const*, unsigned short const*, int, int, int)",2613,19,160590.0,30272.0,121088.0,850432.0,0.0,53281536.0,176.0,4912535340953282.0,4912535341043042.0
2613,1,507904,256,11264,0,24,0,48,64,"void batch_decode_kernels::grouped_expert_down<16, 1>(float const*, unsigned short const*, char const*, unsigned long const*, int const*, int const*, float*, int, int, int, int)",2614,26,139542.0,128640.0,401408.0,2422400.0,0.0,153992960.0,7936.0,4912535341105763.0,4912535341184803.0
2614,1,1280,256,0,0,12,4,32,64,"batch_decode_kernels::reduce_routes_add(float*, float const*, float const*, int, int, int)",2615,28,63571.0,2240.0,1520.0,5800.0,0.0,371200.0,20.0,4912535341249123.0,4912535341279523.0
2615,1,8192,256,11264,0,24,0,48,64,"batch_decode_kernels::mfma_gemm(float*, float const*, unsigned short const*, int, int, int, int)",2616,21,194988.0,19328.0,132480.0,712320.0,0.0,45475840.0,128.0,4912535341340804.0,4912535341450724.0
2616,1,1280,256,1024,0,12,4,32,64,"batch_decode_kernels::rmsnorm(float*, float const*, unsigned short const*, int, int, float)",2617,33,32124.0,640.0,740.0,3865.0,0.0,245755.0,20.0,4912535341512324.0,4912535341524164.0
2617,1,409600,256,11264,0,24,0,48,64,"batch_decode_kernels::mfma_gemm(float*, float const*, unsigned short const*, int, int, int, int)",2618,21,804375.0,691200.0,4838400.0,25971200.0,0.0,1657651200.0,6400.0,4912535341584005.0,4912535342087847.0
2618,1,1280,256,2048,0,8,0,32,64,"batch_decode_kernels::argmax(float const*, int, int*, int)",2619,20,324456.0,8005.0,17935.0,67205.0,0.0,4122195.0,20.0,4912535342152167.0,4912535342338408.0
2619,1,512,512,0,0,20,4,32,64,__amd_rocclr_copyBuffer,2620,13,27019.0,16.0,48.0,81.0,0.0,5121.0,8.0,4912535342400648.0,4912535342405928.0
2620,1,512,512,0,0,20,4,32,64,__amd_rocclr_copyBuffer,2621,13,27862.0,16.0,48.0,81.0,0.0,5121.0,8.0,4912535342472169.0,4912535342477609.0
2621,1,512,512,0,0,20,4,32,64,__amd_rocclr_copyBuffer,2622,13,28697.0,16.0,48.0,81.0,0.0,5121.0,8.0,4912535342543689.0,4912535342549769.0
2622,1,512,512,0,0,20,4,32,64,__amd_rocclr_copyBuffer,2623,13,28704.0,16.0,48.0,81.0,0.0,5121.0,8.0,4912535342618569.0,4912535342624329.0
2623,1,512,512,0,0,20,4,32,64,__amd_rocclr_copyBuffer,2624,13,27781.0,16.0,48.0,81.0,0.0,5121.0,8.0,4912535342690250.0,4912535342696010.0
